row	baseMean	log2FoldChange	lfcSE	stat	pvalue	padj	Domain	Phylum	Class	Order	Family	Genus	Species
4a0b292ba716582f9af46694458c0b9b	1	7.812247503266572e-17	0.5156406726742813	1.5150564952042475e-16	0.9999999999999999	0.9999999999999999	d__Bacteria	p__Cyanobacteriota	c__Cyanobacteriia	o__Chloroplast	f__Incertae_Sedis	g__Incertae_Sedis	NA
10e51791c8dee561db8251780cf9ef0d	1	7.812247503266572e-17	0.5156406726742813	1.5150564952042475e-16	0.9999999999999999	0.9999999999999999	d__Bacteria	p__Cyanobacteriota	c__Vampirivibrionia	o__Gastranaerophilales	f__Gastranaerophilaceae	g__Zag_111	NA
0fd672291b9b2013b63d4b3ab74a11a2	1	7.812247503266572e-17	0.5156406726742813	1.5150564952042475e-16	0.9999999999999999	0.9999999999999999	d__Bacteria	p__Cyanobacteriota	c__Vampirivibrionia	o__Gastranaerophilales	f__Gastranaerophilaceae	g__Zag_111	NA
b6b86531ef8d5b24a2b1f0d0cbb40c76	1	7.812247503266572e-17	0.5156406726742813	1.5150564952042475e-16	0.9999999999999999	0.9999999999999999	d__Bacteria	p__Cyanobacteriota	c__Vampirivibrionia	o__Gastranaerophilales	f__Gastranaerophilaceae	g__CAG-196	NA
5a709350efd4ece76350bb959e1190aa	1.1369863013698631	-6.003859340531792e-8	0.5206522344418955	-1.1531419522222026e-7	0.999999907992584	0.9999999999999999	d__Bacteria	p__Elusimicrobiota	c__Lineage_IIa	o__Incertae_Sedis	f__Incertae_Sedis	g__Incertae_Sedis	NA
717e6182253f059237eb5caacd914ba4	1.3835616438356164	-1.9988367116240678e-7	0.6179806329362048	-3.2344649736465303e-7	0.9999997419270336	0.9999999999999999	d__Bacteria	p__Acidobacteriota	c__Blastocatellia	o__Pyrinomonadales	f__Pyrinomonadaceae	g__Incertae_Sedis	NA
88fb15f05df086348963d416fa3f3077	1.178082191780822	-8.240817136084683e-8	0.5435220890195585	-1.516188081877228e-7	0.9999998790256939	0.9999999999999999	d__Bacteria	p__Acidobacteriota	c__Blastocatellia	o__Blastocatellales	f__Blastocatellaceae	g__JGI_0001001-H03	NA
c0c0fd60a887713923e9ab2db602524d	1.1506849315068493	-6.564103670259687e-8	0.5218593587622007	-1.2578300187677192e-7	0.9999998996396848	0.9999999999999999	d__Bacteria	p__Acidobacteriota	c__Blastocatellia	o__Blastocatellales	f__Blastocatellaceae	g__JGI_0001001-H03	NA
43ee2a760aea0393c28cb0810989880e	1.095890410958904	-4.305163129057465e-8	0.5182461995844165	-8.307177423606368e-8	0.9999999337183139	0.9999999999999999	d__Bacteria	p__Acidobacteriota	c__Blastocatellia	o__11-24	f__Incertae_Sedis	g__Incertae_Sedis	NA
78b250b765b8266d4c84e5186698182c	1	7.812247503266572e-17	0.5156406726742813	1.5150564952042475e-16	0.9999999999999999	0.9999999999999999	d__Bacteria	p__Verrucomicrobiota	c__Verrucomicrobiia	o__Opitutales	f__Puniceicoccaceae	g__Incertae_Sedis	NA
d80de89804f1b657b26fd2220b9dadbe	1.095890410958904	-4.305163129057465e-8	0.5182461995844165	-8.307177423606368e-8	0.9999999337183139	0.9999999999999999	d__Bacteria	p__Verrucomicrobiota	c__Verrucomicrobiia	o__Opitutales	f__Opitutaceae	g__Oleiharenicola	NA
cdea785960ee02974c822d5dd1504cd4	1.1369863013698631	-6.003859340531792e-8	0.5206522344418955	-1.1531419522222026e-7	0.999999907992584	0.9999999999999999	d__Bacteria	p__Acidobacteriota	c__Subgroup_22	o__Incertae_Sedis	f__Incertae_Sedis	g__Incertae_Sedis	NA
f2a749d79e64aa7b0e5aafde0e6f4b30	1.095890410958904	-4.305163129057465e-8	0.5182461995844165	-8.307177423606368e-8	0.9999999337183139	0.9999999999999999	d__Bacteria	p__Incertae_Sedis	c__Incertae_Sedis	o__SJA-28	f__Incertae_Sedis	g__Incertae_Sedis	NA
1c719e69d668107c05bdba29829217c5	1	7.812247503266572e-17	0.5156406726742813	1.5150564952042475e-16	0.9999999999999999	0.9999999999999999	d__Bacteria	p__Thermodesulfobacteriota	c__Desulfovibrionia	o__Desulfovibrionales	f__Desulfovibrionaceae	g__Incertae_Sedis	NA
d09c79773d4b9e43484e592b61a6eca3	1	7.812247503266572e-17	0.5156406726742813	1.5150564952042475e-16	0.9999999999999999	0.9999999999999999	d__Bacteria	p__Thermodesulfobacteriota	c__Desulfovibrionia	o__Desulfovibrionales	f__Desulfovibrionaceae	g__Incertae_Sedis	NA
ed66913c64e880ea0b4cf78c59280664	1	7.812247503266572e-17	0.5156406726742813	1.5150564952042475e-16	0.9999999999999999	0.9999999999999999	d__Bacteria	p__Thermodesulfobacteriota	c__Desulfovibrionia	o__Desulfovibrionales	f__Desulfovibrionaceae	g__Desulfovibrio	NA
a01206f0b17de33744bdac813c3c6eca	1	7.812247503266572e-17	0.5156406726742813	1.5150564952042475e-16	0.9999999999999999	0.9999999999999999	d__Bacteria	p__Thermodesulfobacteriota	c__Desulfovibrionia	o__Desulfovibrionales	f__Desulfovibrionaceae	g__Desulfovibrio	NA
4102c0c9284b080a36ae312a7b497915	1	7.812247503266572e-17	0.5156406726742813	1.5150564952042475e-16	0.9999999999999999	0.9999999999999999	d__Bacteria	p__Thermodesulfobacteriota	c__Desulfovibrionia	o__Desulfovibrionales	f__Desulfovibrionaceae	g__Desulfovibrio	NA
b354a1e7a29c4f05aace7e65edc75c7f	1	7.812247503266572e-17	0.5156406726742813	1.5150564952042475e-16	0.9999999999999999	0.9999999999999999	d__Bacteria	p__Thermodesulfobacteriota	c__Desulfovibrionia	o__Desulfovibrionales	f__Desulfovibrionaceae	g__Desulfovibrio	NA
27f098662c8f87b4aaff903d9c0f28d3	1.095890410958904	-4.305163140626e-8	0.518246199584416	-8.307177445928847e-8	0.9999999337183137	0.9999999999999999	d__Bacteria	p__Thermodesulfobacteriota	c__Desulfovibrionia	o__Desulfovibrionales	f__Desulfovibrionaceae	g__Bilophila	NA
2bfa411d459e8b37ba258c4588f217e3	1	7.812247503266572e-17	0.5156406726742813	1.5150564952042475e-16	0.9999999999999999	0.9999999999999999	d__Bacteria	p__Thermodesulfobacteriota	c__Desulfovibrionia	o__Desulfovibrionales	f__Desulfovibrionaceae	g__Bilophila	NA
06a0a123bc442593231a5fec7e636a9d	1	7.812247503266572e-17	0.5156406726742813	1.5150564952042475e-16	0.9999999999999999	0.9999999999999999	d__Bacteria	p__Thermodesulfobacteriota	c__Desulfovibrionia	o__Desulfovibrionales	f__Desulfovibrionaceae	g__Bilophila	NA
31774b2ab198d7b5abc9f0d6e8a5ffc2	1	7.812247503266572e-17	0.5156406726742813	1.5150564952042475e-16	0.9999999999999999	0.9999999999999999	d__Bacteria	p__Thermodesulfobacteriota	c__Desulfovibrionia	o__Desulfovibrionales	f__Desulfovibrionaceae	g__Bilophila	NA
73d9a139e017712e591ccbb4cb1ac896	1	7.812247503266572e-17	0.5156406726742813	1.5150564952042475e-16	0.9999999999999999	0.9999999999999999	d__Bacteria	p__Thermodesulfobacteriota	c__Desulfovibrionia	o__Desulfovibrionales	f__Desulfovibrionaceae	g__Bilophila	NA
986601969786e8a0bcc7ef7b2d735681	1	7.812247503266572e-17	0.5156406726742813	1.5150564952042475e-16	0.9999999999999999	0.9999999999999999	d__Bacteria	p__Thermodesulfobacteriota	c__Desulfovibrionia	o__Desulfovibrionales	f__Desulfovibrionaceae	g__Bilophila	NA
1e7d14975ac82ced9a7752e896f667ef	1	7.812247503266572e-17	0.5156406726742813	1.5150564952042475e-16	0.9999999999999999	0.9999999999999999	d__Bacteria	p__Thermodesulfobacteriota	c__Desulfovibrionia	o__Desulfovibrionales	f__Desulfovibrionaceae	g__Bilophila	NA
d562f63f002b432f6632e40415b8c57f	1	7.812247503266572e-17	0.5156406726742813	1.5150564952042475e-16	0.9999999999999999	0.9999999999999999	d__Bacteria	p__Thermodesulfobacteriota	c__Desulfovibrionia	o__Desulfovibrionales	f__Desulfovibrionaceae	g__Bilophila	NA
48e665141691a28bc90fb9f37cbc09c2	1.1369863013698631	-6.003859340531792e-8	0.5206522344418955	-1.1531419522222026e-7	0.999999907992584	0.9999999999999999	d__Bacteria	p__Pseudomonadota	c__Alphaproteobacteria	o__Incertae_Sedis	f__Incertae_Sedis	g__Hypericibacter	NA
252f97f175f100d130e9172e60cab011	1	7.812247503266572e-17	0.5156406726742813	1.5150564952042475e-16	0.9999999999999999	0.9999999999999999	d__Bacteria	p__Pseudomonadota	c__Alphaproteobacteria	o__Rhodospirillales	f__Incertae_Sedis	g__Incertae_Sedis	NA
656fc22d077cc5d6ef83285bcd081cbe	1	7.812247503266572e-17	0.5156406726742813	1.5150564952042475e-16	0.9999999999999999	0.9999999999999999	d__Bacteria	p__Pseudomonadota	c__Alphaproteobacteria	o__Rhodospirillales	f__Incertae_Sedis	g__Incertae_Sedis	NA
6b2ddef408d50cd0e2dcf59cb7c65dac	1	7.812247503266572e-17	0.5156406726742813	1.5150564952042475e-16	0.9999999999999999	0.9999999999999999	d__Bacteria	p__Pseudomonadota	c__Alphaproteobacteria	o__Rhodospirillales	f__Incertae_Sedis	g__Incertae_Sedis	NA
e603a72ebbc7a4fcb5a657b52c3e8c50	1	7.812247503266572e-17	0.5156406726742813	1.5150564952042475e-16	0.9999999999999999	0.9999999999999999	d__Bacteria	p__Pseudomonadota	c__Alphaproteobacteria	o__Rhodospirillales	f__Incertae_Sedis	g__Incertae_Sedis	NA
078e0fd51a7d5e5b908328591895ba58	1	7.812247503266572e-17	0.5156406726742813	1.5150564952042475e-16	0.9999999999999999	0.9999999999999999	d__Bacteria	p__Pseudomonadota	c__Alphaproteobacteria	o__Rhodospirillales	f__Incertae_Sedis	g__Incertae_Sedis	NA
9562e97de3789cd3282858fdf6c9d9b5	1.082191780821918	-3.725037375073774e-8	0.5176973198883101	-7.19539629039885e-8	0.9999999425890439	0.9999999999999999	d__Bacteria	p__Pseudomonadota	c__Alphaproteobacteria	o__Rickettsiales	f__SM2D12	g__Incertae_Sedis	NA
19377431bcdc91653d35f0fc94647e1f	1.3013698630136987	-1.5158944157696677e-7	0.5916623533037594	-2.562093747058819e-7	0.9999997955744956	0.9999999999999999	d__Bacteria	p__Pseudomonadota	c__Alphaproteobacteria	o__Hyphomicrobiales	f__KF-JG30-B3	g__Incertae_Sedis	NA
c22fca4bf161aec670f108d97d721ff7	1.1506849315068493	-6.564103670259687e-8	0.5218593587622007	-1.2578300187677192e-7	0.9999998996396848	0.9999999999999999	d__Bacteria	p__Pseudomonadota	c__Alphaproteobacteria	o__Micropepsales	f__Micropepsaceae	g__Incertae_Sedis	NA
807c29d4e29fc08522008814b7c076d2	1.1917808219178083	-8.283069961296242e-8	0.5277769639622572	-1.5694262021425757e-7	0.9999998747779064	0.9999999999999999	d__Bacteria	p__Pseudomonadota	c__Alphaproteobacteria	o__Micropepsales	f__Micropepsaceae	g__Incertae_Sedis	NA
69ab0a13268347e6a96cf85a415dc5fd	1.1232876712328768	-5.4425124899479254e-8	0.5196850065476464	-1.0472714089066064e-7	0.9999999164398312	0.9999999999999999	d__Bacteria	p__Pseudomonadota	c__Alphaproteobacteria	o__Micropepsales	f__Micropepsaceae	g__Incertae_Sedis	NA
24577bf48a0acfd6bf24269ed20af563	1.2191780821917808	-9.516998716403692e-8	0.5344819169789301	-1.7806025637306758e-7	0.9999998579284706	0.9999999999999999	d__Bacteria	p__Pseudomonadota	c__Alphaproteobacteria	o__Hyphomicrobiales	f__A0839	g__Incertae_Sedis	NA
3a4517e1c206178cddb6959bf9b8ed9b	1.2054794520547945	-8.887846369378638e-8	0.5308242218067816	-1.674348306700629e-7	0.9999998664063336	0.9999999999999999	d__Bacteria	p__Pseudomonadota	c__Alphaproteobacteria	o__Reyranellales	f__Reyranellaceae	g__Reyranella	NA
fb97a846d1d1fef4c17bd668730454b9	1.1643835616438356	-7.127202902480568e-8	0.5233847127491276	-1.3617522118757086e-7	0.9999998913478935	0.9999999999999999	d__Bacteria	p__Pseudomonadota	c__Alphaproteobacteria	o__Caulobacterales	f__Caulobacteraceae	g__Phenylobacterium	NA
6ec93cddf0ba04f2816fd600a1c4d5fd	1.1369863013698631	-6.003859340531792e-8	0.5206522344418955	-1.1531419522222026e-7	0.999999907992584	0.9999999999999999	d__Bacteria	p__Pseudomonadota	c__Alphaproteobacteria	o__Caulobacterales	f__Hyphomonadaceae	g__SWB02	NA
e529f921adcae0ca6ba1d9148d23802a	1.095890410958904	-4.305163129057465e-8	0.5182461995844165	-8.307177423606368e-8	0.9999999337183139	0.9999999999999999	d__Bacteria	p__Pseudomonadota	c__Alphaproteobacteria	o__Caulobacterales	f__Caulobacteraceae	g__Phenylobacterium	NA
6472eb8b1e09f892aca2f23182962903	1	7.812247503266572e-17	0.5156406726742813	1.5150564952042475e-16	0.9999999999999999	0.9999999999999999	d__Bacteria	p__Pseudomonadota	c__Alphaproteobacteria	o__Hyphomicrobiales	f__Xanthobacteraceae	NA	NA
3735efaa015d97c55fbbc3d909a677ea	1	7.812247503266572e-17	0.5156406726742813	1.5150564952042475e-16	0.9999999999999999	0.9999999999999999	d__Bacteria	p__Pseudomonadota	c__Alphaproteobacteria	o__Hyphomicrobiales	f__Xanthobacteraceae	g__Incertae_Sedis	NA
c63a29416a7eabd7ff67a49489118771	1.36986301369863	-1.9435588362324986e-7	0.6179806334739032	-3.1450157674149403e-7	0.9999997490640475	0.9999999999999999	d__Bacteria	p__Pseudomonadota	c__Alphaproteobacteria	o__Hyphomicrobiales	f__Xanthobacteraceae	g__Pseudolabrys	NA
e3620a87443a142150a1b20a237c48a2	1.3150684931506849	-1.622566229314364e-7	0.6013417192654078	-2.698243240626099e-7	0.9999997847113377	0.9999999999999999	d__Bacteria	p__Pseudomonadota	c__Alphaproteobacteria	o__Hyphomicrobiales	f__Xanthobacteraceae	g__Pseudolabrys	NA
bdc6b2e04197cd0807b9642cb29259df	1.2054794520547945	-8.887846369378638e-8	0.5308242218067816	-1.674348306700629e-7	0.9999998664063336	0.9999999999999999	d__Bacteria	p__Pseudomonadota	c__Alphaproteobacteria	o__Hyphomicrobiales	f__Xanthobacteraceae	g__Incertae_Sedis	NA
c6f96c0b79d9a6b82fb53a5518bce977	1.3424657534246576	-1.7635623349851422e-7	0.6065920195432495	-2.90732861324662e-7	0.9999997680287386	0.9999999999999999	d__Bacteria	p__Pseudomonadota	c__Alphaproteobacteria	o__Hyphomicrobiales	f__Xanthobacteraceae	g__Incertae_Sedis	NA
fcc6bf2c1174f331c7dd8d9c048389ad	1.1369863013698631	-6.003859340531792e-8	0.5206522344418955	-1.1531419522222026e-7	0.999999907992584	0.9999999999999999	d__Bacteria	p__Pseudomonadota	c__Alphaproteobacteria	o__Rhodospirillales	f__Rhodospirillaceae	g__Incertae_Sedis	NA
2e84ce47d75fdd4d78e71af86ef8927e	1.1369863013698631	-6.003859340531792e-8	0.5206522344418955	-1.1531419522222026e-7	0.999999907992584	0.9999999999999999	d__Bacteria	p__Pseudomonadota	c__Alphaproteobacteria	o__Hyphomicrobiales	f__Kaistiaceae	g__Kaistia	NA
4bcf49be188ced50df74900b2f088e02	1.2054794520547945	-8.887846369378638e-8	0.5308242218067816	-1.674348306700629e-7	0.9999998664063336	0.9999999999999999	d__Bacteria	p__Pseudomonadota	c__Alphaproteobacteria	o__Hyphomicrobiales	f__Methyloligellaceae	g__Incertae_Sedis	NA
efc5ddaa54b16c86f53ab9dc2017b039	1.1232876712328768	-5.4425124899479254e-8	0.5196850065476464	-1.0472714089066064e-7	0.9999999164398312	0.9999999999999999	d__Bacteria	p__Pseudomonadota	c__Alphaproteobacteria	o__Hyphomicrobiales	f__Hyphomicrobiaceae	g__Pedomicrobium	NA
2d16d001e21717f960cf771ae879b1dd	1	7.812247503266572e-17	0.5156406726742813	1.5150564952042475e-16	0.9999999999999999	0.9999999999999999	d__Bacteria	p__Pseudomonadota	c__Alphaproteobacteria	o__Sphingomonadales	f__Sphingomonadaceae	g__Sphingomonas	NA
342aa16012d5dd3a335eb453c762ccc0	1.1232876712328768	-5.4425124899479254e-8	0.5196850065476464	-1.0472714089066064e-7	0.9999999164398312	0.9999999999999999	d__Bacteria	p__Pseudomonadota	c__Alphaproteobacteria	o__Sphingomonadales	f__Sphingomonadaceae	g__Novosphingobium	NA
e4ac0ea2d3110a7a0fbb7d37386f53a2	1.36986301369863	-1.9435588362324986e-7	0.6179806334739032	-3.1450157674149403e-7	0.9999997490640475	0.9999999999999999	d__Bacteria	p__Pseudomonadota	c__Alphaproteobacteria	o__Elsterales	f__Incertae_Sedis	g__Incertae_Sedis	NA
13146d4939fcf946a0accdf800121e32	1.2328767123287672	-1.0170949729152073e-7	0.5386555783898356	-1.8882102287987739e-7	0.9999998493426211	0.9999999999999999	d__Bacteria	p__Pseudomonadota	c__Alphaproteobacteria	o__Elsterales	f__Incertae_Sedis	g__Incertae_Sedis	NA
b99a4d2c3620448fcb2d9cbc77dd2b8e	1.178082191780822	-8.240817136084683e-8	0.5435220890195585	-1.516188081877228e-7	0.9999998790256939	0.9999999999999999	d__Bacteria	p__NB1-j	c__Incertae_Sedis	o__Incertae_Sedis	f__Incertae_Sedis	g__Incertae_Sedis	NA
6f66ba6c62a32733b88be65908a71afa	1.1643835616438356	-7.127202902480568e-8	0.5233847127491276	-1.3617522118757086e-7	0.9999998913478935	0.9999999999999999	d__Bacteria	p__Myxococcota	c__Polyangiia	o__Polyangiales	f__Sandaracinaceae	g__Incertae_Sedis	NA
79f86519148638f865325943211bd56e	1.1095890410958904	-4.877033323263625e-8	0.5188969425184775	-9.398847677908524e-8	0.9999999250080455	0.9999999999999999	d__Bacteria	p__Myxococcota	c__Polyangiia	o__Polyangiales	f__Polyangiaceae	g__Pajaroellobacter	NA
21b726d9e46d31c3340e0ded2ce93cda	1	7.812247503266572e-17	0.5156406726742813	1.5150564952042475e-16	0.9999999999999999	0.9999999999999999	d__Bacteria	p__Myxococcota	c__Myxococcia	o__Myxococcales	f__Myxococcaceae	g__Incertae_Sedis	NA
6349b9390370e0c49a1125963649dfdc	1.2054794520547945	-8.887846369378638e-8	0.5308242218067816	-1.674348306700629e-7	0.9999998664063336	0.9999999999999999	d__Bacteria	p__Myxococcota	c__Polyangiia	o__Haliangiales	f__Haliangiaceae	g__Incertae_Sedis	NA
612b65b15d2a64e55bef0a6f28a0f7d0	1.2602739726027397	-1.2720071929188122e-7	0.5752422564622938	-2.2112547863600668e-7	0.9999998235673946	0.9999999999999999	d__Bacteria	p__RCP2-54	c__Incertae_Sedis	o__Incertae_Sedis	f__Incertae_Sedis	g__Incertae_Sedis	NA
324792d80a7bdee8e81e5887b4504842	1.2328767123287672	-1.0170949729152073e-7	0.5386555783898356	-1.8882102287987739e-7	0.9999998493426211	0.9999999999999999	d__Bacteria	p__Myxococcota	c__bacteriap25	o__Incertae_Sedis	f__Incertae_Sedis	g__Incertae_Sedis	NA
16dedc79dc6331305afc61a06e0a39e9	1.1369863013698631	-6.003859340531792e-8	0.5206522344418955	-1.1531419522222026e-7	0.999999907992584	0.9999999999999999	d__Bacteria	p__RCP2-54	c__Incertae_Sedis	o__Incertae_Sedis	f__Incertae_Sedis	g__Incertae_Sedis	NA
92046b62c32c7844bc7e53f3094d7a98	1	7.812247503266572e-17	0.5156406726742813	1.5150564952042475e-16	0.9999999999999999	0.9999999999999999	d__Bacteria	p__Thermodesulfobacteriota	c__Incertae_Sedis	o__Incertae_Sedis	f__Incertae_Sedis	g__Incertae_Sedis	NA
795c00308bc107978d870eb029091b2f	1	7.812247503266572e-17	0.5156406726742813	1.5150564952042475e-16	0.9999999999999999	0.9999999999999999	d__Bacteria	p__MBNT15	c__Incertae_Sedis	o__Incertae_Sedis	f__Incertae_Sedis	g__Incertae_Sedis	NA
a6835ee7fc97773c805e48c5e8ba3fae	1	7.812247503266572e-17	0.5156406726742813	1.5150564952042475e-16	0.9999999999999999	0.9999999999999999	d__Bacteria	p__Spirochaetota	c__Spirochaetia	o__Spirochaetales	f__Spirochaetaceae	g__Treponema	NA
d0d02f9ef4d7b00ae2480eff7b6bc314	1.1917808219178083	-8.283069961296242e-8	0.5277769639622572	-1.5694262021425757e-7	0.9999998747779064	0.9999999999999999	d__Bacteria	p__Gemmatimonadota	c__Gemmatimonadia	o__Gemmatimonadales	f__Gemmatimonadaceae	g__Incertae_Sedis	NA
07f7a53f8a49890a6938be8e5f997f42	1.3287671232876712	-1.6506721345245963e-7	0.5963694677954753	-2.7678682824364406e-7	0.9999997791560631	0.9999999999999999	d__Bacteria	p__Gemmatimonadota	c__Gemmatimonadia	o__Gemmatimonadales	f__Gemmatimonadaceae	g__Gemmatimonas	NA
239945043a7bf81915359c009bc05289	1.1506849315068493	-6.564103670259687e-8	0.5218593587622007	-1.2578300187677192e-7	0.9999998996396848	0.9999999999999999	d__Bacteria	p__Gemmatimonadota	c__Gemmatimonadia	o__Gemmatimonadales	f__Gemmatimonadaceae	g__Gemmatimonas	NA
0df71a4bb1d9fdb124e1516c2c99b1df	1.1369863013698631	-6.003859340531792e-8	0.5206522344418955	-1.1531419522222026e-7	0.999999907992584	0.9999999999999999	d__Bacteria	p__Gemmatimonadota	c__Gemmatimonadia	o__Gemmatimonadales	f__Gemmatimonadaceae	g__Incertae_Sedis	NA
ee2315846979ff05c0759ac025d4f7a8	1.082191780821918	-3.725037375073774e-8	0.5176973198883101	-7.19539629039885e-8	0.9999999425890439	0.9999999999999999	d__Bacteria	p__Gemmatimonadota	c__Gemmatimonadia	o__Gemmatimonadales	f__Gemmatimonadaceae	g__Incertae_Sedis	NA
07c881edda2e47c4993e3ef18690a278	1.082191780821918	0.33441895563880664	0.4992834951781326	0.6697977378953691	0.5029867358155204	0.9999999999999999	d__Bacteria	p__Pseudomonadota	c__Gammaproteobacteria	o__Methylococcales	f__Methylococcaceae	NA	NA
b579963a73221af76d2cd1095de5d27b	1	7.812247503266572e-17	0.5156406726742813	1.5150564952042475e-16	0.9999999999999999	0.9999999999999999	d__Bacteria	p__Pseudomonadota	c__Gammaproteobacteria	o__Lysobacterales	f__Rhodanobacteraceae	g__Rudaea	NA
a96ffc478885074f3149a409a56635b2	1.2328767123287672	-1.0170949729152073e-7	0.5386555783898356	-1.8882102287987739e-7	0.9999998493426211	0.9999999999999999	d__Bacteria	p__Pseudomonadota	c__Gammaproteobacteria	o__Lysobacterales	f__Lysobacteraceae	g__Incertae_Sedis	NA
649f026cd615015b1c0f8e760d309122	1.1232876712328768	-5.4425124899479254e-8	0.5196850065476464	-1.0472714089066064e-7	0.9999999164398312	0.9999999999999999	d__Bacteria	p__Pseudomonadota	c__Gammaproteobacteria	o__Lysobacterales	f__Lysobacteraceae	g__Luteimonas	NA
c5cee77da0b9051f359bd257c0308cac	1.178082191780822	-8.240817136084683e-8	0.5435220890195585	-1.516188081877228e-7	0.9999998790256939	0.9999999999999999	d__Bacteria	p__Pseudomonadota	c__Gammaproteobacteria	o__Lysobacterales	f__Rhodanobacteraceae	g__Ahniella	NA
4804669ff00c7ec682696fdd03d60923	1	7.812247503266572e-17	0.5156406726742813	1.5150564952042475e-16	0.9999999999999999	0.9999999999999999	d__Bacteria	p__Pseudomonadota	c__Gammaproteobacteria	o__Lysobacterales	f__Lysobacteraceae	g__Arenimonas	NA
ff9d93d7b7e46787568f2d241caeaf3b	1.1643835616438356	0.3344189164172481	0.5034370275182118	0.6642715933427255	0.5065164987217147	0.9999999999999999	d__Bacteria	p__Pseudomonadota	c__Gammaproteobacteria	o__Pseudomonadales	f__Pseudomonadaceae	g__Pseudomonas	NA
3f4ed624f5d48912e38e325830488c41	1.2876712328767124	-1.4601147849036814e-7	0.591662353870474	-2.4678176249546004e-7	0.9999998030966418	0.9999999999999999	d__Bacteria	p__Pseudomonadota	c__Gammaproteobacteria	o__R7C24	f__Incertae_Sedis	g__Incertae_Sedis	NA
ade04fd51fe2a7ea6a5de7be6c690573	1.1095890410958904	-4.877033323263625e-8	0.5188969425184775	-9.398847677908524e-8	0.9999999250080455	0.9999999999999999	d__Bacteria	p__Pseudomonadota	c__Gammaproteobacteria	o__JG36-TzT-191	f__Incertae_Sedis	g__Incertae_Sedis	NA
1f45933646ae2b2dc3a03d83d865ec78	1.082191780821918	-3.725037375073774e-8	0.5176973198883101	-7.19539629039885e-8	0.9999999425890439	0.9999999999999999	d__Bacteria	p__Pseudomonadota	c__Gammaproteobacteria	o__Gammaproteobacteria_Incertae_Sedis	f__Unknown_Family	g__Acidibacter	NA
08ff68f5cebffbf00b63740f6ef7f364	1.3013698630136987	-1.5158944157696677e-7	0.5916623533037594	-2.562093747058819e-7	0.9999997955744956	0.9999999999999999	d__Bacteria	p__Pseudomonadota	c__Gammaproteobacteria	o__Steroidobacterales	f__Steroidobacteraceae	g__Incertae_Sedis	NA
bd5081f7ae4e0d4cd45c407f23068f16	1	7.812247503266572e-17	0.5156406726742813	1.5150564952042475e-16	0.9999999999999999	0.9999999999999999	d__Bacteria	p__Pseudomonadota	c__Gammaproteobacteria	o__Enterobacterales	f__Enterobacteriaceae	g__Escherichia-Shigella	NA
5d92d8822552c057f2320aabf55a4247	1	7.812247503266572e-17	0.5156406726742813	1.5150564952042475e-16	0.9999999999999999	0.9999999999999999	d__Bacteria	p__Pseudomonadota	c__Gammaproteobacteria	o__Enterobacterales	f__Enterobacteriaceae	g__Escherichia-Shigella	NA
ecdee0aca044f2ca5423a3cd3dd03448	1	7.812247503266572e-17	0.5156406726742813	1.5150564952042475e-16	0.9999999999999999	0.9999999999999999	d__Bacteria	p__Pseudomonadota	c__Gammaproteobacteria	o__Enterobacterales	f__Enterobacteriaceae	g__Escherichia-Shigella	NA
50bd7aa8db48727b2746ad7ef1eb554f	1	7.812247503266572e-17	0.5156406726742813	1.5150564952042475e-16	0.9999999999999999	0.9999999999999999	d__Bacteria	p__Pseudomonadota	c__Gammaproteobacteria	o__Enterobacterales	f__Enterobacteriaceae	g__Escherichia-Shigella	NA
70b61774c9afaef3bb3195d1897df968	1	7.812247503266572e-17	0.5156406726742813	1.5150564952042475e-16	0.9999999999999999	0.9999999999999999	d__Bacteria	p__Pseudomonadota	c__Gammaproteobacteria	o__Enterobacterales	f__Enterobacteriaceae	g__Aquamonas	NA
c36c7aa5e6c47fc763828a8add383940	1	7.812247503266572e-17	0.5156406726742813	1.5150564952042475e-16	0.9999999999999999	0.9999999999999999	d__Bacteria	p__Pseudomonadota	c__Gammaproteobacteria	o__Enterobacterales	f__Pasteurellaceae	g__Haemophilus	NA
8e2cd06fd189258064f799d1ea5d5c7f	1.1506849315068493	-6.564103770145042e-8	0.5218593587622026	-1.257830037907997e-7	0.9999998996396833	0.9999999999999999	d__Bacteria	p__Pseudomonadota	c__Gammaproteobacteria	o__Enterobacterales	f__Pasteurellaceae	g__Haemophilus	NA
394eda29c886632f514dd94b58381186	1.2054794520547945	-0.1020981503651649	0.49478704337913815	-0.20634766356832554	0.8365193494143028	0.9999999999999999	d__Bacteria	p__Pseudomonadota	c__Gammaproteobacteria	o__Enterobacterales	f__Pasteurellaceae	g__Haemophilus	NA
d4323ab1fd41d176de5cdd8311cd3101	1	7.812247503266572e-17	0.5156406726742813	1.5150564952042475e-16	0.9999999999999999	0.9999999999999999	d__Bacteria	p__Pseudomonadota	c__Gammaproteobacteria	o__Enterobacterales	f__Pasteurellaceae	g__Actinobacillus	NA
ca9c66d47347c03d0343d6fe03ed8636	1	7.812247503266572e-17	0.5156406726742813	1.5150564952042475e-16	0.9999999999999999	0.9999999999999999	d__Bacteria	p__Pseudomonadota	c__Gammaproteobacteria	o__Enterobacterales	f__Pasteurellaceae	g__Haemophilus	NA
f3384f1f36a908bd09b3c265bac26f8c	1.2191780821917808	-1.2223919869499107	0.42965813367343453	-2.8450339727049148	0.004440668660087643	0.42327039315529846	d__Bacteria	p__Pseudomonadota	c__Gammaproteobacteria	o__Enterobacterales	f__Pasteurellaceae	NA	NA
b4bb370a59f2637d406ccc0f5a1b2a1e	1	7.812247503266572e-17	0.5156406726742813	1.5150564952042475e-16	0.9999999999999999	0.9999999999999999	d__Bacteria	p__Pseudomonadota	c__Gammaproteobacteria	o__Enterobacterales	f__Morganellaceae	g__Morganella	NA
63afe8e6aac58bf0d670a82ca5bc574c	1	7.812247503266572e-17	0.5156406726742813	1.5150564952042475e-16	0.9999999999999999	0.9999999999999999	d__Bacteria	p__Pseudomonadota	c__Gammaproteobacteria	o__Enterobacterales	f__Yersiniaceae	NA	NA
945184b6386c192c0066e0a98a154780	1	7.812247503266572e-17	0.5156406726742813	1.5150564952042475e-16	0.9999999999999999	0.9999999999999999	d__Bacteria	p__Pseudomonadota	c__Gammaproteobacteria	o__Enterobacterales	f__Enterobacteriaceae	NA	NA
db2c9e372a6b791fdad2f43b5e74533d	1	7.812247503266572e-17	0.5156406726742813	1.5150564952042475e-16	0.9999999999999999	0.9999999999999999	d__Bacteria	p__Pseudomonadota	c__Gammaproteobacteria	o__Enterobacterales	f__Enterobacteriaceae	NA	NA
4d72007c70f4abc0bf9e8fe8b826d07d	1	7.812247503266572e-17	0.5156406726742813	1.5150564952042475e-16	0.9999999999999999	0.9999999999999999	d__Bacteria	p__Pseudomonadota	c__Gammaproteobacteria	o__Enterobacterales	f__Enterobacteriaceae	NA	NA
c939ee112ba982665e012437dae05c1e	1	7.812247503266572e-17	0.5156406726742813	1.5150564952042475e-16	0.9999999999999999	0.9999999999999999	d__Bacteria	p__Pseudomonadota	c__Gammaproteobacteria	o__Enterobacterales	f__Enterobacteriaceae	NA	NA
4cbfff144d4e7a4e0f4619ed505be070	1.1095890410958904	0.4306342486813191	0.49587209906110646	0.8684381506777454	0.38515451727540223	0.9999999999999999	d__Bacteria	p__Pseudomonadota	c__Gammaproteobacteria	o__Enterobacterales	f__Enterobacteriaceae	NA	NA
40c00caf4aba9abc8cf5384e6e8e438c	1	7.812247503266572e-17	0.5156406726742813	1.5150564952042475e-16	0.9999999999999999	0.9999999999999999	d__Bacteria	p__Pseudomonadota	c__Gammaproteobacteria	o__Enterobacterales	f__Enterobacteriaceae	NA	NA
be55f2c3cea91fd2eed842b94a484d20	1	7.812247503266572e-17	0.5156406726742813	1.5150564952042475e-16	0.9999999999999999	0.9999999999999999	d__Bacteria	p__Pseudomonadota	c__Gammaproteobacteria	o__Enterobacterales	f__Enterobacteriaceae	NA	NA
d509a9b999e826dc5f7982d3b443a791	1	7.812247503266572e-17	0.5156406726742813	1.5150564952042475e-16	0.9999999999999999	0.9999999999999999	d__Bacteria	p__Pseudomonadota	c__Gammaproteobacteria	o__Enterobacterales	f__Enterobacteriaceae	g__Escherichia-Shigella	NA
f57cabd02554d88ba107201d7c772fbd	1	7.812247503266572e-17	0.5156406726742813	1.5150564952042475e-16	0.9999999999999999	0.9999999999999999	d__Bacteria	p__Pseudomonadota	c__Gammaproteobacteria	o__Enterobacterales	f__Enterobacteriaceae	g__Escherichia-Shigella	NA
551d5342b46ac267bc6a5da9d67b261a	1	7.812247503266572e-17	0.5156406726742813	1.5150564952042475e-16	0.9999999999999999	0.9999999999999999	d__Bacteria	p__Pseudomonadota	c__Gammaproteobacteria	o__Enterobacterales	f__Enterobacteriaceae	g__Escherichia-Shigella	NA
0be1484f101c08a77a6f34e40dd2f642	1	7.812247503266572e-17	0.5156406726742813	1.5150564952042475e-16	0.9999999999999999	0.9999999999999999	d__Bacteria	p__Pseudomonadota	c__Gammaproteobacteria	o__Enterobacterales	f__Enterobacteriaceae	g__Escherichia-Shigella	NA
9c4d4b6d306824a963a9ea03bf5ed140	1	7.812247503266572e-17	0.5156406726742813	1.5150564952042475e-16	0.9999999999999999	0.9999999999999999	d__Bacteria	p__Pseudomonadota	c__Gammaproteobacteria	o__Enterobacterales	f__Enterobacteriaceae	g__Escherichia-Shigella	NA
39b7592a8a28facf6a3dfd81e013eaad	1	7.812247503266572e-17	0.5156406726742813	1.5150564952042475e-16	0.9999999999999999	0.9999999999999999	d__Bacteria	p__Pseudomonadota	c__Gammaproteobacteria	o__Enterobacterales	f__Enterobacteriaceae	g__Escherichia-Shigella	NA
a3eab7cdcc6ff79cc81be0363a6ff21a	1.1232876712328768	0.47643792916852035	0.49457175282531846	0.9633342916306769	0.33537978968131027	0.9999999999999999	d__Bacteria	p__Pseudomonadota	c__Gammaproteobacteria	o__Enterobacterales	f__Enterobacteriaceae	g__Escherichia-Shigella	NA
8bafedeb678c6cb11deef4768047bfc7	1	7.812247503266572e-17	0.5156406726742813	1.5150564952042475e-16	0.9999999999999999	0.9999999999999999	d__Bacteria	p__Pseudomonadota	c__Gammaproteobacteria	o__Enterobacterales	f__Enterobacteriaceae	g__Escherichia-Shigella	NA
dd76ee315469214d08ce4659f45d97eb	1	7.812247503266572e-17	0.5156406726742813	1.5150564952042475e-16	0.9999999999999999	0.9999999999999999	d__Bacteria	p__Pseudomonadota	c__Gammaproteobacteria	o__Enterobacterales	f__Enterobacteriaceae	g__Escherichia-Shigella	NA
9e787ce305381a372bbab3e55fdb8cc4	1	7.812247503266572e-17	0.5156406726742813	1.5150564952042475e-16	0.9999999999999999	0.9999999999999999	d__Bacteria	p__Pseudomonadota	c__Gammaproteobacteria	o__Enterobacterales	f__Enterobacteriaceae	g__Escherichia-Shigella	NA
18c2c9764fa4936d514850289294ce15	1	7.812247503266572e-17	0.5156406726742813	1.5150564952042475e-16	0.9999999999999999	0.9999999999999999	d__Bacteria	p__Pseudomonadota	c__Gammaproteobacteria	o__Enterobacterales	f__Enterobacteriaceae	g__Escherichia-Shigella	NA
d46e2205f0c6ecf67b51f83d111c509c	7.36986301369863	-1.8688884268180912	0.753510631089002	-2.480241617981027	0.013129338131739565	0.8267934553230591	d__Bacteria	p__Pseudomonadota	c__Gammaproteobacteria	o__Enterobacterales	f__Enterobacteriaceae	g__Escherichia-Shigella	NA
4850a238b7fbbd5ffa204c5a5a396f2c	1	7.812247503266572e-17	0.5156406726742813	1.5150564952042475e-16	0.9999999999999999	0.9999999999999999	d__Bacteria	p__Pseudomonadota	c__Gammaproteobacteria	o__Enterobacterales	f__Hafniaceae	g__Hafnia-Obesumbacterium	NA
59569afbca0342ed00919b6c31665ddc	1	7.812247503266572e-17	0.5156406726742813	1.5150564952042475e-16	0.9999999999999999	0.9999999999999999	d__Bacteria	p__Pseudomonadota	c__Gammaproteobacteria	o__Enterobacterales	f__Morganellaceae	g__Cosenzaea	NA
38eaa8f3d127290bf06b9a82171c37c0	1	7.812247503266572e-17	0.5156406726742813	1.5150564952042475e-16	0.9999999999999999	0.9999999999999999	d__Bacteria	p__Pseudomonadota	c__Gammaproteobacteria	o__Enterobacterales	f__Morganellaceae	g__Proteus	NA
bb7e5c6df18c100b97f890fc35eb2911	1	7.812247503266572e-17	0.5156406726742813	1.5150564952042475e-16	0.9999999999999999	0.9999999999999999	d__Bacteria	p__Pseudomonadota	c__Gammaproteobacteria	o__Enterobacterales	f__Morganellaceae	g__Proteus	NA
11f0558dca37009cbf1a6083b0b658e5	1	7.812247503266572e-17	0.5156406726742813	1.5150564952042475e-16	0.9999999999999999	0.9999999999999999	d__Bacteria	p__Pseudomonadota	c__Gammaproteobacteria	o__Enterobacterales	f__Morganellaceae	g__Providencia	NA
3fe93561235ac9bb8279ec49fed55fbd	1.1643835616438356	-7.127202929380053e-8	0.523384712749128	-1.3617522170152316e-7	0.999999891347893	0.9999999999999999	d__Bacteria	p__Pseudomonadota	c__Gammaproteobacteria	o__Pseudomonadales	f__Moraxellaceae	g__Enhydrobacter	NA
8adadd953ff6f3831d8492aaecdbe713	1	7.812247503266572e-17	0.5156406726742813	1.5150564952042475e-16	0.9999999999999999	0.9999999999999999	d__Bacteria	p__Pseudomonadota	c__Gammaproteobacteria	o__Enterobacterales	f__Succinivibrionaceae	g__Succinivibrio	NA
ad60a2e41201dc42447b53ee71937736	1	7.812247503266572e-17	0.5156406726742813	1.5150564952042475e-16	0.9999999999999999	0.9999999999999999	d__Bacteria	p__Pseudomonadota	c__Gammaproteobacteria	o__Enterobacterales	f__Succinivibrionaceae	g__Succinivibrio	NA
4608fae4bbc9964cdd17af8782f2155e	1.1506849315068493	-6.564103670259687e-8	0.5218593587622007	-1.2578300187677192e-7	0.9999998996396848	0.9999999999999999	d__Bacteria	p__Pseudomonadota	c__Gammaproteobacteria	o__Burkholderiales	f__Oxalobacteraceae	g__Massilia	NA
6513039f8225f3c93ab2a462ab8b9c7f	1	7.812247503266572e-17	0.5156406726742813	1.5150564952042475e-16	0.9999999999999999	0.9999999999999999	d__Bacteria	p__Pseudomonadota	c__Gammaproteobacteria	o__Burkholderiales	f__Neisseriaceae	g__Incertae_Sedis	NA
cc63a75851b8c19c41038012fcab77a2	1.2602739726027397	-1.2720071929188122e-7	0.5752422564622938	-2.2112547863600668e-7	0.9999998235673946	0.9999999999999999	d__Bacteria	p__Pseudomonadota	c__Gammaproteobacteria	o__Burkholderiales	f__SC-I-84	g__Incertae_Sedis	NA
a79df03c29d5421b97a241db52f4f4ab	1.2328767123287672	-1.0170949729152073e-7	0.5386555783898356	-1.8882102287987739e-7	0.9999998493426211	0.9999999999999999	d__Bacteria	p__Pseudomonadota	c__Gammaproteobacteria	o__Burkholderiales	f__SC-I-84	g__Incertae_Sedis	NA
4f824a5d5b0df86eb1225e6abfce7a93	1	7.812247503266572e-17	0.5156406726742813	1.5150564952042475e-16	0.9999999999999999	0.9999999999999999	d__Bacteria	p__Pseudomonadota	c__Gammaproteobacteria	o__Burkholderiales	f__A21b	g__Incertae_Sedis	NA
e934de394d66c2b06ec85ba363b1f37a	1.356164383561644	-1.818499107917319e-7	0.6065920189988367	-2.9978948798546693e-7	0.999999760802596	0.9999999999999999	d__Bacteria	p__Pseudomonadota	c__Gammaproteobacteria	o__Burkholderiales	f__A21b	g__Incertae_Sedis	NA
8e7cdf0804e61520aff16b0d184b841b	1.3424657534246576	-1.7635623349851422e-7	0.6065920195432495	-2.90732861324662e-7	0.9999997680287386	0.9999999999999999	d__Bacteria	p__Pseudomonadota	c__Gammaproteobacteria	o__Burkholderiales	f__A21b	g__Incertae_Sedis	NA
1d8f612763d34c1a3ddbeb32073dcab6	1	7.812247503266572e-17	0.5156406726742813	1.5150564952042475e-16	0.9999999999999999	0.9999999999999999	d__Bacteria	p__Pseudomonadota	c__Gammaproteobacteria	o__Burkholderiales	f__SC-I-84	g__Incertae_Sedis	NA
5a7c85d39e6fe84bdaa0bdfb9c3e22d9	1.095890410958904	-4.305163129057465e-8	0.5182461995844165	-8.307177423606368e-8	0.9999999337183139	0.9999999999999999	d__Bacteria	p__Pseudomonadota	c__Gammaproteobacteria	o__Burkholderiales	f__Nitrosomonadaceae	g__mle1-7	NA
a1af1932f736869ced05f2e1e8f655f5	1	7.812247503266572e-17	0.5156406726742813	1.5150564952042475e-16	0.9999999999999999	0.9999999999999999	d__Bacteria	p__Pseudomonadota	c__Gammaproteobacteria	o__Burkholderiales	f__Nitrosomonadaceae	g__Ellin6067	NA
3e63f8a90d89bd302975337b3a1d295c	1	7.812247503266572e-17	0.5156406726742813	1.5150564952042475e-16	0.9999999999999999	0.9999999999999999	d__Bacteria	p__Pseudomonadota	c__Gammaproteobacteria	o__Burkholderiales	f__Neisseriaceae	g__Incertae_Sedis	NA
4a1e5e44473fcf41f308288148927289	1	7.812247503266572e-17	0.5156406726742813	1.5150564952042475e-16	0.9999999999999999	0.9999999999999999	d__Bacteria	p__Pseudomonadota	c__Gammaproteobacteria	o__Burkholderiales	f__Neisseriaceae	g__Incertae_Sedis	NA
52d998a538496179968dec55950d1516	1	7.812247503266572e-17	0.5156406726742813	1.5150564952042475e-16	0.9999999999999999	0.9999999999999999	d__Bacteria	p__Pseudomonadota	c__Gammaproteobacteria	o__Burkholderiales	f__Neisseriaceae	g__Eikenella	NA
4f5efd25dacb5d639316e7291ff6ff8b	1	7.812247503266572e-17	0.5156406726742813	1.5150564952042475e-16	0.9999999999999999	0.9999999999999999	d__Bacteria	p__Pseudomonadota	c__Gammaproteobacteria	o__Burkholderiales	f__Neisseriaceae	g__Neisseria	NA
c3872198144b62ba82c1558586a5ebe3	1	7.812247503266572e-17	0.5156406726742813	1.5150564952042475e-16	0.9999999999999999	0.9999999999999999	d__Bacteria	p__Pseudomonadota	c__Gammaproteobacteria	o__Burkholderiales	f__Neisseriaceae	g__Eikenella	NA
d2261d7f1ddc9f5f4c6f971b97f9a517	1	7.812247503266572e-17	0.5156406726742813	1.5150564952042475e-16	0.9999999999999999	0.9999999999999999	d__Bacteria	p__Pseudomonadota	c__Gammaproteobacteria	o__Burkholderiales	f__Oxalobacteraceae	NA	NA
fec2da4ccc40b9ad85a020553063366b	1	7.812247503266572e-17	0.5156406726742813	1.5150564952042475e-16	0.9999999999999999	0.9999999999999999	d__Bacteria	p__Pseudomonadota	c__Gammaproteobacteria	o__Burkholderiales	f__Oxalobacteraceae	NA	NA
b600d65ed89ddbd1e326cd0b04be1d7a	1	7.812247503266572e-17	0.5156406726742813	1.5150564952042475e-16	0.9999999999999999	0.9999999999999999	d__Bacteria	p__Pseudomonadota	c__Gammaproteobacteria	o__Burkholderiales	f__Oxalobacteraceae	NA	NA
6fe33250c45ddbda2700682431270ddc	1	7.812247503266572e-17	0.5156406726742813	1.5150564952042475e-16	0.9999999999999999	0.9999999999999999	d__Bacteria	p__Pseudomonadota	c__Gammaproteobacteria	o__Burkholderiales	f__Sutterellaceae	g__Sutterella	NA
3652788e84d52e1a7133359c67311619	1	7.812247503266572e-17	0.5156406726742813	1.5150564952042475e-16	0.9999999999999999	0.9999999999999999	d__Bacteria	p__Pseudomonadota	c__Gammaproteobacteria	o__Burkholderiales	f__Sutterellaceae	g__Sutterella	NA
f6cba9b8a57bb49f57a00f18bf1e64b0	1	7.812247503266572e-17	0.5156406726742813	1.5150564952042475e-16	0.9999999999999999	0.9999999999999999	d__Bacteria	p__Pseudomonadota	c__Gammaproteobacteria	o__Burkholderiales	f__Sutterellaceae	g__Sutterella	NA
8cde5eace37ee2a7ee97a22d324d510b	1	7.812247503266572e-17	0.5156406726742813	1.5150564952042475e-16	0.9999999999999999	0.9999999999999999	d__Bacteria	p__Pseudomonadota	c__Gammaproteobacteria	o__Burkholderiales	f__Sutterellaceae	g__Sutterella	NA
21401b105dc53b367b8fdc0ec97a9f02	1.1917808219178083	-8.28306992853115e-8	0.5277769639622552	-1.5694261959344491e-7	0.9999998747779069	0.9999999999999999	d__Bacteria	p__Pseudomonadota	c__Gammaproteobacteria	o__Burkholderiales	f__Sutterellaceae	g__Sutterella	NA
eb736939d75ad207f5c1a4f3053d2ee4	1	7.812247503266572e-17	0.5156406726742813	1.5150564952042475e-16	0.9999999999999999	0.9999999999999999	d__Bacteria	p__Pseudomonadota	c__Gammaproteobacteria	o__Burkholderiales	f__Sutterellaceae	g__Sutterella	NA
d23a867d55cfafa513f34ea224089f8e	1	7.812247503266572e-17	0.5156406726742813	1.5150564952042475e-16	0.9999999999999999	0.9999999999999999	d__Bacteria	p__Pseudomonadota	c__Gammaproteobacteria	o__Burkholderiales	f__Sutterellaceae	g__Sutterella	NA
5b7e242f5faf6839260511c704d90a14	1	7.812247503266572e-17	0.5156406726742813	1.5150564952042475e-16	0.9999999999999999	0.9999999999999999	d__Bacteria	p__Pseudomonadota	c__Gammaproteobacteria	o__Burkholderiales	f__Sutterellaceae	g__Sutterella	NA
f179bd107516ffa74815272feed765a8	1	7.812247503266572e-17	0.5156406726742813	1.5150564952042475e-16	0.9999999999999999	0.9999999999999999	d__Bacteria	p__Pseudomonadota	c__Gammaproteobacteria	o__Burkholderiales	f__Sutterellaceae	g__Sutterella	NA
06c89d0310c1277e6797f95171429317	1	7.812247503266572e-17	0.5156406726742813	1.5150564952042475e-16	0.9999999999999999	0.9999999999999999	d__Bacteria	p__Pseudomonadota	c__Gammaproteobacteria	o__Burkholderiales	f__Sutterellaceae	g__Sutterella	NA
40c89594b6b2d71ed7ab90eb09c61288	1	7.812247503266572e-17	0.5156406726742813	1.5150564952042475e-16	0.9999999999999999	0.9999999999999999	d__Bacteria	p__Pseudomonadota	c__Gammaproteobacteria	o__Burkholderiales	f__Sutterellaceae	g__Sutterella	NA
cdef896edca66918c640aeadee6f1809	1	7.812247503266572e-17	0.5156406726742813	1.5150564952042475e-16	0.9999999999999999	0.9999999999999999	d__Bacteria	p__Pseudomonadota	c__Gammaproteobacteria	o__Burkholderiales	f__Sutterellaceae	g__Sutterella	NA
ed0b2c436e0aa37c7501df9927eca476	1	7.812247503266572e-17	0.5156406726742813	1.5150564952042475e-16	0.9999999999999999	0.9999999999999999	d__Bacteria	p__Pseudomonadota	c__Gammaproteobacteria	o__Burkholderiales	f__Sutterellaceae	g__Sutterella	NA
aece197f1dcbc89d27c3a60dd4477d52	1	7.812247503266572e-17	0.5156406726742813	1.5150564952042475e-16	0.9999999999999999	0.9999999999999999	d__Bacteria	p__Pseudomonadota	c__Gammaproteobacteria	o__Burkholderiales	f__Sutterellaceae	g__Sutterella	NA
1748af885d51d419f6f9b79bdcdaa1a9	1	7.812247503266572e-17	0.5156406726742813	1.5150564952042475e-16	0.9999999999999999	0.9999999999999999	d__Bacteria	p__Pseudomonadota	c__Gammaproteobacteria	o__Burkholderiales	f__Sutterellaceae	g__Sutterella	NA
d86ba22052f74b04328616f924d93032	1	7.812247503266572e-17	0.5156406726742813	1.5150564952042475e-16	0.9999999999999999	0.9999999999999999	d__Bacteria	p__Pseudomonadota	c__Gammaproteobacteria	o__Burkholderiales	f__Sutterellaceae	g__Sutterella	NA
d37c35f73fc21285f14723633ad2fbcd	2.1232876712328768	-5.635191343996841e-7	0.7189619498642728	-7.837954908546502e-7	0.999999374621679	0.9999999999999999	d__Bacteria	p__Pseudomonadota	c__Gammaproteobacteria	o__Burkholderiales	f__Sutterellaceae	g__Sutterella	NA
6ee91bd06f6e189fe0bf12eafec77e58	1	7.812247503266572e-17	0.5156406726742813	1.5150564952042475e-16	0.9999999999999999	0.9999999999999999	d__Bacteria	p__Pseudomonadota	c__Gammaproteobacteria	o__Burkholderiales	f__Sutterellaceae	g__Sutterella	NA
0c1f135a432920cdc89f2d08d4946c4d	1.1643835616438356	0.605720913811467	0.49275968962249894	1.2292420150591197	0.21898108043664202	0.9999999999999999	d__Bacteria	p__Pseudomonadota	c__Gammaproteobacteria	o__Burkholderiales	f__Sutterellaceae	g__Sutterella	NA
dbcdaca3ee9e9fe75d8829e87b8551dc	1	7.812247503266572e-17	0.5156406726742813	1.5150564952042475e-16	0.9999999999999999	0.9999999999999999	d__Bacteria	p__Pseudomonadota	c__Gammaproteobacteria	o__Burkholderiales	f__Sutterellaceae	g__Sutterella	NA
8cd3a754b6daeaa0ff3c1bb084886b17	1	7.812247503266572e-17	0.5156406726742813	1.5150564952042475e-16	0.9999999999999999	0.9999999999999999	d__Bacteria	p__Pseudomonadota	c__Gammaproteobacteria	o__Burkholderiales	f__Sutterellaceae	g__Sutterella	NA
16c0796c006308528e5db2d872fa458b	1	7.812247503266572e-17	0.5156406726742813	1.5150564952042475e-16	0.9999999999999999	0.9999999999999999	d__Bacteria	p__Pseudomonadota	c__Gammaproteobacteria	o__Burkholderiales	f__Sutterellaceae	g__Sutterella	NA
2bfa557403fda092b8fd1a03217d7f7d	1	7.812247503266572e-17	0.5156406726742813	1.5150564952042475e-16	0.9999999999999999	0.9999999999999999	d__Bacteria	p__Pseudomonadota	c__Gammaproteobacteria	o__Burkholderiales	f__Sutterellaceae	g__Sutterella	NA
ab2e88891faaeca1271f08a7e208c1b8	1	7.812247503266572e-17	0.5156406726742813	1.5150564952042475e-16	0.9999999999999999	0.9999999999999999	d__Bacteria	p__Pseudomonadota	c__Gammaproteobacteria	o__Burkholderiales	f__Sutterellaceae	g__Parasutterella	NA
ac26691b1cdabb4d1fba5fc650c1b2d5	1	7.812247503266572e-17	0.5156406726742813	1.5150564952042475e-16	0.9999999999999999	0.9999999999999999	d__Bacteria	p__Pseudomonadota	c__Gammaproteobacteria	o__Burkholderiales	f__Sutterellaceae	g__Parasutterella	NA
69a11f927915e2a3ba1f7b9c84486527	1	7.812247503266572e-17	0.5156406726742813	1.5150564952042475e-16	0.9999999999999999	0.9999999999999999	d__Bacteria	p__Pseudomonadota	c__Gammaproteobacteria	o__Burkholderiales	f__Sutterellaceae	g__Parasutterella	NA
c2fce4d038c0d3e28601144696c09504	1	7.812247503266572e-17	0.5156406726742813	1.5150564952042475e-16	0.9999999999999999	0.9999999999999999	d__Bacteria	p__Pseudomonadota	c__Gammaproteobacteria	o__Burkholderiales	f__Sutterellaceae	g__Parasutterella	NA
c1a0435d7cc9aee9c98e02da7322bacd	1	7.812247503266572e-17	0.5156406726742813	1.5150564952042475e-16	0.9999999999999999	0.9999999999999999	d__Bacteria	p__Pseudomonadota	c__Gammaproteobacteria	o__Burkholderiales	f__Sutterellaceae	g__Parasutterella	NA
b0b2f7e520da337e3ccdcaf3e0cccb0c	1	7.812247503266572e-17	0.5156406726742813	1.5150564952042475e-16	0.9999999999999999	0.9999999999999999	d__Bacteria	p__Pseudomonadota	c__Gammaproteobacteria	o__Burkholderiales	f__Sutterellaceae	g__Parasutterella	NA
a4a05d57d649b1866bdc41fe852052c7	1	7.812247503266572e-17	0.5156406726742813	1.5150564952042475e-16	0.9999999999999999	0.9999999999999999	d__Bacteria	p__Pseudomonadota	c__Gammaproteobacteria	o__Burkholderiales	f__Sutterellaceae	g__Parasutterella	NA
c845eda99662b5a88a8c8e979ec07dd0	1	7.812247503266572e-17	0.5156406726742813	1.5150564952042475e-16	0.9999999999999999	0.9999999999999999	d__Bacteria	p__Pseudomonadota	c__Gammaproteobacteria	o__Burkholderiales	f__Burkholderiaceae	g__Lautropia	NA
9af5372058f5a2f86b5b945b62f46feb	1	7.812247503266572e-17	0.5156406726742813	1.5150564952042475e-16	0.9999999999999999	0.9999999999999999	d__Bacteria	p__Pseudomonadota	c__Gammaproteobacteria	o__Burkholderiales	f__Comamonadaceae	NA	NA
9282e20164736c7ada9bd98d04654b5e	1	7.812247503266572e-17	0.5156406726742813	1.5150564952042475e-16	0.9999999999999999	0.9999999999999999	d__Bacteria	p__Pseudomonadota	c__Gammaproteobacteria	o__Burkholderiales	f__Sutterellaceae	g__Sutterella	NA
4b44a8fdda93baa3c8dba677986a246e	1.1369863013698631	-6.003859340531792e-8	0.5206522344418955	-1.1531419522222026e-7	0.999999907992584	0.9999999999999999	d__Bacteria	p__Pseudomonadota	c__Gammaproteobacteria	o__Burkholderiales	f__Nitrosomonadaceae	g__MND1	NA
aa388a5d51a4643cfb007dc0b081257a	1.1095890410958904	-4.877033323263625e-8	0.5188969425184775	-9.398847677908524e-8	0.9999999250080455	0.9999999999999999	d__Bacteria	p__Pseudomonadota	c__Gammaproteobacteria	o__Burkholderiales	f__Nitrosomonadaceae	g__GOUTA6	NA
199c1f47723143d72682c4ced6bac9ac	1	7.812247503266572e-17	0.5156406726742813	1.5150564952042475e-16	0.9999999999999999	0.9999999999999999	d__Bacteria	p__Campylobacterota	c__Campylobacteria	o__Campylobacterales	f__Campylobacteraceae	g__Campylobacter	NA
310ab433faac5fab0765d87127d7578f	1	7.812247503266572e-17	0.5156406726742813	1.5150564952042475e-16	0.9999999999999999	0.9999999999999999	d__Bacteria	p__Campylobacterota	c__Campylobacteria	o__Campylobacterales	f__Campylobacteraceae	g__Campylobacter	NA
9104e464668ba956eb9de3d3d2f9eb19	4.328767123287672	2.5812666115839007	0.695375993732612	3.712044469249332	2.0559185429984298e-4	0.03684838619374109	d__Bacteria	p__Campylobacterota	c__Campylobacteria	o__Campylobacterales	f__Campylobacteraceae	g__Campylobacter	NA
c4d97dd6e01de35fd44a216238c03e34	1.1095890410958904	0.4306342486813191	0.49587209906110646	0.8684381506777454	0.38515451727540223	0.9999999999999999	d__Bacteria	p__Campylobacterota	c__Campylobacteria	o__Campylobacterales	f__Campylobacteraceae	g__Campylobacter	NA
6df3c15ec9eab9b36fea7edbebb9aa8d	1	7.812247503266572e-17	0.5156406726742813	1.5150564952042475e-16	0.9999999999999999	0.9999999999999999	d__Bacteria	p__Campylobacterota	c__Campylobacteria	o__Campylobacterales	f__Campylobacteraceae	g__Campylobacter	NA
50d2bcfe618afef2607f5475a1d512e4	1	7.812247503266572e-17	0.5156406726742813	1.5150564952042475e-16	0.9999999999999999	0.9999999999999999	d__Bacteria	p__Campylobacterota	c__Campylobacteria	o__Campylobacterales	f__Campylobacteraceae	g__Campylobacter	NA
d3e280b7fc88765c0b66e5bd845d439f	1	7.812247503266572e-17	0.5156406726742813	1.5150564952042475e-16	0.9999999999999999	0.9999999999999999	d__Bacteria	p__Campylobacterota	c__Campylobacteria	o__Campylobacterales	f__Campylobacteraceae	g__Campylobacter	NA
8365c56e7d1f57079c8821b426206d94	1.6849315068493151	-0.6975909957612838	0.5588987702454693	-1.2481526761186121	0.21197515072059192	0.9999999999999999	d__Bacteria	p__Campylobacterota	c__Campylobacteria	o__Campylobacterales	f__Campylobacteraceae	g__Campylobacter	NA
1f8f31872fb44c8c3e8d4116f774a2b4	1	7.812247503266572e-17	0.5156406726742813	1.5150564952042475e-16	0.9999999999999999	0.9999999999999999	d__Bacteria	p__Campylobacterota	c__Campylobacteria	o__Campylobacterales	f__Campylobacteraceae	g__Campylobacter	NA
a6f150307a48d996f282bab7ffe7405f	1	7.812247503266572e-17	0.5156406726742813	1.5150564952042475e-16	0.9999999999999999	0.9999999999999999	d__Bacteria	p__Campylobacterota	c__Campylobacteria	o__Campylobacterales	f__Campylobacteraceae	g__Campylobacter	NA
3839eb0c980882d7adf3aa431c4e7910	1	7.812247503266572e-17	0.5156406726742813	1.5150564952042475e-16	0.9999999999999999	0.9999999999999999	d__Bacteria	p__Campylobacterota	c__Campylobacteria	o__Campylobacterales	f__Campylobacteraceae	g__Campylobacter	NA
2031f98bfcb31c0d0003b9ad0a9de157	1.1095890410958904	-4.8770333209434345e-8	0.5188969425184775	-9.398847673437133e-8	0.9999999250080455	0.9999999999999999	d__Bacteria	p__Campylobacterota	c__Campylobacteria	o__Campylobacterales	f__Campylobacteraceae	g__Campylobacter	NA
87a7bc7a44c3ce7afdafcdbb020d3d42	1.3287671232876712	-1.6506721345245963e-7	0.5963694677954753	-2.7678682824364406e-7	0.9999997791560631	0.9999999999999999	d__Bacteria	p__Acidobacteriota	c__Acidobacteriae	o__Subgroup_2	f__Incertae_Sedis	g__Incertae_Sedis	NA
96f6ae7bdd6e03adf2e2c2143240384b	1	7.812247503266572e-17	0.5156406726742813	1.5150564952042475e-16	0.9999999999999999	0.9999999999999999	d__Bacteria	p__Acidobacteriota	c__Acidobacteriae	o__Subgroup_2	f__Incertae_Sedis	g__Incertae_Sedis	NA
421e1ceb06cb5b4c61b2580c7892ffad	1.3424657534246576	-1.7635623349851422e-7	0.6065920195432495	-2.90732861324662e-7	0.9999997680287386	0.9999999999999999	d__Bacteria	p__Acidobacteriota	c__Acidobacteriae	o__Subgroup_2	f__Incertae_Sedis	g__Incertae_Sedis	NA
da970e482dfe05782437a7463b5c71b7	1.273972602739726	-1.3625616466318226e-7	0.5829940611827447	-2.337179291102102e-7	0.9999998135200728	0.9999999999999999	d__Bacteria	p__Acidobacteriota	c__Acidobacteriae	o__Subgroup_2	f__Incertae_Sedis	g__Incertae_Sedis	NA
1fde572bf665afdc27e7e75cd898ac29	1.2054794520547945	-8.887846369378638e-8	0.5308242218067816	-1.674348306700629e-7	0.9999998664063336	0.9999999999999999	d__Bacteria	p__Acidobacteriota	c__Acidobacteriae	o__Subgroup_2	f__Incertae_Sedis	g__Incertae_Sedis	NA
7c2a31114b8ebe9ab185f4339d220f57	1.1369863013698631	-6.003859340531792e-8	0.5206522344418955	-1.1531419522222026e-7	0.999999907992584	0.9999999999999999	d__Bacteria	p__Acidobacteriota	c__Acidobacteriae	o__Subgroup_2	f__Incertae_Sedis	g__Incertae_Sedis	NA
f0816e1099f91abe999b985664f1efea	1.1643835616438356	-7.127202902480568e-8	0.5233847127491276	-1.3617522118757086e-7	0.9999998913478935	0.9999999999999999	d__Bacteria	p__Acidobacteriota	c__Acidobacteriae	o__Subgroup_2	f__Incertae_Sedis	g__Incertae_Sedis	NA
548f66148663c88b329bc7d20a2d46a5	1.1506849315068493	-6.564103670259687e-8	0.5218593587622007	-1.2578300187677192e-7	0.9999998996396848	0.9999999999999999	d__Bacteria	p__Acidobacteriota	c__Acidobacteriae	o__Subgroup_2	f__Incertae_Sedis	g__Incertae_Sedis	NA
eb9e5762c6738498daa59b3d44d43e82	1.2054794520547945	-8.887846369378638e-8	0.5308242218067816	-1.674348306700629e-7	0.9999998664063336	0.9999999999999999	d__Bacteria	p__Acidobacteriota	c__Acidobacteriae	o__Terriglobales	f__Incertae_Sedis	g__Incertae_Sedis	NA
202f505123c72e7cf838be7c86ebf7a6	1.2465753424657535	-1.0848397475306958e-7	0.5432264955024749	-1.9970302562787152e-7	0.9999998406600391	0.9999999999999999	d__Bacteria	p__Acidobacteriota	c__Acidobacteriae	o__Terriglobales	f__Incertae_Sedis	g__Incertae_Sedis	NA
d29f5c2276e5c39023b2a73593ed907b	1.3287671232876712	-1.6506721345245963e-7	0.5963694677954753	-2.7678682824364406e-7	0.9999997791560631	0.9999999999999999	d__Bacteria	p__Acidobacteriota	c__Acidobacteriae	o__Terriglobales	f__Incertae_Sedis	g__Incertae_Sedis	NA
84a29877f28a3309c0acba3ff63a32de	1	7.812247503266572e-17	0.5156406726742813	1.5150564952042475e-16	0.9999999999999999	0.9999999999999999	d__Bacteria	p__Acidobacteriota	c__Acidobacteriae	o__Terriglobales	f__Incertae_Sedis	g__Incertae_Sedis	NA
ceb36da1a26eecc6429aa5cefb368a09	1	7.812247503266572e-17	0.5156406726742813	1.5150564952042475e-16	0.9999999999999999	0.9999999999999999	d__Bacteria	p__Acidobacteriota	c__Acidobacteriae	o__Terriglobales	f__Incertae_Sedis	g__Incertae_Sedis	NA
2863313205c6e7fe577361c0fce7f94b	1.2191780821917808	-9.516998716403692e-8	0.5344819169789301	-1.7806025637306758e-7	0.9999998579284706	0.9999999999999999	d__Bacteria	p__Acidobacteriota	c__Acidobacteriae	o__Terriglobales	f__Incertae_Sedis	g__Incertae_Sedis	NA
0c0641127df64e7dbb361a6fc16d34a5	1.1095890410958904	-4.877033323263625e-8	0.5188969425184775	-9.398847677908524e-8	0.9999999250080455	0.9999999999999999	d__Bacteria	p__Acidobacteriota	c__Acidobacteriae	o__Terriglobales	f__Incertae_Sedis	g__Incertae_Sedis	NA
4542e210503a0deaa85d8f51bd802105	1.3287671232876712	-1.6506721345245963e-7	0.5963694677954753	-2.7678682824364406e-7	0.9999997791560631	0.9999999999999999	d__Bacteria	p__Acidobacteriota	c__Subgroup_5	o__Incertae_Sedis	f__Incertae_Sedis	g__Incertae_Sedis	NA
73cc351d044ed1f086350eb35945b662	1.178082191780822	-8.240817136084683e-8	0.5435220890195585	-1.516188081877228e-7	0.9999998790256939	0.9999999999999999	d__Bacteria	p__Acidobacteriota	c__Subgroup_5	o__Incertae_Sedis	f__Incertae_Sedis	g__Incertae_Sedis	NA
4a5cf75f959f95005df0c73dc649cae2	1	7.812247503266572e-17	0.5156406726742813	1.5150564952042475e-16	0.9999999999999999	0.9999999999999999	d__Bacteria	p__Acidobacteriota	c__Holophagae	o__Subgroup_7	f__Incertae_Sedis	g__Incertae_Sedis	NA
76fed0c69c769fe95c07daed890c69b6	1.2465753424657535	-1.0848397475306958e-7	0.5432264955024749	-1.9970302562787152e-7	0.9999998406600391	0.9999999999999999	d__Bacteria	p__Acidobacteriota	c__Holophagae	o__Subgroup_7	f__Incertae_Sedis	g__Incertae_Sedis	NA
0f9bf2d38b92641cc4f869f14a6da831	1.2054794520547945	-8.887846369378638e-8	0.5308242218067816	-1.674348306700629e-7	0.9999998664063336	0.9999999999999999	d__Bacteria	p__Acidobacteriota	c__Holophagae	o__Subgroup_7	f__Incertae_Sedis	g__Incertae_Sedis	NA
cf65a38e7a7e0fc7bf6df77a8a4cf68f	1.1232876712328768	-5.4425124899479254e-8	0.5196850065476464	-1.0472714089066064e-7	0.9999999164398312	0.9999999999999999	d__Bacteria	p__Acidobacteriota	c__Holophagae	o__Subgroup_7	f__Incertae_Sedis	g__Incertae_Sedis	NA
ed56f5a06d3ad03cda9c8c992220b7f1	1.2328767123287672	-1.0170949729152073e-7	0.5386555783898356	-1.8882102287987739e-7	0.9999998493426211	0.9999999999999999	d__Bacteria	p__Acidobacteriota	c__Thermoanaerobaculia	o__Thermoanaerobaculales	f__Thermoanaerobaculaceae	g__Subgroup_10	NA
5958fd2b7ec972907e061e8f4d0c49b8	1.273972602739726	-1.3625616466318226e-7	0.5829940611827447	-2.337179291102102e-7	0.9999998135200728	0.9999999999999999	d__Bacteria	p__Acidobacteriota	c__Subgroup_22	o__Incertae_Sedis	f__Incertae_Sedis	g__Incertae_Sedis	NA
7625543d02304c6a42e1c6d0dfe96791	1.178082191780822	-8.240817136084683e-8	0.5435220890195585	-1.516188081877228e-7	0.9999998790256939	0.9999999999999999	d__Bacteria	p__Acidobacteriota	c__Subgroup_22	o__Incertae_Sedis	f__Incertae_Sedis	g__Incertae_Sedis	NA
811ef0f05f1341efae2dabdf27a7b79a	1.178082191780822	-8.240817136084683e-8	0.5435220890195585	-1.516188081877228e-7	0.9999998790256939	0.9999999999999999	d__Bacteria	p__Acidobacteriota	c__Vicinamibacteria	o__Subgroup_17	f__Incertae_Sedis	g__Incertae_Sedis	NA
fd29f1993439b22d622c9c0794dc6f07	1.082191780821918	-3.725037375073774e-8	0.5176973198883101	-7.19539629039885e-8	0.9999999425890439	0.9999999999999999	d__Bacteria	p__Acidobacteriota	c__Vicinamibacteria	o__Vicinamibacterales	f__Incertae_Sedis	g__Incertae_Sedis	NA
28c5037a2188505b8ff92bfe42aae505	1.095890410958904	-4.305163129057465e-8	0.5182461995844165	-8.307177423606368e-8	0.9999999337183139	0.9999999999999999	d__Bacteria	p__Acidobacteriota	c__Vicinamibacteria	o__Vicinamibacterales	f__Vicinamibacteraceae	g__Incertae_Sedis	NA
3f48c674bfb96d735ee09bd32ac101da	1	7.812247503266572e-17	0.5156406726742813	1.5150564952042475e-16	0.9999999999999999	0.9999999999999999	d__Bacteria	p__Acidobacteriota	c__Vicinamibacteria	o__Vicinamibacterales	f__Incertae_Sedis	g__Incertae_Sedis	NA
09aa002a2f42aaa4bce28e5c6737e22a	1	7.812247503266572e-17	0.5156406726742813	1.5150564952042475e-16	0.9999999999999999	0.9999999999999999	d__Bacteria	p__Acidobacteriota	c__Vicinamibacteria	o__Vicinamibacterales	f__Incertae_Sedis	g__Incertae_Sedis	NA
1da3700384049096a7cf88e23d5e7b4b	1.2191780821917808	-9.516998716403692e-8	0.5344819169789301	-1.7806025637306758e-7	0.9999998579284706	0.9999999999999999	d__Bacteria	p__Verrucomicrobiota	c__Verrucomicrobiia	o__Pedosphaerales	f__Pedosphaeraceae	g__Incertae_Sedis	NA
1cd2ee92fa127c7f5b53fe414444faea	1	7.812247503266572e-17	0.5156406726742813	1.5150564952042475e-16	0.9999999999999999	0.9999999999999999	d__Bacteria	p__Verrucomicrobiota	c__Verrucomicrobiia	o__Pedosphaerales	f__Pedosphaeraceae	g__ADurb.Bin063-1	NA
c3ab1b8ef73a270555011875649d0a76	1.082191780821918	-3.725037375073774e-8	0.5176973198883101	-7.19539629039885e-8	0.9999999425890439	0.9999999999999999	d__Bacteria	p__Verrucomicrobiota	c__Verrucomicrobiia	o__Pedosphaerales	f__Pedosphaeraceae	g__Incertae_Sedis	NA
442107b053dcc602e8bdb265f185b79a	1.095890410958904	-4.305163129057465e-8	0.5182461995844165	-8.307177423606368e-8	0.9999999337183139	0.9999999999999999	d__Bacteria	p__Verrucomicrobiota	c__Verrucomicrobiia	o__Pedosphaerales	f__Pedosphaeraceae	g__Incertae_Sedis	NA
b2ed3fe36210d1424e41cfbd5f8049ea	1.1506849315068493	-6.564103670259687e-8	0.5218593587622007	-1.2578300187677192e-7	0.9999998996396848	0.9999999999999999	d__Bacteria	p__Verrucomicrobiota	c__Verrucomicrobiia	o__Pedosphaerales	f__Pedosphaeraceae	g__ADurb.Bin118	NA
665f31e57ce0e3c9693d87434f81ba80	1.1095890410958904	-4.877033323263625e-8	0.5188969425184775	-9.398847677908524e-8	0.9999999250080455	0.9999999999999999	d__Bacteria	p__Verrucomicrobiota	c__Verrucomicrobiia	o__Chthoniobacterales	f__Chthoniobacteraceae	g__Chthoniobacter	NA
b0546a8c6a38415c52d2dc916319d3fd	1	7.812247503266572e-17	0.5156406726742813	1.5150564952042475e-16	0.9999999999999999	0.9999999999999999	d__Bacteria	p__Verrucomicrobiota	c__Verrucomicrobiia	o__Chthoniobacterales	f__Chthoniobacteraceae	g__Candidatus_Udaeobacter	NA
a3f409a4744ac086bdf72f9ce6d26476	1	7.812247503266572e-17	0.5156406726742813	1.5150564952042475e-16	0.9999999999999999	0.9999999999999999	d__Bacteria	p__Verrucomicrobiota	c__Verrucomicrobiia	o__Chthoniobacterales	f__Chthoniobacteraceae	g__Candidatus_Udaeobacter	NA
07b148ebe6cc2c05b1faa8d187c51114	1	7.812247503266572e-17	0.5156406726742813	1.5150564952042475e-16	0.9999999999999999	0.9999999999999999	d__Bacteria	p__Verrucomicrobiota	c__Verrucomicrobiia	o__Verrucomicrobiales	f__Akkermansiaceae	g__Akkermansia	NA
7b28c20e72c6c95b3e604f0849245770	1.0547945205479452	-2.5344423034892544e-8	0.5168241415933563	-4.903877546578281e-8	0.9999999608727181	0.9999999999999999	d__Bacteria	p__Verrucomicrobiota	c__Verrucomicrobiia	o__Verrucomicrobiales	f__Akkermansiaceae	g__Akkermansia	NA
816a2fefa6390f837c349fbfda6eef68	1	7.812247503266572e-17	0.5156406726742813	1.5150564952042475e-16	0.9999999999999999	0.9999999999999999	d__Bacteria	p__Verrucomicrobiota	c__Verrucomicrobiia	o__Verrucomicrobiales	f__Akkermansiaceae	g__Akkermansia	NA
f2a24e999503e8addef5c9eed4946a69	1	7.812247503266572e-17	0.5156406726742813	1.5150564952042475e-16	0.9999999999999999	0.9999999999999999	d__Bacteria	p__Verrucomicrobiota	c__Verrucomicrobiia	o__Verrucomicrobiales	f__Akkermansiaceae	g__Akkermansia	NA
3b010dbd9eae72a79f11af5d24eb3ca3	1	7.812247503266572e-17	0.5156406726742813	1.5150564952042475e-16	0.9999999999999999	0.9999999999999999	d__Bacteria	p__Verrucomicrobiota	c__Verrucomicrobiia	o__Verrucomicrobiales	f__Akkermansiaceae	g__Akkermansia	NA
fa2fd8da0b9cfec5c5f9ff58680553b7	1.082191780821918	-3.725037375073774e-8	0.5176973198883101	-7.19539629039885e-8	0.9999999425890439	0.9999999999999999	d__Bacteria	p__Planctomycetota	c__OM190	o__Incertae_Sedis	f__Incertae_Sedis	g__Incertae_Sedis	NA
891f4e188fadbc3661081d172cdc6b0d	1.2328767123287672	-1.0170949729152073e-7	0.5386555783898356	-1.8882102287987739e-7	0.9999998493426211	0.9999999999999999	d__Bacteria	p__Methylomirabilota	c__Methylomirabilia	o__Rokubacteriales	f__Incertae_Sedis	g__Incertae_Sedis	NA
0f700b983207ec336ed4b4679028b514	1	7.812247503266572e-17	0.5156406726742813	1.5150564952042475e-16	0.9999999999999999	0.9999999999999999	d__Bacteria	p__Methylomirabilota	c__Methylomirabilia	o__Rokubacteriales	f__Incertae_Sedis	g__Incertae_Sedis	NA
a509cecf30ac8a5a81bfb39bb35f037b	1.1232876712328768	-5.4425124899479254e-8	0.5196850065476464	-1.0472714089066064e-7	0.9999999164398312	0.9999999999999999	d__Bacteria	p__Planctomycetota	c__Phycisphaerae	o__Tepidisphaerales	f__WD2101_soil_group	g__Incertae_Sedis	NA
99b463fe81dce53e18aef155d5b56b09	1.095890410958904	-4.305163129057465e-8	0.5182461995844165	-8.307177423606368e-8	0.9999999337183139	0.9999999999999999	d__Bacteria	p__Planctomycetota	c__Planctomycetes	o__Pirellulales	f__Pirellulaceae	g__Incertae_Sedis	NA
5c3adc0e3d4a9ed3b695654b4fee0acd	1.1095890410958904	-4.877033323263625e-8	0.5188969425184775	-9.398847677908524e-8	0.9999999250080455	0.9999999999999999	d__Bacteria	p__Planctomycetota	c__Planctomycetes	o__Planctomycetales	f__Incertae_Sedis	g__Incertae_Sedis	NA
b083b0507152640dea2c3af522e34549	1.178082191780822	-8.240817136084683e-8	0.5435220890195585	-1.516188081877228e-7	0.9999998790256939	0.9999999999999999	d__Bacteria	p__Planctomycetota	c__Planctomycetes	o__Gemmatales	f__Gemmataceae	g__Incertae_Sedis	NA
003b7b0615c8f71650829cdf5d8960f6	1.095890410958904	-4.305163129057465e-8	0.5182461995844165	-8.307177423606368e-8	0.9999999337183139	0.9999999999999999	d__Bacteria	p__Planctomycetota	c__Planctomycetes	o__Isosphaerales	f__Isosphaeraceae	g__Aquisphaera	NA
e1afda7647b678ef6678d4b1afe50c90	1.178082191780822	-8.240817136084683e-8	0.5435220890195585	-1.516188081877228e-7	0.9999998790256939	0.9999999999999999	d__Bacteria	p__Latescibacterota	c__Incertae_Sedis	o__Incertae_Sedis	f__Incertae_Sedis	g__Incertae_Sedis	NA
14f7e725b0bff83e39887f3463600df2	1.1095890410958904	-4.877033323263625e-8	0.5188969425184775	-9.398847677908524e-8	0.9999999250080455	0.9999999999999999	d__Bacteria	p__Latescibacterota	c__Incertae_Sedis	o__Incertae_Sedis	f__Incertae_Sedis	g__Incertae_Sedis	NA
3db6357039e0f720a4c2812a40be6378	1.2191780821917808	-9.516998716403692e-8	0.5344819169789301	-1.7806025637306758e-7	0.9999998579284706	0.9999999999999999	d__Bacteria	p__Latescibacterota	c__Incertae_Sedis	o__Incertae_Sedis	f__Incertae_Sedis	g__Incertae_Sedis	NA
143d05008bcf1acad1f6728241660074	1.2876712328767124	-1.4601147849036814e-7	0.591662353870474	-2.4678176249546004e-7	0.9999998030966418	0.9999999999999999	d__Bacteria	p__Latescibacterota	c__Incertae_Sedis	o__Incertae_Sedis	f__Incertae_Sedis	g__Incertae_Sedis	NA
6ba98911efd5b1fa1cbba9f869562cce	1	7.812247503266572e-17	0.5156406726742813	1.5150564952042475e-16	0.9999999999999999	0.9999999999999999	d__Bacteria	p__Synergistota	c__Synergistia	o__Synergistales	f__Synergistaceae	g__Cloacibacillus	NA
52aaa69ff4a2ce8df78870b820719f48	1	7.812247503266572e-17	0.5156406726742813	1.5150564952042475e-16	0.9999999999999999	0.9999999999999999	d__Bacteria	p__Synergistota	c__Synergistia	o__Synergistales	f__Synergistaceae	g__Cloacibacillus	NA
65c652b1773b5a68acc8ff445809a9fe	1	7.812247503266572e-17	0.5156406726742813	1.5150564952042475e-16	0.9999999999999999	0.9999999999999999	d__Bacteria	p__Synergistota	c__Synergistia	o__Synergistales	f__Synergistaceae	g__Cloacibacillus	NA
877643a6259d1ae9cf9218b8e0900c94	1	7.812247503266572e-17	0.5156406726742813	1.5150564952042475e-16	0.9999999999999999	0.9999999999999999	d__Bacteria	p__Synergistota	c__Synergistia	o__Synergistales	f__Synergistaceae	g__Jonquetella	NA
7d9c546eb37008639fd589377422a579	1	7.812247503266572e-17	0.5156406726742813	1.5150564952042475e-16	0.9999999999999999	0.9999999999999999	d__Bacteria	p__Synergistota	c__Synergistia	o__Synergistales	f__Synergistaceae	g__Jonquetella	NA
aa20849f82828d2d6b4647130ba42dc7	1	7.812247503266572e-17	0.5156406726742813	1.5150564952042475e-16	0.9999999999999999	0.9999999999999999	d__Bacteria	p__Synergistota	c__Synergistia	o__Synergistales	f__Synergistaceae	g__Jonquetella	NA
eaa8c65cb4ccf4c015caf9728e6e66fb	1	7.812247503266572e-17	0.5156406726742813	1.5150564952042475e-16	0.9999999999999999	0.9999999999999999	d__Bacteria	p__Synergistota	c__Synergistia	o__Synergistales	f__Synergistaceae	g__Rarimicrobium	NA
cb020f55949c3589d9ab4c1d57f9f071	1	7.812247503266572e-17	0.5156406726742813	1.5150564952042475e-16	0.9999999999999999	0.9999999999999999	d__Bacteria	p__Synergistota	c__Synergistia	o__Synergistales	f__Synergistaceae	g__Rarimicrobium	NA
cffbe01a90a30b25cbe5b6d5f1d0a234	1	7.812247503266572e-17	0.5156406726742813	1.5150564952042475e-16	0.9999999999999999	0.9999999999999999	d__Bacteria	p__Synergistota	c__Synergistia	o__Synergistales	f__Synergistaceae	g__Rarimicrobium	NA
3d01d38846c11d0cfcf2965c94432e0c	1	7.812247503266572e-17	0.5156406726742813	1.5150564952042475e-16	0.9999999999999999	0.9999999999999999	d__Bacteria	p__Synergistota	c__Synergistia	o__Synergistales	f__Synergistaceae	g__Rarimicrobium	NA
e61859187c5041260b401fe638aedf47	1	7.812247503266572e-17	0.5156406726742813	1.5150564952042475e-16	0.9999999999999999	0.9999999999999999	d__Bacteria	p__Synergistota	c__Synergistia	o__Synergistales	f__Synergistaceae	g__Rarimicrobium	NA
8624322ae2483faffff421f46f814fc2	1	7.812247503266572e-17	0.5156406726742813	1.5150564952042475e-16	0.9999999999999999	0.9999999999999999	d__Bacteria	p__Synergistota	c__Synergistia	o__Synergistales	f__Synergistaceae	g__Pyramidobacter	NA
95a236e255a934f05f28d6529a255fee	1.178082191780822	-8.240817136084683e-8	0.5435220890195585	-1.516188081877228e-7	0.9999998790256939	0.9999999999999999	d__Bacteria	p__Acidobacteriota	c__Acidobacteriae	o__Bryobacterales	f__Bryobacteraceae	g__Bryobacter	NA
75cac7ae6fbcbb7817a14f6772f94924	1.1369863013698631	-6.003859340531792e-8	0.5206522344418955	-1.1531419522222026e-7	0.999999907992584	0.9999999999999999	d__Bacteria	p__Acidobacteriota	c__Acidobacteriae	o__Bryobacterales	f__Bryobacteraceae	g__Bryobacter	NA
d9facc840701cfa0b07ad05c9d161711	1.178082191780822	-8.240817136084683e-8	0.5435220890195585	-1.516188081877228e-7	0.9999998790256939	0.9999999999999999	d__Bacteria	p__Acidobacteriota	c__Acidobacteriae	o__Bryobacterales	f__Bryobacteraceae	g__Bryobacter	NA
c46b8f7dccf1a699db0ec014c97f5946	1.1506849315068493	-6.564103670259687e-8	0.5218593587622007	-1.2578300187677192e-7	0.9999998996396848	0.9999999999999999	d__Bacteria	p__Acidobacteriota	c__Acidobacteriae	o__Bryobacterales	f__Bryobacteraceae	g__Bryobacter	NA
c8d288f515d31ccb79baf2286101865e	1.2602739726027397	-1.2720071929188122e-7	0.5752422564622938	-2.2112547863600668e-7	0.9999998235673946	0.9999999999999999	d__Bacteria	p__Acidobacteriota	c__Acidobacteriae	o__Solibacterales	f__Solibacteraceae	g__Candidatus_Solibacter	NA
27cf25602aa5981f49b722300c48b338	1	7.812247503266572e-17	0.5156406726742813	1.5150564952042475e-16	0.9999999999999999	0.9999999999999999	d__Bacteria	p__Acidobacteriota	c__Acidobacteriae	o__Solibacterales	f__Solibacteraceae	g__Candidatus_Solibacter	NA
b42f9b16bd113bf59ee341eebd6dcdae	1.1232876712328768	-5.4425124899479254e-8	0.5196850065476464	-1.0472714089066064e-7	0.9999999164398312	0.9999999999999999	d__Bacteria	p__Acidobacteriota	c__Acidobacteriae	o__Solibacterales	f__Solibacteraceae	g__Candidatus_Solibacter	NA
da88d8677a4ba67fb2406c91ed1fc1aa	1	7.812247503266572e-17	0.5156406726742813	1.5150564952042475e-16	0.9999999999999999	0.9999999999999999	d__Bacteria	p__Nitrospirota	c__Nitrospiria	o__Nitrospirales	f__Nitrospiraceae	g__Nitrospira	NA
9094f39bc33a26e3c004e464482fdec1	1.1643835616438356	-7.127202902480568e-8	0.5233847127491276	-1.3617522118757086e-7	0.9999998913478935	0.9999999999999999	d__Bacteria	p__Actinomycetota	c__Thermoleophilia	o__Gaiellales	f__Incertae_Sedis	g__Incertae_Sedis	NA
b32c31cdf2e8499f2dcf74dc1dca50df	1.2328767123287672	-1.0170949729152073e-7	0.5386555783898356	-1.8882102287987739e-7	0.9999998493426211	0.9999999999999999	d__Bacteria	p__Actinomycetota	c__Thermoleophilia	o__Solirubrobacterales	f__67-14	g__Incertae_Sedis	NA
cb80be4ac2def4c41b4338fe839038be	1	7.812247503266572e-17	0.5156406726742813	1.5150564952042475e-16	0.9999999999999999	0.9999999999999999	d__Bacteria	p__Actinomycetota	c__Thermoleophilia	o__Solirubrobacterales	f__Solirubrobacteraceae	g__Incertae_Sedis	NA
6be01b304ffd87213eb490e18acdcec4	1.1095890410958904	-4.877033323263625e-8	0.5188969425184775	-9.398847677908524e-8	0.9999999250080455	0.9999999999999999	d__Bacteria	p__Actinomycetota	c__Thermoleophilia	o__Solirubrobacterales	f__Solirubrobacteraceae	g__Solirubrobacter	NA
9283c7fcf595c5a15d33919d657cc638	1.1917808219178083	-8.283069961296242e-8	0.5277769639622572	-1.5694262021425757e-7	0.9999998747779064	0.9999999999999999	d__Bacteria	p__Actinomycetota	c__Acidimicrobiia	o__Acidimicrobiales	f__Acidimicrobiaceae	g__Acidiferrimicrobium	NA
756139c0f07d2832f8a021becbc33572	1.082191780821918	-3.725037375073774e-8	0.5176973198883101	-7.19539629039885e-8	0.9999999425890439	0.9999999999999999	d__Bacteria	p__Actinomycetota	c__Acidimicrobiia	o__Microtrichales	f__Incertae_Sedis	g__Incertae_Sedis	NA
29193d83ac633000f3668b2053d8eff3	1.3150684931506849	-1.622566229314364e-7	0.6013417192654078	-2.698243240626099e-7	0.9999997847113377	0.9999999999999999	d__Bacteria	p__Actinomycetota	c__Actinobacteria	o__Micromonosporales	f__Micromonosporaceae	g__Luedemannella	NA
14020b599754b2bb4b363aa72f0c7ae2	1.178082191780822	-8.240817136084683e-8	0.5435220890195585	-1.516188081877228e-7	0.9999998790256939	0.9999999999999999	d__Bacteria	p__Actinomycetota	c__Actinobacteria	o__Mycobacteriales	f__Mycobacteriaceae	g__Mycobacterium	NA
44bb9c5d36f698cdcdc9adde20c63610	1	7.812247503266572e-17	0.5156406726742813	1.5150564952042475e-16	0.9999999999999999	0.9999999999999999	d__Bacteria	p__Actinomycetota	c__Actinobacteria	o__Mycobacteriales	f__Corynebacteriaceae	g__Lawsonella	NA
820f6693f569e339f183638cd73a7fe6	1.7123287671232876	-0.8289743318172285	0.48874035210951766	-1.6961446466189694	0.08985849023633063	0.9999999999999999	d__Bacteria	p__Actinomycetota	c__Actinobacteria	o__Mycobacteriales	f__Corynebacteriaceae	g__Lawsonella	NA
6ea4237388f704e8bcafe64e57e42c46	1	7.812247503266572e-17	0.5156406726742813	1.5150564952042475e-16	0.9999999999999999	0.9999999999999999	d__Bacteria	p__Actinomycetota	c__Actinobacteria	o__Mycobacteriales	f__Corynebacteriaceae	g__Lawsonella	NA
814ae1c84cb87b7f8b7239f9353bec49	1	7.812247503266572e-17	0.5156406726742813	1.5150564952042475e-16	0.9999999999999999	0.9999999999999999	d__Bacteria	p__Actinomycetota	c__Actinobacteria	o__Mycobacteriales	f__Corynebacteriaceae	g__Corynebacterium	NA
0fc1b4b38c76ff1d5614d73496426a3e	1.082191780821918	-3.725037366785403e-8	0.5176973198883104	-7.195396274388776e-8	0.999999942589044	0.9999999999999999	d__Bacteria	p__Actinomycetota	c__Actinobacteria	o__Mycobacteriales	f__Corynebacteriaceae	g__Corynebacterium	NA
dee632b7432fc9dd0f5077f1f879363f	1	7.812247503266572e-17	0.5156406726742813	1.5150564952042475e-16	0.9999999999999999	0.9999999999999999	d__Bacteria	p__Actinomycetota	c__Actinobacteria	o__Mycobacteriales	f__Corynebacteriaceae	g__Corynebacterium	NA
7f4b4de1ecd4e8e6082da402c8de097d	1	7.812247503266572e-17	0.5156406726742813	1.5150564952042475e-16	0.9999999999999999	0.9999999999999999	d__Bacteria	p__Actinomycetota	c__Actinobacteria	o__Mycobacteriales	f__Corynebacteriaceae	g__Corynebacterium	NA
43904939ba355dce37c93c12823b71e2	1.6986301369863013	0.2313251639316985	0.6115321534284114	0.37827146558824143	0.7052289405089058	0.9999999999999999	d__Bacteria	p__Actinomycetota	c__Actinobacteria	o__Mycobacteriales	f__Corynebacteriaceae	g__Corynebacterium	NA
ffef4c02adc80b91aab3a5f338357160	1.1369863013698631	0.5208320440879316	0.4935816555072817	1.0552094841382287	0.29132952752577623	0.9999999999999999	d__Bacteria	p__Actinomycetota	c__Actinobacteria	o__Mycobacteriales	f__Corynebacteriaceae	g__Corynebacterium	NA
3f651458e69ac13bba8f8dc34f61a86a	1.082191780821918	0.33441895563880664	0.4992834951781326	0.6697977378953691	0.5029867358155204	0.9999999999999999	d__Bacteria	p__Actinomycetota	c__Actinobacteria	o__Mycobacteriales	f__Corynebacteriaceae	g__Corynebacterium	NA
685a1812a6e46f72d7cf1f4a060b8e96	1.5068493150684932	-0.9999995001914094	0.5412792149305553	-1.8474744135883856	0.06467841305692806	0.9999999999999999	d__Bacteria	p__Actinomycetota	c__Actinobacteria	o__Mycobacteriales	f__Corynebacteriaceae	g__Corynebacterium	NA
b5afd4c41a7b8c999cd54a3e0f9e8a65	1	7.812247503266572e-17	0.5156406726742813	1.5150564952042475e-16	0.9999999999999999	0.9999999999999999	d__Bacteria	p__Actinomycetota	c__Actinobacteria	o__Mycobacteriales	f__Corynebacteriaceae	g__Corynebacterium	NA
4eec998cdc9da9bd11fac62e8d42dbcb	1.1095890410958904	0.4306342486813195	0.49587209906110646	0.8684381506777462	0.38515451727540184	0.9999999999999999	d__Bacteria	p__Actinomycetota	c__Actinobacteria	o__Mycobacteriales	f__Corynebacteriaceae	g__Corynebacterium	NA
886813d6c66ef41ef648c9b92ffde619	1.1643835616438356	0.605720913811467	0.49275968962249894	1.2292420150591197	0.21898108043664202	0.9999999999999999	d__Bacteria	p__Actinomycetota	c__Actinobacteria	o__Mycobacteriales	f__Corynebacteriaceae	g__Corynebacterium	NA
6f2293344b118709ac45a2ece02a95e2	1.3424657534246576	1.0614002159966986	0.5585044919530612	1.9004327293501924	0.057376355194649835	0.9999999999999999	d__Bacteria	p__Actinomycetota	c__Actinobacteria	o__Mycobacteriales	f__Corynebacteriaceae	g__Corynebacterium	NA
64c9f7286064d09ca06b592efe285406	1	7.812247503266572e-17	0.5156406726742813	1.5150564952042475e-16	0.9999999999999999	0.9999999999999999	d__Bacteria	p__Actinomycetota	c__Actinobacteria	o__Mycobacteriales	f__Corynebacteriaceae	g__Corynebacterium	NA
162dcb3929e23b071e65fda88174be74	1.2876712328767124	-1.0588932833279319	0.4515992540417348	-2.3447631364556543	0.019039170559341585	0.9999999999999999	d__Bacteria	p__Actinomycetota	c__Actinobacteria	o__Mycobacteriales	f__Corynebacteriaceae	g__Corynebacterium	NA
cc02d8e02665dcb672be926e61f5d0ec	1.2191780821917808	0.7618400528647903	0.524948640749289	1.451265883415514	0.14670583740838586	0.9999999999999999	d__Bacteria	p__Actinomycetota	c__Actinobacteria	o__Mycobacteriales	f__Corynebacteriaceae	g__Corynebacterium	NA
68a9a8d8da1080f31a76648ced142371	1.6027397260273972	-0.3840100671683391	0.49767396337772857	-0.771609719266909	0.4403456160418011	0.9999999999999999	d__Bacteria	p__Actinomycetota	c__Actinobacteria	o__Mycobacteriales	f__Corynebacteriaceae	g__Corynebacterium	NA
0e2d370f860f8262fe2d1fd778dd030f	1.6986301369863013	-3.499769711772236e-7	0.6586047135667086	-5.313915372422782e-7	0.9999995760108967	0.9999999999999999	d__Bacteria	p__Actinomycetota	c__Actinobacteria	o__Mycobacteriales	f__Corynebacteriaceae	g__Corynebacterium	NA
c8f6d9674494e380ed46082a08f1732e	1	7.812247503266572e-17	0.5156406726742813	1.5150564952042475e-16	0.9999999999999999	0.9999999999999999	d__Bacteria	p__Actinomycetota	c__Actinobacteria	o__Mycobacteriales	f__Corynebacteriaceae	g__Corynebacterium	NA
15c6199023bc6e28cf83f14b19720efc	1.178082191780822	-8.240817136084683e-8	0.5435220890195585	-1.516188081877228e-7	0.9999998790256939	0.9999999999999999	d__Bacteria	p__Actinomycetota	c__Actinobacteria	o__Mycobacteriales	f__Corynebacteriaceae	g__Corynebacterium	NA
c7389f69e315b9711c476037ff272192	1	7.812247503266572e-17	0.5156406726742813	1.5150564952042475e-16	0.9999999999999999	0.9999999999999999	d__Bacteria	p__Actinomycetota	c__Actinobacteria	o__Mycobacteriales	f__Corynebacteriaceae	g__Corynebacterium	NA
d4263873dfde10ee5059a11b5fb34d40	1.2465753424657535	-1.0848397582420351e-7	0.5432264955024766	-1.9970302759967078e-7	0.9999998406600376	0.9999999999999999	d__Bacteria	p__Actinomycetota	c__Actinobacteria	o__Mycobacteriales	f__Corynebacteriaceae	g__Corynebacterium	NA
8f8f9102efdabfa644b9c246c18c898f	1	7.812247503266572e-17	0.5156406726742813	1.5150564952042475e-16	0.9999999999999999	0.9999999999999999	d__Bacteria	p__Actinomycetota	c__Actinobacteria	o__Mycobacteriales	f__Corynebacteriaceae	g__Corynebacterium	NA
aa9b3a1418d146c262ec63305292065a	2.1232876712328768	-0.5235614398669667	0.6124377621330304	-0.8548810544331549	0.3926169999573042	0.9999999999999999	d__Bacteria	p__Actinomycetota	c__Actinobacteria	o__Mycobacteriales	f__Corynebacteriaceae	g__Corynebacterium	NA
6a4c0e5943a7eb8c9f0b5b5e69171828	1.5890410958904109	1.2577972521130352	0.5801890195108907	2.167909439536411	0.030165577512795274	0.9999999999999999	d__Bacteria	p__Actinomycetota	c__Actinobacteria	o__Mycobacteriales	f__Corynebacteriaceae	g__Corynebacterium	NA
eb1989e33f64c3dd787f02779df7f2b0	1	7.812247503266572e-17	0.5156406726742813	1.5150564952042475e-16	0.9999999999999999	0.9999999999999999	d__Bacteria	p__Actinomycetota	c__Actinobacteria	o__Mycobacteriales	f__Corynebacteriaceae	g__Corynebacterium	NA
9207bf5e78e77c8ecb9d079b8ce7dc8b	1	7.812247503266572e-17	0.5156406726742813	1.5150564952042475e-16	0.9999999999999999	0.9999999999999999	d__Bacteria	p__Actinomycetota	c__Actinobacteria	o__Mycobacteriales	f__Corynebacteriaceae	g__Corynebacterium	NA
c7a0e0fc9343afc90e85d8fa29fcaa37	1	7.812247503266572e-17	0.5156406726742813	1.5150564952042475e-16	0.9999999999999999	0.9999999999999999	d__Bacteria	p__Actinomycetota	c__Actinobacteria	o__Micrococcales	f__Brevibacteriaceae	g__Brevibacterium	NA
2f49affea1aa1db3f453ce4b3066a63f	1	7.812247503266572e-17	0.5156406726742813	1.5150564952042475e-16	0.9999999999999999	0.9999999999999999	d__Bacteria	p__Actinomycetota	c__Actinobacteria	o__Micrococcales	f__Brevibacteriaceae	g__Brevibacterium	NA
098db241728e041aa7ef9d2116efcefa	1.3150684931506849	-1.364294392232834e-7	0.5514094214451469	-2.4741949251742176e-7	0.9999998025878069	0.9999999999999999	d__Bacteria	p__Actinomycetota	c__Actinobacteria	o__Actinomycetales	f__Actinomycetaceae	g__Pauljensenia	NA
ca0fbd0cecc5463df736672031eb554e	1	7.812247503266572e-17	0.5156406726742813	1.5150564952042475e-16	0.9999999999999999	0.9999999999999999	d__Bacteria	p__Actinomycetota	c__Actinobacteria	o__Actinomycetales	f__Actinomycetaceae	g__Incertae_Sedis	NA
74d852d0838dc88b0c653a7955770ed3	1	7.812247503266572e-17	0.5156406726742813	1.5150564952042475e-16	0.9999999999999999	0.9999999999999999	d__Bacteria	p__Actinomycetota	c__Actinobacteria	o__Actinomycetales	f__Actinomycetaceae	g__Varibaculum	NA
783f42006cae3206609d789fdf05378f	1	7.812247503266572e-17	0.5156406726742813	1.5150564952042475e-16	0.9999999999999999	0.9999999999999999	d__Bacteria	p__Actinomycetota	c__Actinobacteria	o__Actinomycetales	f__Actinomycetaceae	g__Varibaculum	NA
44fc966d911d63e380eddb9f328f7e20	1	7.812247503266572e-17	0.5156406726742813	1.5150564952042475e-16	0.9999999999999999	0.9999999999999999	d__Bacteria	p__Actinomycetota	c__Actinobacteria	o__Actinomycetales	f__Actinomycetaceae	g__Varibaculum	NA
2359b6a4d6a1188eac7ed4daae3e165f	2.095890410958904	1.8858280231599915	0.6433715181843719	2.931164917716434	0.003376934558505445	0.37467892958655646	d__Bacteria	p__Actinomycetota	c__Actinobacteria	o__Actinomycetales	f__Actinomycetaceae	g__Varibaculum	NA
8dbd84f5836dcae2eedeefd923e3b94b	1	7.812247503266572e-17	0.5156406726742813	1.5150564952042475e-16	0.9999999999999999	0.9999999999999999	d__Bacteria	p__Actinomycetota	c__Actinobacteria	o__Actinomycetales	f__Actinomycetaceae	g__Varibaculum	NA
a814e18dc6c018749b8c0e8f314a63aa	2.287671232876712	0.833989140009366	0.6799728038678574	1.2265036708312813	0.2200091947782371	0.9999999999999999	d__Bacteria	p__Actinomycetota	c__Actinobacteria	o__Actinomycetales	f__Actinomycetaceae	g__Winkia	NA
a553a33230e324c88c51d9bfb08d062f	1	7.812247503266572e-17	0.5156406726742813	1.5150564952042475e-16	0.9999999999999999	0.9999999999999999	d__Bacteria	p__Actinomycetota	c__Actinobacteria	o__Actinomycetales	f__Actinomycetaceae	g__Schaalia	NA
0ed3a6836e138f14044f6950ad7280d2	1	7.812247503266572e-17	0.5156406726742813	1.5150564952042475e-16	0.9999999999999999	0.9999999999999999	d__Bacteria	p__Actinomycetota	c__Actinobacteria	o__Actinomycetales	f__Actinomycetaceae	g__Actinomyces	NA
df8456a1abbfb4c8a2c450b44378d4cb	1	7.812247503266572e-17	0.5156406726742813	1.5150564952042475e-16	0.9999999999999999	0.9999999999999999	d__Bacteria	p__Actinomycetota	c__Actinobacteria	o__Actinomycetales	f__Actinomycetaceae	g__Schaalia	NA
09ecf5a6ae593fbc03199102562aeb4b	1.3424657534246576	-1.5309472989630968e-7	0.5651730180651666	-2.708811726724316e-7	0.9999997838680945	0.9999999999999999	d__Bacteria	p__Actinomycetota	c__Actinobacteria	o__Actinomycetales	f__Actinomycetaceae	g__Schaalia	NA
69781875067ad8281d038dba6a154509	1	7.812247503266572e-17	0.5156406726742813	1.5150564952042475e-16	0.9999999999999999	0.9999999999999999	d__Bacteria	p__Actinomycetota	c__Actinobacteria	o__Actinomycetales	f__Actinomycetaceae	g__Schaalia	NA
f998b55dc9b150b36030120a29c2f1f3	1.3424657534246576	-1.501753162166478e-7	0.559758347287275	-2.6828597902011444e-7	0.9999997859387595	0.9999999999999999	d__Bacteria	p__Actinomycetota	c__Actinobacteria	o__Actinomycetales	f__Actinomycetaceae	g__Gleimia	NA
a4880d08bdaee32b18e27f365e1bea71	3.1095890410958904	1.1768760705872112	0.7963463034762455	1.4778445827523286	0.139449382184711	0.9999999999999999	d__Bacteria	p__Actinomycetota	c__Actinobacteria	o__Actinomycetales	f__Actinomycetaceae	g__Mobiluncus	NA
c5e48d33cc9cb2091f9867c5937315dd	3.8904109589041096	-1.0775739475233501	0.6853320151927246	-1.5723385507100844	0.1158720570406658	0.9999999999999999	d__Bacteria	p__Actinomycetota	c__Actinobacteria	o__Actinomycetales	f__Actinomycetaceae	g__Mobiluncus	NA
99cb3943ec9821ba3f4098ce8d8cd7bf	1.178082191780822	0.6463628767487828	0.5107841846308873	1.2654324393694178	0.2057163527254798	0.9999999999999999	d__Bacteria	p__Actinomycetota	c__Actinobacteria	o__Actinomycetales	f__Actinomycetaceae	g__Mobiluncus	NA
c153805ddb52c233ddbf21861e3cea4c	1	7.812247503266572e-17	0.5156406726742813	1.5150564952042475e-16	0.9999999999999999	0.9999999999999999	d__Bacteria	p__Actinomycetota	c__Actinobacteria	o__Actinomycetales	f__Actinomycetaceae	g__Mobiluncus	NA
96301d3fcd5dbf689f9ec44e03ccbb99	1	7.812247503266572e-17	0.5156406726742813	1.5150564952042475e-16	0.9999999999999999	0.9999999999999999	d__Bacteria	p__Actinomycetota	c__Actinobacteria	o__Actinomycetales	f__Actinomycetaceae	g__Mobiluncus	NA
522737fb17597e7b5d12df50d64d91f1	1	7.812247503266572e-17	0.5156406726742813	1.5150564952042475e-16	0.9999999999999999	0.9999999999999999	d__Bacteria	p__Actinomycetota	c__Actinobacteria	o__Actinomycetales	f__Actinomycetaceae	g__Mobiluncus	NA
da01cb1cde6679efdb2aa2b404997b32	1.1506849315068493	-6.564103695817346e-8	0.5218593587622031	-1.2578300236651358e-7	0.9999998996396844	0.9999999999999999	d__Bacteria	p__Actinomycetota	c__Actinobacteria	o__Micrococcales	f__Microbacteriaceae	g__Pseudoclavibacter	NA
f94e9a8cccfb09a1b81ee34db880a1d5	1.082191780821918	-3.725037375073774e-8	0.5176973198883101	-7.19539629039885e-8	0.9999999425890439	0.9999999999999999	d__Bacteria	p__Actinomycetota	c__Actinobacteria	o__Micrococcales	f__Intrasporangiaceae	NA	NA
7d135dfbf857c62673695ef24332b100	1	7.812247503266572e-17	0.5156406726742813	1.5150564952042475e-16	0.9999999999999999	0.9999999999999999	d__Bacteria	p__Actinomycetota	c__Actinobacteria	o__Micrococcales	f__Micrococcaceae	g__Rothia	NA
2721fd42d5373667f111c60faaf21eac	1	7.812247503266572e-17	0.5156406726742813	1.5150564952042475e-16	0.9999999999999999	0.9999999999999999	d__Bacteria	p__Actinomycetota	c__Actinobacteria	o__Micrococcales	f__Micrococcaceae	g__Rothia	NA
36ce67b3fecce277df99829617975495	1	7.812247503266572e-17	0.5156406726742813	1.5150564952042475e-16	0.9999999999999999	0.9999999999999999	d__Bacteria	p__Actinomycetota	c__Actinobacteria	o__Micrococcales	f__Micrococcaceae	g__Rothia	NA
73ddef4c71b516586e803b622be15dd0	1.0684931506849316	-3.135216098666338e-8	0.5172288305685874	-6.061564849778015e-8	0.9999999516357099	0.9999999999999999	d__Bacteria	p__Actinomycetota	c__Actinobacteria	o__Actinomycetales	f__Actinomycetaceae	g__Arcanobacterium	NA
222391ff48fdfdcd3e9fe543b7276630	2.808219178082192	0.5208310629595322	0.7511876956334306	0.6933434426403208	0.48809404626287584	0.9999999999999999	d__Bacteria	p__Actinomycetota	c__Actinobacteria	o__Actinomycetales	f__Actinomycetaceae	g__Arcanobacterium	NA
e72dc9742a0edbd346f05a0481998d3e	1	7.812247503266572e-17	0.5156406726742813	1.5150564952042475e-16	0.9999999999999999	0.9999999999999999	d__Bacteria	p__Actinomycetota	c__Actinobacteria	o__Actinomycetales	f__Actinomycetaceae	g__Arcanobacterium	NA
53e3a7d0830e15c8da2eaa66c65f55b6	1	7.812247503266572e-17	0.5156406726742813	1.5150564952042475e-16	0.9999999999999999	0.9999999999999999	d__Bacteria	p__Actinomycetota	c__Actinobacteria	o__Actinomycetales	f__Actinomycetaceae	g__Trueperella	NA
2a8b072fb29a41c14306e447f2612712	1	7.812247503266572e-17	0.5156406726742813	1.5150564952042475e-16	0.9999999999999999	0.9999999999999999	d__Bacteria	p__Actinomycetota	c__Actinobacteria	o__Actinomycetales	f__Actinomycetaceae	NA	NA
6cb84d89628deb90155586631bf75655	1.4931506849315068	0.9999995676598287	0.5732792692021919	1.7443497809566446	0.081098116129832	0.9999999999999999	d__Bacteria	p__Actinomycetota	c__Actinobacteria	o__Actinomycetales	f__Actinomycetaceae	g__Actinotignum	NA
4c7410caa455e2490e912dd381cb0eac	1	7.812247503266572e-17	0.5156406726742813	1.5150564952042475e-16	0.9999999999999999	0.9999999999999999	d__Bacteria	p__Actinomycetota	c__Actinobacteria	o__Micrococcales	f__Micrococcaceae	g__Pseudoglutamicibacter	NA
92343ddcff9b3b470e6961e7adcc7938	1	7.812247503266572e-17	0.5156406726742813	1.5150564952042475e-16	0.9999999999999999	0.9999999999999999	d__Bacteria	p__Actinomycetota	c__Actinobacteria	o__Micrococcales	f__Micrococcaceae	g__Pseudoglutamicibacter	NA
b7adcb2100790250a08c68c65e1ac793	1	7.812247503266572e-17	0.5156406726742813	1.5150564952042475e-16	0.9999999999999999	0.9999999999999999	d__Bacteria	p__Actinomycetota	c__Actinobacteria	o__Bifidobacteriales	f__Bifidobacteriaceae	g__Gardnerella	NA
0b922e921dda6b4874f4f33ce8afeef9	1.1369863013698631	0.5208320440879318	0.4935816555072819	1.0552094841382287	0.29132952752577623	0.9999999999999999	d__Bacteria	p__Actinomycetota	c__Actinobacteria	o__Bifidobacteriales	f__Bifidobacteriaceae	g__Gardnerella	NA
f6db88de2de2cc9c70a0fad702c78246	2.6301369863013697	-3.4484580813985732	0.5914743357689273	-5.8302750818689635	5.533607857517503e-9	2.578661261603156e-6	d__Bacteria	p__Actinomycetota	c__Actinobacteria	o__Bifidobacteriales	f__Bifidobacteriaceae	g__Gardnerella	NA
16d727e4303275d6c585035f380f0bac	1	7.812247503266572e-17	0.5156406726742813	1.5150564952042475e-16	0.9999999999999999	0.9999999999999999	d__Bacteria	p__Actinomycetota	c__Actinobacteria	o__Bifidobacteriales	f__Bifidobacteriaceae	g__Gardnerella	NA
23bd044024010c3ba28e2542b98a22e1	170.82191780821918	-2.4090388476614852	1.2955185523510588	-1.859517058470256	0.06295388360376622	0.9999999999999999	d__Bacteria	p__Actinomycetota	c__Actinobacteria	o__Bifidobacteriales	f__Bifidobacteriaceae	g__Gardnerella	NA
282dd7867741c58a5b4084ad8dcf416e	8.205479452054794	-2.2395630244098185e-6	0.9358062613437623	-2.393190895297002e-6	0.9999980905099336	0.9999999999999999	d__Bacteria	p__Actinomycetota	c__Actinobacteria	o__Bifidobacteriales	f__Bifidobacteriaceae	g__Gardnerella	NA
51f600c5b8221ceec71b58a89e76f628	1	7.812247503266572e-17	0.5156406726742813	1.5150564952042475e-16	0.9999999999999999	0.9999999999999999	d__Bacteria	p__Actinomycetota	c__Actinobacteria	o__Bifidobacteriales	f__Bifidobacteriaceae	g__Gardnerella	NA
01f38fa800a7fd407b51470dc0693ac0	1.1643835616438356	-7.127202893701364e-8	0.5233847127491303	-1.361752210198311e-7	0.9999998913478936	0.9999999999999999	d__Bacteria	p__Actinomycetota	c__Actinobacteria	o__Bifidobacteriales	f__Bifidobacteriaceae	g__Gardnerella	NA
668e458764cab40f83a216e41dd5b5e2	1.1917808219178083	0.6858912271339918	0.5157388401487948	1.329919668133016	0.1835447404123109	0.9999999999999999	d__Bacteria	p__Actinomycetota	c__Actinobacteria	o__Bifidobacteriales	f__Bifidobacteriaceae	g__Gardnerella	NA
a8e53bd66879cd51ecb4e7daf552accb	4916.520547945205	-0.059614237452589446	1.227824439976101	-0.048552737273864506	0.9612757357006979	0.9999999999999999	d__Bacteria	p__Actinomycetota	c__Actinobacteria	o__Bifidobacteriales	f__Bifidobacteriaceae	g__Gardnerella	NA
1de2e512028881b7a86c5aa9253def9d	1	7.812247503266572e-17	0.5156406726742813	1.5150564952042475e-16	0.9999999999999999	0.9999999999999999	d__Bacteria	p__Actinomycetota	c__Actinobacteria	o__Bifidobacteriales	f__Bifidobacteriaceae	g__Gardnerella	NA
502417a975f52e88a31cf5254b2e04c8	1	7.812247503266572e-17	0.5156406726742813	1.5150564952042475e-16	0.9999999999999999	0.9999999999999999	d__Bacteria	p__Actinomycetota	c__Actinobacteria	o__Bifidobacteriales	f__Bifidobacteriaceae	g__Gardnerella	NA
5509728c192071867b52bc7165eda7f3	1	7.812247503266572e-17	0.5156406726742813	1.5150564952042475e-16	0.9999999999999999	0.9999999999999999	d__Bacteria	p__Actinomycetota	c__Actinobacteria	o__Bifidobacteriales	f__Bifidobacteriaceae	g__Bifidobacterium	NA
35ffcc3b809d667286737d79670b8de5	1.452054794520548	0.5208318265125751	0.5785152144653608	0.900290629337909	0.36796560656142174	0.9999999999999999	d__Bacteria	p__Actinomycetota	c__Actinobacteria	o__Bifidobacteriales	f__Bifidobacteriaceae	g__Bifidobacterium	NA
5a6c87d6a4eb5e114959f6192f29b641	1	7.812247503266572e-17	0.5156406726742813	1.5150564952042475e-16	0.9999999999999999	0.9999999999999999	d__Bacteria	p__Actinomycetota	c__Actinobacteria	o__Bifidobacteriales	f__Bifidobacteriaceae	g__Bifidobacterium	NA
d131eed1a0c629350e24e1f52a5efd6d	1	7.812247503266572e-17	0.5156406726742813	1.5150564952042475e-16	0.9999999999999999	0.9999999999999999	d__Bacteria	p__Actinomycetota	c__Actinobacteria	o__Bifidobacteriales	f__Bifidobacteriaceae	g__Bifidobacterium	NA
33ba975cdb88b5073a2355ffdf01e9cb	1	7.812247503266572e-17	0.5156406726742813	1.5150564952042475e-16	0.9999999999999999	0.9999999999999999	d__Bacteria	p__Actinomycetota	c__Actinobacteria	o__Bifidobacteriales	f__Bifidobacteriaceae	g__Bifidobacterium	NA
43713459a110c4089d11452e89ac4fb6	1	7.812247503266572e-17	0.5156406726742813	1.5150564952042475e-16	0.9999999999999999	0.9999999999999999	d__Bacteria	p__Actinomycetota	c__Actinobacteria	o__Bifidobacteriales	f__Bifidobacteriaceae	g__Bifidobacterium	NA
2c5e87b291147c04e1b8d1c808b1aee0	1.2191780821917808	-9.516998588613459e-8	0.5344819169789304	-1.7806025398214967e-7	0.9999998579284725	0.9999999999999999	d__Bacteria	p__Actinomycetota	c__Actinobacteria	o__Bifidobacteriales	f__Bifidobacteriaceae	g__Bifidobacterium	NA
81a0ecf2f6e7580667fbf3ed807a2857	1	7.812247503266572e-17	0.5156406726742813	1.5150564952042475e-16	0.9999999999999999	0.9999999999999999	d__Bacteria	p__Actinomycetota	c__Actinobacteria	o__Bifidobacteriales	f__Bifidobacteriaceae	g__Bifidobacterium	NA
315ca0a729f126b941ba111a16d4d97a	1	7.812247503266572e-17	0.5156406726742813	1.5150564952042475e-16	0.9999999999999999	0.9999999999999999	d__Bacteria	p__Actinomycetota	c__Actinobacteria	o__Bifidobacteriales	f__Bifidobacteriaceae	g__Bifidobacterium	NA
689a7bbbb932d7be2fa6b6f63dd0870e	1.3972602739726028	-1.800226281682515e-7	0.5786473738156649	-3.111093842544594e-7	0.9999997517706256	0.9999999999999999	d__Bacteria	p__Actinomycetota	c__Actinobacteria	o__Bifidobacteriales	f__Bifidobacteriaceae	g__Alloscardovia	NA
e28aa253bc2dceaafb880d07d26119ab	1	7.812247503266572e-17	0.5156406726742813	1.5150564952042475e-16	0.9999999999999999	0.9999999999999999	d__Bacteria	p__Actinomycetota	c__Actinobacteria	o__Bifidobacteriales	f__Bifidobacteriaceae	g__Alloscardovia	NA
1975f0f2b6531e29f1c84e99f1b51ef8	1	7.812247503266572e-17	0.5156406726742813	1.5150564952042475e-16	0.9999999999999999	0.9999999999999999	d__Bacteria	p__Actinomycetota	c__Actinobacteria	o__Frankiales	f__Acidothermaceae	g__Acidothermus	NA
68c56896f754db932a51a88ebad5bc6a	1.1369863013698631	-6.003859340531792e-8	0.5206522344418955	-1.1531419522222026e-7	0.999999907992584	0.9999999999999999	d__Bacteria	p__Actinomycetota	c__Actinobacteria	o__Propionibacteriales	f__Nocardioidaceae	g__Nocardioides	NA
c070d17ea9249b3a012c4e1354e1b027	1.1643835616438356	-7.127202902480568e-8	0.5233847127491276	-1.3617522118757086e-7	0.9999998913478935	0.9999999999999999	d__Bacteria	p__Chloroflexota	c__TK10	o__Incertae_Sedis	f__Incertae_Sedis	g__Incertae_Sedis	NA
bb6cb69f08dfe2398860ed18e1a58f3a	1.082191780821918	-3.725037375073774e-8	0.5176973198883101	-7.19539629039885e-8	0.9999999425890439	0.9999999999999999	d__Bacteria	p__Chloroflexota	c__TK10	o__Incertae_Sedis	f__Incertae_Sedis	g__Incertae_Sedis	NA
5b2529faa44a3679b887ecd91b6b4149	1.2602739726027397	-1.2720071929188122e-7	0.5752422564622938	-2.2112547863600668e-7	0.9999998235673946	0.9999999999999999	d__Bacteria	p__Chloroflexota	c__KD4-96	o__Incertae_Sedis	f__Incertae_Sedis	g__Incertae_Sedis	NA
ea83911b09160d6ded7f7e31d63027de	1.1643835616438356	-7.127202902480568e-8	0.5233847127491276	-1.3617522118757086e-7	0.9999998913478935	0.9999999999999999	d__Bacteria	p__Chloroflexota	c__Ktedonobacteria	o__Ktedonobacterales	f__JG30-KF-AS9	g__Incertae_Sedis	NA
cc40b03f4e9d74ac9bc80407a1c35c0e	1.1232876712328768	-5.4425124899479254e-8	0.5196850065476464	-1.0472714089066064e-7	0.9999999164398312	0.9999999999999999	d__Bacteria	p__Chloroflexota	c__Ktedonobacteria	o__Ktedonobacterales	f__Ktedonobacteraceae	g__HSB_OF53-F07	NA
a66e729da5593cc36dc621e84ed68588	1.082191780821918	-3.725037375073774e-8	0.5176973198883101	-7.19539629039885e-8	0.9999999425890439	0.9999999999999999	d__Bacteria	p__Chloroflexota	c__JG30-KF-CM66	o__Incertae_Sedis	f__Incertae_Sedis	g__Incertae_Sedis	NA
623b51d2582de036b3fe6ca38c41b9e5	1.2054794520547945	-8.887846369378638e-8	0.5308242218067816	-1.674348306700629e-7	0.9999998664063336	0.9999999999999999	d__Bacteria	p__Chloroflexota	c__Anaerolineae	o__Aggregatilineales	f__A4b	g__Incertae_Sedis	NA
636b8291108f765220c716517342c27f	1.082191780821918	-3.725037375073774e-8	0.5176973198883101	-7.19539629039885e-8	0.9999999425890439	0.9999999999999999	d__Bacteria	p__Chloroflexota	c__Anaerolineae	o__Aggregatilineales	f__Aggregatilineaceae	g__Incertae_Sedis	NA
9ce0086d44b41a642d0d7740c5a6a7c0	1.1095890410958904	-4.877033323263625e-8	0.5188969425184775	-9.398847677908524e-8	0.9999999250080455	0.9999999999999999	d__Bacteria	p__Chloroflexota	c__Anaerolineae	o__Aggregatilineales	f__A4b	g__Incertae_Sedis	NA
fd24b747799680c987af5c5132286ed6	1.095890410958904	-4.305163129057465e-8	0.5182461995844165	-8.307177423606368e-8	0.9999999337183139	0.9999999999999999	d__Bacteria	p__Chloroflexota	c__OLB14	o__Incertae_Sedis	f__Incertae_Sedis	g__Incertae_Sedis	NA
74aaeb93ba19830fa0e2cc55966371bd	1	7.812247503266572e-17	0.5156406726742813	1.5150564952042475e-16	0.9999999999999999	0.9999999999999999	d__Bacteria	p__Bacillota	c__Incertae_Sedis	o__DTU014	f__Incertae_Sedis	g__Incertae_Sedis	NA
625f65a4c1b795150143c1c3a4442e25	1	7.812247503266572e-17	0.5156406726742813	1.5150564952042475e-16	0.9999999999999999	0.9999999999999999	d__Bacteria	p__Bacillota	c__Incertae_Sedis	o__DTU014	f__Incertae_Sedis	g__Incertae_Sedis	NA
de68af3f62b2b04e42f894e18839bb57	1	7.812247503266572e-17	0.5156406726742813	1.5150564952042475e-16	0.9999999999999999	0.9999999999999999	d__Bacteria	p__Bacillota	c__Bacilli	o__Erysipelotrichales	f__Erysipelotrichaceae	g__Dielma	NA
5edad5fe169fa3d414d60cf1f00af012	1	7.812247503266572e-17	0.5156406726742813	1.5150564952042475e-16	0.9999999999999999	0.9999999999999999	d__Bacteria	p__Bacillota	c__Bacilli	o__Erysipelotrichales	f__Erysipelotrichaceae	g__Dielma	NA
850cd943df43949eb6f9b3d608b92b87	1	7.812247503266572e-17	0.5156406726742813	1.5150564952042475e-16	0.9999999999999999	0.9999999999999999	d__Bacteria	p__Bacillota	c__Bacilli	o__Erysipelotrichales	f__Erysipelotrichaceae	g__Faecalitalea	NA
04ca162b3dd2dc7f483ab3503bc605c3	1	7.812247503266572e-17	0.5156406726742813	1.5150564952042475e-16	0.9999999999999999	0.9999999999999999	d__Bacteria	p__Bacillota	c__Bacilli	o__Erysipelotrichales	f__Erysipelotrichaceae	g__[Clostridium]_innocuum_group	NA
b5e0a6477e69e223d49eedc2c7c1b138	1	7.812247503266572e-17	0.5156406726742813	1.5150564952042475e-16	0.9999999999999999	0.9999999999999999	d__Bacteria	p__Bacillota	c__Bacilli	o__Erysipelotrichales	f__Erysipelotrichaceae	g__[Clostridium]_innocuum_group	NA
5f8d35126b0a7321413d21487ec72b73	1	7.812247503266572e-17	0.5156406726742813	1.5150564952042475e-16	0.9999999999999999	0.9999999999999999	d__Bacteria	p__Bacillota	c__Bacilli	o__Erysipelotrichales	f__Erysipelotrichaceae	g__[Clostridium]_innocuum_group	NA
79fa3dc8c1e23627e0313050a5403b91	1	7.812247503266572e-17	0.5156406726742813	1.5150564952042475e-16	0.9999999999999999	0.9999999999999999	d__Bacteria	p__Bacillota	c__Bacilli	o__Erysipelotrichales	f__Erysipelotrichaceae	g__[Clostridium]_innocuum_group	NA
517b36b986012394a442af4336b89612	1	7.812247503266572e-17	0.5156406726742813	1.5150564952042475e-16	0.9999999999999999	0.9999999999999999	d__Bacteria	p__Bacillota	c__Bacilli	o__Erysipelotrichales	f__Erysipelotrichaceae	g__Absiella	NA
090a2700078857f3d9c8272d7949b0b6	1	7.812247503266572e-17	0.5156406726742813	1.5150564952042475e-16	0.9999999999999999	0.9999999999999999	d__Bacteria	p__Bacillota	c__Bacilli	o__Erysipelotrichales	f__Erysipelotrichaceae	g__Absiella	NA
f7870a4e6cccb8a029cf6f0091c106f5	1	7.812247503266572e-17	0.5156406726742813	1.5150564952042475e-16	0.9999999999999999	0.9999999999999999	d__Bacteria	p__Bacillota	c__Bacilli	o__Erysipelotrichales	f__Erysipelotrichaceae	g__Amedibacillus	NA
dc0990f1635527c8d57f34a09fd6975a	1	7.812247503266572e-17	0.5156406726742813	1.5150564952042475e-16	0.9999999999999999	0.9999999999999999	d__Bacteria	p__Bacillota	c__Bacilli	o__Erysipelotrichales	f__Erysipelotrichaceae	g__Amedibacillus	NA
db30710da37e69642cc4285ba7316773	1	7.812247503266572e-17	0.5156406726742813	1.5150564952042475e-16	0.9999999999999999	0.9999999999999999	d__Bacteria	p__Bacillota	c__Bacilli	o__Erysipelotrichales	f__Erysipelotrichaceae	g__Merdibacter	NA
ee5b57a629da222ad236b5d4bc329d71	1	7.812247503266572e-17	0.5156406726742813	1.5150564952042475e-16	0.9999999999999999	0.9999999999999999	d__Bacteria	p__Bacillota	c__Bacilli	o__Erysipelotrichales	f__Erysipelotrichaceae	g__Merdibacter	NA
25394a604bbcd078c80186b300dab8ee	1	7.812247503266572e-17	0.5156406726742813	1.5150564952042475e-16	0.9999999999999999	0.9999999999999999	d__Bacteria	p__Bacillota	c__Bacilli	o__Erysipelotrichales	f__Erysipelotrichaceae	g__Holdemanella	NA
b32f7f224c7c13fc104a6c85c344485d	1	7.812247503266572e-17	0.5156406726742813	1.5150564952042475e-16	0.9999999999999999	0.9999999999999999	d__Bacteria	p__Bacillota	c__Bacilli	o__Erysipelotrichales	f__Erysipelotrichaceae	g__Holdemanella	NA
782a79a0725adc6ac22fc1fd15933a12	1	7.812247503266572e-17	0.5156406726742813	1.5150564952042475e-16	0.9999999999999999	0.9999999999999999	d__Bacteria	p__Bacillota	c__Bacilli	o__Erysipelotrichales	f__Erysipelotrichaceae	g__Holdemanella	NA
6dfb118aa8b73ede1bdb71dedc23838c	1	7.812247503266572e-17	0.5156406726742813	1.5150564952042475e-16	0.9999999999999999	0.9999999999999999	d__Bacteria	p__Bacillota	c__Bacilli	o__Erysipelotrichales	f__Erysipelotrichaceae	g__Holdemanella	NA
b54d7ff733e379a247675f613c934cf5	1	7.812247503266572e-17	0.5156406726742813	1.5150564952042475e-16	0.9999999999999999	0.9999999999999999	d__Bacteria	p__Bacillota	c__Bacilli	o__Erysipelotrichales	f__Erysipelotrichaceae	g__Merdibacter	NA
cb3bfa7ac2b500c6a49d88ce9412dbea	1	7.812247503266572e-17	0.5156406726742813	1.5150564952042475e-16	0.9999999999999999	0.9999999999999999	d__Bacteria	p__Bacillota	c__Bacilli	o__Erysipelotrichales	f__Erysipelotrichaceae	NA	NA
7a3090aa682623800304aca0da51c22c	1	7.812247503266572e-17	0.5156406726742813	1.5150564952042475e-16	0.9999999999999999	0.9999999999999999	d__Bacteria	p__Bacillota	c__Bacilli	o__Erysipelotrichales	f__Erysipelotrichaceae	g__Faecalitalea	NA
7f4767d01227d691b8e5125a2a7d997f	1	7.812247503266572e-17	0.5156406726742813	1.5150564952042475e-16	0.9999999999999999	0.9999999999999999	d__Bacteria	p__Bacillota	c__Bacilli	o__Erysipelotrichales	f__Erysipelotrichaceae	g__Catenisphaera	NA
419af6db3c0709d63ffc1933ab11b24c	1	7.812247503266572e-17	0.5156406726742813	1.5150564952042475e-16	0.9999999999999999	0.9999999999999999	d__Bacteria	p__Bacillota	c__Bacilli	o__Erysipelotrichales	f__Erysipelotrichaceae	g__Faecalicoccus	NA
a01b3da2645cda5a1311bca65b756fb2	1	7.812247503266572e-17	0.5156406726742813	1.5150564952042475e-16	0.9999999999999999	0.9999999999999999	d__Bacteria	p__Bacillota	c__Bacilli	o__Erysipelotrichales	f__Erysipelotrichaceae	g__Dielma	NA
a1c8a4289a5c93d48a8c7cc17815ba8a	1	7.812247503266572e-17	0.5156406726742813	1.5150564952042475e-16	0.9999999999999999	0.9999999999999999	d__Bacteria	p__Bacillota	c__Bacilli	o__Erysipelotrichales	f__Erysipelotrichaceae	g__Solobacterium	NA
6412ab154c6964a9aecd4261cdfbbcd4	1.4657534246575343	-2.1372764171927517e-7	0.5939302908861881	-3.5985307535060665e-7	0.999999712878787	0.9999999999999999	d__Bacteria	p__Bacillota	c__Bacilli	o__Erysipelotrichales	f__Erysipelotrichaceae	g__Bulleidia	NA
ceea2487869e64d181f4153068628882	1.082191780821918	-0.5849622438362293	0.4584572702363577	-1.2759362361832587	0.20197806035080398	0.9999999999999999	d__Bacteria	p__Bacillota	c__Bacilli	o__Erysipelotrichales	f__Erysipelotrichaceae	NA	NA
8e493df449e84acb4e24f5811ff3599b	1	7.812247503266572e-17	0.5156406726742813	1.5150564952042475e-16	0.9999999999999999	0.9999999999999999	d__Bacteria	p__Bacillota	c__Bacilli	o__Erysipelotrichales	f__Erysipelotrichaceae	g__Solobacterium	NA
c6d8e1d8298539bc261c4880b684c882	1	7.812247503266572e-17	0.5156406726742813	1.5150564952042475e-16	0.9999999999999999	0.9999999999999999	d__Bacteria	p__Bacillota	c__Bacilli	o__Erysipelotrichales	f__Erysipelotrichaceae	g__Solobacterium	NA
2fb5a4a7d5e419920ec9257327a118ca	1	7.812247503266572e-17	0.5156406726742813	1.5150564952042475e-16	0.9999999999999999	0.9999999999999999	d__Bacteria	p__Bacillota	c__Bacilli	o__Erysipelotrichales	f__Erysipelotrichaceae	g__Holdemania	NA
aa052f6ed7696840ff494c82879d3e1a	1	7.812247503266572e-17	0.5156406726742813	1.5150564952042475e-16	0.9999999999999999	0.9999999999999999	d__Bacteria	p__Bacillota	c__Bacilli	o__Erysipelotrichales	f__Erysipelotrichaceae	g__Holdemania	NA
50c6b94dfbe5aeb899b25d4f5f37ddf4	1	7.812247503266572e-17	0.5156406726742813	1.5150564952042475e-16	0.9999999999999999	0.9999999999999999	d__Bacteria	p__Bacillota	c__Bacilli	o__Erysipelotrichales	f__Erysipelotrichaceae	g__Holdemania	NA
6f980c6f3f2ffefd2013c721461cc1c6	1	7.812247503266572e-17	0.5156406726742813	1.5150564952042475e-16	0.9999999999999999	0.9999999999999999	d__Bacteria	p__Bacillota	c__Bacilli	o__Erysipelotrichales	f__Erysipelotrichaceae	g__Holdemania	NA
f484c995c0321753b4a7a37bc48d454a	1	7.812247503266572e-17	0.5156406726742813	1.5150564952042475e-16	0.9999999999999999	0.9999999999999999	d__Bacteria	p__Bacillota	c__Bacilli	o__Erysipelotrichales	f__Erysipelotrichaceae	g__Holdemania	NA
e865f29a716e8d51f83931befa951240	1	7.812247503266572e-17	0.5156406726742813	1.5150564952042475e-16	0.9999999999999999	0.9999999999999999	d__Bacteria	p__Bacillota	c__Bacilli	o__Erysipelotrichales	f__Erysipelatoclostridiaceae	g__Erysipelotrichaceae_UCG-003	NA
281d1d3fcec26d4fb13e9dcc637c143d	1	7.812247503266572e-17	0.5156406726742813	1.5150564952042475e-16	0.9999999999999999	0.9999999999999999	d__Bacteria	p__Bacillota	c__Bacilli	o__Erysipelotrichales	f__Erysipelatoclostridiaceae	g__Erysipelotrichaceae_UCG-003	NA
e9f900358bb9297e10b9fbb1321b1e6e	1	7.812247503266572e-17	0.5156406726742813	1.5150564952042475e-16	0.9999999999999999	0.9999999999999999	d__Bacteria	p__Bacillota	c__Bacilli	o__Erysipelotrichales	f__Erysipelatoclostridiaceae	g__Thomasclavelia	NA
200af66382877237f566d2bd8b55fc07	1	7.812247503266572e-17	0.5156406726742813	1.5150564952042475e-16	0.9999999999999999	0.9999999999999999	d__Bacteria	p__Bacillota	c__Bacilli	o__Erysipelotrichales	f__Erysipelatoclostridiaceae	g__Thomasclavelia	NA
bd5ab72117a5582f67a888c1f7e57ca7	1	7.812247503266572e-17	0.5156406726742813	1.5150564952042475e-16	0.9999999999999999	0.9999999999999999	d__Bacteria	p__Bacillota	c__Bacilli	o__Erysipelotrichales	f__Erysipelatoclostridiaceae	g__Thomasclavelia	NA
8f4dea09ecd34aac65b4fdf5d1c37ff1	1	7.812247503266572e-17	0.5156406726742813	1.5150564952042475e-16	0.9999999999999999	0.9999999999999999	d__Bacteria	p__Bacillota	c__Bacilli	o__Erysipelotrichales	f__Erysipelatoclostridiaceae	g__Thomasclavelia	NA
a663a01aeb4dbb88bbe0a9840e8f64dc	1	7.812247503266572e-17	0.5156406726742813	1.5150564952042475e-16	0.9999999999999999	0.9999999999999999	d__Bacteria	p__Bacillota	c__Bacilli	o__Erysipelotrichales	f__Erysipelatoclostridiaceae	g__Thomasclavelia	NA
38a54077b88e4a2c2eb7f723da920bd1	1	7.812247503266572e-17	0.5156406726742813	1.5150564952042475e-16	0.9999999999999999	0.9999999999999999	d__Bacteria	p__Bacillota	c__Bacilli	o__Erysipelotrichales	f__Erysipelatoclostridiaceae	g__Thomasclavelia	NA
075de4b64188bb21f1eab54a2bc06fc0	1	7.812247503266572e-17	0.5156406726742813	1.5150564952042475e-16	0.9999999999999999	0.9999999999999999	d__Bacteria	p__Bacillota	c__Bacilli	o__Erysipelotrichales	f__Erysipelatoclostridiaceae	g__Thomasclavelia	NA
c0f9afc03ac59992eccc5e6fc3a38ec6	1	7.812247503266572e-17	0.5156406726742813	1.5150564952042475e-16	0.9999999999999999	0.9999999999999999	d__Bacteria	p__Bacillota	c__Bacilli	o__Erysipelotrichales	f__Erysipelatoclostridiaceae	g__Massiliomicrobiota	NA
a333ee090a52b582e1a0e2dd776eb937	1	7.812247503266572e-17	0.5156406726742813	1.5150564952042475e-16	0.9999999999999999	0.9999999999999999	d__Bacteria	p__Bacillota	c__Bacilli	o__Erysipelotrichales	f__Erysipelatoclostridiaceae	g__Coprobacillus	NA
31e3f64d5d2212f7d32e2dc3e2142ff3	1	7.812247503266572e-17	0.5156406726742813	1.5150564952042475e-16	0.9999999999999999	0.9999999999999999	d__Bacteria	p__Bacillota	c__Bacilli	o__Erysipelotrichales	f__Erysipelatoclostridiaceae	g__Catenibacterium	NA
1541faf3a457cc8cc05b01ce30983449	1	7.812247503266572e-17	0.5156406726742813	1.5150564952042475e-16	0.9999999999999999	0.9999999999999999	d__Bacteria	p__Bacillota	c__Bacilli	o__Erysipelotrichales	f__Erysipelatoclostridiaceae	g__Catenibacterium	NA
533b6c05a74b2c25a94f884d6fe42f9d	1	7.812247503266572e-17	0.5156406726742813	1.5150564952042475e-16	0.9999999999999999	0.9999999999999999	d__Bacteria	p__Bacillota	c__Bacilli	o__Erysipelotrichales	f__Erysipelatoclostridiaceae	g__Catenibacterium	NA
a39090b6ec547ca876f6583c79c7f963	1	7.812247503266572e-17	0.5156406726742813	1.5150564952042475e-16	0.9999999999999999	0.9999999999999999	d__Bacteria	p__Bacillota	c__Bacilli	o__Erysipelotrichales	f__Erysipelatoclostridiaceae	g__Catenibacterium	NA
ba64f4fa502258a89d2b7468af3cbb28	1	7.812247503266572e-17	0.5156406726742813	1.5150564952042475e-16	0.9999999999999999	0.9999999999999999	d__Bacteria	p__Bacillota	c__Bacilli	o__Erysipelotrichales	f__Erysipelatoclostridiaceae	g__Longibaculum	NA
6cce9922d65c4b649c6b35a233bd7dc2	1	7.812247503266572e-17	0.5156406726742813	1.5150564952042475e-16	0.9999999999999999	0.9999999999999999	d__Bacteria	p__Bacillota	c__Bacilli	o__Erysipelotrichales	f__Erysipelatoclostridiaceae	g__Longibaculum	NA
2e81e4d1a54e1636af43e46fa332ab11	1.082191780821918	-3.725037366785403e-8	0.5176973198883104	-7.195396274388776e-8	0.999999942589044	0.9999999999999999	d__Bacteria	p__Bacillota	c__Bacilli	o__Erysipelotrichales	f__Erysipelatoclostridiaceae	g__Massiliomicrobiota	NA
51ea85f428a5daaaf348c94671af386e	1	7.812247503266572e-17	0.5156406726742813	1.5150564952042475e-16	0.9999999999999999	0.9999999999999999	d__Bacteria	p__Bacillota	c__Bacilli	o__Erysipelotrichales	f__Erysipelatoclostridiaceae	g__Massiliomicrobiota	NA
44d7de38545dc197783053e56c9d6933	1	7.812247503266572e-17	0.5156406726742813	1.5150564952042475e-16	0.9999999999999999	0.9999999999999999	d__Bacteria	p__Bacillota	c__Clostridia	o__Peptostreptococcales-Tissierellales	f__Family_XI	g__Helcococcus	NA
a1b31da3a50890aadc04fca003e3e007	1	7.812247503266572e-17	0.5156406726742813	1.5150564952042475e-16	0.9999999999999999	0.9999999999999999	d__Bacteria	p__Bacillota	c__Bacilli	o__Lactobacillales	f__Streptococcaceae	g__Streptococcus	NA
b4e5ceb47185c8dc0d6f6b2d9d5d108f	1	7.812247503266572e-17	0.5156406726742813	1.5150564952042475e-16	0.9999999999999999	0.9999999999999999	d__Bacteria	p__Bacillota	c__Bacilli	o__Lactobacillales	f__Streptococcaceae	g__Streptococcus	NA
393625590ff2fa81911647ff974e2047	1	7.812247503266572e-17	0.5156406726742813	1.5150564952042475e-16	0.9999999999999999	0.9999999999999999	d__Bacteria	p__Bacillota	c__Bacilli	o__Lactobacillales	f__Streptococcaceae	g__Streptococcus	NA
5ae6c57554c708cdfa18bcdf68b3bc4b	1	7.812247503266572e-17	0.5156406726742813	1.5150564952042475e-16	0.9999999999999999	0.9999999999999999	d__Bacteria	p__Bacillota	c__Bacilli	o__Lactobacillales	f__Streptococcaceae	g__Streptococcus	NA
fd2eb1fe2266eed160a855f715f7c77e	16.26027397260274	-2.4941155745266124	0.8948714557777255	-2.7871216121861844	0.0053178518064453	0.47656133496221337	d__Bacteria	p__Bacillota	c__Bacilli	o__Lactobacillales	f__Streptococcaceae	g__Streptococcus	NA
205f8255db56fbbc2c5999ed97063cab	1	7.812247503266572e-17	0.5156406726742813	1.5150564952042475e-16	0.9999999999999999	0.9999999999999999	d__Bacteria	p__Bacillota	c__Bacilli	o__Lactobacillales	f__Streptococcaceae	g__Streptococcus	NA
3e54e2e7fb35c65339f6304a96609bd6	1	7.812247503266572e-17	0.5156406726742813	1.5150564952042475e-16	0.9999999999999999	0.9999999999999999	d__Bacteria	p__Bacillota	c__Bacilli	o__Lactobacillales	f__Streptococcaceae	g__Streptococcus	NA
8a4d2ed84fa8862ba688b236ad9532a2	1	7.812247503266572e-17	0.5156406726742813	1.5150564952042475e-16	0.9999999999999999	0.9999999999999999	d__Bacteria	p__Bacillota	c__Bacilli	o__Lactobacillales	f__Streptococcaceae	g__Streptococcus	NA
edc9e5c16e40aff1eadce6597940f08f	1	7.812247503266572e-17	0.5156406726742813	1.5150564952042475e-16	0.9999999999999999	0.9999999999999999	d__Bacteria	p__Bacillota	c__Bacilli	o__Lactobacillales	f__Streptococcaceae	g__Streptococcus	NA
a8a9a05f11ee2bad8fa87bdfb414b594	1.082191780821918	-3.725037366785403e-8	0.5176973198883104	-7.195396274388776e-8	0.999999942589044	0.9999999999999999	d__Bacteria	p__Bacillota	c__Bacilli	o__Lactobacillales	f__Streptococcaceae	g__Streptococcus	NA
6b0ad7f7a533a2b9479cc58d760b69b1	1	7.812247503266572e-17	0.5156406726742813	1.5150564952042475e-16	0.9999999999999999	0.9999999999999999	d__Bacteria	p__Bacillota	c__Bacilli	o__Lactobacillales	f__Streptococcaceae	g__Streptococcus	NA
06f825b512d903b9230e1a55d87359ee	2.315068493150685	1.359079806107245	0.7404580120138622	1.8354583029102285	0.06643781186314808	0.9999999999999999	d__Bacteria	p__Bacillota	c__Bacilli	o__Lactobacillales	f__Streptococcaceae	g__Streptococcus	NA
6e6bf831e6f7e98cffe6824ba27a738e	1	7.812247503266572e-17	0.5156406726742813	1.5150564952042475e-16	0.9999999999999999	0.9999999999999999	d__Bacteria	p__Bacillota	c__Bacilli	o__Lactobacillales	f__Streptococcaceae	g__Streptococcus	NA
48d5ac89b4bda862faac90161aff5a86	1	7.812247503266572e-17	0.5156406726742813	1.5150564952042475e-16	0.9999999999999999	0.9999999999999999	d__Bacteria	p__Bacillota	c__Bacilli	o__Lactobacillales	f__Streptococcaceae	g__Streptococcus	NA
fd496fd32dc8c08ade2e8b6c9d8ee13d	1	7.812247503266572e-17	0.5156406726742813	1.5150564952042475e-16	0.9999999999999999	0.9999999999999999	d__Bacteria	p__Bacillota	c__Bacilli	o__Lactobacillales	f__Streptococcaceae	g__Streptococcus	NA
735cb9abbbc8ff2b5b354be608a3a869	1	7.812247503266572e-17	0.5156406726742813	1.5150564952042475e-16	0.9999999999999999	0.9999999999999999	d__Bacteria	p__Bacillota	c__Bacilli	o__Lactobacillales	f__Streptococcaceae	g__Streptococcus	NA
9fec7bdd6bd88e710bd69b15692e54a0	1	7.812247503266572e-17	0.5156406726742813	1.5150564952042475e-16	0.9999999999999999	0.9999999999999999	d__Bacteria	p__Bacillota	c__Bacilli	o__Lactobacillales	f__Streptococcaceae	g__Streptococcus	NA
2f590cb63f9311c157ef8aee6b18b188	1	7.812247503266572e-17	0.5156406726742813	1.5150564952042475e-16	0.9999999999999999	0.9999999999999999	d__Bacteria	p__Bacillota	c__Bacilli	o__Lactobacillales	f__Streptococcaceae	g__Streptococcus	NA
a140d9cb4a810eab90930f0ac2bbbd84	1	7.812247503266572e-17	0.5156406726742813	1.5150564952042475e-16	0.9999999999999999	0.9999999999999999	d__Bacteria	p__Bacillota	c__Bacilli	o__Lactobacillales	f__Streptococcaceae	g__Streptococcus	NA
a50e77cfb93d3d562a352bc70bcd47e9	1	7.812247503266572e-17	0.5156406726742813	1.5150564952042475e-16	0.9999999999999999	0.9999999999999999	d__Bacteria	p__Bacillota	c__Bacilli	o__Lactobacillales	f__Streptococcaceae	g__Streptococcus	NA
e3055f1b3a2ef5ffe239567f02e0e758	3.4657534246575343	-3.9999971061597526	0.6006571592608765	-6.659368067937204	2.7500743958817804e-11	1.601918335601137e-8	d__Bacteria	p__Bacillota	c__Bacilli	o__Lactobacillales	f__Streptococcaceae	g__Streptococcus	NA
f205db64334376cebee550bcc6276cb1	1	7.812247503266572e-17	0.5156406726742813	1.5150564952042475e-16	0.9999999999999999	0.9999999999999999	d__Bacteria	p__Bacillota	c__Bacilli	o__Lactobacillales	f__Streptococcaceae	g__Streptococcus	NA
390ca9f4841e42ba2e0088023131f7c4	1.2054794520547945	-8.887846403703708e-8	0.5308242218067794	-1.6743483131670081e-7	0.9999998664063332	0.9999999999999999	d__Bacteria	p__Bacillota	c__Bacilli	o__Lactobacillales	f__Streptococcaceae	g__Streptococcus	NA
b3d2cc3b9f0184830bec2ef73bcc6166	1	7.812247503266572e-17	0.5156406726742813	1.5150564952042475e-16	0.9999999999999999	0.9999999999999999	d__Bacteria	p__Bacillota	c__Bacilli	o__Lactobacillales	f__Streptococcaceae	g__Lactococcus	NA
d114fb4c335125128be28401522dd41a	1	7.812247503266572e-17	0.5156406726742813	1.5150564952042475e-16	0.9999999999999999	0.9999999999999999	d__Bacteria	p__Bacillota	c__Bacilli	o__Lactobacillales	f__Streptococcaceae	g__Lactococcus	NA
be1aa9c7efbdbcf5331f7c8a9487c845	1	7.812247503266572e-17	0.5156406726742813	1.5150564952042475e-16	0.9999999999999999	0.9999999999999999	d__Bacteria	p__Bacillota	c__Bacilli	o__Lactobacillales	f__Streptococcaceae	g__Streptococcus	NA
be62709da7b40d14392016ea7a3ae843	1.082191780821918	-3.725037371929173e-8	0.5176973198883104	-7.195396284324641e-8	0.999999942589044	0.9999999999999999	d__Bacteria	p__Bacillota	c__Bacilli	o__Paenibacillales	f__Paenibacillaceae	g__Fontibacillus	NA
bd2ad00d586fbb853586dae6812f7b24	1	7.812247503266572e-17	0.5156406726742813	1.5150564952042475e-16	0.9999999999999999	0.9999999999999999	d__Bacteria	p__Bacillota	c__Bacilli	o__Lactobacillales	f__Lactobacillaceae	g__Pediococcus	NA
bd7bb5b11e9ccba1afbf45d9e0d5808a	1	7.812247503266572e-17	0.5156406726742813	1.5150564952042475e-16	0.9999999999999999	0.9999999999999999	d__Bacteria	p__Bacillota	c__Bacilli	o__Lactobacillales	f__Lactobacillaceae	g__Limosilactobacillus	NA
7bf8bd74563c4e9d340cbbdcbec06524	1.095890410958904	0.3833285446564807	0.49745081470370506	0.7705858214038737	0.4409524679581642	0.9999999999999999	d__Bacteria	p__Bacillota	c__Bacilli	o__Lactobacillales	f__Lactobacillaceae	g__HT002	NA
1a069ea36017c7efc95d851374fa7382	1.8493150684931507	-4.5416388761031117e-7	0.7036304568002927	-6.45457971895628e-7	0.9999994849990496	0.9999999999999999	d__Bacteria	p__Bacillota	c__Bacilli	o__Lactobacillales	f__Lactobacillaceae	g__Limosilactobacillus	NA
2ef1e51ab1cf99a3c6417b05a060830e	8.479452054794521	1.7484606526089783	0.8619010634714857	2.0286094619337045	0.04249808406093289	0.9999999999999999	d__Bacteria	p__Bacillota	c__Bacilli	o__Lactobacillales	f__Lactobacillaceae	NA	NA
66ae4257e6338ac409fd953c0ab441d5	1.2328767123287672	0.7983659152023064	0.529254495723102	1.508472618851403	0.13143360939138837	0.9999999999999999	d__Bacteria	p__Bacillota	c__Bacilli	o__Lactobacillales	f__Lactobacillaceae	NA	NA
814bfbcbcb52ced93388ec7c6a771752	1	7.812247503266572e-17	0.5156406726742813	1.5150564952042475e-16	0.9999999999999999	0.9999999999999999	d__Bacteria	p__Bacillota	c__Bacilli	o__Lactobacillales	f__Lactobacillaceae	NA	NA
eb9529f0c886343a7359dc1a014da203	1	7.812247503266572e-17	0.5156406726742813	1.5150564952042475e-16	0.9999999999999999	0.9999999999999999	d__Bacteria	p__Bacillota	c__Bacilli	o__Lactobacillales	f__Lactobacillaceae	g__Limosilactobacillus	NA
20c93503da260c528c1b59f783184b6d	1.2876712328767124	-1.4594310735441696	0.4405580253025475	-3.3126875229248727	9.240415660532218e-4	0.13456355305650042	d__Bacteria	p__Bacillota	c__Bacilli	o__Lactobacillales	f__Lactobacillaceae	g__Limosilactobacillus	NA
95b3524e555cc42a09f7b09ef63189fa	1	7.812247503266572e-17	0.5156406726742813	1.5150564952042475e-16	0.9999999999999999	0.9999999999999999	d__Bacteria	p__Bacillota	c__Bacilli	o__Lactobacillales	f__Lactobacillaceae	NA	NA
9a075c19908c02c511f36816e2237d72	1.2328767123287672	0.7983659152023058	0.5292544957231022	1.5084726188514013	0.1314336093913888	0.9999999999999999	d__Bacteria	p__Bacillota	c__Bacilli	o__Lactobacillales	f__Lactobacillaceae	g__Limosilactobacillus	NA
d25415ae2df908f2bd472a1ccf16ee51	1.082191780821918	-3.725037401313865e-8	0.5176973198883149	-7.195396341084949e-8	0.9999999425890435	0.9999999999999999	d__Bacteria	p__Bacillota	c__Bacilli	o__Lactobacillales	f__Lactobacillaceae	g__HT002	NA
581a55014641e1cd55cdc272c0365a28	1.1643835616438356	0.605720913811467	0.49275968962249894	1.2292420150591197	0.21898108043664202	0.9999999999999999	d__Bacteria	p__Bacillota	c__Bacilli	o__Lactobacillales	f__Lactobacillaceae	g__Limosilactobacillus	NA
ff3739dd5a3c35cf09f01a391ce07570	4.698630136986301	3.3590782743578473	0.814665345490626	4.123261524442123	3.7354517253414385e-5	0.008703602520045551	d__Bacteria	p__Bacillota	c__Bacilli	o__Lactobacillales	f__Lactobacillaceae	g__Limosilactobacillus	NA
149e4854b7b2f3c7c6a175482ffab23e	1.1095890410958904	0.4306342486813195	0.49587209906110646	0.8684381506777462	0.38515451727540184	0.9999999999999999	d__Bacteria	p__Bacillota	c__Bacilli	o__Lactobacillales	f__Lactobacillaceae	g__Limosilactobacillus	NA
18916ff01c5cc30f13e73cab657abe0e	335.7671232876712	-0.25943615844616286	1.222805722973104	-0.21216465835257564	0.8319785776168731	0.9999999999999999	d__Bacteria	p__Bacillota	c__Bacilli	o__Lactobacillales	f__Lactobacillaceae	g__Lactobacillus	NA
53dc403fe18d6241b8b05a0853471556	1	7.812247503266572e-17	0.5156406726742813	1.5150564952042475e-16	0.9999999999999999	0.9999999999999999	d__Bacteria	p__Bacillota	c__Bacilli	o__Lactobacillales	f__Lactobacillaceae	g__Lactobacillus	NA
797be95b1577a87d579b6bee98485d87	1	7.812247503266572e-17	0.5156406726742813	1.5150564952042475e-16	0.9999999999999999	0.9999999999999999	d__Bacteria	p__Bacillota	c__Bacilli	o__Lactobacillales	f__Lactobacillaceae	g__Lactobacillus	NA
0640e9dab39f8ff89a9bdef119e0fe6f	25.575342465753426	-6.908875274929271	0.9447148344781803	-7.313185971876302	2.6088155181026476e-13	2.0261800523930563e-10	d__Bacteria	p__Bacillota	c__Bacilli	o__Lactobacillales	f__Lactobacillaceae	g__Lactobacillus	NA
f7447c8e079023f4f2579d8580575dd3	12550.493150684932	0.3807565365255591	1.0154663321677633	0.3749573220342425	0.7076922069464575	0.9999999999999999	d__Bacteria	p__Bacillota	c__Bacilli	o__Lactobacillales	f__Lactobacillaceae	g__Lactobacillus	NA
cb9d64ad78fab4cdb5b990e951460a2c	1	7.812247503266572e-17	0.5156406726742813	1.5150564952042475e-16	0.9999999999999999	0.9999999999999999	d__Bacteria	p__Bacillota	c__Bacilli	o__Lactobacillales	f__Lactobacillaceae	g__Lactobacillus	NA
29314436954b65ebdb30b273a9c40043	1	7.812247503266572e-17	0.5156406726742813	1.5150564952042475e-16	0.9999999999999999	0.9999999999999999	d__Bacteria	p__Bacillota	c__Bacilli	o__Lactobacillales	f__Lactobacillaceae	g__Lactobacillus	NA
e7ce00b0e59f5a4a080ac984080d8dee	1	7.812247503266572e-17	0.5156406726742813	1.5150564952042475e-16	0.9999999999999999	0.9999999999999999	d__Bacteria	p__Bacillota	c__Bacilli	o__Lactobacillales	f__Lactobacillaceae	g__Lactobacillus	NA
fcf550b93132029d88ab8865dad8ed66	1	7.812247503266572e-17	0.5156406726742813	1.5150564952042475e-16	0.9999999999999999	0.9999999999999999	d__Bacteria	p__Bacillota	c__Bacilli	o__Lactobacillales	f__Lactobacillaceae	g__Lactobacillus	NA
3a5632d9c409049eb130a69aadbb0f22	1	7.812247503266572e-17	0.5156406726742813	1.5150564952042475e-16	0.9999999999999999	0.9999999999999999	d__Bacteria	p__Bacillota	c__Bacilli	o__Lactobacillales	f__Lactobacillaceae	g__Lactobacillus	NA
3740da8e2b75174ae1fa2531a5c50fab	1	7.812247503266572e-17	0.5156406726742813	1.5150564952042475e-16	0.9999999999999999	0.9999999999999999	d__Bacteria	p__Bacillota	c__Bacilli	o__Lactobacillales	f__Lactobacillaceae	g__Lactobacillus	NA
232aa5d7540fb57bd4f9cf8be191c9a8	388.3972602739726	0.49355753404299224	1.1709943820675808	0.4214858257232082	0.67340035935644	0.9999999999999999	d__Bacteria	p__Bacillota	c__Bacilli	o__Lactobacillales	f__Lactobacillaceae	g__Lactobacillus	NA
73133b45b140eb6dd888998e03250e84	1	7.812247503266572e-17	0.5156406726742813	1.5150564952042475e-16	0.9999999999999999	0.9999999999999999	d__Bacteria	p__Bacillota	c__Bacilli	o__Lactobacillales	f__Lactobacillaceae	g__Lactobacillus	NA
7656df7fd630620c3e31f81604a67bac	1	7.812247503266572e-17	0.5156406726742813	1.5150564952042475e-16	0.9999999999999999	0.9999999999999999	d__Bacteria	p__Bacillota	c__Bacilli	o__Lactobacillales	f__Lactobacillaceae	g__Lactobacillus	NA
ab331fff290777ec31cb379b7258fc9e	1	7.812247503266572e-17	0.5156406726742813	1.5150564952042475e-16	0.9999999999999999	0.9999999999999999	d__Bacteria	p__Bacillota	c__Bacilli	o__Lactobacillales	f__Lactobacillaceae	g__Lactobacillus	NA
1a537ff77f046aaacf7588f1a0687cc4	1	7.812247503266572e-17	0.5156406726742813	1.5150564952042475e-16	0.9999999999999999	0.9999999999999999	d__Bacteria	p__Bacillota	c__Bacilli	o__Lactobacillales	f__Lactobacillaceae	g__Lactobacillus	NA
0df6c802966e8670279671824da4f10a	885.4383561643835	1.0961711680388	1.286709853070232	0.8519179094053057	0.39425965592400375	0.9999999999999999	d__Bacteria	p__Bacillota	c__Bacilli	o__Lactobacillales	f__Lactobacillaceae	g__Lactobacillus	NA
dd2e6b7323c370b05ba4d9a0568f99e9	1	7.812247503266572e-17	0.5156406726742813	1.5150564952042475e-16	0.9999999999999999	0.9999999999999999	d__Bacteria	p__Bacillota	c__Bacilli	o__Lactobacillales	f__Lactobacillaceae	g__Lactobacillus	NA
5bbd680b1ac82cec54b4f2897f339639	1	7.812247503266572e-17	0.5156406726742813	1.5150564952042475e-16	0.9999999999999999	0.9999999999999999	d__Bacteria	p__Bacillota	c__Bacilli	o__Lactobacillales	f__Lactobacillaceae	g__Lactobacillus	NA
2858fb0d985caf63ed6f75ab7b85482e	1	7.812247503266572e-17	0.5156406726742813	1.5150564952042475e-16	0.9999999999999999	0.9999999999999999	d__Bacteria	p__Bacillota	c__Bacilli	o__Lactobacillales	f__Lactobacillaceae	NA	NA
270296d9e9385f6ff7c5aa4302ba38d6	1.1643835616438356	0.6057209138114666	0.4927596896224966	1.2292420150591248	0.21898108043664008	0.9999999999999999	d__Bacteria	p__Bacillota	c__Bacilli	o__Lactobacillales	f__Lactobacillaceae	NA	NA
8d01ff094cd1dbccba56575774169322	1	7.812247503266572e-17	0.5156406726742813	1.5150564952042475e-16	0.9999999999999999	0.9999999999999999	d__Bacteria	p__Bacillota	c__Bacilli	o__Lactobacillales	f__Lactobacillaceae	g__Incertae_Sedis	NA
3bac14d2805bf995afe9d316a5777b1e	8590.90410958904	1.11746950186141	1.2390361562103571	0.9018861122497315	0.3671173694265759	0.9999999999999999	d__Bacteria	p__Bacillota	c__Bacilli	o__Lactobacillales	f__Lactobacillaceae	g__Lactobacillus	NA
78500c826f22cac8943b1e6a24736ddf	1	7.812247503266572e-17	0.5156406726742813	1.5150564952042475e-16	0.9999999999999999	0.9999999999999999	d__Bacteria	p__Bacillota	c__Bacilli	o__Lactobacillales	f__Lactobacillaceae	g__Lactobacillus	NA
67712faac9e2fae22c08613a11104b10	1	7.812247503266572e-17	0.5156406726742813	1.5150564952042475e-16	0.9999999999999999	0.9999999999999999	d__Bacteria	p__Bacillota	c__Bacilli	o__Lactobacillales	f__Lactobacillaceae	g__Lactobacillus	NA
e55126d48e57348ad1410ca3c987d5a7	261.5753424657534	1.1152264580027855	1.1860880618110092	0.9402560348680798	0.34708624529326776	0.9999999999999999	d__Bacteria	p__Bacillota	c__Bacilli	o__Lactobacillales	f__Lactobacillaceae	g__Lactobacillus	NA
4c8e9e9625bae27df7fdc81da666be14	1	7.812247503266572e-17	0.5156406726742813	1.5150564952042475e-16	0.9999999999999999	0.9999999999999999	d__Bacteria	p__Bacillota	c__Bacilli	o__Lactobacillales	f__Lactobacillaceae	g__Lactobacillus	NA
c2ce9ab4dfd49adefe174ba650b84aae	1	7.812247503266572e-17	0.5156406726742813	1.5150564952042475e-16	0.9999999999999999	0.9999999999999999	d__Bacteria	p__Bacillota	c__Bacilli	o__Lactobacillales	f__Lactobacillaceae	g__Lactobacillus	NA
05b07ca026c6d57a6d11a453a16f59c8	1	7.812247503266572e-17	0.5156406726742813	1.5150564952042475e-16	0.9999999999999999	0.9999999999999999	d__Bacteria	p__Bacillota	c__Bacilli	o__Lactobacillales	f__Lactobacillaceae	g__Lactobacillus	NA
5513af247a74e9450c886a68765a8f6e	1	7.812247503266572e-17	0.5156406726742813	1.5150564952042475e-16	0.9999999999999999	0.9999999999999999	d__Bacteria	p__Bacillota	c__Bacilli	o__Lactobacillales	f__Lactobacillaceae	g__Lactobacillus	NA
0cf9119c9d8e440d5dd731e22ce0f537	1	7.812247503266572e-17	0.5156406726742813	1.5150564952042475e-16	0.9999999999999999	0.9999999999999999	d__Bacteria	p__Bacillota	c__Bacilli	o__Lactobacillales	f__Lactobacillaceae	g__Lactobacillus	NA
456d174dbfd7362d3148d338ba43b555	1	7.812247503266572e-17	0.5156406726742813	1.5150564952042475e-16	0.9999999999999999	0.9999999999999999	d__Bacteria	p__Bacillota	c__Bacilli	o__Lactobacillales	f__Lactobacillaceae	g__Lactobacillus	NA
abacccb67bb672221511c894fffbe89c	1	7.812247503266572e-17	0.5156406726742813	1.5150564952042475e-16	0.9999999999999999	0.9999999999999999	d__Bacteria	p__Bacillota	c__Bacilli	o__Lactobacillales	f__Lactobacillaceae	g__Lactobacillus	NA
8961809ef142e965d189908690f2a529	1.4931506849315068	-2.3307659440908007e-7	0.6073497304827118	-3.837601018178349e-7	0.9999996938037397	0.9999999999999999	d__Bacteria	p__Bacillota	c__Bacilli	o__Lactobacillales	f__Lactobacillaceae	g__Lactobacillus	NA
2fb128b23cc1639587e021767929870b	1.2602739726027397	-1.2720072071644788e-7	0.5752422564622938	-2.2112548111247056e-7	0.9999998235673926	0.9999999999999999	d__Bacteria	p__Bacillota	c__Bacilli	o__Lactobacillales	f__Lactobacillaceae	g__Lactobacillus	NA
4c7c8a67174a7941f39d5d65650afd49	1.36986301369863	-1.9435588143405506e-7	0.617980633473904	-3.145015731989962e-7	0.9999997490640504	0.9999999999999999	d__Bacteria	p__Bacillota	c__Bacilli	o__Lactobacillales	f__Lactobacillaceae	g__Lactobacillus	NA
73474e650064fb16464d1260150f3769	1.2191780821917808	0.7618400528647897	0.5249486407492885	1.4512658834155145	0.14670583740838575	0.9999999999999999	d__Bacteria	p__Bacillota	c__Bacilli	o__Lactobacillales	f__Lactobacillaceae	g__Lactobacillus	NA
e24b5776f2060d8778c92a3aece918f0	1.273972602739726	-1.4150369769219302	0.4377531556069742	-3.232499774810044	0.0012271223257269758	0.1681879422908149	d__Bacteria	p__Bacillota	c__Bacilli	o__Lactobacillales	f__Lactobacillaceae	g__Lactobacillus	NA
a5345e64cc834b8bf890c20bf7d33c1d	2.0273972602739727	1.9193806461729725	0.6373916778687748	3.0113048425588818	0.0026012755634476454	0.31899852962279024	d__Bacteria	p__Bacillota	c__Bacilli	o__Lactobacillales	f__Lactobacillaceae	g__Lactobacillus	NA
fcebaf004ffa8c7c5361fe6187b36fa0	1.273972602739726	0.9027025342950797	0.5412050582808077	1.667949182076393	0.09532581520201656	0.9999999999999999	d__Bacteria	p__Bacillota	c__Bacilli	o__Lactobacillales	f__Lactobacillaceae	g__Lactobacillus	NA
4e84421257e93a402a6fbabc5d34b821	1.273972602739726	-1.3625616762572227e-7	0.5829940611827443	-2.3371793419180585e-7	0.9999998135200687	0.9999999999999999	d__Bacteria	p__Bacillota	c__Bacilli	o__Lactobacillales	f__Lactobacillaceae	g__Lactobacillus	NA
638c1cbbe0a8cc58647e7647a603ab72	1.4109589041095891	1.0911475541018434	0.5272052206140062	2.069682756234935	0.03848206258954885	0.9999999999999999	d__Bacteria	p__Bacillota	c__Bacilli	o__Lactobacillales	f__Lactobacillaceae	g__Lactobacillus	NA
fb03fb05600615d16bb9610567eaeea1	1.1369863013698631	-0.8744687763635598	0.438327199734631	-1.995013717818503	0.046041383739835275	0.9999999999999999	d__Bacteria	p__Bacillota	c__Bacilli	o__Lactobacillales	f__Lactobacillaceae	g__Lactobacillus	NA
92f2765bbf5d4ed177550e18bbed87f0	1.178082191780822	0.646362876748782	0.5107841846308872	1.2654324393694165	0.20571635272548025	0.9999999999999999	d__Bacteria	p__Bacillota	c__Bacilli	o__Lactobacillales	f__Lactobacillaceae	g__Lactobacillus	NA
3255441a73c39b554397196c0c880abd	1.2328767123287672	-0.8073546084296036	0.4539820499130135	-1.7783844286008643	0.07534073834135871	0.9999999999999999	d__Bacteria	p__Bacillota	c__Bacilli	o__Lactobacillales	f__Lactobacillaceae	g__Lactobacillus	NA
7a481ad1c7ea583122e37c20f6d48a09	1.1643835616438356	-7.12720299785249e-8	0.5233847127491317	-1.361752230097843e-7	0.999999891347892	0.9999999999999999	d__Bacteria	p__Bacillota	c__Bacilli	o__Lactobacillales	f__Lactobacillaceae	g__Lactobacillus	NA
4844f543bf025f816deceb10130f0cb6	1.2602739726027397	0.8687552158711755	0.5373748404977097	1.6166652221130144	0.10595056485839306	0.9999999999999999	d__Bacteria	p__Bacillota	c__Bacilli	o__Lactobacillales	f__Lactobacillaceae	g__Lactobacillus	NA
f805b4e18d0fd74a157b519414a2ba3e	1	7.812247503266572e-17	0.5156406726742813	1.5150564952042475e-16	0.9999999999999999	0.9999999999999999	d__Bacteria	p__Bacillota	c__Bacilli	o__Lactobacillales	f__Lactobacillaceae	g__Lactobacillus	NA
09e996f449e880d1fd8f27d59e8d8b11	1.5616438356164384	1.4764375670356094	0.5683413428657484	2.5978007504978713	0.009382291813239473	0.6624466643893325	d__Bacteria	p__Bacillota	c__Bacilli	o__Lactobacillales	f__Lactobacillaceae	g__Lacticaseibacillus	NA
29daaf94c6c9c41e5044aa321d18a306	1.2465753424657535	-1.0848397575882756e-7	0.5432264955024766	-1.9970302747932328e-7	0.9999998406600377	0.9999999999999999	d__Bacteria	p__Bacillota	c__Bacilli	o__Lactobacillales	f__Lactobacillaceae	g__Lacticaseibacillus	NA
6f899e58ffc768754891187809557d7d	1	7.812247503266572e-17	0.5156406726742813	1.5150564952042475e-16	0.9999999999999999	0.9999999999999999	d__Bacteria	p__Bacillota	c__Bacilli	o__Lactobacillales	f__Lactobacillaceae	g__Ligilactobacillus	NA
9e9c4270966cf507485654eb33a69880	1	7.812247503266572e-17	0.5156406726742813	1.5150564952042475e-16	0.9999999999999999	0.9999999999999999	d__Bacteria	p__Bacillota	c__Bacilli	o__Lactobacillales	f__Lactobacillaceae	g__Weissella	NA
c8364ffd28638c0516d23fb9cbe39cec	88	-0.9018901055086097	0.9953811283714772	-0.9060751503137032	0.36489607710935446	0.9999999999999999	d__Bacteria	p__Bacillota	c__Bacilli	o__Mycoplasmatales	f__Mycoplasmataceae	g__Ureaplasma	NA
e6c740ca4ed284182c87d52ca3c601b6	1	7.812247503266572e-17	0.5156406726742813	1.5150564952042475e-16	0.9999999999999999	0.9999999999999999	d__Bacteria	p__Bacillota	c__Bacilli	o__Lactobacillales	f__Aerococcaceae	g__Aerococcus	NA
484286e56b8b56172aeda79c4e056809	1	7.812247503266572e-17	0.5156406726742813	1.5150564952042475e-16	0.9999999999999999	0.9999999999999999	d__Bacteria	p__Bacillota	c__Bacilli	o__Lactobacillales	f__Aerococcaceae	g__Aerococcus	NA
c45a3b1ba3c7be52bf6cfd79c71d1286	32.863013698630134	-0.06608541736570976	1.0528159678188886	-0.06277015108596658	0.9499495349637238	0.9999999999999999	d__Bacteria	p__Bacillota	c__Bacilli	o__Lactobacillales	f__Aerococcaceae	g__Aerococcus	NA
e68712d76951fcc660c7df2d1116d320	4.698630136986301	-1.416910660465688e-6	0.8451224612734453	-1.676574372820079e-6	0.9999986622871929	0.9999999999999999	d__Bacteria	p__Bacillota	c__Bacilli	o__Lactobacillales	f__Aerococcaceae	g__Aerococcus	NA
851f12ea182c1ef77241b94d46b94306	1	7.812247503266572e-17	0.5156406726742813	1.5150564952042475e-16	0.9999999999999999	0.9999999999999999	d__Bacteria	p__Bacillota	c__Bacilli	o__Lactobacillales	f__Aerococcaceae	g__Aerococcus	NA
5efc6c4d12513b5dd110edd3a8524b91	1.3013698630136987	-1.5158944114503656e-7	0.5916623533037594	-2.562093739758537e-7	0.9999997955744961	0.9999999999999999	d__Bacteria	p__Bacillota	c__Bacilli	o__Lactobacillales	f__Carnobacteriaceae	g__Trichococcus	NA
23b8b65acb9ae8dc5a89b6160b056fa5	1	7.812247503266572e-17	0.5156406726742813	1.5150564952042475e-16	0.9999999999999999	0.9999999999999999	d__Bacteria	p__Bacillota	c__Bacilli	o__Lactobacillales	f__Enterococcaceae	g__Enterococcus	NA
9908fffab7ed4f3bec44cda2f5084d49	1.821917808219178	-0.48793751735932145	0.5726997444337555	-0.8519953467794178	0.3942166747101578	0.9999999999999999	d__Bacteria	p__Bacillota	c__Bacilli	o__Lactobacillales	f__Enterococcaceae	g__Enterococcus	NA
a443e786f67086749ef29ce0ab494c9e	1	7.812247503266572e-17	0.5156406726742813	1.5150564952042475e-16	0.9999999999999999	0.9999999999999999	d__Bacteria	p__Bacillota	c__Bacilli	o__Lactobacillales	f__Enterococcaceae	g__Enterococcus	NA
569653b1659271a290facfcedd0de061	1	7.812247503266572e-17	0.5156406726742813	1.5150564952042475e-16	0.9999999999999999	0.9999999999999999	d__Bacteria	p__Bacillota	c__Bacilli	o__Lactobacillales	f__Enterococcaceae	g__Enterococcus	NA
c5031390a5fabd8e9ca73b98b0fe5a3d	1	7.812247503266572e-17	0.5156406726742813	1.5150564952042475e-16	0.9999999999999999	0.9999999999999999	d__Bacteria	p__Bacillota	c__Bacilli	o__Lactobacillales	f__Enterococcaceae	g__Enterococcus	NA
31903fea91c7cdb500a0dd9c862f4621	1.095890410958904	-0.6629647618135409	0.4523894228335921	-1.46547361266978	0.14279174650433543	0.9999999999999999	d__Bacteria	p__Bacillota	c__Bacilli	o__Bacillales	f__Bacillaceae	NA	NA
a4cbe987942964b584e95e4efab6a176	1.3972602739726028	-2.053283330305704e-7	0.6179806324065944	-3.322569062253016e-7	0.9999997348973443	0.9999999999999999	d__Bacteria	p__Bacillota	c__Bacilli	o__Bacillales	f__Bacillaceae	NA	NA
8ae518dbb29595b3f79214be0b589066	1.4794520547945205	0.8687550579273442	0.57340540110098015	1.5150800049306672	0.129752144616557	0.9999999999999999	d__Bacteria	p__Bacillota	c__Bacilli	o__Lactobacillales	f__Listeriaceae	g__Listeria	NA
9ab201405ef4c6cce6fdd3dc77c4279a	1	7.812247503266572e-17	0.5156406726742813	1.5150564952042475e-16	0.9999999999999999	0.9999999999999999	d__Bacteria	p__Bacillota	c__Bacilli	o__Lactobacillales	f__Listeriaceae	g__Listeria	NA
942ec60e75a4f9183b9b69cbf8960379	1	7.812247503266572e-17	0.5156406726742813	1.5150564952042475e-16	0.9999999999999999	0.9999999999999999	d__Bacteria	p__Bacillota	c__Bacilli	o__Lactobacillales	f__Carnobacteriaceae	g__Granulicatella	NA
2bd9309f2f97cae51d18d06ea1ca519a	1	7.812247503266572e-17	0.5156406726742813	1.5150564952042475e-16	0.9999999999999999	0.9999999999999999	d__Bacteria	p__Bacillota	c__Bacilli	o__Lactobacillales	f__Carnobacteriaceae	g__Granulicatella	NA
e3071eccbbbd1ee2c34f2f169c488e5e	1	7.812247503266572e-17	0.5156406726742813	1.5150564952042475e-16	0.9999999999999999	0.9999999999999999	d__Bacteria	p__Bacillota	c__Bacilli	o__Lactobacillales	f__Aerococcaceae	NA	NA
5f0622cb76057f6b76d4eb82008097e5	1	7.812247503266572e-17	0.5156406726742813	1.5150564952042475e-16	0.9999999999999999	0.9999999999999999	d__Bacteria	p__Bacillota	c__Bacilli	o__Lactobacillales	f__Aerococcaceae	NA	NA
c5b6ff634ad3c513e3df8031f16fcda0	1.1506849315068493	0.563900773950916	0.49295533429147453	1.143918596116647	0.2526573981309288	0.9999999999999999	d__Bacteria	p__Bacillota	c__Bacilli	o__Lactobacillales	f__Aerococcaceae	NA	NA
775e2682fb80883eb7a018b8d363387d	1	7.812247503266572e-17	0.5156406726742813	1.5150564952042475e-16	0.9999999999999999	0.9999999999999999	d__Bacteria	p__Bacillota	c__Bacilli	o__Lactobacillales	f__Aerococcaceae	NA	NA
7fd072aff74564746d11ca0c54ee6ae2	1	7.812247503266572e-17	0.5156406726742813	1.5150564952042475e-16	0.9999999999999999	0.9999999999999999	d__Bacteria	p__Bacillota	c__Bacilli	o__Izemoplasmatales	f__Incertae_Sedis	g__Incertae_Sedis	NA
ec77511ed0d1b26f5e5906fe73dff013	1	7.812247503266572e-17	0.5156406726742813	1.5150564952042475e-16	0.9999999999999999	0.9999999999999999	d__Bacteria	p__Bacillota	c__Bacilli	o__Izemoplasmatales	f__Incertae_Sedis	g__Incertae_Sedis	NA
3aad083a4c822d27071d1ff6163cbfb2	1	7.812247503266572e-17	0.5156406726742813	1.5150564952042475e-16	0.9999999999999999	0.9999999999999999	d__Bacteria	p__Bacillota	c__Bacilli	o__Izemoplasmatales	f__Incertae_Sedis	g__Incertae_Sedis	NA
fb466b8ed3e9b801793c7cff0ad0bfa3	1	7.812247503266572e-17	0.5156406726742813	1.5150564952042475e-16	0.9999999999999999	0.9999999999999999	d__Bacteria	p__Bacillota	c__Bacilli	o__Staphylococcales	f__Staphylococcaceae	g__Nosocomiicoccus	NA
5b5162062395b1f074a47905bde9cb9a	1	7.812247503266572e-17	0.5156406726742813	1.5150564952042475e-16	0.9999999999999999	0.9999999999999999	d__Bacteria	p__Bacillota	c__Bacilli	o__Staphylococcales	f__Staphylococcaceae	g__Nosocomiicoccus	NA
a985f0b427eead7e8c11f3de0a3c1254	1	7.812247503266572e-17	0.5156406726742813	1.5150564952042475e-16	0.9999999999999999	0.9999999999999999	d__Bacteria	p__Bacillota	c__Bacilli	o__Staphylococcales	f__Staphylococcaceae	g__Staphylococcus	NA
cd24a0915f66d42f295b507570c0c4b1	1	7.812247503266572e-17	0.5156406726742813	1.5150564952042475e-16	0.9999999999999999	0.9999999999999999	d__Bacteria	p__Bacillota	c__Bacilli	o__Staphylococcales	f__Staphylococcaceae	g__Staphylococcus	NA
f04a30e7186b66662a7a3469f04033b1	1	7.812247503266572e-17	0.5156406726742813	1.5150564952042475e-16	0.9999999999999999	0.9999999999999999	d__Bacteria	p__Bacillota	c__Bacilli	o__Staphylococcales	f__Staphylococcaceae	g__Staphylococcus	NA
65d43491988bfe557da4d86a5ba25dae	7.123287671232877	-0.4586055042720305	0.7344263914953839	-0.6244403926420079	0.532338404900315	0.9999999999999999	d__Bacteria	p__Bacillota	c__Bacilli	o__Staphylococcales	f__Staphylococcaceae	g__Staphylococcus	NA
1a26d1576717130f01d04c5e35e90713	1.178082191780822	0.6463628767487823	0.5107841846308911	1.2654324393694074	0.20571635272548353	0.9999999999999999	d__Bacteria	p__Bacillota	c__Bacilli	o__Staphylococcales	f__Staphylococcaceae	g__Staphylococcus	NA
26c6e3ed14694582e207478c1f23c21f	1	7.812247503266572e-17	0.5156406726742813	1.5150564952042475e-16	0.9999999999999999	0.9999999999999999	d__Bacteria	p__Bacillota	c__Bacilli	o__Erysipelotrichales	f__Erysipelotrichaceae	g__Turicibacter	NA
be5cc85bd2ac16b6ae446fd24b1e2308	1	7.812247503266572e-17	0.5156406726742813	1.5150564952042475e-16	0.9999999999999999	0.9999999999999999	d__Bacteria	p__Bacillota	c__Bacilli	o__Erysipelotrichales	f__Erysipelotrichaceae	g__Turicibacter	NA
70ccde8ba36f6355483b86ee336e82c2	4.36986301369863	-0.05889389415832464	0.7923334754408896	-0.07432968060014561	0.9407480606437569	0.9999999999999999	d__Bacteria	p__Bacillota	c__Bacilli	o__Staphylococcales	f__Gemellaceae	g__Gemella	NA
566ff3542af7a37670c308327c3c782c	1	7.812247503266572e-17	0.5156406726742813	1.5150564952042475e-16	0.9999999999999999	0.9999999999999999	d__Bacteria	p__Bacillota	c__Bacilli	o__Staphylococcales	f__Gemellaceae	g__Gemella	NA
a26e0af7a0a6347cc7c9b1a361116f27	1.082191780821918	-3.725037366785403e-8	0.5176973198883104	-7.195396274388776e-8	0.999999942589044	0.9999999999999999	d__Bacteria	p__Bacillota	c__Bacilli	o__Staphylococcales	f__Gemellaceae	g__Gemella	NA
85c44c83eddc5d3028261a1000b7d0e1	1.3150684931506849	0.9999997431098264	0.5068745147295336	1.9728743782737286	0.048509876412617406	0.9999999999999999	d__Bacteria	p__Bacillota	c__Bacilli	o__Staphylococcales	f__Gemellaceae	g__Gemella	NA
f4a51f5ce43b3761a9cddd0b3e0b6731	1	7.812247503266572e-17	0.5156406726742813	1.5150564952042475e-16	0.9999999999999999	0.9999999999999999	d__Bacteria	p__Bacillota	c__Bacilli	o__Staphylococcales	f__Gemellaceae	g__Gemella	NA
8c34fcb68ccd5fd5855d173e5486df4b	1	7.812247503266572e-17	0.5156406726742813	1.5150564952042475e-16	0.9999999999999999	0.9999999999999999	d__Bacteria	p__Bacillota	c__Bacilli	o__RF39	f__Incertae_Sedis	g__Incertae_Sedis	NA
07cc0347d6ef242f7de0e364092fc19a	1	7.812247503266572e-17	0.5156406726742813	1.5150564952042475e-16	0.9999999999999999	0.9999999999999999	d__Bacteria	p__Bacillota	c__Bacilli	o__RF39	f__Incertae_Sedis	g__Incertae_Sedis	NA
bb518fecd8ffb68f2c76deb00d50f592	1	7.812247503266572e-17	0.5156406726742813	1.5150564952042475e-16	0.9999999999999999	0.9999999999999999	d__Bacteria	p__Bacillota	c__Bacilli	o__RF39	f__Incertae_Sedis	g__Incertae_Sedis	NA
fafabb1c20c5f8873c3726e4485e3352	1	7.812247503266572e-17	0.5156406726742813	1.5150564952042475e-16	0.9999999999999999	0.9999999999999999	d__Bacteria	p__Bacillota	c__Bacilli	o__RF39	f__Incertae_Sedis	g__Incertae_Sedis	NA
5f974f9e9c4d789f6a052bab4674e890	1	7.812247503266572e-17	0.5156406726742813	1.5150564952042475e-16	0.9999999999999999	0.9999999999999999	d__Bacteria	p__Bacillota	c__Bacilli	o__RF39	f__Incertae_Sedis	g__Incertae_Sedis	NA
f646c254e568a1126ec17324cc80ad69	1	7.812247503266572e-17	0.5156406726742813	1.5150564952042475e-16	0.9999999999999999	0.9999999999999999	d__Bacteria	p__Bacillota	c__Bacilli	o__RF39	f__Incertae_Sedis	g__Incertae_Sedis	NA
3de9c74cb0cb995a1c311ee7bdf36fd7	1	7.812247503266572e-17	0.5156406726742813	1.5150564952042475e-16	0.9999999999999999	0.9999999999999999	d__Bacteria	p__Bacillota	c__Bacilli	o__RF39	f__Incertae_Sedis	g__Incertae_Sedis	NA
7fe14e1289665c68e6f36d5ed763cfa8	1	7.812247503266572e-17	0.5156406726742813	1.5150564952042475e-16	0.9999999999999999	0.9999999999999999	d__Bacteria	p__Bacillota	c__Bacilli	o__RF39	f__Incertae_Sedis	g__Incertae_Sedis	NA
bd6cf3f5a66cefd7b96fb6cf75d23cd2	1	7.812247503266572e-17	0.5156406726742813	1.5150564952042475e-16	0.9999999999999999	0.9999999999999999	d__Bacteria	p__Bacillota	c__Bacilli	o__RF39	f__Incertae_Sedis	g__Incertae_Sedis	NA
177db53ded58fcf2915778bff9a04f2c	1	7.812247503266572e-17	0.5156406726742813	1.5150564952042475e-16	0.9999999999999999	0.9999999999999999	d__Bacteria	p__Bacillota	c__Bacilli	o__RF39	f__Incertae_Sedis	g__Incertae_Sedis	NA
c7cf8a8f75d27cb64693299761833b87	1	7.812247503266572e-17	0.5156406726742813	1.5150564952042475e-16	0.9999999999999999	0.9999999999999999	d__Bacteria	p__Bacillota	c__Bacilli	o__RF39	f__Incertae_Sedis	g__Incertae_Sedis	NA
c7710d6f144476667c42e65e2ec71053	1	7.812247503266572e-17	0.5156406726742813	1.5150564952042475e-16	0.9999999999999999	0.9999999999999999	d__Bacteria	p__Actinomycetota	c__Coriobacteriia	o__Coriobacteriales	f__Eggerthellaceae	g__Incertae_Sedis	NA
df1e6d1f962b2d50683e9c049e77d49a	1	7.812247503266572e-17	0.5156406726742813	1.5150564952042475e-16	0.9999999999999999	0.9999999999999999	d__Bacteria	p__Actinomycetota	c__Coriobacteriia	o__Coriobacteriales	f__Eggerthellaceae	g__Incertae_Sedis	NA
ad71b192343facecd54843bccb0470da	1	7.812247503266572e-17	0.5156406726742813	1.5150564952042475e-16	0.9999999999999999	0.9999999999999999	d__Bacteria	p__Actinomycetota	c__Coriobacteriia	o__Coriobacteriales	f__Eggerthellaceae	g__Adlercreutzia	NA
dffd7d5e83db17c6c0bce2832d77bec0	1	7.812247503266572e-17	0.5156406726742813	1.5150564952042475e-16	0.9999999999999999	0.9999999999999999	d__Bacteria	p__Actinomycetota	c__Coriobacteriia	o__Coriobacteriales	f__Eggerthellaceae	g__Adlercreutzia	NA
557b236b805bd4ec867cc86bd78e4dd6	1	7.812247503266572e-17	0.5156406726742813	1.5150564952042475e-16	0.9999999999999999	0.9999999999999999	d__Bacteria	p__Actinomycetota	c__Coriobacteriia	o__Coriobacteriales	f__Eggerthellaceae	g__Berryella	NA
4f1ddb6e7d5befadf0b9ab146d9d037b	74.31506849315069	1.5598549554364873	1.1314324478388045	1.3786549593977353	0.16800116268368476	0.9999999999999999	d__Bacteria	p__Actinomycetota	c__Coriobacteriia	o__Coriobacteriales	f__Eggerthellaceae	g__Berryella	NA
4bcbefafa048c06a56a0d5196d864e14	1	7.812247503266572e-17	0.5156406726742813	1.5150564952042475e-16	0.9999999999999999	0.9999999999999999	d__Bacteria	p__Actinomycetota	c__Coriobacteriia	o__Coriobacteriales	f__Eggerthellaceae	g__Adlercreutzia	NA
1b9ab7ba8573cbfe5f1a9f59f0b38ff4	1	7.812247503266572e-17	0.5156406726742813	1.5150564952042475e-16	0.9999999999999999	0.9999999999999999	d__Bacteria	p__Actinomycetota	c__Coriobacteriia	o__Coriobacteriales	f__Eggerthellaceae	g__Asaccharobacter	NA
0ef1d7890dcde5ea0b4f12dbc7cbaf9c	1	7.812247503266572e-17	0.5156406726742813	1.5150564952042475e-16	0.9999999999999999	0.9999999999999999	d__Bacteria	p__Actinomycetota	c__Coriobacteriia	o__Coriobacteriales	f__Eggerthellaceae	g__Adlercreutzia	NA
3114d42cc9f862a2a18d7e5efde7fa9b	1	7.812247503266572e-17	0.5156406726742813	1.5150564952042475e-16	0.9999999999999999	0.9999999999999999	d__Bacteria	p__Actinomycetota	c__Coriobacteriia	o__Coriobacteriales	f__Eggerthellaceae	g__Slackia	NA
ef07177917eb453f28d1d7fbc847fa52	1	7.812247503266572e-17	0.5156406726742813	1.5150564952042475e-16	0.9999999999999999	0.9999999999999999	d__Bacteria	p__Actinomycetota	c__Coriobacteriia	o__Coriobacteriales	f__Eggerthellaceae	g__Slackia	NA
e673dc964cf400af5e4dbeb2991f4b11	1.452054794520548	-2.0117845394885904e-7	0.5826408101837552	-3.452872686439707e-7	0.9999997245006194	0.9999999999999999	d__Bacteria	p__Actinomycetota	c__Coriobacteriia	o__Coriobacteriales	f__Eggerthellaceae	g__Slackia	NA
a1a2a4326524ddcb86d54831586052d2	1	7.812247503266572e-17	0.5156406726742813	1.5150564952042475e-16	0.9999999999999999	0.9999999999999999	d__Bacteria	p__Actinomycetota	c__Coriobacteriia	o__Coriobacteriales	f__Eggerthellaceae	g__Slackia	NA
5630abcf2a0751973b520c34da2efded	1	7.812247503266572e-17	0.5156406726742813	1.5150564952042475e-16	0.9999999999999999	0.9999999999999999	d__Bacteria	p__Actinomycetota	c__Coriobacteriia	o__Coriobacteriales	f__Eggerthellaceae	g__Slackia	NA
7465575a890dbec96aa2ef02b9b33c19	1	7.812247503266572e-17	0.5156406726742813	1.5150564952042475e-16	0.9999999999999999	0.9999999999999999	d__Bacteria	p__Actinomycetota	c__Coriobacteriia	o__Coriobacteriales	f__Eggerthellaceae	g__Senegalimassilia	NA
35195a80f6fb69ef8bd6827d1b045aad	1	7.812247503266572e-17	0.5156406726742813	1.5150564952042475e-16	0.9999999999999999	0.9999999999999999	d__Bacteria	p__Actinomycetota	c__Coriobacteriia	o__Coriobacteriales	f__Eggerthellaceae	g__Senegalimassilia	NA
1e0296c7b89d1cd0d4d0bc8bf16822fc	1	7.812247503266572e-17	0.5156406726742813	1.5150564952042475e-16	0.9999999999999999	0.9999999999999999	d__Bacteria	p__Actinomycetota	c__Coriobacteriia	o__Coriobacteriales	f__Eggerthellaceae	g__Senegalimassilia	NA
d8f492f56455891fe640d83e99eebe43	1	7.812247503266572e-17	0.5156406726742813	1.5150564952042475e-16	0.9999999999999999	0.9999999999999999	d__Bacteria	p__Actinomycetota	c__Coriobacteriia	o__Coriobacteriales	f__Eggerthellaceae	g__Adlercreutzia	NA
b8f3e25d11280a9e2189700e107de07c	1	7.812247503266572e-17	0.5156406726742813	1.5150564952042475e-16	0.9999999999999999	0.9999999999999999	d__Bacteria	p__Actinomycetota	c__Coriobacteriia	o__Coriobacteriales	f__Eggerthellaceae	g__Adlercreutzia	NA
e1f30b1b47f80404147cdeb7df90687b	1	7.812247503266572e-17	0.5156406726742813	1.5150564952042475e-16	0.9999999999999999	0.9999999999999999	d__Bacteria	p__Actinomycetota	c__Coriobacteriia	o__Coriobacteriales	f__Eggerthellaceae	g__Gordonibacter	NA
ca72a089674006d2e9cade617df3d5d7	1	7.812247503266572e-17	0.5156406726742813	1.5150564952042475e-16	0.9999999999999999	0.9999999999999999	d__Bacteria	p__Actinomycetota	c__Coriobacteriia	o__Coriobacteriales	f__Eggerthellaceae	g__Gordonibacter	NA
3a579525f44db2e200d4bb4391842139	1	7.812247503266572e-17	0.5156406726742813	1.5150564952042475e-16	0.9999999999999999	0.9999999999999999	d__Bacteria	p__Actinomycetota	c__Coriobacteriia	o__Coriobacteriales	f__Eggerthellaceae	g__Gordonibacter	NA
7fbd34fbe0bb06c8ad8108a17c73bf3f	1	7.812247503266572e-17	0.5156406726742813	1.5150564952042475e-16	0.9999999999999999	0.9999999999999999	d__Bacteria	p__Actinomycetota	c__Coriobacteriia	o__Coriobacteriales	f__Eggerthellaceae	g__Eggerthella	NA
fc063306a5517411b5a8ff299dc4d7ab	1	7.812247503266572e-17	0.5156406726742813	1.5150564952042475e-16	0.9999999999999999	0.9999999999999999	d__Bacteria	p__Actinomycetota	c__Coriobacteriia	o__Coriobacteriales	f__Eggerthellaceae	g__Eggerthella	NA
2777193159876da0512cd81cdda506bc	1	7.812247503266572e-17	0.5156406726742813	1.5150564952042475e-16	0.9999999999999999	0.9999999999999999	d__Bacteria	p__Actinomycetota	c__Coriobacteriia	o__Coriobacteriales	f__Eggerthellaceae	g__Eggerthella	NA
42b57c0489629d2eaa592473f747682e	1	7.812247503266572e-17	0.5156406726742813	1.5150564952042475e-16	0.9999999999999999	0.9999999999999999	d__Bacteria	p__Actinomycetota	c__Coriobacteriia	o__Coriobacteriales	f__Eggerthellaceae	g__Eggerthella	NA
ac11726e4c3f29d2e1beb38dc31eb68e	1	7.812247503266572e-17	0.5156406726742813	1.5150564952042475e-16	0.9999999999999999	0.9999999999999999	d__Bacteria	p__Actinomycetota	c__Coriobacteriia	o__Coriobacteriales	f__Eggerthellaceae	g__Eggerthella	NA
629f41c0de31ba20f5d2b3f4c69e09c1	1	7.812247503266572e-17	0.5156406726742813	1.5150564952042475e-16	0.9999999999999999	0.9999999999999999	d__Bacteria	p__Actinomycetota	c__Coriobacteriia	o__Coriobacteriales	f__Eggerthellaceae	g__Eggerthella	NA
871b99772b7ead3ed8a217f566729af6	1	7.812247503266572e-17	0.5156406726742813	1.5150564952042475e-16	0.9999999999999999	0.9999999999999999	d__Bacteria	p__Actinomycetota	c__Coriobacteriia	o__Coriobacteriales	f__Coriobacteriales_Incertae_Sedis	g__Incertae_Sedis	NA
a2b9b9deddf3af6663a2c624e9cde107	1.1506849315068493	0.5639007739509158	0.49295533429147503	1.1439185961166454	0.25265739813092947	0.9999999999999999	d__Bacteria	p__Actinomycetota	c__Coriobacteriia	o__Coriobacteriales	f__Atopobiaceae	g__Olsenella	NA
2a394342d2a01c6285efc00378091b6d	1	7.812247503266572e-17	0.5156406726742813	1.5150564952042475e-16	0.9999999999999999	0.9999999999999999	d__Bacteria	p__Actinomycetota	c__Coriobacteriia	o__Coriobacteriales	f__Atopobiaceae	g__Parolsenella	NA
9a67e1965fe9ce8fed8d8fbe40c3ec36	1	7.812247503266572e-17	0.5156406726742813	1.5150564952042475e-16	0.9999999999999999	0.9999999999999999	d__Bacteria	p__Actinomycetota	c__Coriobacteriia	o__Coriobacteriales	f__Coriobacteriaceae	g__Collinsella	NA
35cbb315e019e0a8768d4b73862df415	1.273972602739726	0.12029409455577461	0.5287957810505034	0.227486865187916	0.8200451815886987	0.9999999999999999	d__Bacteria	p__Actinomycetota	c__Coriobacteriia	o__Coriobacteriales	f__Coriobacteriaceae	g__Collinsella	NA
69659d7edd60cd37bbdc9e3bb7f77431	1	7.812247503266572e-17	0.5156406726742813	1.5150564952042475e-16	0.9999999999999999	0.9999999999999999	d__Bacteria	p__Actinomycetota	c__Coriobacteriia	o__Coriobacteriales	f__Coriobacteriaceae	g__Collinsella	NA
f99ab34daac23c1ed229622264a46113	1	7.812247503266572e-17	0.5156406726742813	1.5150564952042475e-16	0.9999999999999999	0.9999999999999999	d__Bacteria	p__Actinomycetota	c__Coriobacteriia	o__Coriobacteriales	f__Atopobiaceae	g__Incertae_Sedis	NA
a8778404029555f979afd941e00ddbb2	1	7.812247503266572e-17	0.5156406726742813	1.5150564952042475e-16	0.9999999999999999	0.9999999999999999	d__Bacteria	p__Actinomycetota	c__Coriobacteriia	o__Coriobacteriales	f__Atopobiaceae	g__Incertae_Sedis	NA
0c786d6e45f507c4b2a45db58952b19d	1	7.812247503266572e-17	0.5156406726742813	1.5150564952042475e-16	0.9999999999999999	0.9999999999999999	d__Bacteria	p__Actinomycetota	c__Coriobacteriia	o__Coriobacteriales	f__Atopobiaceae	g__Parolsenella	NA
5c8ab304c9598e43323adcc4607c798a	1.178082191780822	0.6463628767487826	0.5107841846308879	1.2654324393694159	0.2057163527254805	0.9999999999999999	d__Bacteria	p__Actinomycetota	c__Coriobacteriia	o__Coriobacteriales	f__Atopobiaceae	g__Lancefieldella	NA
1386a57247e2d8cf692503afab3209a5	1	7.812247503266572e-17	0.5156406726742813	1.5150564952042475e-16	0.9999999999999999	0.9999999999999999	d__Bacteria	p__Actinomycetota	c__Coriobacteriia	o__Coriobacteriales	f__Atopobiaceae	g__Lancefieldella	NA
f9612c98d79c37a803a973724113cef6	1	7.812247503266572e-17	0.5156406726742813	1.5150564952042475e-16	0.9999999999999999	0.9999999999999999	d__Bacteria	p__Actinomycetota	c__Coriobacteriia	o__Coriobacteriales	f__Atopobiaceae	g__Lancefieldella	NA
5ab3a059593c2ae420d4f4ee3c3b18c8	1.2602739726027397	-1.272007191561195e-7	0.5752422564622942	-2.2112547839999858e-7	0.9999998235673948	0.9999999999999999	d__Bacteria	p__Actinomycetota	c__Coriobacteriia	o__Coriobacteriales	f__Atopobiaceae	g__Atopobium	NA
5cae10424570f575a812a5a31f5f1483	1.273972602739726	0.5639007048679523	0.511441171684144	1.102571979121396	0.270213084349713	0.9999999999999999	d__Bacteria	p__Actinomycetota	c__Coriobacteriia	o__Coriobacteriales	f__Atopobiaceae	g__Atopobium	NA
d80ecd40c3ec6b9051c0011e0d666990	1	7.812247503266572e-17	0.5156406726742813	1.5150564952042475e-16	0.9999999999999999	0.9999999999999999	d__Bacteria	p__Actinomycetota	c__Coriobacteriia	o__Coriobacteriales	f__Atopobiaceae	g__Atopobium	NA
78f1224136a594084b29c27221ef08b9	1	7.812247503266572e-17	0.5156406726742813	1.5150564952042475e-16	0.9999999999999999	0.9999999999999999	d__Bacteria	p__Actinomycetota	c__Coriobacteriia	o__Coriobacteriales	f__Atopobiaceae	g__Lancefieldella	NA
f8a1fba13fea6294ac6a4f4071785e8a	2.1506849315068495	-0.01015226534086719	0.6092626892074131	-0.016663198847896337	0.9867053061475037	0.9999999999999999	d__Bacteria	p__Actinomycetota	c__Coriobacteriia	o__Coriobacteriales	f__Atopobiaceae	NA	NA
5bcd2802f3d0f4991ce5bc148b25eb71	1	7.812247503266572e-17	0.5156406726742813	1.5150564952042475e-16	0.9999999999999999	0.9999999999999999	d__Bacteria	p__Actinomycetota	c__Coriobacteriia	o__Coriobacteriales	f__Atopobiaceae	NA	NA
ea61f39afc44bcb7887ad9b4fb0ab3ff	1	7.812247503266572e-17	0.5156406726742813	1.5150564952042475e-16	0.9999999999999999	0.9999999999999999	d__Bacteria	p__Actinomycetota	c__Coriobacteriia	o__Coriobacteriales	f__Atopobiaceae	NA	NA
5f69e7570cbc0562106258b3252493c0	24.82191780821918	-1.353633950861884	0.9874015558280481	-1.3709052237888246	0.1704045027214023	0.9999999999999999	d__Bacteria	p__Actinomycetota	c__Coriobacteriia	o__Coriobacteriales	f__Atopobiaceae	g__Fannyhessea	NA
e09d949d7cec463caece6ea299532d89	54.56164383561644	-5.2761158751826684	1.0516510391817488	-5.0169834656254615	5.248908305982159e-7	2.0383260588230717e-4	d__Bacteria	p__Actinomycetota	c__Coriobacteriia	o__Coriobacteriales	f__Atopobiaceae	g__Fannyhessea	NA
75995d3da38bc53cbe45c518f11ceae5	1.1369863013698631	-6.003859340531792e-8	0.5206522344418955	-1.1531419522222026e-7	0.999999907992584	0.9999999999999999	d__Bacteria	p__Actinomycetota	c__Coriobacteriia	o__Coriobacteriales	f__Atopobiaceae	g__Fannyhessea	NA
0e1576434ee32820684481cac317c2c6	1.2328767123287672	-1.0170949729152073e-7	0.5386555783898356	-1.8882102287987739e-7	0.9999998493426211	0.9999999999999999	d__Bacteria	p__Actinomycetota	c__Coriobacteriia	o__Coriobacteriales	f__Atopobiaceae	g__Fannyhessea	NA
80bbb02fb4e9ea0e27e3d4c776f8ad51	1.095890410958904	-4.305163140626e-8	0.518246199584416	-8.307177445928847e-8	0.9999999337183137	0.9999999999999999	d__Bacteria	p__Actinomycetota	c__Coriobacteriia	o__Coriobacteriales	f__Atopobiaceae	g__Fannyhessea	NA
a22c8ef72659b99e76dd5d4ec6b37843	2112.5890410958905	-1.9526351747983781	1.303547336037441	-1.4979395997494438	0.1341489439343553	0.9999999999999999	d__Bacteria	p__Actinomycetota	c__Coriobacteriia	o__Coriobacteriales	f__Atopobiaceae	g__Fannyhessea	NA
79782755a18c72d86cf07428121c811d	42.64383561643836	-4.380815455311486	1.0344335486408702	-4.234989730434968	2.2856215108459012e-5	0.005917220133634389	d__Bacteria	p__Actinomycetota	c__Coriobacteriia	o__Coriobacteriales	f__Atopobiaceae	g__Fannyhessea	NA
7427cc5ba277f690df113d56e5c6b538	1	7.812247503266572e-17	0.5156406726742813	1.5150564952042475e-16	0.9999999999999999	0.9999999999999999	d__Bacteria	p__Actinomycetota	c__Coriobacteriia	o__Coriobacteriales	f__Incertae_Sedis	g__Incertae_Sedis	NA
7ec0dd1971b9aa3f61c5b3a5c3f5d3ca	1	7.812247503266572e-17	0.5156406726742813	1.5150564952042475e-16	0.9999999999999999	0.9999999999999999	d__Bacteria	p__Actinomycetota	c__Coriobacteriia	o__Coriobacteriales	f__Incertae_Sedis	g__Incertae_Sedis	NA
946a5449049244c3ee2bad73b5d83547	1	7.812247503266572e-17	0.5156406726742813	1.5150564952042475e-16	0.9999999999999999	0.9999999999999999	d__Bacteria	p__Bacillota	c__Bacilli	o__Mycoplasmatales	f__Mycoplasmataceae	g__Mycoplasmopsis	NA
3ee2737f18047cff2f0d8eb20c8385c3	2.8493150684931505	-0.41503773555364565	0.7505990415062566	-0.5529420004597569	0.5803031262132579	0.9999999999999999	d__Bacteria	p__Bacillota	c__Bacilli	o__Mycoplasmatales	f__Mycoplasmataceae	g__Mycoplasma	NA
58d48f7fae77eb29ab6dc15fd07b5dfc	1	7.812247503266572e-17	0.5156406726742813	1.5150564952042475e-16	0.9999999999999999	0.9999999999999999	d__Bacteria	p__Verrucomicrobiota	c__Lentisphaeria	o__Victivallales	f__vadinBE97	g__Incertae_Sedis	NA
dc8b0b246ab81bc82c56543dd2d18b84	1	7.812247503266572e-17	0.5156406726742813	1.5150564952042475e-16	0.9999999999999999	0.9999999999999999	d__Bacteria	p__Verrucomicrobiota	c__Lentisphaeria	o__Victivallales	f__Victivallaceae	g__Victivallis	NA
822a0ee849989f75cc532cb3540de19a	1	7.812247503266572e-17	0.5156406726742813	1.5150564952042475e-16	0.9999999999999999	0.9999999999999999	d__Bacteria	p__Verrucomicrobiota	c__Lentisphaeria	o__Victivallales	f__Victivallaceae	g__Victivallis	NA
16d139ad0f5d3f9e3b84cb43b9528b45	1	7.812247503266572e-17	0.5156406726742813	1.5150564952042475e-16	0.9999999999999999	0.9999999999999999	d__Bacteria	p__Bacillota	c__Clostridia	o__Peptostreptococcales-Tissierellales	f__Family_XI	g__Ezakiella	NA
7960f9a6786b951809d1468b0f889a02	1.1643835616438356	0.6057209138114664	0.49275968962249705	1.2292420150591232	0.21898108043664063	0.9999999999999999	d__Bacteria	p__Bacillota	c__Clostridia	o__Peptostreptococcales-Tissierellales	f__Family_XI	g__Ezakiella	NA
7172e3ecad730ff45cd546d57bf99510	1	7.812247503266572e-17	0.5156406726742813	1.5150564952042475e-16	0.9999999999999999	0.9999999999999999	d__Bacteria	p__Bacillota	c__Clostridia	o__Peptostreptococcales-Tissierellales	f__Family_XI	g__Ezakiella	NA
7fae613f7cc102eb5599d1caa6893bb9	3.5205479452054793	1.9682891007825718	0.7686341820142923	2.560761864147713	0.010444291928635972	0.7157411821682886	d__Bacteria	p__Bacillota	c__Clostridia	o__Peptostreptococcales-Tissierellales	f__Family_XI	g__Ezakiella	NA
f913d0daa2b8a949ecf86d443bce603d	1.082191780821918	-3.725037371929173e-8	0.5176973198883101	-7.195396284324644e-8	0.999999942589044	0.9999999999999999	d__Bacteria	p__Bacillota	c__Clostridia	o__Peptostreptococcales-Tissierellales	f__Family_XI	g__Ezakiella	NA
c3270205a4f08b936a121ced76a19e3e	1	7.812247503266572e-17	0.5156406726742813	1.5150564952042475e-16	0.9999999999999999	0.9999999999999999	d__Bacteria	p__Bacillota	c__Clostridia	o__Peptostreptococcales-Tissierellales	f__Family_XI	g__Ezakiella	NA
e9622da5cb92d2ab6bf19953447a7ff5	1	7.812247503266572e-17	0.5156406726742813	1.5150564952042475e-16	0.9999999999999999	0.9999999999999999	d__Bacteria	p__Bacillota	c__Clostridia	o__Peptostreptococcales-Tissierellales	f__Family_XI	g__Ezakiella	NA
14d0d57ff9ee90927a8c2ea4bc946ba0	1.2328767123287672	-1.0170949862789304e-7	0.5386555783898354	-1.8882102536081772e-7	0.9999998493426191	0.9999999999999999	d__Bacteria	p__Bacillota	c__Clostridia	o__Peptostreptococcales-Tissierellales	f__Family_XI	g__Fenollaria	NA
24765397c72c219356beaf671e3aaad8	1	7.812247503266572e-17	0.5156406726742813	1.5150564952042475e-16	0.9999999999999999	0.9999999999999999	d__Bacteria	p__Bacillota	c__Clostridia	o__Peptostreptococcales-Tissierellales	f__Family_XI	g__Fenollaria	NA
3abe55788097bd9e5b181f0fd50bedff	1	7.812247503266572e-17	0.5156406726742813	1.5150564952042475e-16	0.9999999999999999	0.9999999999999999	d__Bacteria	p__Bacillota	c__Clostridia	o__Peptostreptococcales-Tissierellales	f__Family_XI	g__Fenollaria	NA
1ae9f0a22044e47d735c9f56d4eabe7c	1	7.812247503266572e-17	0.5156406726742813	1.5150564952042475e-16	0.9999999999999999	0.9999999999999999	d__Bacteria	p__Bacillota	c__Clostridia	o__Peptostreptococcales-Tissierellales	f__Family_XI	g__Fenollaria	NA
cea8e1a84a635bb445ef1b9240ca0288	1	7.812247503266572e-17	0.5156406726742813	1.5150564952042475e-16	0.9999999999999999	0.9999999999999999	d__Bacteria	p__Bacillota	c__Clostridia	o__Peptostreptococcales-Tissierellales	f__Family_XI	g__Fenollaria	NA
4412be52a441ed1fc13bfc8f6a7262f5	1	7.812247503266572e-17	0.5156406726742813	1.5150564952042475e-16	0.9999999999999999	0.9999999999999999	d__Bacteria	p__Bacillota	c__Clostridia	o__Peptostreptococcales-Tissierellales	f__Family_XI	g__Fenollaria	NA
a0d739c6c1b016cb7e8a0eb07ffa4d88	1	7.812247503266572e-17	0.5156406726742813	1.5150564952042475e-16	0.9999999999999999	0.9999999999999999	d__Bacteria	p__Bacillota	c__Clostridia	o__Peptostreptococcales-Tissierellales	f__Family_XI	g__Fenollaria	NA
052ed87a5bce8789c20b59effda065d6	8.657534246575343	0.1816947452456499	0.8180936419884965	0.22209529071025927	0.8242397037895264	0.9999999999999999	d__Bacteria	p__Bacillota	c__Clostridia	o__Peptostreptococcales-Tissierellales	f__Family_XI	g__Fenollaria	NA
603c708a04bad70ea8e5099a5197c62a	1	7.812247503266572e-17	0.5156406726742813	1.5150564952042475e-16	0.9999999999999999	0.9999999999999999	d__Bacteria	p__Bacillota	c__Clostridia	o__Peptostreptococcales-Tissierellales	f__Family_XI	g__Fenollaria	NA
6f824b7c90f7e6f9f761b446247e9ec5	1	7.812247503266572e-17	0.5156406726742813	1.5150564952042475e-16	0.9999999999999999	0.9999999999999999	d__Bacteria	p__Bacillota	c__Clostridia	o__Peptostreptococcales-Tissierellales	f__Family_XI	g__Fenollaria	NA
b79da6351eafa397e464a8aaa687a970	1	7.812247503266572e-17	0.5156406726742813	1.5150564952042475e-16	0.9999999999999999	0.9999999999999999	d__Bacteria	p__Bacillota	c__Clostridia	o__Peptostreptococcales-Tissierellales	f__Family_XI	g__Fenollaria	NA
430717e69510d86450e1111e1d25744b	1	7.812247503266572e-17	0.5156406726742813	1.5150564952042475e-16	0.9999999999999999	0.9999999999999999	d__Bacteria	p__Bacillota	c__Clostridia	o__Peptostreptococcales-Tissierellales	f__Family_XI	g__Fenollaria	NA
6e40593253a55e1ea76004b6e99f2345	1	7.812247503266572e-17	0.5156406726742813	1.5150564952042475e-16	0.9999999999999999	0.9999999999999999	d__Bacteria	p__Bacillota	c__Clostridia	o__Peptostreptococcales-Tissierellales	f__Family_XI	g__Fenollaria	NA
9f6ab14a559dfaa21b2cd4899b691e56	1	7.812247503266572e-17	0.5156406726742813	1.5150564952042475e-16	0.9999999999999999	0.9999999999999999	d__Bacteria	p__Bacillota	c__Clostridia	o__Peptostreptococcales-Tissierellales	f__Family_XI	g__Fenollaria	NA
eebdf542c58b46b9406e8329ec3c4637	1	7.812247503266572e-17	0.5156406726742813	1.5150564952042475e-16	0.9999999999999999	0.9999999999999999	d__Bacteria	p__Bacillota	c__Clostridia	o__Peptostreptococcales-Tissierellales	f__Family_XI	g__Anaerococcus	NA
9287624e38c5245c85f53198acc6a7f3	1	7.812247503266572e-17	0.5156406726742813	1.5150564952042475e-16	0.9999999999999999	0.9999999999999999	d__Bacteria	p__Bacillota	c__Clostridia	o__Peptostreptococcales-Tissierellales	f__Family_XI	g__Anaerococcus	NA
788d568979c4dff8ffc0dd1a378be1d4	1.0273972602739727	0.12029420247329663	0.5090991755503618	0.23628834665318904	0.813208928975602	0.9999999999999999	d__Bacteria	p__Bacillota	c__Clostridia	o__Peptostreptococcales-Tissierellales	f__Family_XI	g__Anaerococcus	NA
f230bdda6982543843a76e67de7a65c2	1	7.812247503266572e-17	0.5156406726742813	1.5150564952042475e-16	0.9999999999999999	0.9999999999999999	d__Bacteria	p__Bacillota	c__Clostridia	o__Peptostreptococcales-Tissierellales	f__Family_XI	g__Anaerococcus	NA
f42309a74e8f72143785a7207584b6f7	1.2465753424657535	-1.0519433824314653e-7	0.5349265652294614	-1.9665192398515955e-7	0.999999843094466	0.9999999999999999	d__Bacteria	p__Bacillota	c__Clostridia	o__Peptostreptococcales-Tissierellales	f__Family_XI	g__Anaerococcus	NA
9e3e61ab8f8501e49dfd6f9a0af91d14	1	7.812247503266572e-17	0.5156406726742813	1.5150564952042475e-16	0.9999999999999999	0.9999999999999999	d__Bacteria	p__Bacillota	c__Clostridia	o__Peptostreptococcales-Tissierellales	f__Family_XI	g__Anaerococcus	NA
47a42cdd96afc4578f7d8f074330189c	1	7.812247503266572e-17	0.5156406726742813	1.5150564952042475e-16	0.9999999999999999	0.9999999999999999	d__Bacteria	p__Bacillota	c__Clostridia	o__Peptostreptococcales-Tissierellales	f__Family_XI	g__Anaerococcus	NA
c67ba62f34a05261ea7a810ff643a52c	1	7.812247503266572e-17	0.5156406726742813	1.5150564952042475e-16	0.9999999999999999	0.9999999999999999	d__Bacteria	p__Bacillota	c__Clostridia	o__Peptostreptococcales-Tissierellales	f__Family_XI	g__Anaerococcus	NA
304a8d1fb0f5543cf1c23064bfe3691c	1.082191780821918	-3.725037366785403e-8	0.5176973198883104	-7.195396274388776e-8	0.999999942589044	0.9999999999999999	d__Bacteria	p__Bacillota	c__Clostridia	o__Peptostreptococcales-Tissierellales	f__Family_XI	g__Anaerococcus	NA
715ccce623a963888d484f969b745fb4	1	7.812247503266572e-17	0.5156406726742813	1.5150564952042475e-16	0.9999999999999999	0.9999999999999999	d__Bacteria	p__Bacillota	c__Clostridia	o__Peptostreptococcales-Tissierellales	f__Family_XI	g__Anaerococcus	NA
c87a2ef0523bf10d944f583fa016f47c	1	7.812247503266572e-17	0.5156406726742813	1.5150564952042475e-16	0.9999999999999999	0.9999999999999999	d__Bacteria	p__Bacillota	c__Clostridia	o__Peptostreptococcales-Tissierellales	f__Family_XI	g__Anaerococcus	NA
528ab10d1f4195ae040d8149f1be1af4	1.0410958904109588	0.17687771668276578	0.5062611585590031	0.34938038143440003	0.7268037598164081	0.9999999999999999	d__Bacteria	p__Bacillota	c__Clostridia	o__Peptostreptococcales-Tissierellales	f__Family_XI	g__Anaerococcus	NA
8e851827f73a9f45b0e5eb402d1c6dd6	1	7.812247503266572e-17	0.5156406726742813	1.5150564952042475e-16	0.9999999999999999	0.9999999999999999	d__Bacteria	p__Bacillota	c__Clostridia	o__Peptostreptococcales-Tissierellales	f__Family_XI	g__Anaerococcus	NA
9b635c4f805812ff3e6832bb0d935664	1	7.812247503266572e-17	0.5156406726742813	1.5150564952042475e-16	0.9999999999999999	0.9999999999999999	d__Bacteria	p__Bacillota	c__Clostridia	o__Peptostreptococcales-Tissierellales	f__Family_XI	g__Anaerococcus	NA
9bd1761724db49a597b265155c67be67	1	7.812247503266572e-17	0.5156406726742813	1.5150564952042475e-16	0.9999999999999999	0.9999999999999999	d__Bacteria	p__Bacillota	c__Clostridia	o__Peptostreptococcales-Tissierellales	f__Family_XI	g__Anaerococcus	NA
d15c69c018176668bebdf9675ee30a97	1	7.812247503266572e-17	0.5156406726742813	1.5150564952042475e-16	0.9999999999999999	0.9999999999999999	d__Bacteria	p__Bacillota	c__Clostridia	o__Peptostreptococcales-Tissierellales	f__Family_XI	g__Anaerococcus	NA
f078b805ae7ae7d060ca5a646764a066	1	7.812247503266572e-17	0.5156406726742813	1.5150564952042475e-16	0.9999999999999999	0.9999999999999999	d__Bacteria	p__Bacillota	c__Clostridia	o__Peptostreptococcales-Tissierellales	f__Family_XI	g__Anaerococcus	NA
4245fe74d6dc62e222f933d3dc8502f5	1.7671232876712328	-2.058892660709557	0.5377831938058902	-3.828480853294762	1.289366595233072e-4	0.02503520139077548	d__Bacteria	p__Bacillota	c__Clostridia	o__Peptostreptococcales-Tissierellales	f__Family_XI	g__Anaerococcus	NA
47dd73619a45151ac47a3f6b6958806a	1	7.812247503266572e-17	0.5156406726742813	1.5150564952042475e-16	0.9999999999999999	0.9999999999999999	d__Bacteria	p__Bacillota	c__Clostridia	o__Peptostreptococcales-Tissierellales	f__Family_XI	g__Anaerococcus	NA
00250e4a9d4f542d986024e1d3f39698	2.0547945205479454	1.7983651321021452	0.6679597880956727	2.6923254425677543	0.0070955668512305515	0.5510890254455729	d__Bacteria	p__Bacillota	c__Clostridia	o__Peptostreptococcales-Tissierellales	f__Family_XI	g__Anaerococcus	NA
d27e69147b6544e42209d95079709ad0	1.2328767123287672	-1.0170949800909386e-7	0.538655578389832	-1.888210242120344e-7	0.99999984934262	0.9999999999999999	d__Bacteria	p__Bacillota	c__Clostridia	o__Peptostreptococcales-Tissierellales	f__Family_XI	g__Anaerococcus	NA
98a53a418e0d1e1de9c6dad84fa74ea6	1	7.812247503266572e-17	0.5156406726742813	1.5150564952042475e-16	0.9999999999999999	0.9999999999999999	d__Bacteria	p__Bacillota	c__Clostridia	o__Peptostreptococcales-Tissierellales	f__Family_XI	g__Anaerococcus	NA
ffed48f6d64de2ee1ab14eddbed19a25	1	7.812247503266572e-17	0.5156406726742813	1.5150564952042475e-16	0.9999999999999999	0.9999999999999999	d__Bacteria	p__Bacillota	c__Clostridia	o__Peptostreptococcales-Tissierellales	f__Family_XI	g__Anaerococcus	NA
ffd4ea9badc36f6b52beeeb679539fea	1	7.812247503266572e-17	0.5156406726742813	1.5150564952042475e-16	0.9999999999999999	0.9999999999999999	d__Bacteria	p__Bacillota	c__Clostridia	o__Peptostreptococcales-Tissierellales	f__Family_XI	g__Anaerococcus	NA
a63aaf1c1a9cfb4676d4db578720075d	6.205479452054795	3.0837642958906324	0.8986612025578727	3.4315093242183687	6.002324957208331e-4	0.09323611433530275	d__Bacteria	p__Bacillota	c__Clostridia	o__Peptostreptococcales-Tissierellales	f__Family_XI	g__Anaerococcus	NA
fba8de101f066a8890971d3249317685	1	7.812247503266572e-17	0.5156406726742813	1.5150564952042475e-16	0.9999999999999999	0.9999999999999999	d__Bacteria	p__Bacillota	c__Clostridia	o__Peptostreptococcales-Tissierellales	f__Family_XI	g__Anaerococcus	NA
b246a8c4be47f5eaeb15c5791494436e	1	7.812247503266572e-17	0.5156406726742813	1.5150564952042475e-16	0.9999999999999999	0.9999999999999999	d__Bacteria	p__Bacillota	c__Clostridia	o__Peptostreptococcales-Tissierellales	f__Family_XI	g__Anaerococcus	NA
72ae78c3cce8ad073a58287a92160f34	1	7.812247503266572e-17	0.5156406726742813	1.5150564952042475e-16	0.9999999999999999	0.9999999999999999	d__Bacteria	p__Bacillota	c__Clostridia	o__Peptostreptococcales-Tissierellales	f__Family_XI	g__Anaerococcus	NA
49558ae4f9539ab4bd70a10f555aa675	1	7.812247503266572e-17	0.5156406726742813	1.5150564952042475e-16	0.9999999999999999	0.9999999999999999	d__Bacteria	p__Bacillota	c__Clostridia	o__Peptostreptococcales-Tissierellales	f__Family_XI	g__Anaerococcus	NA
732cc7b3829202576424e8d3c65f0036	1	7.812247503266572e-17	0.5156406726742813	1.5150564952042475e-16	0.9999999999999999	0.9999999999999999	d__Bacteria	p__Bacillota	c__Clostridia	o__Peptostreptococcales-Tissierellales	f__Family_XI	g__Anaerococcus	NA
9ee9d7f1e7a96963f1ee2668f858fced	1.3287671232876712	1.0310266278725135	0.5096218765915834	2.0231208180625058	0.0430606926974209	0.9999999999999999	d__Bacteria	p__Bacillota	c__Clostridia	o__Peptostreptococcales-Tissierellales	f__Family_XI	g__Anaerococcus	NA
3b033258840679f74d766028fa8e4444	1	7.812247503266572e-17	0.5156406726742813	1.5150564952042475e-16	0.9999999999999999	0.9999999999999999	d__Bacteria	p__Bacillota	c__Clostridia	o__Peptostreptococcales-Tissierellales	f__Family_XI	g__Anaerococcus	NA
2befe06b9ecba8d514ca6df80d9063c0	1	7.812247503266572e-17	0.5156406726742813	1.5150564952042475e-16	0.9999999999999999	0.9999999999999999	d__Bacteria	p__Bacillota	c__Clostridia	o__Peptostreptococcales-Tissierellales	f__Family_XI	g__Anaerococcus	NA
5c00c5392eb1579c10484810f2494077	1	7.812247503266572e-17	0.5156406726742813	1.5150564952042475e-16	0.9999999999999999	0.9999999999999999	d__Bacteria	p__Bacillota	c__Clostridia	o__Peptostreptococcales-Tissierellales	f__Family_XI	g__Anaerococcus	NA
13c1b2a8c491cf3fba2fa50e45717450	3.4794520547945207	-1.1699243942892275	0.736453741973122	-1.5885918254074478	0.11215257494460171	0.9999999999999999	d__Bacteria	p__Bacillota	c__Clostridia	o__Peptostreptococcales-Tissierellales	f__Family_XI	g__Anaerococcus	NA
8b347740b250e572d99f77d9442388ce	1.3013698630136987	-1.287704992310179e-7	0.5453152799502379	-2.3613953975903392e-7	0.9999998115879071	0.9999999999999999	d__Bacteria	p__Bacillota	c__Clostridia	o__Peptostreptococcales-Tissierellales	f__Family_XI	g__Anaerococcus	NA
8801f26a5b321b116087b50306effdaf	1	7.812247503266572e-17	0.5156406726742813	1.5150564952042475e-16	0.9999999999999999	0.9999999999999999	d__Bacteria	p__Bacillota	c__Clostridia	o__Peptostreptococcales-Tissierellales	f__Family_XI	g__Anaerococcus	NA
6cf458010f9f1a3339b81aeb41dc5819	1	7.812247503266572e-17	0.5156406726742813	1.5150564952042475e-16	0.9999999999999999	0.9999999999999999	d__Bacteria	p__Bacillota	c__Clostridia	o__Peptostreptococcales-Tissierellales	f__Family_XI	g__Anaerococcus	NA
73c6f4b96520abb5610c7fd0043dec65	1	7.812247503266572e-17	0.5156406726742813	1.5150564952042475e-16	0.9999999999999999	0.9999999999999999	d__Bacteria	p__Bacillota	c__Clostridia	o__Peptostreptococcales-Tissierellales	f__Family_XI	g__Anaerococcus	NA
2ddd42722497082a323c3317657ae6c0	1.2191780821917808	-1.2223919869499107	0.42965813367343453	-2.8450339727049148	0.004440668660087643	0.42327039315529846	d__Bacteria	p__Bacillota	c__Clostridia	o__Peptostreptococcales-Tissierellales	f__Family_XI	g__Anaerococcus	NA
46e9544e9c5e7ed6d90a7b50a8a9c990	6.424657534246576	-3.129279970643036	0.7884983896712895	-3.968657402011405	7.227870835205518e-5	0.01530994458729896	d__Bacteria	p__Bacillota	c__Clostridia	o__Peptostreptococcales-Tissierellales	f__Family_XI	g__Anaerococcus	NA
1f1ce81caa3ef7500d4a91b484de8bfd	1	7.812247503266572e-17	0.5156406726742813	1.5150564952042475e-16	0.9999999999999999	0.9999999999999999	d__Bacteria	p__Bacillota	c__Clostridia	o__Peptostreptococcales-Tissierellales	f__Family_XI	g__Anaerococcus	NA
665cdf4f926f0d35ee50f8a7aa7f8864	1	7.812247503266572e-17	0.5156406726742813	1.5150564952042475e-16	0.9999999999999999	0.9999999999999999	d__Bacteria	p__Bacillota	c__Clostridia	o__Peptostreptococcales-Tissierellales	f__Family_XI	g__Anaerococcus	NA
8142e3d90b86f98cd298120b2451382e	1	7.812247503266572e-17	0.5156406726742813	1.5150564952042475e-16	0.9999999999999999	0.9999999999999999	d__Bacteria	p__Bacillota	c__Clostridia	o__Peptostreptococcales-Tissierellales	f__Family_XI	g__Anaerococcus	NA
c94824cf26ea1b773e01944b5cbc567e	1	7.812247503266572e-17	0.5156406726742813	1.5150564952042475e-16	0.9999999999999999	0.9999999999999999	d__Bacteria	p__Bacillota	c__Clostridia	o__Peptostreptococcales-Tissierellales	f__Family_XI	g__Anaerococcus	NA
21e80ad562b3b4707c7d6dd7a922fd92	1	7.812247503266572e-17	0.5156406726742813	1.5150564952042475e-16	0.9999999999999999	0.9999999999999999	d__Bacteria	p__Bacillota	c__Clostridia	o__Peptostreptococcales-Tissierellales	f__Family_XI	g__Anaerococcus	NA
e90fc6f2d0779677454c887c9ca6c93b	1.095890410958904	-4.305163102691487e-8	0.5182461995844165	-8.307177372730976e-8	0.9999999337183143	0.9999999999999999	d__Bacteria	p__Bacillota	c__Clostridia	o__Peptostreptococcales-Tissierellales	f__Family_XI	g__Peptoniphilus	NA
e8f506b37852bebb7e958b1fb38be050	1.1095890410958904	0.4306342486813195	0.49587209906110646	0.8684381506777462	0.38515451727540184	0.9999999999999999	d__Bacteria	p__Bacillota	c__Clostridia	o__Peptostreptococcales-Tissierellales	f__Family_XI	g__Peptoniphilus	NA
c2e73478ff744a3b76d4b751dcf209f7	1	7.812247503266572e-17	0.5156406726742813	1.5150564952042475e-16	0.9999999999999999	0.9999999999999999	d__Bacteria	p__Bacillota	c__Clostridia	o__Peptostreptococcales-Tissierellales	f__Family_XI	g__Peptoniphilus	NA
bbb8d1631aaa8c5aea559ef512d52027	1	7.812247503266572e-17	0.5156406726742813	1.5150564952042475e-16	0.9999999999999999	0.9999999999999999	d__Bacteria	p__Bacillota	c__Clostridia	o__Peptostreptococcales-Tissierellales	f__Family_XI	g__Peptoniphilus	NA
19a779b06d85c489c23dcd3d3817226b	3.3424657534246576	1.8914744841144935	0.7219942148832756	2.619791745035363	0.008798347859932616	0.6406297035513436	d__Bacteria	p__Bacillota	c__Clostridia	o__Peptostreptococcales-Tissierellales	f__Family_XI	g__Peptoniphilus	NA
49f8a2deb917a11a9db91dba69b14ef8	1	7.812247503266572e-17	0.5156406726742813	1.5150564952042475e-16	0.9999999999999999	0.9999999999999999	d__Bacteria	p__Bacillota	c__Clostridia	o__Peptostreptococcales-Tissierellales	f__Family_XI	g__Peptoniphilus	NA
e595115ea036045e11142e00a5650d2e	1.095890410958904	0.3833285446564808	0.4974508147037047	0.7705858214038743	0.44095246795816384	0.9999999999999999	d__Bacteria	p__Bacillota	c__Clostridia	o__Peptostreptococcales-Tissierellales	f__Family_XI	g__Peptoniphilus	NA
625305f2606f4b51ae832a2a1ec34c06	1	7.812247503266572e-17	0.5156406726742813	1.5150564952042475e-16	0.9999999999999999	0.9999999999999999	d__Bacteria	p__Bacillota	c__Clostridia	o__Peptostreptococcales-Tissierellales	f__Family_XI	g__Peptoniphilus	NA
bb45c5b15adb459a9c8865d055cc3170	1	7.812247503266572e-17	0.5156406726742813	1.5150564952042475e-16	0.9999999999999999	0.9999999999999999	d__Bacteria	p__Bacillota	c__Clostridia	o__Peptostreptococcales-Tissierellales	f__Family_XI	g__Peptoniphilus	NA
f8f8263590c6b2a3b8000d05647efdae	1	7.812247503266572e-17	0.5156406726742813	1.5150564952042475e-16	0.9999999999999999	0.9999999999999999	d__Bacteria	p__Bacillota	c__Clostridia	o__Peptostreptococcales-Tissierellales	f__Family_XI	g__Peptoniphilus	NA
90a9fb8aa0250e153dcc950cef478ff0	1	7.812247503266572e-17	0.5156406726742813	1.5150564952042475e-16	0.9999999999999999	0.9999999999999999	d__Bacteria	p__Bacillota	c__Clostridia	o__Peptostreptococcales-Tissierellales	f__Family_XI	g__Peptoniphilus	NA
a1f9cfde6161fd628689e6a401f94f26	1.8767123287671232	1.453717166208335	0.6355118003199682	2.2874747022422177	0.0221681303877108	0.9999999999999999	d__Bacteria	p__Bacillota	c__Clostridia	o__Peptostreptococcales-Tissierellales	f__Family_XI	g__Peptoniphilus	NA
2a0ebf193a933caf68cbbc0d3b4b7fb5	1.082191780821918	-3.725037382501334e-8	0.5176973198883148	-7.195396304746089e-8	0.9999999425890438	0.9999999999999999	d__Bacteria	p__Bacillota	c__Clostridia	o__Peptostreptococcales-Tissierellales	f__Family_XI	g__Peptoniphilus	NA
d0b09c7277dcd988f49c2aa01c992225	1	7.812247503266572e-17	0.5156406726742813	1.5150564952042475e-16	0.9999999999999999	0.9999999999999999	d__Bacteria	p__Bacillota	c__Clostridia	o__Peptostreptococcales-Tissierellales	f__Family_XI	g__Peptoniphilus	NA
8dcd9a05c4d622f52849288b5f39e0cf	1	7.812247503266572e-17	0.5156406726742813	1.5150564952042475e-16	0.9999999999999999	0.9999999999999999	d__Bacteria	p__Bacillota	c__Clostridia	o__Peptostreptococcales-Tissierellales	f__Family_XI	g__Peptoniphilus	NA
a4bed684456f31629915b161545404c7	1	7.812247503266572e-17	0.5156406726742813	1.5150564952042475e-16	0.9999999999999999	0.9999999999999999	d__Bacteria	p__Bacillota	c__Clostridia	o__Peptostreptococcales-Tissierellales	f__Family_XI	g__Peptoniphilus	NA
9398ad242a77ae05cc0f9215b14d0c83	1	7.812247503266572e-17	0.5156406726742813	1.5150564952042475e-16	0.9999999999999999	0.9999999999999999	d__Bacteria	p__Bacillota	c__Clostridia	o__Peptostreptococcales-Tissierellales	f__Family_XI	g__Peptoniphilus	NA
09ded90ea9850eb8dd5be29f6ea5a490	1	7.812247503266572e-17	0.5156406726742813	1.5150564952042475e-16	0.9999999999999999	0.9999999999999999	d__Bacteria	p__Bacillota	c__Clostridia	o__Peptostreptococcales-Tissierellales	f__Family_XI	g__Peptoniphilus	NA
f7e320ededd055705b5f95b915ce3327	1	7.812247503266572e-17	0.5156406726742813	1.5150564952042475e-16	0.9999999999999999	0.9999999999999999	d__Bacteria	p__Bacillota	c__Clostridia	o__Peptostreptococcales-Tissierellales	f__Family_XI	g__Peptoniphilus	NA
d2fade2384e876f54ba4056ee01e09a1	1	7.812247503266572e-17	0.5156406726742813	1.5150564952042475e-16	0.9999999999999999	0.9999999999999999	d__Bacteria	p__Bacillota	c__Clostridia	o__Peptostreptococcales-Tissierellales	f__Family_XI	g__Peptoniphilus	NA
e7654dc47ae14f609d0131e15f2bfaf2	1	7.812247503266572e-17	0.5156406726742813	1.5150564952042475e-16	0.9999999999999999	0.9999999999999999	d__Bacteria	p__Bacillota	c__Clostridia	o__Peptostreptococcales-Tissierellales	f__Family_XI	g__Peptoniphilus	NA
aa22fecd7d0e82e1a3dd1edc401debf1	1	7.812247503266572e-17	0.5156406726742813	1.5150564952042475e-16	0.9999999999999999	0.9999999999999999	d__Bacteria	p__Bacillota	c__Clostridia	o__Peptostreptococcales-Tissierellales	f__Family_XI	g__Peptoniphilus	NA
ad00ae04ff50b034db76204ce8908655	1	7.812247503266572e-17	0.5156406726742813	1.5150564952042475e-16	0.9999999999999999	0.9999999999999999	d__Bacteria	p__Bacillota	c__Clostridia	o__Peptostreptococcales-Tissierellales	f__Family_XI	g__Peptoniphilus	NA
b407c0316dbd17ba50708ee7a6bb48e6	8.602739726027398	0.886960913885225	0.8106726497841182	1.0941048944002518	0.27390897609462794	0.9999999999999999	d__Bacteria	p__Bacillota	c__Clostridia	o__Peptostreptococcales-Tissierellales	f__Family_XI	g__Peptoniphilus	NA
e9c67e1d1c6da1b7579341310d0aa5d3	1	7.812247503266572e-17	0.5156406726742813	1.5150564952042475e-16	0.9999999999999999	0.9999999999999999	d__Bacteria	p__Bacillota	c__Clostridia	o__Peptostreptococcales-Tissierellales	f__Family_XI	g__Peptoniphilus	NA
7fb08fa9b7b2eef6a3db57d0de769227	2.6027397260273974	-7.787442829975829e-7	0.7643852241970789	-1.018785107751902e-6	0.9999991871270918	0.9999999999999999	d__Bacteria	p__Bacillota	c__Clostridia	o__Peptostreptococcales-Tissierellales	f__Family_XI	g__Peptoniphilus	NA
b2574632cd105083065793a728d40c81	90.16438356164383	2.7137785888970107	0.9868084529122647	2.750056083212623	0.005958506556363171	0.4958328670116496	d__Bacteria	p__Bacillota	c__Clostridia	o__Peptostreptococcales-Tissierellales	f__Family_XI	g__Peptoniphilus	NA
2899243bc8281851532fdb9d22e646ea	1	7.812247503266572e-17	0.5156406726742813	1.5150564952042475e-16	0.9999999999999999	0.9999999999999999	d__Bacteria	p__Bacillota	c__Clostridia	o__Peptostreptococcales-Tissierellales	f__Family_XI	g__Peptoniphilus	NA
dddc3b9b23ab1e5901e392b65a023846	1	7.812247503266572e-17	0.5156406726742813	1.5150564952042475e-16	0.9999999999999999	0.9999999999999999	d__Bacteria	p__Bacillota	c__Clostridia	o__Peptostreptococcales-Tissierellales	f__Family_XI	g__Peptoniphilus	NA
2e0153baf73c39ef129e2b1f30eec231	1	7.812247503266572e-17	0.5156406726742813	1.5150564952042475e-16	0.9999999999999999	0.9999999999999999	d__Bacteria	p__Bacillota	c__Clostridia	o__Peptostreptococcales-Tissierellales	f__Family_XI	g__Peptoniphilus	NA
c1c7e161e750636f4e9fe462583252c1	1	7.812247503266572e-17	0.5156406726742813	1.5150564952042475e-16	0.9999999999999999	0.9999999999999999	d__Bacteria	p__Bacillota	c__Clostridia	o__Peptostreptococcales-Tissierellales	f__Family_XI	g__Peptoniphilus	NA
49335daf329096054e8f188cdb2b10a8	1	7.812247503266572e-17	0.5156406726742813	1.5150564952042475e-16	0.9999999999999999	0.9999999999999999	d__Bacteria	p__Bacillota	c__Clostridia	o__Peptostreptococcales-Tissierellales	f__Family_XI	g__Peptoniphilus	NA
9b10f503dda70720d0983a89341fcd03	1	7.812247503266572e-17	0.5156406726742813	1.5150564952042475e-16	0.9999999999999999	0.9999999999999999	d__Bacteria	p__Bacillota	c__Clostridia	o__Peptostreptococcales-Tissierellales	f__Family_XI	g__Peptoniphilus	NA
e432f9c3b06de686fd200475617ec5b8	1	7.812247503266572e-17	0.5156406726742813	1.5150564952042475e-16	0.9999999999999999	0.9999999999999999	d__Bacteria	p__Bacillota	c__Clostridia	o__Peptostreptococcales-Tissierellales	f__Family_XI	g__Peptoniphilus	NA
fc8c61060b93b4670fe0b70d6bd1b57a	1	7.812247503266572e-17	0.5156406726742813	1.5150564952042475e-16	0.9999999999999999	0.9999999999999999	d__Bacteria	p__Bacillota	c__Clostridia	o__Peptostreptococcales-Tissierellales	f__Family_XI	g__Peptoniphilus	NA
ebfa2bf5f3b4bcbc56de0128026b4ace	1.904109589041096	1.0613997808625517	0.6454387885692264	1.6444623404419263	0.10008073714619611	0.9999999999999999	d__Bacteria	p__Bacillota	c__Clostridia	o__Peptostreptococcales-Tissierellales	f__Family_XI	g__Peptoniphilus	NA
4983159bdb7e4d27fb39c7363c992ffb	1.1232876712328768	-0.807354597604616	0.44234973545194217	-1.8251499501401391	0.06797840418879429	0.9999999999999999	d__Bacteria	p__Bacillota	c__Clostridia	o__Peptostreptococcales-Tissierellales	f__Family_XI	g__Peptoniphilus	NA
b270c275c943841ada8dd7b126594834	1	7.812247503266572e-17	0.5156406726742813	1.5150564952042475e-16	0.9999999999999999	0.9999999999999999	d__Bacteria	p__Bacillota	c__Clostridia	o__Peptostreptococcales-Tissierellales	f__Family_XI	g__Peptoniphilus	NA
cc26910beda4c34d311783ea2c9c1818	1.095890410958904	-0.6629647618135409	0.4523894228335919	-1.4654736126697807	0.14279174650433532	0.9999999999999999	d__Bacteria	p__Bacillota	c__Clostridia	o__Peptostreptococcales-Tissierellales	f__Family_XI	g__Peptoniphilus	NA
8523b98a8304aef5a4b0a9e36c453bf5	1	7.812247503266572e-17	0.5156406726742813	1.5150564952042475e-16	0.9999999999999999	0.9999999999999999	d__Bacteria	p__Bacillota	c__Clostridia	o__Peptostreptococcales-Tissierellales	f__Family_XI	g__Peptoniphilus	NA
c89fca06fceb56d07eeba7d4731c3d1f	1	7.812247503266572e-17	0.5156406726742813	1.5150564952042475e-16	0.9999999999999999	0.9999999999999999	d__Bacteria	p__Bacillota	c__Clostridia	o__Peptostreptococcales-Tissierellales	f__Family_XI	g__Peptoniphilus	NA
fd142f8d5321b7cc15800fa19096a231	1.5890410958904109	-2.7848711642870383e-7	0.6229836265540446	-4.470215661511366e-7	0.999999643328394	0.9999999999999999	d__Bacteria	p__Bacillota	c__Clostridia	o__Peptostreptococcales-Tissierellales	f__Family_XI	g__Peptoniphilus	NA
3f2d26632509e4e5fe1a7f94e66e7999	1	7.812247503266572e-17	0.5156406726742813	1.5150564952042475e-16	0.9999999999999999	0.9999999999999999	d__Bacteria	p__Bacillota	c__Clostridia	o__Peptostreptococcales-Tissierellales	f__Family_XI	g__Peptoniphilus	NA
ec9f24fe67810c9fed4256ecc85ebbf8	1	7.812247503266572e-17	0.5156406726742813	1.5150564952042475e-16	0.9999999999999999	0.9999999999999999	d__Bacteria	p__Bacillota	c__Clostridia	o__Peptostreptococcales-Tissierellales	f__Family_XI	g__Peptoniphilus	NA
2828cbbe163e824e587b01c4196e6e93	1	7.812247503266572e-17	0.5156406726742813	1.5150564952042475e-16	0.9999999999999999	0.9999999999999999	d__Bacteria	p__Bacillota	c__Clostridia	o__Peptostreptococcales-Tissierellales	f__Family_XI	g__Peptoniphilus	NA
3e50347c5ac0537609d6f20e15a1492a	1	7.812247503266572e-17	0.5156406726742813	1.5150564952042475e-16	0.9999999999999999	0.9999999999999999	d__Bacteria	p__Bacillota	c__Clostridia	o__Peptostreptococcales-Tissierellales	f__Family_XI	g__Peptoniphilus	NA
9557f8088b37dfccf28312167dc1e885	1.2465753424657535	0.47643786558492324	0.5080509033661492	0.9377758457434674	0.3483596166135232	0.9999999999999999	d__Bacteria	p__Bacillota	c__Clostridia	o__Peptostreptococcales-Tissierellales	f__Family_XI	g__Peptoniphilus	NA
f85ab807c3a227577d26b183b82110ec	1	7.812247503266572e-17	0.5156406726742813	1.5150564952042475e-16	0.9999999999999999	0.9999999999999999	d__Bacteria	p__Bacillota	c__Clostridia	o__Peptostreptococcales-Tissierellales	f__Family_XI	g__Peptoniphilus	NA
04caf0824c48ee5640717c87bddaec09	1.1232876712328768	-5.4425124843740086e-8	0.5196850065476462	-1.04727140783405e-7	0.9999999164398313	0.9999999999999999	d__Bacteria	p__Bacillota	c__Clostridia	o__Peptostreptococcales-Tissierellales	f__Family_XI	g__W5053	NA
7d8914c9bc5bd0df97f29e99b0e5fa2f	1	7.812247503266572e-17	0.5156406726742813	1.5150564952042475e-16	0.9999999999999999	0.9999999999999999	d__Bacteria	p__Bacillota	c__Clostridia	o__Peptostreptococcales-Tissierellales	f__Family_XI	g__W5053	NA
3e762f18e3ba9a63434160de80a9f74d	1	7.812247503266572e-17	0.5156406726742813	1.5150564952042475e-16	0.9999999999999999	0.9999999999999999	d__Bacteria	p__Bacillota	c__Clostridia	o__Peptostreptococcales-Tissierellales	f__Family_XI	g__W5053	NA
4cfe5cd1b26804fdebc994caac8a28c8	1	7.812247503266572e-17	0.5156406726742813	1.5150564952042475e-16	0.9999999999999999	0.9999999999999999	d__Bacteria	p__Bacillota	c__Clostridia	o__Peptostreptococcales-Tissierellales	f__Family_XI	g__W5053	NA
2659387058de95f7294a883bc6165390	1	7.812247503266572e-17	0.5156406726742813	1.5150564952042475e-16	0.9999999999999999	0.9999999999999999	d__Bacteria	p__Bacillota	c__Clostridia	o__Peptostreptococcales-Tissierellales	f__Family_XI	g__W5053	NA
0d818e655454d2a7b6525ac6a011c47e	1.082191780821918	0.33441895563880664	0.4992834951781326	0.6697977378953691	0.5029867358155204	0.9999999999999999	d__Bacteria	p__Bacillota	c__Clostridia	o__Peptostreptococcales-Tissierellales	f__Family_XI	g__Parvimonas	NA
59fbeb729956dc5b7c07eeb17f87596f	1	7.812247503266572e-17	0.5156406726742813	1.5150564952042475e-16	0.9999999999999999	0.9999999999999999	d__Bacteria	p__Bacillota	c__Clostridia	o__Peptostreptococcales-Tissierellales	f__Family_XI	g__Parvimonas	NA
1c15dce677ce266269d1373182cce24a	1	7.812247503266572e-17	0.5156406726742813	1.5150564952042475e-16	0.9999999999999999	0.9999999999999999	d__Bacteria	p__Bacillota	c__Clostridia	o__Peptostreptococcales-Tissierellales	f__Family_XI	g__Parvimonas	NA
9485b25a0c921cb845dc9c4142ae4a0f	8.58904109589041	0.18636037582859624	0.8848204841386912	0.21061941848012775	0.83318425844611	0.9999999999999999	d__Bacteria	p__Bacillota	c__Clostridia	o__Peptostreptococcales-Tissierellales	f__Family_XI	g__Parvimonas	NA
ef4131513a1555e2eb3f175df11c7dfe	1	7.812247503266572e-17	0.5156406726742813	1.5150564952042475e-16	0.9999999999999999	0.9999999999999999	d__Bacteria	p__Bacillota	c__Clostridia	o__Peptostreptococcales-Tissierellales	f__Family_XI	g__Parvimonas	NA
e93b313352019b8113e7fc66bf757917	1	7.812247503266572e-17	0.5156406726742813	1.5150564952042475e-16	0.9999999999999999	0.9999999999999999	d__Bacteria	p__Bacillota	c__Clostridia	o__Peptostreptococcales-Tissierellales	f__Family_XI	g__Parvimonas	NA
ff48ea2b9d30c737b53aeb9841179d57	1	7.812247503266572e-17	0.5156406726742813	1.5150564952042475e-16	0.9999999999999999	0.9999999999999999	d__Bacteria	p__Bacillota	c__Clostridia	o__Peptostreptococcales-Tissierellales	f__Family_XI	g__Parvimonas	NA
b48f57c20643c5e46e43c56656b38058	1	7.812247503266572e-17	0.5156406726742813	1.5150564952042475e-16	0.9999999999999999	0.9999999999999999	d__Bacteria	p__Bacillota	c__Clostridia	o__Peptostreptococcales-Tissierellales	f__Family_XI	g__Parvimonas	NA
e617358af0b4a2029693b6d525a121d5	1	7.812247503266572e-17	0.5156406726742813	1.5150564952042475e-16	0.9999999999999999	0.9999999999999999	d__Bacteria	p__Bacillota	c__Clostridia	o__Peptostreptococcales-Tissierellales	f__Family_XI	g__Parvimonas	NA
9232f4ad524ebf27e8d228b685818362	1	7.812247503266572e-17	0.5156406726742813	1.5150564952042475e-16	0.9999999999999999	0.9999999999999999	d__Bacteria	p__Bacillota	c__Clostridia	o__Peptostreptococcales-Tissierellales	f__Family_XI	g__Parvimonas	NA
7172c7a7150b171ea8350db4e95953a5	1	7.812247503266572e-17	0.5156406726742813	1.5150564952042475e-16	0.9999999999999999	0.9999999999999999	d__Bacteria	p__Bacillota	c__Clostridia	o__Peptostreptococcales-Tissierellales	f__Family_XI	g__Parvimonas	NA
425bd644dc8d2d7cc7fdf4669456d72e	1	7.812247503266572e-17	0.5156406726742813	1.5150564952042475e-16	0.9999999999999999	0.9999999999999999	d__Bacteria	p__Bacillota	c__Clostridia	o__Peptostreptococcales-Tissierellales	f__Family_XI	g__Parvimonas	NA
f5d8a80d3113182796c3d7061e260d73	1	7.812247503266572e-17	0.5156406726742813	1.5150564952042475e-16	0.9999999999999999	0.9999999999999999	d__Bacteria	p__Bacillota	c__Clostridia	o__Peptostreptococcales-Tissierellales	f__Family_XI	g__Incertae_Sedis	NA
e5d144b80521b09f2b7806cb4abb5168	1	7.812247503266572e-17	0.5156406726742813	1.5150564952042475e-16	0.9999999999999999	0.9999999999999999	d__Bacteria	p__Bacillota	c__Clostridia	o__Peptostreptococcales-Tissierellales	f__Family_XI	NA	NA
b573980ca0828fe07e1d96d6f7c44d67	1	7.812247503266572e-17	0.5156406726742813	1.5150564952042475e-16	0.9999999999999999	0.9999999999999999	d__Bacteria	p__Bacillota	c__Clostridia	o__Peptostreptococcales-Tissierellales	f__Family_XI	NA	NA
1c4485eba4e4a70652a6c24f2a384601	1	7.812247503266572e-17	0.5156406726742813	1.5150564952042475e-16	0.9999999999999999	0.9999999999999999	d__Bacteria	p__Bacillota	c__Clostridia	o__Peptostreptococcales-Tissierellales	f__Family_XI	NA	NA
7c9d63ea03311fdd9765198ef24b3673	1.4383561643835616	0.8339896994309192	0.546033175743012	1.5273608573253294	0.12667130414902036	0.9999999999999999	d__Bacteria	p__Bacillota	c__Clostridia	o__Peptostreptococcales-Tissierellales	f__Family_XI	g__Incertae_Sedis	NA
5b7567b9ebc3e1dfa38f05c32e1b2c4e	1	7.812247503266572e-17	0.5156406726742813	1.5150564952042475e-16	0.9999999999999999	0.9999999999999999	d__Bacteria	p__Bacillota	c__Clostridia	o__Peptostreptococcales-Tissierellales	f__Family_XI	NA	NA
b96e703a3e336c3609f153405b9e6e06	1	7.812247503266572e-17	0.5156406726742813	1.5150564952042475e-16	0.9999999999999999	0.9999999999999999	d__Bacteria	p__Bacillota	c__Clostridia	o__Peptostreptococcales-Tissierellales	f__Family_XI	g__Finegoldia	NA
385417910070d1997abbaaeef8988822	1	7.812247503266572e-17	0.5156406726742813	1.5150564952042475e-16	0.9999999999999999	0.9999999999999999	d__Bacteria	p__Bacillota	c__Clostridia	o__Peptostreptococcales-Tissierellales	f__Family_XI	g__Finegoldia	NA
58f6df1d3a50856bd9c39c67b1d5bdf0	1	7.812247503266572e-17	0.5156406726742813	1.5150564952042475e-16	0.9999999999999999	0.9999999999999999	d__Bacteria	p__Bacillota	c__Clostridia	o__Peptostreptococcales-Tissierellales	f__Family_XI	g__Finegoldia	NA
22b3c70cdfb1714224e1bf8a6314bee9	47.794520547945204	1.5555291076940088	0.9068155073080093	1.7153755037910452	0.08627640360391928	0.9999999999999999	d__Bacteria	p__Bacillota	c__Clostridia	o__Peptostreptococcales-Tissierellales	f__Family_XI	g__Finegoldia	NA
f9017efdb1860db7b2d1e9b197eb7821	1	7.812247503266572e-17	0.5156406726742813	1.5150564952042475e-16	0.9999999999999999	0.9999999999999999	d__Bacteria	p__Bacillota	c__Clostridia	o__Peptostreptococcales-Tissierellales	f__Family_XI	g__Finegoldia	NA
35df9515d04f76cc7386dc9b7294c4b7	1.1095890410958904	-0.7369652883911558	0.44703373926864387	-1.6485674875387386	0.09923627406156027	0.9999999999999999	d__Bacteria	p__Bacillota	c__Clostridia	o__Peptostreptococcales-Tissierellales	f__Family_XI	g__Finegoldia	NA
c81ae021e888371f432017e1aed6b90f	1	7.812247503266572e-17	0.5156406726742813	1.5150564952042475e-16	0.9999999999999999	0.9999999999999999	d__Bacteria	p__Bacillota	c__Clostridia	o__Peptostreptococcales-Tissierellales	f__Family_XI	g__Finegoldia	NA
bbcdc339c8685d185ee0f0e5a58884db	1	7.812247503266572e-17	0.5156406726742813	1.5150564952042475e-16	0.9999999999999999	0.9999999999999999	d__Bacteria	p__Bacillota	c__Clostridia	o__Peptostreptococcales-Tissierellales	f__Family_XI	g__Finegoldia	NA
8e525510dffd5ffc440eb36c8541eb72	1.1232876712328768	-5.4425124439244035e-8	0.5196850065476465	-1.0472714000505642e-7	0.9999999164398319	0.9999999999999999	d__Bacteria	p__Bacillota	c__Clostridia	o__Peptostreptococcales-Tissierellales	f__Family_XI	g__Finegoldia	NA
62c8ae38d024222f1c447f14b88ea9e4	1	7.812247503266572e-17	0.5156406726742813	1.5150564952042475e-16	0.9999999999999999	0.9999999999999999	d__Bacteria	p__Bacillota	c__Clostridia	o__Peptostreptococcales-Tissierellales	f__Family_XI	g__Finegoldia	NA
17683eaef94c567c87f79b3623aaae3f	1	7.812247503266572e-17	0.5156406726742813	1.5150564952042475e-16	0.9999999999999999	0.9999999999999999	d__Bacteria	p__Bacillota	c__Clostridia	o__Peptostreptococcales-Tissierellales	f__Family_XI	g__Finegoldia	NA
9b9def60f68957f85da86f875e31bcb2	1	7.812247503266572e-17	0.5156406726742813	1.5150564952042475e-16	0.9999999999999999	0.9999999999999999	d__Bacteria	p__Bacillota	c__Clostridia	o__Peptostreptococcales-Tissierellales	f__Family_XI	g__Finegoldia	NA
b8e850a95bb5fb660d506a45258b451c	1	7.812247503266572e-17	0.5156406726742813	1.5150564952042475e-16	0.9999999999999999	0.9999999999999999	d__Bacteria	p__Bacillota	c__Clostridia	o__Peptostreptococcales-Tissierellales	f__Family_XI	g__Finegoldia	NA
6264d3558651b758d260209f5a002eda	1	7.812247503266572e-17	0.5156406726742813	1.5150564952042475e-16	0.9999999999999999	0.9999999999999999	d__Bacteria	p__Bacillota	c__Clostridia	o__Peptostreptococcales-Tissierellales	f__Family_XI	g__Ndongobacter	NA
7576889c72e508be38f37a34f9a9fe27	1	7.812247503266572e-17	0.5156406726742813	1.5150564952042475e-16	0.9999999999999999	0.9999999999999999	d__Bacteria	p__Bacillota	c__Clostridia	o__Peptostreptococcales-Tissierellales	f__Family_XI	g__Ndongobacter	NA
997697a39b4f8a14b67e210a7a0337df	1	7.812247503266572e-17	0.5156406726742813	1.5150564952042475e-16	0.9999999999999999	0.9999999999999999	d__Bacteria	p__Bacillota	c__Clostridia	o__Peptostreptococcales-Tissierellales	f__Family_XI	g__Kallipyga	NA
39ac0c75bd4fbfca568f208e37fa3f86	1	7.812247503266572e-17	0.5156406726742813	1.5150564952042475e-16	0.9999999999999999	0.9999999999999999	d__Bacteria	p__Bacillota	c__Clostridia	o__Peptostreptococcales-Tissierellales	f__Family_XI	g__Kallipyga	NA
9bb9c1aa60db2c468b09f4a12cc4b979	1.0273972602739727	0.12029420247329663	0.5090991755503618	0.23628834665318904	0.813208928975602	0.9999999999999999	d__Bacteria	p__Bacillota	c__Clostridia	o__Peptostreptococcales-Tissierellales	f__Family_XI	g__Kallipyga	NA
382ab675b61ba6522fae0690d5a92ce7	1.1506849315068493	0.5639007739509158	0.49295533429147503	1.1439185961166454	0.25265739813092947	0.9999999999999999	d__Bacteria	p__Bacillota	c__Clostridia	o__Peptostreptococcales-Tissierellales	f__Family_XI	g__Murdochiella	NA
306885bb108656641ce13c5a740ef46c	1.2191780821917808	0.43063419531858516	0.5033877738096525	0.8554720986954724	0.392289844303411	0.9999999999999999	d__Bacteria	p__Bacillota	c__Clostridia	o__Peptostreptococcales-Tissierellales	f__Family_XI	g__Murdochiella	NA
d8dac293df1e2ec3d5e828987d7b65e6	1	7.812247503266572e-17	0.5156406726742813	1.5150564952042475e-16	0.9999999999999999	0.9999999999999999	d__Bacteria	p__Bacillota	c__Clostridia	o__Peptostreptococcales-Tissierellales	f__Family_XI	g__Murdochiella	NA
8efd091a825529424f6f216717ea9e44	1	7.812247503266572e-17	0.5156406726742813	1.5150564952042475e-16	0.9999999999999999	0.9999999999999999	d__Bacteria	p__Bacillota	c__Clostridia	o__Peptostreptococcales-Tissierellales	f__Family_XI	g__Murdochiella	NA
9fcec8cede65c4ee615159628e314a35	1	7.812247503266572e-17	0.5156406726742813	1.5150564952042475e-16	0.9999999999999999	0.9999999999999999	d__Bacteria	p__Bacillota	c__Clostridia	o__Peptostreptococcales-Tissierellales	f__Family_XI	g__Murdochiella	NA
0e5d008bd33e01f7c84a20a650ff453d	1	7.812247503266572e-17	0.5156406726742813	1.5150564952042475e-16	0.9999999999999999	0.9999999999999999	d__Bacteria	p__Bacillota	c__Clostridia	o__Peptostreptococcales-Tissierellales	f__Family_XI	g__Murdochiella	NA
d8c6bc9d4a4133c982803f10d71f7b02	1	7.812247503266572e-17	0.5156406726742813	1.5150564952042475e-16	0.9999999999999999	0.9999999999999999	d__Bacteria	p__Bacillota	c__Clostridia	o__Peptostreptococcales-Tissierellales	f__Family_XI	g__Kallipyga	NA
97c1c1cbbde7a962d7465cda98f910f9	1	7.812247503266572e-17	0.5156406726742813	1.5150564952042475e-16	0.9999999999999999	0.9999999999999999	d__Bacteria	p__Bacillota	c__Negativicutes	o__Acidaminococcales	f__Acidaminococcaceae	NA	NA
b94662c0492f0e33c6157eead05bc2a8	1	7.812247503266572e-17	0.5156406726742813	1.5150564952042475e-16	0.9999999999999999	0.9999999999999999	d__Bacteria	p__Bacteroidota	c__Bacteroidia	o__Bacteroidales	f__Bacteroidaceae	g__Bacteroides	NA
a81eeef79efbeed60fe844aa4e71619b	1	7.812247503266572e-17	0.5156406726742813	1.5150564952042475e-16	0.9999999999999999	0.9999999999999999	d__Bacteria	p__Bacteroidota	c__Bacteroidia	o__Bacteroidales	f__Bacteroidaceae	g__Bacteroides	NA
8879b282a2181421e9c4262d14f60409	1	7.812247503266572e-17	0.5156406726742813	1.5150564952042475e-16	0.9999999999999999	0.9999999999999999	d__Bacteria	p__Bacteroidota	c__Bacteroidia	o__Bacteroidales	f__Bacteroidaceae	g__Bacteroides	NA
6616dc3bd6aeb3e26b9b2218290ea574	1	7.812247503266572e-17	0.5156406726742813	1.5150564952042475e-16	0.9999999999999999	0.9999999999999999	d__Bacteria	p__Bacteroidota	c__Bacteroidia	o__Bacteroidales	f__Bacteroidaceae	g__Bacteroides	NA
74e77588223f5f0899c3d9a9cfff7972	1	7.812247503266572e-17	0.5156406726742813	1.5150564952042475e-16	0.9999999999999999	0.9999999999999999	d__Bacteria	p__Bacteroidota	c__Bacteroidia	o__Bacteroidales	f__Bacteroidaceae	g__Bacteroides	NA
d98862c324045e346d03d4bceca3ade4	1	7.812247503266572e-17	0.5156406726742813	1.5150564952042475e-16	0.9999999999999999	0.9999999999999999	d__Bacteria	p__Bacteroidota	c__Bacteroidia	o__Bacteroidales	f__Bacteroidaceae	g__Bacteroides	NA
0c04b680785e304610a465f9b596adb2	1	7.812247503266572e-17	0.5156406726742813	1.5150564952042475e-16	0.9999999999999999	0.9999999999999999	d__Bacteria	p__Bacteroidota	c__Bacteroidia	o__Bacteroidales	f__Bacteroidaceae	g__Bacteroides	NA
df37b62e507e32409df4885c1ad2ce14	1.0547945205479452	-2.534442301482983e-8	0.5168241415933563	-4.9038775426963584e-8	0.9999999608727183	0.9999999999999999	d__Bacteria	p__Bacteroidota	c__Bacteroidia	o__Bacteroidales	f__Bacteroidaceae	g__Bacteroides	NA
9db6065dfa5f306778c1a370f3267d73	1	7.812247503266572e-17	0.5156406726742813	1.5150564952042475e-16	0.9999999999999999	0.9999999999999999	d__Bacteria	p__Bacteroidota	c__Bacteroidia	o__Bacteroidales	f__Bacteroidaceae	g__Bacteroides	NA
2acb338202e6fbb14e43e93e96d5d258	1	7.812247503266572e-17	0.5156406726742813	1.5150564952042475e-16	0.9999999999999999	0.9999999999999999	d__Bacteria	p__Bacteroidota	c__Bacteroidia	o__Bacteroidales	f__Bacteroidaceae	g__Bacteroides	NA
47c305878bfc73bfeda34b2ae1a82ee1	1	7.812247503266572e-17	0.5156406726742813	1.5150564952042475e-16	0.9999999999999999	0.9999999999999999	d__Bacteria	p__Bacteroidota	c__Bacteroidia	o__Bacteroidales	f__Bacteroidaceae	g__Bacteroides	NA
71e2f677a92258de3ffebd9814e0db39	1	7.812247503266572e-17	0.5156406726742813	1.5150564952042475e-16	0.9999999999999999	0.9999999999999999	d__Bacteria	p__Bacteroidota	c__Bacteroidia	o__Bacteroidales	f__Bacteroidaceae	g__Bacteroides	NA
cbd78efd85b15ef4ac0450160a74dda3	1	7.812247503266572e-17	0.5156406726742813	1.5150564952042475e-16	0.9999999999999999	0.9999999999999999	d__Bacteria	p__Bacteroidota	c__Bacteroidia	o__Bacteroidales	f__Bacteroidaceae	g__Bacteroides	NA
feacfc64492b1439abc8e93c3c82cf83	1.1643835616438356	-7.127202980180835e-8	0.5233847127491281	-1.3617522267214343e-7	0.9999998913478922	0.9999999999999999	d__Bacteria	p__Bacteroidota	c__Bacteroidia	o__Bacteroidales	f__Bacteroidaceae	g__Bacteroides	NA
1c2839401c960dd49de918c7e785ddaf	1	7.812247503266572e-17	0.5156406726742813	1.5150564952042475e-16	0.9999999999999999	0.9999999999999999	d__Bacteria	p__Bacteroidota	c__Bacteroidia	o__Bacteroidales	f__Bacteroidaceae	g__Bacteroides	NA
710852c7b0ca73b4a35db29d089e81e0	1	7.812247503266572e-17	0.5156406726742813	1.5150564952042475e-16	0.9999999999999999	0.9999999999999999	d__Bacteria	p__Bacteroidota	c__Bacteroidia	o__Bacteroidales	f__Bacteroidaceae	g__Bacteroides	NA
6c2d943bfa600161d41df3bee4830389	1	7.812247503266572e-17	0.5156406726742813	1.5150564952042475e-16	0.9999999999999999	0.9999999999999999	d__Bacteria	p__Bacteroidota	c__Bacteroidia	o__Bacteroidales	f__Bacteroidaceae	g__Bacteroides	NA
5159e647eea3c9a159beb76d8c87d094	1	7.812247503266572e-17	0.5156406726742813	1.5150564952042475e-16	0.9999999999999999	0.9999999999999999	d__Bacteria	p__Bacteroidota	c__Bacteroidia	o__Bacteroidales	f__Bacteroidaceae	g__Bacteroides	NA
9cece8cf135e366f9aef51e461bf9888	1	7.812247503266572e-17	0.5156406726742813	1.5150564952042475e-16	0.9999999999999999	0.9999999999999999	d__Bacteria	p__Bacteroidota	c__Bacteroidia	o__Bacteroidales	f__Bacteroidaceae	g__Bacteroides	NA
8001826dafd338cf078dd28c2eae05ed	1	7.812247503266572e-17	0.5156406726742813	1.5150564952042475e-16	0.9999999999999999	0.9999999999999999	d__Bacteria	p__Bacteroidota	c__Bacteroidia	o__Bacteroidales	f__Bacteroidaceae	g__Bacteroides	NA
93f681a036a868c818c9a238350bf070	1	7.812247503266572e-17	0.5156406726742813	1.5150564952042475e-16	0.9999999999999999	0.9999999999999999	d__Bacteria	p__Bacteroidota	c__Bacteroidia	o__Bacteroidales	f__Bacteroidaceae	g__Bacteroides	NA
99deb3c5ecb022ec05609ebd1112a557	7.315068493150685	1.0144025380630097	0.7806867620110463	1.299372023998348	0.19381628776128873	0.9999999999999999	d__Bacteria	p__Bacteroidota	c__Bacteroidia	o__Bacteroidales	f__Bacteroidaceae	g__Bacteroides	NA
fd44d4cb468fd7dc9b3227867714ed87	1	7.812247503266572e-17	0.5156406726742813	1.5150564952042475e-16	0.9999999999999999	0.9999999999999999	d__Bacteria	p__Bacteroidota	c__Bacteroidia	o__Bacteroidales	f__Bacteroidaceae	g__Bacteroides	NA
d4dd050cdba11363174e698bb4d13eb5	1	7.812247503266572e-17	0.5156406726742813	1.5150564952042475e-16	0.9999999999999999	0.9999999999999999	d__Bacteria	p__Bacteroidota	c__Bacteroidia	o__Bacteroidales	f__Bacteroidaceae	g__Bacteroides	NA
e8491108aacbe1ca3c8953a1999c4e28	1	7.812247503266572e-17	0.5156406726742813	1.5150564952042475e-16	0.9999999999999999	0.9999999999999999	d__Bacteria	p__Bacteroidota	c__Bacteroidia	o__Bacteroidales	f__Bacteroidaceae	g__Bacteroides	NA
2847364b36e7de803924acf1d159afa9	1	7.812247503266572e-17	0.5156406726742813	1.5150564952042475e-16	0.9999999999999999	0.9999999999999999	d__Bacteria	p__Bacteroidota	c__Bacteroidia	o__Bacteroidales	f__Bacteroidaceae	g__Bacteroides	NA
cd0866c5fffa3da0653f75faee220193	1	7.812247503266572e-17	0.5156406726742813	1.5150564952042475e-16	0.9999999999999999	0.9999999999999999	d__Bacteria	p__Bacteroidota	c__Bacteroidia	o__Bacteroidales	f__Bacteroidaceae	g__Bacteroides	NA
0b1f6cb9c07f848ba25971a32b3cc49d	1	7.812247503266572e-17	0.5156406726742813	1.5150564952042475e-16	0.9999999999999999	0.9999999999999999	d__Bacteria	p__Bacteroidota	c__Bacteroidia	o__Bacteroidales	f__Bacteroidaceae	g__Bacteroides	NA
410f8b6fd50ded3f5de25fb5610f49a8	1	7.812247503266572e-17	0.5156406726742813	1.5150564952042475e-16	0.9999999999999999	0.9999999999999999	d__Bacteria	p__Bacteroidota	c__Bacteroidia	o__Bacteroidales	f__Bacteroidaceae	g__Bacteroides	NA
b2062ae94fb00a931014b67b499295a8	1	7.812247503266572e-17	0.5156406726742813	1.5150564952042475e-16	0.9999999999999999	0.9999999999999999	d__Bacteria	p__Bacteroidota	c__Bacteroidia	o__Bacteroidales	f__Bacteroidaceae	g__Bacteroides	NA
58834aafe2154b533d198cc974ec0e09	1	7.812247503266572e-17	0.5156406726742813	1.5150564952042475e-16	0.9999999999999999	0.9999999999999999	d__Bacteria	p__Bacteroidota	c__Bacteroidia	o__Bacteroidales	f__Bacteroidaceae	g__Bacteroides	NA
fcf7529125e1549e9e1ebc3df87cc784	1	7.812247503266572e-17	0.5156406726742813	1.5150564952042475e-16	0.9999999999999999	0.9999999999999999	d__Bacteria	p__Bacteroidota	c__Bacteroidia	o__Bacteroidales	f__Bacteroidaceae	g__Bacteroides	NA
243a590b7a6c17e5a16dff4bc7033ac1	1	7.812247503266572e-17	0.5156406726742813	1.5150564952042475e-16	0.9999999999999999	0.9999999999999999	d__Bacteria	p__Bacteroidota	c__Bacteroidia	o__Bacteroidales	f__Bacteroidaceae	g__Bacteroides	NA
12cc4c8a5d46fec0b6738bfe7c6c8a08	1	7.812247503266572e-17	0.5156406726742813	1.5150564952042475e-16	0.9999999999999999	0.9999999999999999	d__Bacteria	p__Bacteroidota	c__Bacteroidia	o__Bacteroidales	f__Bacteroidaceae	g__Bacteroides	NA
9d88acce7b2f13b58bf95d2f17ec8c2f	1	7.812247503266572e-17	0.5156406726742813	1.5150564952042475e-16	0.9999999999999999	0.9999999999999999	d__Bacteria	p__Bacteroidota	c__Bacteroidia	o__Bacteroidales	f__Bacteroidaceae	g__Bacteroides	NA
824b9c5e131ccef5ab3286cfde31640c	1	7.812247503266572e-17	0.5156406726742813	1.5150564952042475e-16	0.9999999999999999	0.9999999999999999	d__Bacteria	p__Bacteroidota	c__Bacteroidia	o__Bacteroidales	f__Bacteroidaceae	g__Bacteroides	NA
6d49d954693bdf104f81c580fa552ddf	1	7.812247503266572e-17	0.5156406726742813	1.5150564952042475e-16	0.9999999999999999	0.9999999999999999	d__Bacteria	p__Bacteroidota	c__Bacteroidia	o__Bacteroidales	f__Bacteroidaceae	g__Bacteroides	NA
9d5054752ed33d6a22bd0f96b5618b1c	1.3287671232876712	-1.6506721276683643e-7	0.5963694677954753	-2.7678682709398223e-7	0.999999779156064	0.9999999999999999	d__Bacteria	p__Bacteroidota	c__Bacteroidia	o__Bacteroidales	f__Bacteroidaceae	g__Bacteroides	NA
6aa92e9b0cb6b82cbf81068cb87268c9	1	7.812247503266572e-17	0.5156406726742813	1.5150564952042475e-16	0.9999999999999999	0.9999999999999999	d__Bacteria	p__Bacteroidota	c__Bacteroidia	o__Bacteroidales	f__Bacteroidaceae	g__Bacteroides	NA
27af6946079ffdcc29ae6f9f6640a637	1	7.812247503266572e-17	0.5156406726742813	1.5150564952042475e-16	0.9999999999999999	0.9999999999999999	d__Bacteria	p__Bacteroidota	c__Bacteroidia	o__Bacteroidales	f__Bacteroidaceae	g__Bacteroides	NA
836cd5ea357ad392c00a7e48d921be1d	1	7.812247503266572e-17	0.5156406726742813	1.5150564952042475e-16	0.9999999999999999	0.9999999999999999	d__Bacteria	p__Bacteroidota	c__Bacteroidia	o__Bacteroidales	f__Bacteroidaceae	g__Bacteroides	NA
2c982937754e6321f861027032db80f7	1.6849315068493151	1.6662620438117726	0.5792132134068262	2.8767680108869134	0.004017708500581482	0.42327039315529846	d__Bacteria	p__Bacteroidota	c__Bacteroidia	o__Bacteroidales	f__Bacteroidaceae	g__Bacteroides	NA
5d5f9ea96902c7e15830ff9763324c68	1	7.812247503266572e-17	0.5156406726742813	1.5150564952042475e-16	0.9999999999999999	0.9999999999999999	d__Bacteria	p__Bacteroidota	c__Bacteroidia	o__Bacteroidales	f__Bacteroidaceae	g__Bacteroides	NA
3a4f402fbd24224f50514f9e42f0789d	1	7.812247503266572e-17	0.5156406726742813	1.5150564952042475e-16	0.9999999999999999	0.9999999999999999	d__Bacteria	p__Bacteroidota	c__Bacteroidia	o__Bacteroidales	f__Bacteroidaceae	g__Bacteroides	NA
b7e5e417da183df1d5cb33a51a10991d	1	7.812247503266572e-17	0.5156406726742813	1.5150564952042475e-16	0.9999999999999999	0.9999999999999999	d__Bacteria	p__Bacteroidota	c__Bacteroidia	o__Bacteroidales	f__Bacteroidaceae	g__Bacteroides	NA
f8bcef2b701bb3b9bdf3187f149c62fb	1	7.812247503266572e-17	0.5156406726742813	1.5150564952042475e-16	0.9999999999999999	0.9999999999999999	d__Bacteria	p__Bacteroidota	c__Bacteroidia	o__Bacteroidales	f__Bacteroidaceae	g__Bacteroides	NA
7ee3e4343242684ba3ce459672348ff7	1	7.812247503266572e-17	0.5156406726742813	1.5150564952042475e-16	0.9999999999999999	0.9999999999999999	d__Bacteria	p__Bacteroidota	c__Bacteroidia	o__Bacteroidales	f__Bacteroidaceae	g__Bacteroides	NA
ef6a209f17415ca40777d4f3e0459647	1	7.812247503266572e-17	0.5156406726742813	1.5150564952042475e-16	0.9999999999999999	0.9999999999999999	d__Bacteria	p__Bacteroidota	c__Bacteroidia	o__Bacteroidales	f__Bacteroidaceae	g__Bacteroides	NA
47ce6ddf2afd00851f37b91f117b6ba4	1	7.812247503266572e-17	0.5156406726742813	1.5150564952042475e-16	0.9999999999999999	0.9999999999999999	d__Bacteria	p__Bacteroidota	c__Bacteroidia	o__Bacteroidales	f__Bacteroidaceae	g__Bacteroides	NA
1b40855f894139ee825ba676916e6644	1	7.812247503266572e-17	0.5156406726742813	1.5150564952042475e-16	0.9999999999999999	0.9999999999999999	d__Bacteria	p__Bacteroidota	c__Bacteroidia	o__Bacteroidales	f__Bacteroidaceae	g__Bacteroides	NA
76b39e86c95e0c7dd8b9c57b974f6532	1.1643835616438356	-7.127202998901833e-8	0.523384712749128	-1.3617522302983443e-7	0.999999891347892	0.9999999999999999	d__Bacteria	p__Bacteroidota	c__Bacteroidia	o__Bacteroidales	f__Bacteroidaceae	g__Bacteroides	NA
fbd67349783ebeacc69814257b694d56	1	7.812247503266572e-17	0.5156406726742813	1.5150564952042475e-16	0.9999999999999999	0.9999999999999999	d__Bacteria	p__Bacteroidota	c__Bacteroidia	o__Bacteroidales	f__Bacteroidaceae	g__Bacteroides	NA
cb010e13784d2ca5a95c3a0604801748	1	7.812247503266572e-17	0.5156406726742813	1.5150564952042475e-16	0.9999999999999999	0.9999999999999999	d__Bacteria	p__Bacteroidota	c__Bacteroidia	o__Bacteroidales	f__Bacteroidaceae	g__Bacteroides	NA
1b8dec58597978264025b9eba656ffb5	1	7.812247503266572e-17	0.5156406726742813	1.5150564952042475e-16	0.9999999999999999	0.9999999999999999	d__Bacteria	p__Bacteroidota	c__Bacteroidia	o__Bacteroidales	f__Bacteroidaceae	g__Bacteroides	NA
b78e348dfb22815a4db4373d02d70631	1	7.812247503266572e-17	0.5156406726742813	1.5150564952042475e-16	0.9999999999999999	0.9999999999999999	d__Bacteria	p__Bacteroidota	c__Bacteroidia	o__Bacteroidales	f__Bacteroidaceae	g__Bacteroides	NA
2f5aec7a7b202c2d8d6be290faa11c61	1	7.812247503266572e-17	0.5156406726742813	1.5150564952042475e-16	0.9999999999999999	0.9999999999999999	d__Bacteria	p__Bacteroidota	c__Bacteroidia	o__Bacteroidales	f__Bacteroidaceae	g__Bacteroides	NA
dc12ae575885d88f0eec0fc21dd707a0	1	7.812247503266572e-17	0.5156406726742813	1.5150564952042475e-16	0.9999999999999999	0.9999999999999999	d__Bacteria	p__Bacteroidota	c__Bacteroidia	o__Bacteroidales	f__Bacteroidaceae	g__Bacteroides	NA
bf611493002f5918a68778bde2def567	1.1506849315068493	-6.564103770145042e-8	0.5218593587622026	-1.257830037907997e-7	0.9999998996396833	0.9999999999999999	d__Bacteria	p__Bacteroidota	c__Bacteroidia	o__Bacteroidales	f__Bacteroidaceae	g__Bacteroides	NA
938fbbe51af86d1d7ebd6817a0f0bd24	1	7.812247503266572e-17	0.5156406726742813	1.5150564952042475e-16	0.9999999999999999	0.9999999999999999	d__Bacteria	p__Bacteroidota	c__Bacteroidia	o__Bacteroidales	f__Bacteroidaceae	g__Bacteroides	NA
8be9dac75adfd36649c004c8b72de91d	1	7.812247503266572e-17	0.5156406726742813	1.5150564952042475e-16	0.9999999999999999	0.9999999999999999	d__Bacteria	p__Bacteroidota	c__Bacteroidia	o__Bacteroidales	f__Bacteroidaceae	g__Bacteroides	NA
3b2009fcb7b8c2a75c6da4d5d143344e	1	7.812247503266572e-17	0.5156406726742813	1.5150564952042475e-16	0.9999999999999999	0.9999999999999999	d__Bacteria	p__Bacteroidota	c__Bacteroidia	o__Bacteroidales	f__Bacteroidaceae	g__Bacteroides	NA
547ed9d63f007845c48db64ef3e5aab6	1	7.812247503266572e-17	0.5156406726742813	1.5150564952042475e-16	0.9999999999999999	0.9999999999999999	d__Bacteria	p__Bacteroidota	c__Bacteroidia	o__Bacteroidales	f__Bacteroidaceae	g__Bacteroides	NA
d67fd254ea025aba997ebf891445a640	1	7.812247503266572e-17	0.5156406726742813	1.5150564952042475e-16	0.9999999999999999	0.9999999999999999	d__Bacteria	p__Bacteroidota	c__Bacteroidia	o__Bacteroidales	f__Bacteroidaceae	g__Bacteroides	NA
d900eb33f6b4bc449aab64df16ae18b2	1.2054794520547945	-8.887846442840594e-8	0.5308242218067829	-1.6743483205398495e-7	0.9999998664063325	0.9999999999999999	d__Bacteria	p__Bacteroidota	c__Bacteroidia	o__Bacteroidales	f__Bacteroidaceae	g__Bacteroides	NA
47e24d74765fbb7c836987830e14e8e7	1	7.812247503266572e-17	0.5156406726742813	1.5150564952042475e-16	0.9999999999999999	0.9999999999999999	d__Bacteria	p__Bacteroidota	c__Bacteroidia	o__Bacteroidales	f__Bacteroidaceae	g__Bacteroides	NA
b15193fce14759d1c06728933e044af6	1	7.812247503266572e-17	0.5156406726742813	1.5150564952042475e-16	0.9999999999999999	0.9999999999999999	d__Bacteria	p__Bacteroidota	c__Bacteroidia	o__Bacteroidales	f__Bacteroidaceae	g__Bacteroides	NA
7ea6aefb9b9611299846da49e41ff0ea	1	7.812247503266572e-17	0.5156406726742813	1.5150564952042475e-16	0.9999999999999999	0.9999999999999999	d__Bacteria	p__Bacteroidota	c__Bacteroidia	o__Bacteroidales	f__Bacteroidaceae	g__Bacteroides	NA
45b057ccd4087e284416c188ea39bc4b	1	7.812247503266572e-17	0.5156406726742813	1.5150564952042475e-16	0.9999999999999999	0.9999999999999999	d__Bacteria	p__Bacteroidota	c__Bacteroidia	o__Bacteroidales	f__Bacteroidaceae	g__Bacteroides	NA
1fae9fa505264a550b5fb89b9b8eed35	1	7.812247503266572e-17	0.5156406726742813	1.5150564952042475e-16	0.9999999999999999	0.9999999999999999	d__Bacteria	p__Bacteroidota	c__Bacteroidia	o__Bacteroidales	f__Bacteroidaceae	g__Bacteroides	NA
afb1399a4ff5e4f489139363ac0c14eb	1	7.812247503266572e-17	0.5156406726742813	1.5150564952042475e-16	0.9999999999999999	0.9999999999999999	d__Bacteria	p__Bacteroidota	c__Bacteroidia	o__Bacteroidales	f__Bacteroidaceae	g__Bacteroides	NA
333bbf9224442fc10cd497377d2b1d01	1	7.812247503266572e-17	0.5156406726742813	1.5150564952042475e-16	0.9999999999999999	0.9999999999999999	d__Bacteria	p__Bacteroidota	c__Bacteroidia	o__Bacteroidales	f__Bacteroidaceae	g__Bacteroides	NA
2bf1d5def7e2ecd3ae61454204501a78	1.1095890410958904	-4.877033312929263e-8	0.5188969425184775	-9.398847657992503e-8	0.9999999250080457	0.9999999999999999	d__Bacteria	p__Bacteroidota	c__Bacteroidia	o__Bacteroidales	f__Bacteroidaceae	g__Bacteroides	NA
6928971040e6116b9a3f5c9c9bf41adb	1	7.812247503266572e-17	0.5156406726742813	1.5150564952042475e-16	0.9999999999999999	0.9999999999999999	d__Bacteria	p__Bacteroidota	c__Bacteroidia	o__Bacteroidales	f__Bacteroidaceae	g__Bacteroides	NA
de2f5fd021d78ba4e7e754be5cba3884	1	7.812247503266572e-17	0.5156406726742813	1.5150564952042475e-16	0.9999999999999999	0.9999999999999999	d__Bacteria	p__Bacteroidota	c__Bacteroidia	o__Bacteroidales	f__Bacteroidaceae	g__Bacteroides	NA
6f90f540055767af8c91c7943ed89a2b	1	7.812247503266572e-17	0.5156406726742813	1.5150564952042475e-16	0.9999999999999999	0.9999999999999999	d__Bacteria	p__Bacteroidota	c__Bacteroidia	o__Bacteroidales	f__Bacteroidaceae	g__Bacteroides	NA
897aa38e05b3be367011ece83deb000b	1	7.812247503266572e-17	0.5156406726742813	1.5150564952042475e-16	0.9999999999999999	0.9999999999999999	d__Bacteria	p__Bacteroidota	c__Bacteroidia	o__Bacteroidales	f__Bacteroidaceae	g__Bacteroides	NA
db538dee7edac34eb15f4629ec783d08	1	7.812247503266572e-17	0.5156406726742813	1.5150564952042475e-16	0.9999999999999999	0.9999999999999999	d__Bacteria	p__Bacteroidota	c__Bacteroidia	o__Bacteroidales	f__Bacteroidaceae	g__Bacteroides	NA
11cd7f77a506682c6a060eab4a454850	1	7.812247503266572e-17	0.5156406726742813	1.5150564952042475e-16	0.9999999999999999	0.9999999999999999	d__Bacteria	p__Bacteroidota	c__Bacteroidia	o__Bacteroidales	f__Bacteroidaceae	g__Bacteroides	NA
05fda2f1af60d701b56463f1a87a0847	1	7.812247503266572e-17	0.5156406726742813	1.5150564952042475e-16	0.9999999999999999	0.9999999999999999	d__Bacteria	p__Bacteroidota	c__Bacteroidia	o__Bacteroidales	f__Bacteroidaceae	g__Bacteroides	NA
f707b0354d6d6b5f71cf1a6598e32e2d	1	7.812247503266572e-17	0.5156406726742813	1.5150564952042475e-16	0.9999999999999999	0.9999999999999999	d__Bacteria	p__Bacteroidota	c__Bacteroidia	o__Bacteroidales	f__Bacteroidaceae	g__Bacteroides	NA
7dff12c0121539665c61154d97b824ea	1	7.812247503266572e-17	0.5156406726742813	1.5150564952042475e-16	0.9999999999999999	0.9999999999999999	d__Bacteria	p__Bacteroidota	c__Bacteroidia	o__Bacteroidales	f__Bacteroidaceae	g__Bacteroides	NA
b70edcc5bc6602ef90ed9f35c94a2a5c	1	7.812247503266572e-17	0.5156406726742813	1.5150564952042475e-16	0.9999999999999999	0.9999999999999999	d__Bacteria	p__Bacteroidota	c__Bacteroidia	o__Bacteroidales	f__Bacteroidaceae	g__Bacteroides	NA
7eaadc4f26cca3d30cf3cf3a740b3768	1	7.812247503266572e-17	0.5156406726742813	1.5150564952042475e-16	0.9999999999999999	0.9999999999999999	d__Bacteria	p__Bacteroidota	c__Bacteroidia	o__Bacteroidales	f__Bacteroidaceae	g__Bacteroides	NA
a3f5ce2036b498d6db19a9d20a90b08f	1	7.812247503266572e-17	0.5156406726742813	1.5150564952042475e-16	0.9999999999999999	0.9999999999999999	d__Bacteria	p__Bacillota	c__Clostridia	o__Oscillospirales	f__[Eubacterium]_coprostanoligenes_group	g__Incertae_Sedis	NA
448c4ece61c454fdc451219740de1022	1	7.812247503266572e-17	0.5156406726742813	1.5150564952042475e-16	0.9999999999999999	0.9999999999999999	d__Bacteria	p__Bacteroidota	c__Bacteroidia	o__Bacteroidales	f__Tannerellaceae	g__Parabacteroides	NA
d81297656b72cc55f30c6f4455ae2743	1	7.812247503266572e-17	0.5156406726742813	1.5150564952042475e-16	0.9999999999999999	0.9999999999999999	d__Bacteria	p__Bacteroidota	c__Bacteroidia	o__Bacteroidales	f__Tannerellaceae	g__Parabacteroides	NA
e4ef1c7b616eb842c0ff7a327e83bd76	1	7.812247503266572e-17	0.5156406726742813	1.5150564952042475e-16	0.9999999999999999	0.9999999999999999	d__Bacteria	p__Bacteroidota	c__Bacteroidia	o__Bacteroidales	f__Tannerellaceae	NA	NA
18812bd61aeb2cea2081498cfa9ee3c8	1	7.812247503266572e-17	0.5156406726742813	1.5150564952042475e-16	0.9999999999999999	0.9999999999999999	d__Bacteria	p__Bacteroidota	c__Bacteroidia	o__Bacteroidales	f__Tannerellaceae	g__Parabacteroides	NA
8d1761da3df16fe43e34eea0112ba8fd	1	7.812247503266572e-17	0.5156406726742813	1.5150564952042475e-16	0.9999999999999999	0.9999999999999999	d__Bacteria	p__Bacteroidota	c__Bacteroidia	o__Bacteroidales	f__Tannerellaceae	g__Parabacteroides	NA
87d44f46d4af08ce6fe9dc62606d3c95	1	7.812247503266572e-17	0.5156406726742813	1.5150564952042475e-16	0.9999999999999999	0.9999999999999999	d__Bacteria	p__Bacteroidota	c__Bacteroidia	o__Bacteroidales	f__Tannerellaceae	g__Parabacteroides	NA
dd3e5c36d5f5e1661966858526a1d39e	1	7.812247503266572e-17	0.5156406726742813	1.5150564952042475e-16	0.9999999999999999	0.9999999999999999	d__Bacteria	p__Bacteroidota	c__Bacteroidia	o__Bacteroidales	f__Tannerellaceae	NA	NA
fea7f04af92d6da8eef36144b3589ad9	1	7.812247503266572e-17	0.5156406726742813	1.5150564952042475e-16	0.9999999999999999	0.9999999999999999	d__Bacteria	p__Bacteroidota	c__Bacteroidia	o__Bacteroidales	f__Tannerellaceae	g__Parabacteroides	NA
c8ae7d9258e5bf2f1f1451873429c5c4	1	7.812247503266572e-17	0.5156406726742813	1.5150564952042475e-16	0.9999999999999999	0.9999999999999999	d__Bacteria	p__Bacteroidota	c__Bacteroidia	o__Bacteroidales	f__Tannerellaceae	g__Parabacteroides	NA
8b029d14d4e0eb5aa5617fcb9471a4be	1	7.812247503266572e-17	0.5156406726742813	1.5150564952042475e-16	0.9999999999999999	0.9999999999999999	d__Bacteria	p__Bacteroidota	c__Bacteroidia	o__Bacteroidales	f__Tannerellaceae	g__Parabacteroides	NA
5f327f4172c4f4382ee6a71953879205	1	7.812247503266572e-17	0.5156406726742813	1.5150564952042475e-16	0.9999999999999999	0.9999999999999999	d__Bacteria	p__Bacteroidota	c__Bacteroidia	o__Bacteroidales	f__Tannerellaceae	g__Parabacteroides	NA
f8c35d57c4b483c5a13d0d52d796940c	1	7.812247503266572e-17	0.5156406726742813	1.5150564952042475e-16	0.9999999999999999	0.9999999999999999	d__Bacteria	p__Bacteroidota	c__Bacteroidia	o__Bacteroidales	f__Tannerellaceae	g__Parabacteroides	NA
d8e7f9181e4d5a4a6453e9ca9996a43f	1.4383561643835616	-0.9385990127582392	0.45799940246835463	-2.049345496303549	0.0404283427866836	0.9999999999999999	d__Bacteria	p__Bacteroidota	c__Bacteroidia	o__Bacteroidales	f__Tannerellaceae	g__Parabacteroides	NA
928eea08226b8f0007d70a0b289f0795	1	7.812247503266572e-17	0.5156406726742813	1.5150564952042475e-16	0.9999999999999999	0.9999999999999999	d__Bacteria	p__Bacteroidota	c__Bacteroidia	o__Bacteroidales	f__Tannerellaceae	g__Parabacteroides	NA
ee1783274bd16e3b9950d77594f27f9a	1	7.812247503266572e-17	0.5156406726742813	1.5150564952042475e-16	0.9999999999999999	0.9999999999999999	d__Bacteria	p__Bacteroidota	c__Bacteroidia	o__Bacteroidales	f__Dysgonomonadaceae	g__Dysgonomonas	NA
9a7134ae7c756e51b6471bd792f9ef10	1	7.812247503266572e-17	0.5156406726742813	1.5150564952042475e-16	0.9999999999999999	0.9999999999999999	d__Bacteria	p__Bacteroidota	c__Bacteroidia	o__Bacteroidales	f__Dysgonomonadaceae	g__Dysgonomonas	NA
e4f195476bffa394e3048063f99360ea	1	7.812247503266572e-17	0.5156406726742813	1.5150564952042475e-16	0.9999999999999999	0.9999999999999999	d__Bacteria	p__Bacteroidota	c__Bacteroidia	o__Bacteroidales	f__Barnesiellaceae	g__Incertae_Sedis	NA
ecdb383d9a60d84b305e2e08b57cccea	1	7.812247503266572e-17	0.5156406726742813	1.5150564952042475e-16	0.9999999999999999	0.9999999999999999	d__Bacteria	p__Bacteroidota	c__Bacteroidia	o__Bacteroidales	f__Barnesiellaceae	g__Coprobacter	NA
605cc047d6200f294e043f8ce6cb5af7	1	7.812247503266572e-17	0.5156406726742813	1.5150564952042475e-16	0.9999999999999999	0.9999999999999999	d__Bacteria	p__Bacteroidota	c__Bacteroidia	o__Bacteroidales	f__Barnesiellaceae	g__Coprobacter	NA
b5d7cdf2e8f895c8e801d67d082b7bc1	1	7.812247503266572e-17	0.5156406726742813	1.5150564952042475e-16	0.9999999999999999	0.9999999999999999	d__Bacteria	p__Bacteroidota	c__Bacteroidia	o__Bacteroidales	f__Barnesiellaceae	g__Coprobacter	NA
8d441a32339fbd015b03fe3089cdec76	1	7.812247503266572e-17	0.5156406726742813	1.5150564952042475e-16	0.9999999999999999	0.9999999999999999	d__Bacteria	p__Bacteroidota	c__Bacteroidia	o__Bacteroidales	f__Porphyromonadaceae	g__Porphyromonas	NA
43ea6b69b7696d2674fafdaa3538e9ec	1	7.812247503266572e-17	0.5156406726742813	1.5150564952042475e-16	0.9999999999999999	0.9999999999999999	d__Bacteria	p__Bacteroidota	c__Bacteroidia	o__Bacteroidales	f__Porphyromonadaceae	g__Porphyromonas	NA
6d860023f7cb5928a25af41e9f53ed30	1	7.812247503266572e-17	0.5156406726742813	1.5150564952042475e-16	0.9999999999999999	0.9999999999999999	d__Bacteria	p__Bacteroidota	c__Bacteroidia	o__Bacteroidales	f__Porphyromonadaceae	g__Porphyromonas	NA
9639ca37e5214345658dd3d1087b4404	1	7.812247503266572e-17	0.5156406726742813	1.5150564952042475e-16	0.9999999999999999	0.9999999999999999	d__Bacteria	p__Bacteroidota	c__Bacteroidia	o__Bacteroidales	f__Porphyromonadaceae	g__Porphyromonas	NA
8af94e431832ea5ca7e2d2ddc5769fb8	1	7.812247503266572e-17	0.5156406726742813	1.5150564952042475e-16	0.9999999999999999	0.9999999999999999	d__Bacteria	p__Bacteroidota	c__Bacteroidia	o__Bacteroidales	f__Porphyromonadaceae	g__Porphyromonas	NA
e4fb0081d4b0d27e8f5f9c663cb660d5	1.082191780821918	-3.725037366785403e-8	0.5176973198883104	-7.195396274388776e-8	0.999999942589044	0.9999999999999999	d__Bacteria	p__Bacteroidota	c__Bacteroidia	o__Bacteroidales	f__Porphyromonadaceae	g__Porphyromonas	NA
a42f951cf87f6accbe16633b2e4a44bb	1	7.812247503266572e-17	0.5156406726742813	1.5150564952042475e-16	0.9999999999999999	0.9999999999999999	d__Bacteria	p__Bacteroidota	c__Bacteroidia	o__Bacteroidales	f__Porphyromonadaceae	g__Porphyromonas	NA
d639e9434c8f50838a4a89f78f19998f	1.5205479452054795	1.0911474481865089	0.5628727200962863	1.9385331873959972	0.05255820592198081	0.9999999999999999	d__Bacteria	p__Bacteroidota	c__Bacteroidia	o__Bacteroidales	f__Porphyromonadaceae	g__Porphyromonas	NA
19e44bff8b7f93dd15c0ee9c43a48bdd	1	7.812247503266572e-17	0.5156406726742813	1.5150564952042475e-16	0.9999999999999999	0.9999999999999999	d__Bacteria	p__Bacteroidota	c__Bacteroidia	o__Bacteroidales	f__Porphyromonadaceae	g__Porphyromonas	NA
520093e54d88f4374f2935d53e12bf99	1	7.812247503266572e-17	0.5156406726742813	1.5150564952042475e-16	0.9999999999999999	0.9999999999999999	d__Bacteria	p__Bacteroidota	c__Bacteroidia	o__Bacteroidales	f__Porphyromonadaceae	g__Porphyromonas	NA
004eaff35d1b108351c9510c9ef5b049	1	7.812247503266572e-17	0.5156406726742813	1.5150564952042475e-16	0.9999999999999999	0.9999999999999999	d__Bacteria	p__Bacteroidota	c__Bacteroidia	o__Bacteroidales	f__Porphyromonadaceae	g__Porphyromonas	NA
b0074af6b9640c09199843a3114c6a6c	1	7.812247503266572e-17	0.5156406726742813	1.5150564952042475e-16	0.9999999999999999	0.9999999999999999	d__Bacteria	p__Bacteroidota	c__Bacteroidia	o__Bacteroidales	f__Porphyromonadaceae	g__Porphyromonas	NA
e4ce01b9d7d504c2ad6b4d1c76737625	1	7.812247503266572e-17	0.5156406726742813	1.5150564952042475e-16	0.9999999999999999	0.9999999999999999	d__Bacteria	p__Bacteroidota	c__Bacteroidia	o__Bacteroidales	f__Porphyromonadaceae	g__Porphyromonas	NA
24be3b615a7d6602acf47581a35b6fd4	1	7.812247503266572e-17	0.5156406726742813	1.5150564952042475e-16	0.9999999999999999	0.9999999999999999	d__Bacteria	p__Bacteroidota	c__Bacteroidia	o__Bacteroidales	f__Porphyromonadaceae	g__Porphyromonas	NA
19da890972569b6859c360e9b4c8751e	1.1095890410958904	-0.2223923314910719	0.49420878262034384	-0.4499967206408712	0.6527128051723559	0.9999999999999999	d__Bacteria	p__Bacteroidota	c__Bacteroidia	o__Bacteroidales	f__Porphyromonadaceae	g__Porphyromonas	NA
6753f0818072f28125cfa5e4f4e20f78	1	7.812247503266572e-17	0.5156406726742813	1.5150564952042475e-16	0.9999999999999999	0.9999999999999999	d__Bacteria	p__Bacteroidota	c__Bacteroidia	o__Bacteroidales	f__Porphyromonadaceae	g__Porphyromonas	NA
ad507e5af33142b0fa3228bd0eb25923	1.3972602739726028	-1.1699244931072859	0.4873134454137548	-2.400763828943727	0.016360892010308947	0.9530219596004962	d__Bacteria	p__Bacteroidota	c__Bacteroidia	o__Bacteroidales	f__Porphyromonadaceae	g__Porphyromonas	NA
f53ea68023da65982627683eb0994946	1.082191780821918	-3.725037375073774e-8	0.5176973198883101	-7.19539629039885e-8	0.9999999425890439	0.9999999999999999	d__Bacteria	p__Bacteroidota	c__Bacteroidia	o__Bacteroidales	f__Porphyromonadaceae	g__Porphyromonas	NA
6addbdcf8cdad8201770ae689f90e870	1	7.812247503266572e-17	0.5156406726742813	1.5150564952042475e-16	0.9999999999999999	0.9999999999999999	d__Bacteria	p__Bacteroidota	c__Bacteroidia	o__Bacteroidales	f__Porphyromonadaceae	g__Porphyromonas	NA
d59960696140503b13cf4c28ed81e779	1.1232876712328768	0.47643792916851874	0.4945717528253159	0.9633342916306785	0.33537978968130944	0.9999999999999999	d__Bacteria	p__Bacteroidota	c__Bacteroidia	o__Bacteroidales	f__Porphyromonadaceae	g__Porphyromonas	NA
31f567f59096ed2d57feecc6c3621a58	1	7.812247503266572e-17	0.5156406726742813	1.5150564952042475e-16	0.9999999999999999	0.9999999999999999	d__Bacteria	p__Bacteroidota	c__Bacteroidia	o__Bacteroidales	f__Porphyromonadaceae	g__Porphyromonas	NA
156e43349c357d6da97b4eefd07ae797	1	7.812247503266572e-17	0.5156406726742813	1.5150564952042475e-16	0.9999999999999999	0.9999999999999999	d__Bacteria	p__Bacteroidota	c__Bacteroidia	o__Bacteroidales	f__Porphyromonadaceae	g__Porphyromonas	NA
eb0bdbe44aca952fbf5e6e2529f0f0f6	1	7.812247503266572e-17	0.5156406726742813	1.5150564952042475e-16	0.9999999999999999	0.9999999999999999	d__Bacteria	p__Bacteroidota	c__Bacteroidia	o__Bacteroidales	f__Porphyromonadaceae	g__Porphyromonas	NA
c532c2c02cdb1cec71b6500c5d6c2edf	1	7.812247503266572e-17	0.5156406726742813	1.5150564952042475e-16	0.9999999999999999	0.9999999999999999	d__Bacteria	p__Bacteroidota	c__Bacteroidia	o__Bacteroidales	f__Porphyromonadaceae	g__Porphyromonas	NA
2f495ea1cc6e09ccccbbe1681c62cb36	1	7.812247503266572e-17	0.5156406726742813	1.5150564952042475e-16	0.9999999999999999	0.9999999999999999	d__Bacteria	p__Bacteroidota	c__Bacteroidia	o__Bacteroidales	f__Porphyromonadaceae	g__Porphyromonas	NA
a08df493c68ca1b0549dc0404dd5cb28	1	7.812247503266572e-17	0.5156406726742813	1.5150564952042475e-16	0.9999999999999999	0.9999999999999999	d__Bacteria	p__Bacteroidota	c__Bacteroidia	o__Bacteroidales	f__Porphyromonadaceae	g__Porphyromonas	NA
5817fa27f240dd7e7f0822f50b8fc948	1.095890410958904	0.3833285446564808	0.4974508147037047	0.7705858214038743	0.44095246795816384	0.9999999999999999	d__Bacteria	p__Bacteroidota	c__Bacteroidia	o__Bacteroidales	f__Porphyromonadaceae	g__Porphyromonas	NA
8d679f22fe2b8832b2aff8060af8b611	1	7.812247503266572e-17	0.5156406726742813	1.5150564952042475e-16	0.9999999999999999	0.9999999999999999	d__Bacteria	p__Bacteroidota	c__Bacteroidia	o__Bacteroidales	f__Porphyromonadaceae	g__Porphyromonas	NA
136d7660236f555e2218c16aa08cfabd	1.1232876712328768	0.17687767869457846	0.509111340833876	0.3474243539829021	0.7282725396462701	0.9999999999999999	d__Bacteria	p__Bacteroidota	c__Bacteroidia	o__Bacteroidales	f__Porphyromonadaceae	g__Porphyromonas	NA
0232b56c81bb04fb94bdcfdf8b073ae1	1.2191780821917808	0.7618400528647901	0.5249486407492887	1.4512658834155145	0.14670583740838575	0.9999999999999999	d__Bacteria	p__Bacteroidota	c__Bacteroidia	o__Bacteroidales	f__Porphyromonadaceae	g__Porphyromonas	NA
598d37aa0ecec87f152ac33f00540309	1	7.812247503266572e-17	0.5156406726742813	1.5150564952042475e-16	0.9999999999999999	0.9999999999999999	d__Bacteria	p__Bacteroidota	c__Bacteroidia	o__Bacteroidales	f__Porphyromonadaceae	g__Porphyromonas	NA
03944aebf367f55f359e4ea3e47d9406	1	7.812247503266572e-17	0.5156406726742813	1.5150564952042475e-16	0.9999999999999999	0.9999999999999999	d__Bacteria	p__Bacteroidota	c__Bacteroidia	o__Bacteroidales	f__Porphyromonadaceae	g__Porphyromonas	NA
195a6faf067d7e7afcefd42a76f1e1dc	1.3835616438356164	1.0310265663547304	0.5381905552558652	1.9157277218745734	0.055399761903983366	0.9999999999999999	d__Bacteria	p__Bacteroidota	c__Bacteroidia	o__Bacteroidales	f__Porphyromonadaceae	g__Porphyromonas	NA
ad1171e25c458f68ef7a3b40b45dc9e5	1	7.812247503266572e-17	0.5156406726742813	1.5150564952042475e-16	0.9999999999999999	0.9999999999999999	d__Bacteria	p__Bacteroidota	c__Bacteroidia	o__Bacteroidales	f__Porphyromonadaceae	g__Porphyromonas	NA
cbcefeed7dff9e69afd0188cc0243db5	1	7.812247503266572e-17	0.5156406726742813	1.5150564952042475e-16	0.9999999999999999	0.9999999999999999	d__Bacteria	p__Bacteroidota	c__Bacteroidia	o__Bacteroidales	f__Porphyromonadaceae	g__Porphyromonas	NA
db6fbb8818ad578ef5c3961480fd6dd9	1	7.812247503266572e-17	0.5156406726742813	1.5150564952042475e-16	0.9999999999999999	0.9999999999999999	d__Bacteria	p__Bacteroidota	c__Bacteroidia	o__Bacteroidales	f__Marinifilaceae	g__Odoribacter	NA
4e7592405ffecb210854f136ba3b73e3	1	7.812247503266572e-17	0.5156406726742813	1.5150564952042475e-16	0.9999999999999999	0.9999999999999999	d__Bacteria	p__Bacteroidota	c__Bacteroidia	o__Bacteroidales	f__Marinifilaceae	g__Odoribacter	NA
5cbba1ec821d0d64b7e66f992ea80a4e	1	7.812247503266572e-17	0.5156406726742813	1.5150564952042475e-16	0.9999999999999999	0.9999999999999999	d__Bacteria	p__Bacteroidota	c__Bacteroidia	o__Bacteroidales	f__Marinifilaceae	g__Odoribacter	NA
a730ef0685ea600be854be1842a6b362	1	7.812247503266572e-17	0.5156406726742813	1.5150564952042475e-16	0.9999999999999999	0.9999999999999999	d__Bacteria	p__Bacteroidota	c__Bacteroidia	o__Bacteroidales	f__Marinifilaceae	g__Odoribacter	NA
64c0631565683135b90bd037417fb657	1	7.812247503266572e-17	0.5156406726742813	1.5150564952042475e-16	0.9999999999999999	0.9999999999999999	d__Bacteria	p__Bacteroidota	c__Bacteroidia	o__Bacteroidales	f__Marinifilaceae	g__Odoribacter	NA
0c4b245c4b7c443e975c79c61b5d6281	1	7.812247503266572e-17	0.5156406726742813	1.5150564952042475e-16	0.9999999999999999	0.9999999999999999	d__Bacteria	p__Bacteroidota	c__Bacteroidia	o__Bacteroidales	f__Marinifilaceae	g__Gabonibacter	NA
7261cbb86534c4057d6fe54bc4232846	1	7.812247503266572e-17	0.5156406726742813	1.5150564952042475e-16	0.9999999999999999	0.9999999999999999	d__Bacteria	p__Bacteroidota	c__Bacteroidia	o__Bacteroidales	f__Marinifilaceae	g__Gabonibacter	NA
52a06dea9ff641c7303c8ca21fa7aca5	1	7.812247503266572e-17	0.5156406726742813	1.5150564952042475e-16	0.9999999999999999	0.9999999999999999	d__Bacteria	p__Bacteroidota	c__Bacteroidia	o__Bacteroidales	f__Marinifilaceae	g__Butyricimonas	NA
4a4e713347ac65f04c521b08f128763a	1	7.812247503266572e-17	0.5156406726742813	1.5150564952042475e-16	0.9999999999999999	0.9999999999999999	d__Bacteria	p__Bacteroidota	c__Bacteroidia	o__Bacteroidales	f__Marinifilaceae	g__Butyricimonas	NA
57c101de11f975d263664eef27b61ec9	1	7.812247503266572e-17	0.5156406726742813	1.5150564952042475e-16	0.9999999999999999	0.9999999999999999	d__Bacteria	p__Bacteroidota	c__Bacteroidia	o__Bacteroidales	f__Marinifilaceae	g__Butyricimonas	NA
1c2edba6f16fd68a4972f9933d463941	1	7.812247503266572e-17	0.5156406726742813	1.5150564952042475e-16	0.9999999999999999	0.9999999999999999	d__Bacteria	p__Bacteroidota	c__Bacteroidia	o__Bacteroidales	f__Marinifilaceae	g__Butyricimonas	NA
bea2245c01baedd6d4a6d6e4e857f9f6	1	7.812247503266572e-17	0.5156406726742813	1.5150564952042475e-16	0.9999999999999999	0.9999999999999999	d__Bacteria	p__Bacteroidota	c__Bacteroidia	o__Bacteroidales	f__Marinifilaceae	g__Butyricimonas	NA
6d914a702d3c71527cfb3484a6317810	1	7.812247503266572e-17	0.5156406726742813	1.5150564952042475e-16	0.9999999999999999	0.9999999999999999	d__Bacteria	p__Bacteroidota	c__Bacteroidia	o__Bacteroidales	f__Marinifilaceae	g__Butyricimonas	NA
1473d0e067e22f5b3e209940fd4d0645	1	7.812247503266572e-17	0.5156406726742813	1.5150564952042475e-16	0.9999999999999999	0.9999999999999999	d__Bacteria	p__Bacteroidota	c__Bacteroidia	o__Bacteroidales	f__Marinifilaceae	g__Butyricimonas	NA
bbcae7ddf438f68fca7bb7ccb1107474	1	7.812247503266572e-17	0.5156406726742813	1.5150564952042475e-16	0.9999999999999999	0.9999999999999999	d__Bacteria	p__Bacteroidota	c__Bacteroidia	o__Bacteroidales	f__Marinifilaceae	g__Butyricimonas	NA
fade5298f44c620ea4d263bedbeeb182	1	7.812247503266572e-17	0.5156406726742813	1.5150564952042475e-16	0.9999999999999999	0.9999999999999999	d__Bacteria	p__Bacteroidota	c__Bacteroidia	o__Bacteroidales	f__Marinifilaceae	g__Butyricimonas	NA
9e7451ccee2525615343fd4e5ca8f995	1	7.812247503266572e-17	0.5156406726742813	1.5150564952042475e-16	0.9999999999999999	0.9999999999999999	d__Bacteria	p__Bacteroidota	c__Bacteroidia	o__Bacteroidales	f__Marinifilaceae	g__Butyricimonas	NA
3eb7d15a2507bc677303e1cf8ef8a555	1	7.812247503266572e-17	0.5156406726742813	1.5150564952042475e-16	0.9999999999999999	0.9999999999999999	d__Bacteria	p__Bacteroidota	c__Bacteroidia	o__Bacteroidales	f__Marinifilaceae	g__Butyricimonas	NA
4533bf5ce3fb980fcb1a62e29b3b304b	1	7.812247503266572e-17	0.5156406726742813	1.5150564952042475e-16	0.9999999999999999	0.9999999999999999	d__Bacteria	p__Bacteroidota	c__Bacteroidia	o__Bacteroidales	f__Marinifilaceae	g__Butyricimonas	NA
d611e03044e800bf023cfc92bec2106a	1	7.812247503266572e-17	0.5156406726742813	1.5150564952042475e-16	0.9999999999999999	0.9999999999999999	d__Bacteria	p__Bacteroidota	c__Bacteroidia	o__Bacteroidales	f__Marinifilaceae	g__Butyricimonas	NA
10a2fdc6e17ace008fccaa36aa011a14	1	7.812247503266572e-17	0.5156406726742813	1.5150564952042475e-16	0.9999999999999999	0.9999999999999999	d__Bacteria	p__Bacteroidota	c__Bacteroidia	o__Bacteroidales	f__Marinifilaceae	g__Butyricimonas	NA
b452284fca181520c11d087351ff43df	1	7.812247503266572e-17	0.5156406726742813	1.5150564952042475e-16	0.9999999999999999	0.9999999999999999	d__Bacteria	p__Bacteroidota	c__Bacteroidia	o__Bacteroidales	f__Marinifilaceae	g__Butyricimonas	NA
275a7bf0c5f28f800faa652f086cbd0c	1	7.812247503266572e-17	0.5156406726742813	1.5150564952042475e-16	0.9999999999999999	0.9999999999999999	d__Bacteria	p__Bacteroidota	c__Bacteroidia	o__Bacteroidales	f__Marinifilaceae	g__Butyricimonas	NA
2fd468572f88260f297c459f41b0b437	1	7.812247503266572e-17	0.5156406726742813	1.5150564952042475e-16	0.9999999999999999	0.9999999999999999	d__Bacteria	p__Bacteroidota	c__Bacteroidia	o__Bacteroidales	f__Marinifilaceae	g__Butyricimonas	NA
7470286d51334c6100cbc907f07c363b	1	7.812247503266572e-17	0.5156406726742813	1.5150564952042475e-16	0.9999999999999999	0.9999999999999999	d__Bacteria	p__Bacteroidota	c__Bacteroidia	o__Bacteroidales	f__Marinifilaceae	g__Butyricimonas	NA
f1f42e784bfc3a636da813e55ad0c16d	1	7.812247503266572e-17	0.5156406726742813	1.5150564952042475e-16	0.9999999999999999	0.9999999999999999	d__Bacteria	p__Bacteroidota	c__Bacteroidia	o__Bacteroidales	f__Marinifilaceae	g__Butyricimonas	NA
22f96e4d8b02d8c55ab78d71a7f12c4f	1	7.812247503266572e-17	0.5156406726742813	1.5150564952042475e-16	0.9999999999999999	0.9999999999999999	d__Bacteria	p__Bacteroidota	c__Bacteroidia	o__Bacteroidales	f__Marinifilaceae	g__Butyricimonas	NA
412b0b2c43975195a230e493a7a2b763	1	7.812247503266572e-17	0.5156406726742813	1.5150564952042475e-16	0.9999999999999999	0.9999999999999999	d__Bacteria	p__Bacteroidota	c__Bacteroidia	o__Bacteroidales	f__Barnesiellaceae	g__Barnesiella	NA
e74a5cb3fbe028ec4c07f35adf4ecdc5	1	7.812247503266572e-17	0.5156406726742813	1.5150564952042475e-16	0.9999999999999999	0.9999999999999999	d__Bacteria	p__Bacteroidota	c__Bacteroidia	o__Bacteroidales	f__Barnesiellaceae	g__Barnesiella	NA
43a39fa4815bda79d6470002c8172dcb	1	7.812247503266572e-17	0.5156406726742813	1.5150564952042475e-16	0.9999999999999999	0.9999999999999999	d__Bacteria	p__Bacteroidota	c__Bacteroidia	o__Bacteroidales	f__Barnesiellaceae	g__Barnesiella	NA
452d18b2725260f5f93490c7f6517f87	1	7.812247503266572e-17	0.5156406726742813	1.5150564952042475e-16	0.9999999999999999	0.9999999999999999	d__Bacteria	p__Bacteroidota	c__Bacteroidia	o__Bacteroidales	f__Barnesiellaceae	g__Barnesiella	NA
948a960b3f069d6eaabc5f61d6e74516	1	7.812247503266572e-17	0.5156406726742813	1.5150564952042475e-16	0.9999999999999999	0.9999999999999999	d__Bacteria	p__Bacteroidota	c__Bacteroidia	o__Bacteroidales	f__Barnesiellaceae	g__Barnesiella	NA
a12a086985ef700cc8f5a0bd3c7b45c1	1	7.812247503266572e-17	0.5156406726742813	1.5150564952042475e-16	0.9999999999999999	0.9999999999999999	d__Bacteria	p__Bacteroidota	c__Bacteroidia	o__Bacteroidales	f__Barnesiellaceae	g__Barnesiella	NA
9ea77e95fbfd1a99c9c28db3b03a01a8	1	7.812247503266572e-17	0.5156406726742813	1.5150564952042475e-16	0.9999999999999999	0.9999999999999999	d__Bacteria	p__Bacteroidota	c__Bacteroidia	o__Bacteroidales	f__Barnesiellaceae	g__Barnesiella	NA
64047158420a8a9df9d35d8719329c5b	1	7.812247503266572e-17	0.5156406726742813	1.5150564952042475e-16	0.9999999999999999	0.9999999999999999	d__Bacteria	p__Bacteroidota	c__Bacteroidia	o__Bacteroidales	f__Barnesiellaceae	g__Barnesiella	NA
c25f86904b550e2f97731ac7daa8c01f	1	7.812247503266572e-17	0.5156406726742813	1.5150564952042475e-16	0.9999999999999999	0.9999999999999999	d__Bacteria	p__Bacteroidota	c__Bacteroidia	o__Bacteroidales	f__Barnesiellaceae	g__Barnesiella	NA
602afda45b90dc10dd817f1e9d6bf744	1	7.812247503266572e-17	0.5156406726742813	1.5150564952042475e-16	0.9999999999999999	0.9999999999999999	d__Bacteria	p__Bacteroidota	c__Bacteroidia	o__Bacteroidales	f__Muribaculaceae	g__Incertae_Sedis	NA
3dd992dfe490d2df50af8ec7cf927d04	1	7.812247503266572e-17	0.5156406726742813	1.5150564952042475e-16	0.9999999999999999	0.9999999999999999	d__Bacteria	p__Bacteroidota	c__Bacteroidia	o__Bacteroidales	f__Muribaculaceae	g__Incertae_Sedis	NA
2e2fe8e7ea489f2500a00c81eec820f6	1	7.812247503266572e-17	0.5156406726742813	1.5150564952042475e-16	0.9999999999999999	0.9999999999999999	d__Bacteria	p__Bacteroidota	c__Bacteroidia	o__Bacteroidales	f__Muribaculaceae	g__Incertae_Sedis	NA
462e1ea12a2848b8df881511cb2d6645	1	7.812247503266572e-17	0.5156406726742813	1.5150564952042475e-16	0.9999999999999999	0.9999999999999999	d__Bacteria	p__Bacteroidota	c__Bacteroidia	o__Bacteroidales	f__Muribaculaceae	g__Incertae_Sedis	NA
506ee17cb5d882636086031fa2232f11	1	7.812247503266572e-17	0.5156406726742813	1.5150564952042475e-16	0.9999999999999999	0.9999999999999999	d__Bacteria	p__Bacteroidota	c__Bacteroidia	o__Bacteroidales	f__Muribaculaceae	g__Incertae_Sedis	NA
1a1be9635915664dbad6cd5ad85e4447	1	7.812247503266572e-17	0.5156406726742813	1.5150564952042475e-16	0.9999999999999999	0.9999999999999999	d__Bacteria	p__Bacteroidota	c__Bacteroidia	o__Bacteroidales	f__Muribaculaceae	g__Incertae_Sedis	NA
cb8b8a6ee6bcfa115f8b24a45fa1c12a	1	7.812247503266572e-17	0.5156406726742813	1.5150564952042475e-16	0.9999999999999999	0.9999999999999999	d__Bacteria	p__Bacteroidota	c__Bacteroidia	o__Bacteroidales	f__Muribaculaceae	g__Incertae_Sedis	NA
53e26245d4d0dcc5983dd13a037d610a	1	7.812247503266572e-17	0.5156406726742813	1.5150564952042475e-16	0.9999999999999999	0.9999999999999999	d__Bacteria	p__Bacteroidota	c__Bacteroidia	o__Bacteroidales	f__Muribaculaceae	g__Incertae_Sedis	NA
fc1ce1f5305ec60f3b83e8546c566b51	1.082191780821918	0.33441895563880664	0.4992834951781326	0.6697977378953691	0.5029867358155204	0.9999999999999999	d__Bacteria	p__Bacteroidota	c__Bacteroidia	o__Bacteroidales	f__Muribaculaceae	g__Incertae_Sedis	NA
2ed5efe0bd082f8f23971ed1b2eacbb4	1	7.812247503266572e-17	0.5156406726742813	1.5150564952042475e-16	0.9999999999999999	0.9999999999999999	d__Bacteria	p__Bacteroidota	c__Bacteroidia	o__Bacteroidales	f__Muribaculaceae	g__Incertae_Sedis	NA
4ddcfae7911092976b66d0799c96d4d7	1.178082191780822	-0.8073546440365934	0.44525561197274266	-1.8132385585429016	0.06979503512543245	0.9999999999999999	d__Bacteria	p__Bacteroidota	c__Bacteroidia	o__Bacteroidales	f__Muribaculaceae	g__Incertae_Sedis	NA
429bec9801227761ba42ccc30c1c0e32	1	7.812247503266572e-17	0.5156406726742813	1.5150564952042475e-16	0.9999999999999999	0.9999999999999999	d__Bacteria	p__Bacteroidota	c__Bacteroidia	o__Bacteroidales	f__Muribaculaceae	g__Incertae_Sedis	NA
1636df577567be4aadea8383b4af2b86	1.0273972602739727	0.12029420247329665	0.5090991755503618	0.2362883466531891	0.813208928975602	0.9999999999999999	d__Bacteria	p__Bacteroidota	c__Bacteroidia	o__Bacteroidales	f__Muribaculaceae	g__Incertae_Sedis	NA
e51fc3bc6d08ae82b3299bff3739b1f6	1	7.812247503266572e-17	0.5156406726742813	1.5150564952042475e-16	0.9999999999999999	0.9999999999999999	d__Bacteria	p__Bacteroidota	c__Bacteroidia	o__Bacteroidales	f__Muribaculaceae	g__Incertae_Sedis	NA
771226f70739413b0fdc6079b144d549	1	7.812247503266572e-17	0.5156406726742813	1.5150564952042475e-16	0.9999999999999999	0.9999999999999999	d__Bacteria	p__Bacteroidota	c__Bacteroidia	o__Bacteroidales	f__Muribaculaceae	g__Incertae_Sedis	NA
d3880084f8d19b70530996fc5b0b4f15	1	7.812247503266572e-17	0.5156406726742813	1.5150564952042475e-16	0.9999999999999999	0.9999999999999999	d__Bacteria	p__Bacteroidota	c__Bacteroidia	o__Bacteroidales	f__Muribaculaceae	g__Incertae_Sedis	NA
a72d0917f05f256c74fbb5a0757ed9b5	1	7.812247503266572e-17	0.5156406726742813	1.5150564952042475e-16	0.9999999999999999	0.9999999999999999	d__Bacteria	p__Bacteroidota	c__Bacteroidia	o__Bacteroidales	f__Muribaculaceae	g__Incertae_Sedis	NA
d6cddd7a253f44374c0657089afeb24c	1	7.812247503266572e-17	0.5156406726742813	1.5150564952042475e-16	0.9999999999999999	0.9999999999999999	d__Bacteria	p__Bacteroidota	c__Bacteroidia	o__Bacteroidales	f__Muribaculaceae	g__Incertae_Sedis	NA
42ab378bf5e9c168eeb2ff71cdffb5fa	1	7.812247503266572e-17	0.5156406726742813	1.5150564952042475e-16	0.9999999999999999	0.9999999999999999	d__Bacteria	p__Bacteroidota	c__Bacteroidia	o__Bacteroidales	f__Muribaculaceae	g__Incertae_Sedis	NA
7759604db6eb1f89e430cab74dcbc5df	1	7.812247503266572e-17	0.5156406726742813	1.5150564952042475e-16	0.9999999999999999	0.9999999999999999	d__Bacteria	p__Bacteroidota	c__Bacteroidia	o__Bacteroidales	f__Rikenellaceae	g__Rikenellaceae_RC9_gut_group	NA
b457f87b78c4aed33270ae43607b7094	1	7.812247503266572e-17	0.5156406726742813	1.5150564952042475e-16	0.9999999999999999	0.9999999999999999	d__Bacteria	p__Bacteroidota	c__Bacteroidia	o__Bacteroidales	f__Rikenellaceae	g__Rikenellaceae_RC9_gut_group	NA
f422c51f7c7baf6e61938deec2ea6af7	1	7.812247503266572e-17	0.5156406726742813	1.5150564952042475e-16	0.9999999999999999	0.9999999999999999	d__Bacteria	p__Bacteroidota	c__Bacteroidia	o__Bacteroidales	f__Rikenellaceae	g__Rikenellaceae_RC9_gut_group	NA
f9aa9842131b4b26d9715d04aa7bfda2	1	7.812247503266572e-17	0.5156406726742813	1.5150564952042475e-16	0.9999999999999999	0.9999999999999999	d__Bacteria	p__Bacteroidota	c__Bacteroidia	o__Bacteroidales	f__Porphyromonadaceae	g__Porphyromonas	NA
84d5a713b1d46f0e0e0f7ba784e9925d	1	7.812247503266572e-17	0.5156406726742813	1.5150564952042475e-16	0.9999999999999999	0.9999999999999999	d__Bacteria	p__Bacteroidota	c__Bacteroidia	o__Bacteroidales	f__Prevotellaceae	g__Prevotellaceae_NK3B31_group	NA
f8094a37afb3d454a2bc9654445d7a64	1.0547945205479452	-2.5344423059450104e-8	0.5168241415933563	-4.903877551329909e-8	0.9999999608727181	0.9999999999999999	d__Bacteria	p__Bacteroidota	c__Bacteroidia	o__Bacteroidales	f__Prevotellaceae	g__Prevotellaceae_UCG-001	NA
c53e42b981a64c89c69a5e6032bf49a2	1.4109589041095891	0.6463629669036955	0.5048344856931989	1.2803463020482069	0.20042337025007023	0.9999999999999999	d__Bacteria	p__Bacteroidota	c__Bacteroidia	o__Bacteroidales	f__Prevotellaceae	g__Prevotellaceae_UCG-001	NA
4b22253d83c9bcba6868b5cabb766c62	1	7.812247503266572e-17	0.5156406726742813	1.5150564952042475e-16	0.9999999999999999	0.9999999999999999	d__Bacteria	p__Bacteroidota	c__Bacteroidia	o__Bacteroidales	f__Prevotellaceae	NA	NA
91af70c75e266c12086c731dfc474d5a	1	7.812247503266572e-17	0.5156406726742813	1.5150564952042475e-16	0.9999999999999999	0.9999999999999999	d__Bacteria	p__Bacteroidota	c__Bacteroidia	o__Bacteroidales	f__Prevotellaceae	NA	NA
737a2f585b9b9a2c98bdd893ec89a80d	1	7.812247503266572e-17	0.5156406726742813	1.5150564952042475e-16	0.9999999999999999	0.9999999999999999	d__Bacteria	p__Bacteroidota	c__Bacteroidia	o__Bacteroidales	f__Prevotellaceae	NA	NA
a868201429067d69e423117dcd041d33	1	7.812247503266572e-17	0.5156406726742813	1.5150564952042475e-16	0.9999999999999999	0.9999999999999999	d__Bacteria	p__Bacteroidota	c__Bacteroidia	o__Bacteroidales	f__Prevotellaceae	g__Leyella	NA
34b016bc5ceae1b15ba6cae2e54069d2	1	7.812247503266572e-17	0.5156406726742813	1.5150564952042475e-16	0.9999999999999999	0.9999999999999999	d__Bacteria	p__Bacteroidota	c__Bacteroidia	o__Bacteroidales	f__Prevotellaceae	g__Leyella	NA
27a18663c7f9d9f7bd1ddd023670a3d0	1	7.812247503266572e-17	0.5156406726742813	1.5150564952042475e-16	0.9999999999999999	0.9999999999999999	d__Bacteria	p__Bacteroidota	c__Bacteroidia	o__Bacteroidales	f__Prevotellaceae	g__Leyella	NA
1595757c017000381cfdfdf769029685	1	7.812247503266572e-17	0.5156406726742813	1.5150564952042475e-16	0.9999999999999999	0.9999999999999999	d__Bacteria	p__Bacteroidota	c__Bacteroidia	o__Bacteroidales	f__Prevotellaceae	g__Leyella	NA
f5abea898fb49a4770e0a5d036c9f2e9	1	7.812247503266572e-17	0.5156406726742813	1.5150564952042475e-16	0.9999999999999999	0.9999999999999999	d__Bacteria	p__Bacteroidota	c__Bacteroidia	o__Bacteroidales	f__Prevotellaceae	g__Leyella	NA
10e6cf56141c30d43420492f5d54c5cb	1	7.812247503266572e-17	0.5156406726742813	1.5150564952042475e-16	0.9999999999999999	0.9999999999999999	d__Bacteria	p__Bacteroidota	c__Bacteroidia	o__Bacteroidales	f__Prevotellaceae	g__Incertae_Sedis	NA
523abb162e15669ce6b4361df6650302	1	7.812247503266572e-17	0.5156406726742813	1.5150564952042475e-16	0.9999999999999999	0.9999999999999999	d__Bacteria	p__Bacteroidota	c__Bacteroidia	o__Bacteroidales	f__Prevotellaceae	g__Prevotella	NA
77f4e2bdc7150f5b04bccc568607fc15	1	7.812247503266572e-17	0.5156406726742813	1.5150564952042475e-16	0.9999999999999999	0.9999999999999999	d__Bacteria	p__Bacteroidota	c__Bacteroidia	o__Bacteroidales	f__Prevotellaceae	g__Prevotella	NA
49f7701312ac7878e8c245d65760c2cf	3.219178082191781	-0.7369654817806282	0.7355351064391481	-1.001944673107997	0.31637031501418134	0.9999999999999999	d__Bacteria	p__Bacteroidota	c__Bacteroidia	o__Bacteroidales	f__Prevotellaceae	g__Prevotella	NA
b59663fd23553a90c237e6b94095cfc3	5.561643835616438	-1.8561354704461153	0.768915210958661	-2.413966382758822	0.015779918211471438	0.94274895981355	d__Bacteria	p__Bacteroidota	c__Bacteroidia	o__Bacteroidales	f__Prevotellaceae	g__Prevotella	NA
45ddc69a3fbf19ff4953211c157cb9ac	1	7.812247503266572e-17	0.5156406726742813	1.5150564952042475e-16	0.9999999999999999	0.9999999999999999	d__Bacteria	p__Bacteroidota	c__Bacteroidia	o__Bacteroidales	f__Prevotellaceae	g__Massiliprevotella	NA
0a0bb0370ec6d980fe832afcdd8e4446	1.6164383561643836	-2.247926518061752	0.4826927999183499	-4.657054172844511	3.207660621875877e-6	9.342311561213491e-4	d__Bacteria	p__Bacteroidota	c__Bacteroidia	o__Bacteroidales	f__Prevotellaceae	g__Prevotella	NA
263257c66de6df1543395b4bc6b298f1	1.2054794520547945	-1.1699245924054018	0.4238302151301563	-2.760361462304247	0.005773744022048852	0.4958328670116496	d__Bacteria	p__Bacteroidota	c__Bacteroidia	o__Bacteroidales	f__Prevotellaceae	g__Prevotella	NA
ddc2bf49cf7fed29c5d6f8df1222ce4a	1	7.812247503266572e-17	0.5156406726742813	1.5150564952042475e-16	0.9999999999999999	0.9999999999999999	d__Bacteria	p__Bacteroidota	c__Bacteroidia	o__Bacteroidales	f__Prevotellaceae	g__Prevotella	NA
833d3daf41b01f59f4e0133fbe87fac3	1.082191780821918	0.3344189556388068	0.4992834951781326	0.6697977378953694	0.5029867358155201	0.9999999999999999	d__Bacteria	p__Bacteroidota	c__Bacteroidia	o__Bacteroidales	f__Prevotellaceae	g__Prevotella	NA
2cb97f7a5774ba36b0efe6ac27085be3	1.7534246575342465	1.7618395896770116	0.620831065467154	2.837872792901057	0.0045415278235547045	0.42327039315529846	d__Bacteria	p__Bacteroidota	c__Bacteroidia	o__Bacteroidales	f__Prevotellaceae	g__Prevotella	NA
809eb18e709bf0b62ccb9cecd25ef6d9	1.2191780821917808	0.7618400528647903	0.524948640749289	1.451265883415514	0.14670583740838586	0.9999999999999999	d__Bacteria	p__Bacteroidota	c__Bacteroidia	o__Bacteroidales	f__Prevotellaceae	g__Prevotella	NA
8946f8fccc1ae5a37d1023b04359b337	1	7.812247503266572e-17	0.5156406726742813	1.5150564952042475e-16	0.9999999999999999	0.9999999999999999	d__Bacteria	p__Bacteroidota	c__Bacteroidia	o__Bacteroidales	f__Prevotellaceae	g__Prevotella	NA
361325881ec737990902e94fdc8c0e84	1	7.812247503266572e-17	0.5156406726742813	1.5150564952042475e-16	0.9999999999999999	0.9999999999999999	d__Bacteria	p__Bacteroidota	c__Bacteroidia	o__Bacteroidales	f__Prevotellaceae	g__Prevotella	NA
73b2174095c5979c36846f4950fc96d1	1	7.812247503266572e-17	0.5156406726742813	1.5150564952042475e-16	0.9999999999999999	0.9999999999999999	d__Bacteria	p__Bacteroidota	c__Bacteroidia	o__Bacteroidales	f__Prevotellaceae	g__Prevotella	NA
a2d98287c4262a993620dc6a06fbf271	1	7.812247503266572e-17	0.5156406726742813	1.5150564952042475e-16	0.9999999999999999	0.9999999999999999	d__Bacteria	p__Bacteroidota	c__Bacteroidia	o__Bacteroidales	f__Prevotellaceae	g__Prevotella	NA
b7b4ecb07e1719860260746a5443092a	1	7.812247503266572e-17	0.5156406726742813	1.5150564952042475e-16	0.9999999999999999	0.9999999999999999	d__Bacteria	p__Bacteroidota	c__Bacteroidia	o__Bacteroidales	f__Prevotellaceae	g__Prevotella	NA
9bca75ec3830a37d53e0ebbf443358f1	1	7.812247503266572e-17	0.5156406726742813	1.5150564952042475e-16	0.9999999999999999	0.9999999999999999	d__Bacteria	p__Bacteroidota	c__Bacteroidia	o__Bacteroidales	f__Prevotellaceae	g__Prevotella	NA
785d67b0c0232c96a21b7bf1c46f0a79	1	7.812247503266572e-17	0.5156406726742813	1.5150564952042475e-16	0.9999999999999999	0.9999999999999999	d__Bacteria	p__Bacteroidota	c__Bacteroidia	o__Bacteroidales	f__Prevotellaceae	g__Prevotella	NA
32f8fd11d2bee278d609a1d4ab767554	1.1506849315068493	-0.9385990977481399	0.43497452240352985	-2.157825457366427	0.03094140481837152	0.9999999999999999	d__Bacteria	p__Bacteroidota	c__Bacteroidia	o__Bacteroidales	f__Prevotellaceae	g__Prevotella	NA
a87fa561fa8f1bfa32714adf2c4140b1	1	7.812247503266572e-17	0.5156406726742813	1.5150564952042475e-16	0.9999999999999999	0.9999999999999999	d__Bacteria	p__Bacteroidota	c__Bacteroidia	o__Bacteroidales	f__Prevotellaceae	g__Prevotella	NA
f0232e28323111f209fbb997f84dd4a7	1	7.812247503266572e-17	0.5156406726742813	1.5150564952042475e-16	0.9999999999999999	0.9999999999999999	d__Bacteria	p__Bacteroidota	c__Bacteroidia	o__Bacteroidales	f__Prevotellaceae	NA	NA
1fbddceb7a9e3c6571e78e92dd7408f0	1	7.812247503266572e-17	0.5156406726742813	1.5150564952042475e-16	0.9999999999999999	0.9999999999999999	d__Bacteria	p__Bacteroidota	c__Bacteroidia	o__Bacteroidales	f__Prevotellaceae	g__Prevotella	NA
f221a73064348e4d09fb258ad02f3c2d	1	7.812247503266572e-17	0.5156406726742813	1.5150564952042475e-16	0.9999999999999999	0.9999999999999999	d__Bacteria	p__Bacteroidota	c__Bacteroidia	o__Bacteroidales	f__Prevotellaceae	g__Prevotella	NA
4dcad7cbd350a077868c3e954b098edb	1	7.812247503266572e-17	0.5156406726742813	1.5150564952042475e-16	0.9999999999999999	0.9999999999999999	d__Bacteria	p__Bacteroidota	c__Bacteroidia	o__Bacteroidales	f__Prevotellaceae	g__Prevotella	NA
f4c2587bbaa6e03cd0452af030d28bb5	8.315068493150685	-0.6422049242589873	0.7418647296014079	-0.8656631035741972	0.3866749392238743	0.9999999999999999	d__Bacteria	p__Bacteroidota	c__Bacteroidia	o__Bacteroidales	f__Prevotellaceae	g__Prevotella	NA
5dc4a87514f65e55bd373c1283e95fc4	32.342465753424655	0.6858863879121223	1.033019592505677	0.663962612992118	0.506714240210685	0.9999999999999999	d__Bacteria	p__Bacteroidota	c__Bacteroidia	o__Bacteroidales	f__Prevotellaceae	g__Prevotella	NA
3900a2bd2208989e959860d9c729484d	1	7.812247503266572e-17	0.5156406726742813	1.5150564952042475e-16	0.9999999999999999	0.9999999999999999	d__Bacteria	p__Bacteroidota	c__Bacteroidia	o__Bacteroidales	f__Prevotellaceae	g__Prevotella	NA
1e5108b91db80489fd5d9ddd294ca72a	1	7.812247503266572e-17	0.5156406726742813	1.5150564952042475e-16	0.9999999999999999	0.9999999999999999	d__Bacteria	p__Bacteroidota	c__Bacteroidia	o__Bacteroidales	f__Prevotellaceae	g__Prevotella	NA
9ede43375463ada2290cf867b37e0e83	1	7.812247503266572e-17	0.5156406726742813	1.5150564952042475e-16	0.9999999999999999	0.9999999999999999	d__Bacteria	p__Bacteroidota	c__Bacteroidia	o__Bacteroidales	f__Prevotellaceae	g__Prevotella	NA
cbba35c0152682628245fca0d2efa51e	32.9041095890411	-4.884035014031505	1.0154355083620041	-4.809793407667934	1.5108636954651176e-6	5.029017729191034e-4	d__Bacteria	p__Bacteroidota	c__Bacteroidia	o__Bacteroidales	f__Prevotellaceae	g__Prevotella	NA
0a31b6c7f2925ff1b5938b225c4bb98f	1	7.812247503266572e-17	0.5156406726742813	1.5150564952042475e-16	0.9999999999999999	0.9999999999999999	d__Bacteria	p__Bacteroidota	c__Bacteroidia	o__Bacteroidales	f__Prevotellaceae	g__Prevotella	NA
2e8606b18df22328b95715fbed4b4e60	1	7.812247503266572e-17	0.5156406726742813	1.5150564952042475e-16	0.9999999999999999	0.9999999999999999	d__Bacteria	p__Bacteroidota	c__Bacteroidia	o__Bacteroidales	f__Prevotellaceae	g__Prevotella	NA
fbba667fc7f1f9165f613562cfef0fe4	1	7.812247503266572e-17	0.5156406726742813	1.5150564952042475e-16	0.9999999999999999	0.9999999999999999	d__Bacteria	p__Bacteroidota	c__Bacteroidia	o__Bacteroidales	f__Prevotellaceae	g__Prevotella	NA
0af4a44e29127d48ac9bb9add5543850	1.095890410958904	-4.305163154730025e-8	0.5182461995844165	-8.30717747314375e-8	0.9999999337183135	0.9999999999999999	d__Bacteria	p__Bacteroidota	c__Bacteroidia	o__Bacteroidales	f__Prevotellaceae	g__Prevotella	NA
5b6a78a51c1c9c045d0051cd4b9c9e1a	1	7.812247503266572e-17	0.5156406726742813	1.5150564952042475e-16	0.9999999999999999	0.9999999999999999	d__Bacteria	p__Bacteroidota	c__Bacteroidia	o__Bacteroidales	f__Prevotellaceae	g__Prevotella	NA
f4da0157d94638fb359a0a9585b21ec4	1	7.812247503266572e-17	0.5156406726742813	1.5150564952042475e-16	0.9999999999999999	0.9999999999999999	d__Bacteria	p__Bacteroidota	c__Bacteroidia	o__Bacteroidales	f__Prevotellaceae	g__Prevotella	NA
4240dd950d33cae53348c2548bf06523	1	7.812247503266572e-17	0.5156406726742813	1.5150564952042475e-16	0.9999999999999999	0.9999999999999999	d__Bacteria	p__Bacteroidota	c__Bacteroidia	o__Bacteroidales	f__Prevotellaceae	g__Prevotella	NA
fff33805657551184a8385be1e8fbaf9	1	7.812247503266572e-17	0.5156406726742813	1.5150564952042475e-16	0.9999999999999999	0.9999999999999999	d__Bacteria	p__Bacteroidota	c__Bacteroidia	o__Bacteroidales	f__Prevotellaceae	g__Prevotella	NA
ffe47aadb8d1f95a24458b12fbb70f3b	1	7.812247503266572e-17	0.5156406726742813	1.5150564952042475e-16	0.9999999999999999	0.9999999999999999	d__Bacteria	p__Bacteroidota	c__Bacteroidia	o__Bacteroidales	f__Prevotellaceae	g__Prevotella	NA
e03eac73262a87e4d1329af92d687341	1	7.812247503266572e-17	0.5156406726742813	1.5150564952042475e-16	0.9999999999999999	0.9999999999999999	d__Bacteria	p__Bacteroidota	c__Bacteroidia	o__Bacteroidales	f__Prevotellaceae	g__Prevotella	NA
da926fb16ba77a381b6e12ad17c285a1	1	7.812247503266572e-17	0.5156406726742813	1.5150564952042475e-16	0.9999999999999999	0.9999999999999999	d__Bacteria	p__Bacteroidota	c__Bacteroidia	o__Bacteroidales	f__Prevotellaceae	g__Prevotella	NA
6a40f8a61f9fc0f87ea4ffed17131e1d	1	7.812247503266572e-17	0.5156406726742813	1.5150564952042475e-16	0.9999999999999999	0.9999999999999999	d__Bacteria	p__Bacteroidota	c__Bacteroidia	o__Bacteroidales	f__Prevotellaceae	g__Prevotella	NA
21b96a7ce1bf7e23ef31fccda1a532b0	1	7.812247503266572e-17	0.5156406726742813	1.5150564952042475e-16	0.9999999999999999	0.9999999999999999	d__Bacteria	p__Bacteroidota	c__Bacteroidia	o__Bacteroidales	f__Prevotellaceae	NA	NA
47de6669d150eae81191e27ea71734bb	1	7.812247503266572e-17	0.5156406726742813	1.5150564952042475e-16	0.9999999999999999	0.9999999999999999	d__Bacteria	p__Bacteroidota	c__Bacteroidia	o__Bacteroidales	f__Prevotellaceae	NA	NA
e27187272ef155063f49a1dc5a62f592	1	7.812247503266572e-17	0.5156406726742813	1.5150564952042475e-16	0.9999999999999999	0.9999999999999999	d__Bacteria	p__Bacteroidota	c__Bacteroidia	o__Bacteroidales	f__Prevotellaceae	NA	NA
8f6122e60e66b6f7505a14c0b0ee8ac1	1	7.812247503266572e-17	0.5156406726742813	1.5150564952042475e-16	0.9999999999999999	0.9999999999999999	d__Bacteria	p__Bacteroidota	c__Bacteroidia	o__Bacteroidales	f__Prevotellaceae	NA	NA
c5ca263ea23e8186e2052c5c645fba5f	1	7.812247503266572e-17	0.5156406726742813	1.5150564952042475e-16	0.9999999999999999	0.9999999999999999	d__Bacteria	p__Bacteroidota	c__Bacteroidia	o__Bacteroidales	f__Prevotellaceae	g__Segatella	NA
f969bac3b2b35c7f9336be34c94db3b7	1	7.812247503266572e-17	0.5156406726742813	1.5150564952042475e-16	0.9999999999999999	0.9999999999999999	d__Bacteria	p__Bacteroidota	c__Bacteroidia	o__Bacteroidales	f__Prevotellaceae	g__Hoylesella	NA
fd0735e70b2bbc107c3e0ae09d8fc2df	1.6986301369863013	-1.4150368375690914	0.5699852318530163	-2.4825850890361156	0.013043291259126196	0.8267934553230591	d__Bacteria	p__Bacteroidota	c__Bacteroidia	o__Bacteroidales	f__Prevotellaceae	g__Hoylesella	NA
7c1a172d5e47e2c61f8bdb715ea0850f	1	7.812247503266572e-17	0.5156406726742813	1.5150564952042475e-16	0.9999999999999999	0.9999999999999999	d__Bacteria	p__Bacteroidota	c__Bacteroidia	o__Bacteroidales	f__Prevotellaceae	g__Hoylesella	NA
a754e414789fe804b750276776d70618	1.2602739726027397	-1.2720072104460695e-7	0.5752422564622952	-2.2112548168294108e-7	0.9999998235673921	0.9999999999999999	d__Bacteria	p__Bacteroidota	c__Bacteroidia	o__Bacteroidales	f__Prevotellaceae	g__Hoylesella	NA
ef5eb562fe991ed96648e6c579255545	1	7.812247503266572e-17	0.5156406726742813	1.5150564952042475e-16	0.9999999999999999	0.9999999999999999	d__Bacteria	p__Bacteroidota	c__Bacteroidia	o__Bacteroidales	f__Prevotellaceae	g__Hoylesella	NA
b5b19790d1246cbef7be61f374975229	1.7534246575342465	-3.9916263867948313e-7	0.6858716857557775	-5.819785930361548e-7	0.9999995356482659	0.9999999999999999	d__Bacteria	p__Bacteroidota	c__Bacteroidia	o__Bacteroidales	f__Prevotellaceae	g__Hoylesella	NA
d70b5e40ddbf19c6a2f8db736721c348	1.2328767123287672	0.7983659152023069	0.5292544957231026	1.5084726188514024	0.13143360939138854	0.9999999999999999	d__Bacteria	p__Bacteroidota	c__Bacteroidia	o__Bacteroidales	f__Prevotellaceae	g__Hoylesella	NA
ed2705c46014388e410c33059f14abbf	56.136986301369866	7.429125416674266	1.0010015128331682	7.4216924963952975	1.1563303577084945e-13	1.347124866730396e-10	d__Bacteria	p__Bacteroidota	c__Bacteroidia	o__Bacteroidales	f__Prevotellaceae	g__Hoylesella	NA
66b2998f05c3d93576ca9b71b2421176	1	7.812247503266572e-17	0.5156406726742813	1.5150564952042475e-16	0.9999999999999999	0.9999999999999999	d__Bacteria	p__Bacteroidota	c__Bacteroidia	o__Bacteroidales	f__Prevotellaceae	g__Hoylesella	NA
9419ea5aca20e7558640dfdf7f434837	1	7.812247503266572e-17	0.5156406726742813	1.5150564952042475e-16	0.9999999999999999	0.9999999999999999	d__Bacteria	p__Bacteroidota	c__Bacteroidia	o__Bacteroidales	f__Prevotellaceae	g__Hoylesella	NA
e8b0d2ee81a0369a16d23ff943574408	1	7.812247503266572e-17	0.5156406726742813	1.5150564952042475e-16	0.9999999999999999	0.9999999999999999	d__Bacteria	p__Bacteroidota	c__Bacteroidia	o__Bacteroidales	f__Prevotellaceae	g__Hoylesella	NA
67d7906c8ecae909a52e05d0dc5e72c5	1	7.812247503266572e-17	0.5156406726742813	1.5150564952042475e-16	0.9999999999999999	0.9999999999999999	d__Bacteria	p__Bacteroidota	c__Bacteroidia	o__Bacteroidales	f__Prevotellaceae	g__Hoylesella	NA
707d94241e0071e2f7f28c8eaab5b87a	1	7.812247503266572e-17	0.5156406726742813	1.5150564952042475e-16	0.9999999999999999	0.9999999999999999	d__Bacteria	p__Bacteroidota	c__Bacteroidia	o__Bacteroidales	f__Prevotellaceae	g__Hoylesella	NA
31ae90207edd94c7ec56db3a9778c2e7	1.5753424657534247	0.6463625834589213	0.6126150935894102	1.0550875912504523	0.2913852666393568	0.9999999999999999	d__Bacteria	p__Bacteroidota	c__Bacteroidia	o__Bacteroidales	f__Prevotellaceae	g__Hoylesella	NA
cec5a19c0bc75874dbf4cba133b10815	1	7.812247503266572e-17	0.5156406726742813	1.5150564952042475e-16	0.9999999999999999	0.9999999999999999	d__Bacteria	p__Bacteroidota	c__Bacteroidia	o__Bacteroidales	f__Prevotellaceae	g__Hoylesella	NA
f2bd534dbad5deb2a00ac61ea5a7cab0	1	7.812247503266572e-17	0.5156406726742813	1.5150564952042475e-16	0.9999999999999999	0.9999999999999999	d__Bacteria	p__Bacteroidota	c__Bacteroidia	o__Bacteroidales	f__Prevotellaceae	g__Hoylesella	NA
c7b23cc9d5432b282aa969eb64643edf	1	7.812247503266572e-17	0.5156406726742813	1.5150564952042475e-16	0.9999999999999999	0.9999999999999999	d__Bacteria	p__Bacteroidota	c__Bacteroidia	o__Bacteroidales	f__Prevotellaceae	g__Hoylesella	NA
549118d496a8b0a2f64e99d8ee90fa88	1	7.812247503266572e-17	0.5156406726742813	1.5150564952042475e-16	0.9999999999999999	0.9999999999999999	d__Bacteria	p__Bacteroidota	c__Bacteroidia	o__Bacteroidales	f__Prevotellaceae	g__Hoylesella	NA
50580a45889411b3866db7fcfe157cc2	1.3287671232876712	-1.6506721332171514e-7	0.5963694677954753	-2.7678682802441e-7	0.9999997791560633	0.9999999999999999	d__Bacteria	p__Bacteroidota	c__Bacteroidia	o__Bacteroidales	f__Prevotellaceae	g__Hoylesella	NA
5c1dd48ef0a674513626f5c85ea126ee	27.123287671232877	2.0852447993851846	1.0015243845411668	2.0820709226570733	0.03733599204009542	0.9999999999999999	d__Bacteria	p__Bacteroidota	c__Bacteroidia	o__Bacteroidales	f__Prevotellaceae	g__Hoylesella	NA
2959329bf2fece574ffd26f40e874459	1	7.812247503266572e-17	0.5156406726742813	1.5150564952042475e-16	0.9999999999999999	0.9999999999999999	d__Bacteria	p__Bacteroidota	c__Bacteroidia	o__Bacteroidales	f__Prevotellaceae	g__Hoylesella	NA
958d54f6c2724fdc04ad01d39d59aaca	231.2876712328767	0.38803943746075054	1.153913963983181	0.33628108296851017	0.7366589137380717	0.9999999999999999	d__Bacteria	p__Bacteroidota	c__Bacteroidia	o__Bacteroidales	f__Prevotellaceae	g__Hoylesella	NA
c56875638ccefe8ec7d11e6e66435aae	1	7.812247503266572e-17	0.5156406726742813	1.5150564952042475e-16	0.9999999999999999	0.9999999999999999	d__Bacteria	p__Bacteroidota	c__Bacteroidia	o__Bacteroidales	f__Prevotellaceae	g__Hoylesella	NA
09c0bc88b7a6392f7bae86bdf5a3eca4	1.095890410958904	0.38332854465647986	0.4974508147036997	0.7705858214038803	0.4409524679581603	0.9999999999999999	d__Bacteria	p__Bacteroidota	c__Bacteroidia	o__Bacteroidales	f__Prevotellaceae	g__Hoylesella	NA
ce3c8bd32d691f6f790e7bbb60ba6256	1	7.812247503266572e-17	0.5156406726742813	1.5150564952042475e-16	0.9999999999999999	0.9999999999999999	d__Bacteria	p__Bacteroidota	c__Bacteroidia	o__Bacteroidales	f__Prevotellaceae	g__Hoylesella	NA
1ece5d2a382b61fd5e48c29e2abb8a60	1.1232876712328768	-0.8073545976046155	0.4423497354519421	-1.8251499501401383	0.06797840418879443	0.9999999999999999	d__Bacteria	p__Bacteroidota	c__Bacteroidia	o__Bacteroidales	f__Prevotellaceae	g__Hoylesella	NA
1ac9411edb59c9cb468f62d3e10616b0	1	7.812247503266572e-17	0.5156406726742813	1.5150564952042475e-16	0.9999999999999999	0.9999999999999999	d__Bacteria	p__Bacteroidota	c__Bacteroidia	o__Bacteroidales	f__Prevotellaceae	g__Hoylesella	NA
c1cba1160c61989a01435fec69815e0b	1.1506849315068493	-0.9385990977481381	0.43497452240352985	-2.157825457366423	0.03094140481837183	0.9999999999999999	d__Bacteria	p__Bacteroidota	c__Bacteroidia	o__Bacteroidales	f__Prevotellaceae	g__Prevotella	NA
385197fd9f310da44597d7a6a8ad6916	4.534246575342466	0.9733444843858242	0.7617158785773649	1.2778314221356553	0.20130887249224244	0.9999999999999999	d__Bacteria	p__Bacteroidota	c__Bacteroidia	o__Bacteroidales	f__Prevotellaceae	g__Prevotella	NA
2516fcdef52f115c169203708028018a	1	7.812247503266572e-17	0.5156406726742813	1.5150564952042475e-16	0.9999999999999999	0.9999999999999999	d__Bacteria	p__Bacteroidota	c__Bacteroidia	o__Bacteroidales	f__Prevotellaceae	g__Prevotella	NA
3ed2531ca906208a8911d7adc090819c	1	7.812247503266572e-17	0.5156406726742813	1.5150564952042475e-16	0.9999999999999999	0.9999999999999999	d__Bacteria	p__Bacteroidota	c__Bacteroidia	o__Bacteroidales	f__Prevotellaceae	g__Prevotella	NA
38ab0ab19cccf140111a9850ad20e21b	1	7.812247503266572e-17	0.5156406726742813	1.5150564952042475e-16	0.9999999999999999	0.9999999999999999	d__Bacteria	p__Bacteroidota	c__Bacteroidia	o__Bacteroidales	f__Prevotellaceae	g__Prevotella	NA
c4941c9a5b39e21e398b143696dcecb6	1	7.812247503266572e-17	0.5156406726742813	1.5150564952042475e-16	0.9999999999999999	0.9999999999999999	d__Bacteria	p__Bacteroidota	c__Bacteroidia	o__Bacteroidales	f__Prevotellaceae	g__Prevotella	NA
a9601f8bae67758ed2e01e9484eb5b3c	1.082191780821918	-3.725037401313865e-8	0.5176973198883149	-7.195396341084949e-8	0.9999999425890435	0.9999999999999999	d__Bacteria	p__Bacteroidota	c__Bacteroidia	o__Bacteroidales	f__Prevotellaceae	g__Prevotella	NA
fabd3c5448b6d9a19bd777a629e35a64	1	7.812247503266572e-17	0.5156406726742813	1.5150564952042475e-16	0.9999999999999999	0.9999999999999999	d__Bacteria	p__Bacteroidota	c__Bacteroidia	o__Bacteroidales	f__Prevotellaceae	g__Prevotella	NA
cbef40f459197faa8de7bba6a4764a34	1	7.812247503266572e-17	0.5156406726742813	1.5150564952042475e-16	0.9999999999999999	0.9999999999999999	d__Bacteria	p__Bacteroidota	c__Bacteroidia	o__Bacteroidales	f__Prevotellaceae	g__Prevotella	NA
66a9ece5a3664b5fd81ad0244ed3b5d3	1	7.812247503266572e-17	0.5156406726742813	1.5150564952042475e-16	0.9999999999999999	0.9999999999999999	d__Bacteria	p__Bacteroidota	c__Bacteroidia	o__Bacteroidales	f__Prevotellaceae	g__Prevotella	NA
be0f17ccabbe709007e9b9f2260f2654	1	7.812247503266572e-17	0.5156406726742813	1.5150564952042475e-16	0.9999999999999999	0.9999999999999999	d__Bacteria	p__Bacteroidota	c__Bacteroidia	o__Bacteroidales	f__Prevotellaceae	g__Prevotella	NA
edb02840fe91e2472e2935917600da98	3.767123287671233	1.7952256978676326	0.7117423639468943	2.5222970962588103	0.011659119083109067	0.776164213246975	d__Bacteria	p__Bacteroidota	c__Bacteroidia	o__Bacteroidales	f__Prevotellaceae	g__Prevotella	NA
174b92af2be8de6574c205ce68f97bb7	1	7.812247503266572e-17	0.5156406726742813	1.5150564952042475e-16	0.9999999999999999	0.9999999999999999	d__Bacteria	p__Bacteroidota	c__Bacteroidia	o__Bacteroidales	f__Prevotellaceae	g__Prevotella	NA
67c4934e16f2290a941e0aa78d87569c	1	7.812247503266572e-17	0.5156406726742813	1.5150564952042475e-16	0.9999999999999999	0.9999999999999999	d__Bacteria	p__Bacteroidota	c__Bacteroidia	o__Bacteroidales	f__Prevotellaceae	g__Prevotella	NA
1e9e1e8baf424a9835801cb3acf67c63	1	7.812247503266572e-17	0.5156406726742813	1.5150564952042475e-16	0.9999999999999999	0.9999999999999999	d__Bacteria	p__Bacteroidota	c__Bacteroidia	o__Bacteroidales	f__Prevotellaceae	g__Prevotella	NA
0d398b9529cb273f36013d706d7a8261	1	7.812247503266572e-17	0.5156406726742813	1.5150564952042475e-16	0.9999999999999999	0.9999999999999999	d__Bacteria	p__Bacteroidota	c__Bacteroidia	o__Bacteroidales	f__Prevotellaceae	g__Prevotella	NA
aba41a8d90400448d2ad3403942c2360	1	7.812247503266572e-17	0.5156406726742813	1.5150564952042475e-16	0.9999999999999999	0.9999999999999999	d__Bacteria	p__Bacteroidota	c__Bacteroidia	o__Bacteroidales	f__Prevotellaceae	g__Prevotella	NA
deb90060cd7e33d6b3e583a968e4a11e	1	7.812247503266572e-17	0.5156406726742813	1.5150564952042475e-16	0.9999999999999999	0.9999999999999999	d__Bacteria	p__Bacteroidota	c__Bacteroidia	o__Bacteroidales	f__Prevotellaceae	g__Segatella	NA
c994a2772a648316e21e664e3a878e80	1	7.812247503266572e-17	0.5156406726742813	1.5150564952042475e-16	0.9999999999999999	0.9999999999999999	d__Bacteria	p__Bacteroidota	c__Bacteroidia	o__Bacteroidales	f__Prevotellaceae	g__Segatella	NA
f8350ae87f8cc90f4535d72e404cb893	1	7.812247503266572e-17	0.5156406726742813	1.5150564952042475e-16	0.9999999999999999	0.9999999999999999	d__Bacteria	p__Bacteroidota	c__Bacteroidia	o__Bacteroidales	f__Prevotellaceae	g__Segatella	NA
a471645f99a79630b8b3299997bf7a33	1	7.812247503266572e-17	0.5156406726742813	1.5150564952042475e-16	0.9999999999999999	0.9999999999999999	d__Bacteria	p__Bacteroidota	c__Bacteroidia	o__Bacteroidales	f__Prevotellaceae	g__Segatella	NA
675c847bccbc53942ebb7b8cbb4efc4d	1.4246575342465753	0.7983657877963954	0.5567133460402436	1.4340697838033927	0.1515523496557263	0.9999999999999999	d__Bacteria	p__Bacteroidota	c__Bacteroidia	o__Bacteroidales	f__Prevotellaceae	g__Segatella	NA
3f33a2dc6cb3f0ffa1987719f06af323	1	7.812247503266572e-17	0.5156406726742813	1.5150564952042475e-16	0.9999999999999999	0.9999999999999999	d__Bacteria	p__Bacteroidota	c__Bacteroidia	o__Bacteroidales	f__Prevotellaceae	g__Segatella	NA
47282dc0e0f0aba75eace38dd3a9915d	1	7.812247503266572e-17	0.5156406726742813	1.5150564952042475e-16	0.9999999999999999	0.9999999999999999	d__Bacteria	p__Bacteroidota	c__Bacteroidia	o__Bacteroidales	f__Prevotellaceae	g__Segatella	NA
f8a0f81a9c727efd3cdf8c8ee1af699a	1	7.812247503266572e-17	0.5156406726742813	1.5150564952042475e-16	0.9999999999999999	0.9999999999999999	d__Bacteria	p__Bacteroidota	c__Bacteroidia	o__Bacteroidales	f__Prevotellaceae	g__Segatella	NA
d5e95cf12a309c54ce0a6a504fdc2e92	1	7.812247503266572e-17	0.5156406726742813	1.5150564952042475e-16	0.9999999999999999	0.9999999999999999	d__Bacteria	p__Bacteroidota	c__Bacteroidia	o__Bacteroidales	f__Prevotellaceae	g__Segatella	NA
da6a7cba87e0895b9cbe6037b9bd8b3b	1	7.812247503266572e-17	0.5156406726742813	1.5150564952042475e-16	0.9999999999999999	0.9999999999999999	d__Bacteria	p__Bacteroidota	c__Bacteroidia	o__Bacteroidales	f__Prevotellaceae	g__Segatella	NA
4fba6fef450158c1bd1cbcb5a0e8f5e5	1	7.812247503266572e-17	0.5156406726742813	1.5150564952042475e-16	0.9999999999999999	0.9999999999999999	d__Bacteria	p__Bacteroidota	c__Bacteroidia	o__Bacteroidales	f__Prevotellaceae	g__Segatella	NA
04645342dcaccc29b2078b063aec6f81	1	7.812247503266572e-17	0.5156406726742813	1.5150564952042475e-16	0.9999999999999999	0.9999999999999999	d__Bacteria	p__Bacteroidota	c__Bacteroidia	o__Bacteroidales	f__Prevotellaceae	g__Segatella	NA
abca34d3f46ee1af5c154ab909fd55c9	1	7.812247503266572e-17	0.5156406726742813	1.5150564952042475e-16	0.9999999999999999	0.9999999999999999	d__Bacteria	p__Bacteroidota	c__Bacteroidia	o__Bacteroidales	f__Prevotellaceae	g__Segatella	NA
baabfbb252def48a72b6fe6bbf907801	1	7.812247503266572e-17	0.5156406726742813	1.5150564952042475e-16	0.9999999999999999	0.9999999999999999	d__Bacteria	p__Bacteroidota	c__Bacteroidia	o__Bacteroidales	f__Prevotellaceae	g__Prevotellaceae_NK3B31_group	NA
f1eb372635240322c36cc8d43ad0b70f	1	7.812247503266572e-17	0.5156406726742813	1.5150564952042475e-16	0.9999999999999999	0.9999999999999999	d__Bacteria	p__Bacteroidota	c__Bacteroidia	o__Bacteroidales	f__Prevotellaceae	g__Prevotellaceae_NK3B31_group	NA
08fd372208987d3a3d226095e0f54ad6	1	7.812247503266572e-17	0.5156406726742813	1.5150564952042475e-16	0.9999999999999999	0.9999999999999999	d__Bacteria	p__Bacteroidota	c__Bacteroidia	o__Bacteroidales	f__Prevotellaceae	g__Prevotellaceae_NK3B31_group	NA
564b04caae509e17ecafe2aeb2331180	1	7.812247503266572e-17	0.5156406726742813	1.5150564952042475e-16	0.9999999999999999	0.9999999999999999	d__Bacteria	p__Bacteroidota	c__Bacteroidia	o__Bacteroidales	f__Incertae_Sedis	g__Incertae_Sedis	NA
ff5ec9cf8912a9f97ee4eae8b668d921	1	7.812247503266572e-17	0.5156406726742813	1.5150564952042475e-16	0.9999999999999999	0.9999999999999999	d__Bacteria	p__Bacteroidota	c__Bacteroidia	o__Bacteroidales	f__Incertae_Sedis	g__Incertae_Sedis	NA
0a21726cd4952a96635576553da67787	1	7.812247503266572e-17	0.5156406726742813	1.5150564952042475e-16	0.9999999999999999	0.9999999999999999	d__Bacteria	p__Bacteroidota	c__Bacteroidia	o__Bacteroidales	f__Prevotellaceae	g__Incertae_Sedis	NA
48c9ff09bf991e271a7e3893984c991e	1	7.812247503266572e-17	0.5156406726742813	1.5150564952042475e-16	0.9999999999999999	0.9999999999999999	d__Bacteria	p__Bacteroidota	c__Bacteroidia	o__Bacteroidales	f__Prevotellaceae	g__Incertae_Sedis	NA
0a857f235b897d7c44e86f0c1b75c69b	1.3835616438356164	-1.9988367293857642e-7	0.6179806329362045	-3.2344650023880417e-7	0.9999997419270312	0.9999999999999999	d__Bacteria	p__Bacteroidota	c__Bacteroidia	o__Bacteroidales	f__Prevotellaceae	g__Incertae_Sedis	NA
e3636afe5d4480c631ca01339a4d54b3	1	7.812247503266572e-17	0.5156406726742813	1.5150564952042475e-16	0.9999999999999999	0.9999999999999999	d__Bacteria	p__Bacteroidota	c__Bacteroidia	o__Bacteroidales	f__Prevotellaceae	g__Incertae_Sedis	NA
58529dd65c9373ab07909325cc829705	1	7.812247503266572e-17	0.5156406726742813	1.5150564952042475e-16	0.9999999999999999	0.9999999999999999	d__Bacteria	p__Bacteroidota	c__Bacteroidia	o__Bacteroidales	f__Prevotellaceae	g__Incertae_Sedis	NA
185ef6bb79a2ba1a7599caa613caabda	1	7.812247503266572e-17	0.5156406726742813	1.5150564952042475e-16	0.9999999999999999	0.9999999999999999	d__Bacteria	p__Bacteroidota	c__Bacteroidia	o__Bacteroidales	f__Prevotellaceae	g__Incertae_Sedis	NA
baa3ee92750f65a79400a3496948666f	1	7.812247503266572e-17	0.5156406726742813	1.5150564952042475e-16	0.9999999999999999	0.9999999999999999	d__Bacteria	p__Bacteroidota	c__Bacteroidia	o__Bacteroidales	f__Prevotellaceae	g__Incertae_Sedis	NA
726bca3c3011eef90e5b866db0fd5329	1	7.812247503266572e-17	0.5156406726742813	1.5150564952042475e-16	0.9999999999999999	0.9999999999999999	d__Bacteria	p__Bacteroidota	c__Bacteroidia	o__Bacteroidales	f__Prevotellaceae	g__Incertae_Sedis	NA
fa3d2114cfb8f1e6185bb490a3548733	1	7.812247503266572e-17	0.5156406726742813	1.5150564952042475e-16	0.9999999999999999	0.9999999999999999	d__Bacteria	p__Bacteroidota	c__Bacteroidia	o__Bacteroidales	f__Prevotellaceae	g__Paraprevotella	NA
bc7f3f3f3af5b386336ef880486cf17d	1	7.812247503266572e-17	0.5156406726742813	1.5150564952042475e-16	0.9999999999999999	0.9999999999999999	d__Bacteria	p__Bacteroidota	c__Bacteroidia	o__Bacteroidales	f__Prevotellaceae	g__Paraprevotella	NA
3b4cabf8962f05db11ca9e79fa492351	1	7.812247503266572e-17	0.5156406726742813	1.5150564952042475e-16	0.9999999999999999	0.9999999999999999	d__Bacteria	p__Bacteroidota	c__Bacteroidia	o__Bacteroidales	f__Prevotellaceae	g__Paraprevotella	NA
acf339d6620e975d91dc57db41e28cae	1	7.812247503266572e-17	0.5156406726742813	1.5150564952042475e-16	0.9999999999999999	0.9999999999999999	d__Bacteria	p__Bacteroidota	c__Bacteroidia	o__Bacteroidales	f__Prevotellaceae	g__Paraprevotella	NA
d9e50a5a9a9080e7465190853575ecb0	1	7.812247503266572e-17	0.5156406726742813	1.5150564952042475e-16	0.9999999999999999	0.9999999999999999	d__Bacteria	p__Bacteroidota	c__Bacteroidia	o__Bacteroidales	f__Prevotellaceae	g__Paraprevotella	NA
edf42f357f8934fc004c334c5c7b5e6e	1	7.812247503266572e-17	0.5156406726742813	1.5150564952042475e-16	0.9999999999999999	0.9999999999999999	d__Bacteria	p__Bacteroidota	c__Bacteroidia	o__Bacteroidales	f__Prevotellaceae	g__Paraprevotella	NA
888f55ac51312b80cd969798719e9df0	1	7.812247503266572e-17	0.5156406726742813	1.5150564952042475e-16	0.9999999999999999	0.9999999999999999	d__Bacteria	p__Bacteroidota	c__Bacteroidia	o__Bacteroidales	f__Prevotellaceae	g__Paraprevotella	NA
dffd48b1005574979781e104156691c1	1	7.812247503266572e-17	0.5156406726742813	1.5150564952042475e-16	0.9999999999999999	0.9999999999999999	d__Bacteria	p__Bacteroidota	c__Bacteroidia	o__Bacteroidales	f__Prevotellaceae	g__Paraprevotella	NA
a5e25e35cdf15e0df8ba3600468301e3	1	7.812247503266572e-17	0.5156406726742813	1.5150564952042475e-16	0.9999999999999999	0.9999999999999999	d__Bacteria	p__Bacteroidota	c__Bacteroidia	o__Bacteroidales	f__Prevotellaceae	g__Paraprevotella	NA
aae09ffc07d0857218ee68a7f4b6e5c7	1.1232876712328768	-5.4425124899479254e-8	0.5196850065476464	-1.0472714089066064e-7	0.9999999164398312	0.9999999999999999	d__Bacteria	p__Bacteroidota	c__Bacteroidia	o__Cytophagales	f__Hymenobacteraceae	g__Adhaeribacter	NA
2a071af67ec43b7126e8c362bec6e8ae	1.1369863013698631	-6.003859340531792e-8	0.5206522344418955	-1.1531419522222026e-7	0.999999907992584	0.9999999999999999	d__Bacteria	p__Bacteroidota	c__Bacteroidia	o__Cytophagales	f__Microscillaceae	NA	NA
0229e2937d0ebaf5ca5064ccfaffe79c	1.1369863013698631	-6.003859340531792e-8	0.5206522344418955	-1.1531419522222026e-7	0.999999907992584	0.9999999999999999	d__Bacteria	p__Bacteroidota	c__Bacteroidia	o__Cytophagales	f__Microscillaceae	g__Chryseotalea	NA
c44496298b508813f8e3dc2a9e49f2b9	1.1095890410958904	-4.877033323263625e-8	0.5188969425184775	-9.398847677908524e-8	0.9999999250080455	0.9999999999999999	d__Bacteria	p__Bacteroidota	c__Bacteroidia	o__Chitinophagales	f__Saprospiraceae	g__Incertae_Sedis	NA
9c5dea86b3bcf2ec74b8ff184afe028b	1	7.812247503266572e-17	0.5156406726742813	1.5150564952042475e-16	0.9999999999999999	0.9999999999999999	d__Bacteria	p__Bacteroidota	c__Bacteroidia	o__Flavobacteriales	f__Weeksellaceae	g__Weeksella	NA
00de882bb7123d629bc28faac3ac648d	1.1095890410958904	-4.877033323263625e-8	0.5188969425184775	-9.398847677908524e-8	0.9999999250080455	0.9999999999999999	d__Bacteria	p__Bacteroidota	c__Bacteroidia	o__Chitinophagales	f__Incertae_Sedis	g__Incertae_Sedis	NA
f7203e351744bd85e85ea4c72a2a60ca	1.273972602739726	-1.3625616466318226e-7	0.5829940611827447	-2.337179291102102e-7	0.9999998135200728	0.9999999999999999	d__Bacteria	p__Bacteroidota	c__Bacteroidia	o__Chitinophagales	f__Incertae_Sedis	g__Incertae_Sedis	NA
62b46641e67a285ee4c91b8ea6bd3e39	1.1095890410958904	-4.877033323263625e-8	0.5188969425184775	-9.398847677908524e-8	0.9999999250080455	0.9999999999999999	d__Bacteria	p__Bacteroidota	c__Bacteroidia	o__Chitinophagales	f__Chitinophagaceae	g__Niastella	NA
5b824059f35b2d1a22e2ce26ab79ede0	1.178082191780822	-8.240817136084683e-8	0.5435220890195585	-1.516188081877228e-7	0.9999998790256939	0.9999999999999999	d__Bacteria	p__Bacteroidota	c__Bacteroidia	o__Chitinophagales	f__Chitinophagaceae	g__Terrimonas	NA
47f2617de53ce85d035fd4d1cc587272	1.356164383561644	-1.818499107917319e-7	0.6065920189988367	-2.9978948798546693e-7	0.999999760802596	0.9999999999999999	d__Bacteria	p__Bacteroidota	c__Bacteroidia	o__Chitinophagales	f__Chitinophagaceae	NA	NA
93e38d6ea36cb5181b003fc13ef4a734	1.3424657534246576	-1.7635623349851422e-7	0.6065920195432495	-2.90732861324662e-7	0.9999997680287386	0.9999999999999999	d__Bacteria	p__Bacteroidota	c__Bacteroidia	o__Chitinophagales	f__Chitinophagaceae	g__Terrimonas	NA
e0d717a776c68b2749792e569e051a0a	1.1232876712328768	-5.4425124899479254e-8	0.5196850065476464	-1.0472714089066064e-7	0.9999999164398312	0.9999999999999999	d__Bacteria	p__Bacteroidota	c__Bacteroidia	o__Chitinophagales	f__Chitinophagaceae	NA	NA
8a6bc0ea3e3a1eb5cec5f392bc8a7480	1.082191780821918	-3.725037375073774e-8	0.5176973198883101	-7.19539629039885e-8	0.9999999425890439	0.9999999999999999	d__Bacteria	p__Bacteroidota	c__Bacteroidia	o__Chitinophagales	f__Chitinophagaceae	g__Parafilimonas	NA
9bc8a76f719e8b3f68db4dd510134880	1.178082191780822	-8.240817136084683e-8	0.5435220890195585	-1.516188081877228e-7	0.9999998790256939	0.9999999999999999	d__Bacteria	p__Bacteroidota	c__Bacteroidia	o__Chitinophagales	f__Chitinophagaceae	g__Ferruginibacter	NA
e4ee05bbf4ea42bb7404e560a5998628	1.3150684931506849	-1.622566229314364e-7	0.6013417192654078	-2.698243240626099e-7	0.9999997847113377	0.9999999999999999	d__Bacteria	p__Bacteroidota	c__Bacteroidia	o__Chitinophagales	f__Chitinophagaceae	g__Puia	NA
5e50a007ea9a7f83275157c158916fcc	1	7.812247503266572e-17	0.5156406726742813	1.5150564952042475e-16	0.9999999999999999	0.9999999999999999	d__Bacteria	p__Bacteroidota	c__Bacteroidia	o__Bacteroidales	f__Rikenellaceae	g__Alistipes	NA
145c42bf0a4150acfd81694dd78a1be3	1	7.812247503266572e-17	0.5156406726742813	1.5150564952042475e-16	0.9999999999999999	0.9999999999999999	d__Bacteria	p__Bacteroidota	c__Bacteroidia	o__Bacteroidales	f__Rikenellaceae	g__Alistipes	NA
9b88337492ccd1c0319669daaad2e94d	1	7.812247503266572e-17	0.5156406726742813	1.5150564952042475e-16	0.9999999999999999	0.9999999999999999	d__Bacteria	p__Bacteroidota	c__Bacteroidia	o__Bacteroidales	f__Rikenellaceae	g__Alistipes	NA
742e1f191223f58590661de80b9d6e3b	1.0410958904109588	-0.3219279295911715	0.4817175683771737	-0.6682918596381965	0.5039473085359392	0.9999999999999999	d__Bacteria	p__Bacteroidota	c__Bacteroidia	o__Bacteroidales	f__Rikenellaceae	g__Alistipes	NA
9d583502f595e3a521989b645d50e327	1	7.812247503266572e-17	0.5156406726742813	1.5150564952042475e-16	0.9999999999999999	0.9999999999999999	d__Bacteria	p__Bacteroidota	c__Bacteroidia	o__Bacteroidales	f__Rikenellaceae	g__Alistipes	NA
04160ba54c21aeed9435ec51e581ac46	1	7.812247503266572e-17	0.5156406726742813	1.5150564952042475e-16	0.9999999999999999	0.9999999999999999	d__Bacteria	p__Bacteroidota	c__Bacteroidia	o__Bacteroidales	f__Rikenellaceae	g__Alistipes	NA
7a6a394fe7285b50ee54b56f316a3944	1	7.812247503266572e-17	0.5156406726742813	1.5150564952042475e-16	0.9999999999999999	0.9999999999999999	d__Bacteria	p__Bacteroidota	c__Bacteroidia	o__Bacteroidales	f__Rikenellaceae	g__Alistipes	NA
506efac48dc5d5be2c0122c381639a3f	1	7.812247503266572e-17	0.5156406726742813	1.5150564952042475e-16	0.9999999999999999	0.9999999999999999	d__Bacteria	p__Bacteroidota	c__Bacteroidia	o__Bacteroidales	f__Rikenellaceae	g__Alistipes	NA
91f0bfa8c51f250c466cda365f249c87	1	7.812247503266572e-17	0.5156406726742813	1.5150564952042475e-16	0.9999999999999999	0.9999999999999999	d__Bacteria	p__Bacteroidota	c__Bacteroidia	o__Bacteroidales	f__Rikenellaceae	g__Alistipes	NA
b23dee3dd2e0c370f4de6668a7c64ffa	1	7.812247503266572e-17	0.5156406726742813	1.5150564952042475e-16	0.9999999999999999	0.9999999999999999	d__Bacteria	p__Bacteroidota	c__Bacteroidia	o__Bacteroidales	f__Rikenellaceae	g__Alistipes	NA
b5a69fb7a66fdb2bf437bd286b439706	1	7.812247503266572e-17	0.5156406726742813	1.5150564952042475e-16	0.9999999999999999	0.9999999999999999	d__Bacteria	p__Bacteroidota	c__Bacteroidia	o__Bacteroidales	f__Rikenellaceae	g__Alistipes	NA
8a745e9dff13ee4ea8316990590ef779	1	7.812247503266572e-17	0.5156406726742813	1.5150564952042475e-16	0.9999999999999999	0.9999999999999999	d__Bacteria	p__Bacteroidota	c__Bacteroidia	o__Bacteroidales	f__Rikenellaceae	g__Alistipes	NA
8795c5a86013864dc11f24b89e8cdd8c	1	7.812247503266572e-17	0.5156406726742813	1.5150564952042475e-16	0.9999999999999999	0.9999999999999999	d__Bacteria	p__Bacteroidota	c__Bacteroidia	o__Bacteroidales	f__Rikenellaceae	g__Alistipes	NA
332a6411ff00b4010ac2397f504c4695	1	7.812247503266572e-17	0.5156406726742813	1.5150564952042475e-16	0.9999999999999999	0.9999999999999999	d__Bacteria	p__Bacteroidota	c__Bacteroidia	o__Bacteroidales	f__Rikenellaceae	g__Alistipes	NA
c48430d07ea1d17ff7f39b5e84ab7e56	1	7.812247503266572e-17	0.5156406726742813	1.5150564952042475e-16	0.9999999999999999	0.9999999999999999	d__Bacteria	p__Bacteroidota	c__Bacteroidia	o__Bacteroidales	f__Rikenellaceae	g__Alistipes	NA
5669f9055e393154386d3ad1196d3f03	1	7.812247503266572e-17	0.5156406726742813	1.5150564952042475e-16	0.9999999999999999	0.9999999999999999	d__Bacteria	p__Bacteroidota	c__Bacteroidia	o__Bacteroidales	f__Rikenellaceae	g__Alistipes	NA
51d4f17b8dda9f7d972bf3dd0ecc4e59	1	7.812247503266572e-17	0.5156406726742813	1.5150564952042475e-16	0.9999999999999999	0.9999999999999999	d__Bacteria	p__Bacteroidota	c__Bacteroidia	o__Bacteroidales	f__Rikenellaceae	g__Alistipes	NA
a1dac377f5b64afa4ec9861fda5a05a8	1	7.812247503266572e-17	0.5156406726742813	1.5150564952042475e-16	0.9999999999999999	0.9999999999999999	d__Bacteria	p__Bacteroidota	c__Bacteroidia	o__Bacteroidales	f__Rikenellaceae	g__Alistipes	NA
87f6edb6a35369636f7b947cf37be91b	1	7.812247503266572e-17	0.5156406726742813	1.5150564952042475e-16	0.9999999999999999	0.9999999999999999	d__Bacteria	p__Bacteroidota	c__Bacteroidia	o__Bacteroidales	f__Rikenellaceae	g__Alistipes	NA
09872e510cd71d99b2bb087c1700faea	1	7.812247503266572e-17	0.5156406726742813	1.5150564952042475e-16	0.9999999999999999	0.9999999999999999	d__Bacteria	p__Bacteroidota	c__Bacteroidia	o__Bacteroidales	f__Rikenellaceae	g__Alistipes	NA
fee421dd182111e1d718ac10decab1e9	1	7.812247503266572e-17	0.5156406726742813	1.5150564952042475e-16	0.9999999999999999	0.9999999999999999	d__Bacteria	p__Bacteroidota	c__Bacteroidia	o__Bacteroidales	f__Rikenellaceae	g__Alistipes	NA
1eaa3cb7baaac3220b0606e3621afd16	1	7.812247503266572e-17	0.5156406726742813	1.5150564952042475e-16	0.9999999999999999	0.9999999999999999	d__Bacteria	p__Bacteroidota	c__Bacteroidia	o__Bacteroidales	f__Rikenellaceae	g__Alistipes	NA
efa231614a5eb97a385a5cae7b440348	1	7.812247503266572e-17	0.5156406726742813	1.5150564952042475e-16	0.9999999999999999	0.9999999999999999	d__Bacteria	p__Bacteroidota	c__Bacteroidia	o__Bacteroidales	f__Rikenellaceae	g__Alistipes	NA
ed588d050497ce5fda6cf12d1ec02398	1	7.812247503266572e-17	0.5156406726742813	1.5150564952042475e-16	0.9999999999999999	0.9999999999999999	d__Bacteria	p__Bacteroidota	c__Bacteroidia	o__Bacteroidales	f__Paludibacteraceae	g__H1	NA
39affe4f24aab02b897ece4e7d11f23d	1	7.812247503266572e-17	0.5156406726742813	1.5150564952042475e-16	0.9999999999999999	0.9999999999999999	d__Bacteria	p__Bacteroidota	c__Bacteroidia	o__Bacteroidales	f__Porphyromonadaceae	g__Porphyromonas	NA
443cd0556d78e022458f972d92efa850	1	7.812247503266572e-17	0.5156406726742813	1.5150564952042475e-16	0.9999999999999999	0.9999999999999999	d__Bacteria	p__Bacteroidota	c__Bacteroidia	o__Bacteroidales	f__Tannerellaceae	g__Parabacteroides	NA
8c1695768f19ab2a2417ecebfdc87973	1	7.812247503266572e-17	0.5156406726742813	1.5150564952042475e-16	0.9999999999999999	0.9999999999999999	d__Bacteria	p__Bacteroidota	c__Bacteroidia	o__Bacteroidales	f__Tannerellaceae	g__Parabacteroides	NA
8b61bc858039d91fb9cf6fdce510d523	1	7.812247503266572e-17	0.5156406726742813	1.5150564952042475e-16	0.9999999999999999	0.9999999999999999	d__Bacteria	p__Bacteroidota	c__Bacteroidia	o__Bacteroidales	f__Tannerellaceae	g__Parabacteroides	NA
a1c6580ba32c468041ba2008ee6df6ab	1	7.812247503266572e-17	0.5156406726742813	1.5150564952042475e-16	0.9999999999999999	0.9999999999999999	d__Bacteria	p__Bacteroidota	c__Bacteroidia	o__Bacteroidales	f__Tannerellaceae	g__Parabacteroides	NA
38fb37d1d1ca08cbd4c3ffa52485efd7	1	7.812247503266572e-17	0.5156406726742813	1.5150564952042475e-16	0.9999999999999999	0.9999999999999999	d__Bacteria	p__Bacteroidota	c__Bacteroidia	o__Bacteroidales	f__Tannerellaceae	g__Parabacteroides	NA
8343cf4c26bb977e05e4d9c5125441ef	1	7.812247503266572e-17	0.5156406726742813	1.5150564952042475e-16	0.9999999999999999	0.9999999999999999	d__Bacteria	p__Bacteroidota	c__Bacteroidia	o__Bacteroidales	f__Tannerellaceae	g__Parabacteroides	NA
93ffcf9781cf84717a401e9ebaa48be6	1	7.812247503266572e-17	0.5156406726742813	1.5150564952042475e-16	0.9999999999999999	0.9999999999999999	d__Bacteria	p__Bacteroidota	c__Bacteroidia	o__Bacteroidales	f__Tannerellaceae	g__Parabacteroides	NA
2b16eb77298603505ec51fc70e43b1ea	1	7.812247503266572e-17	0.5156406726742813	1.5150564952042475e-16	0.9999999999999999	0.9999999999999999	d__Bacteria	p__Bacteroidota	c__Bacteroidia	o__Bacteroidales	f__Tannerellaceae	g__Parabacteroides	NA
173c825a18291f2ba18b5e46d9db8408	1	7.812247503266572e-17	0.5156406726742813	1.5150564952042475e-16	0.9999999999999999	0.9999999999999999	d__Bacteria	p__Bacteroidota	c__Bacteroidia	o__Bacteroidales	f__Tannerellaceae	g__Parabacteroides	NA
376365347b1a4473ab806ea391141257	1	7.812247503266572e-17	0.5156406726742813	1.5150564952042475e-16	0.9999999999999999	0.9999999999999999	d__Bacteria	p__Bacteroidota	c__Bacteroidia	o__Bacteroidales	f__Tannerellaceae	g__Parabacteroides	NA
7536bf8021eb12334150b97a2a42a302	1	7.812247503266572e-17	0.5156406726742813	1.5150564952042475e-16	0.9999999999999999	0.9999999999999999	d__Bacteria	p__Bacteroidota	c__Bacteroidia	o__Bacteroidales	f__Tannerellaceae	g__Parabacteroides	NA
7a92103382087dd073eb53bb2e9ec830	1	7.812247503266572e-17	0.5156406726742813	1.5150564952042475e-16	0.9999999999999999	0.9999999999999999	d__Bacteria	p__Bacteroidota	c__Bacteroidia	o__Bacteroidales	f__Tannerellaceae	g__Parabacteroides	NA
e8997e4ec742548b2c0908a8630ef419	1	7.812247503266572e-17	0.5156406726742813	1.5150564952042475e-16	0.9999999999999999	0.9999999999999999	d__Bacteria	p__Bacteroidota	c__Bacteroidia	o__Bacteroidales	f__Tannerellaceae	g__Parabacteroides	NA
535c0035c8256175cc840f4170bb074c	1	7.812247503266572e-17	0.5156406726742813	1.5150564952042475e-16	0.9999999999999999	0.9999999999999999	d__Bacteria	p__Bacteroidota	c__Bacteroidia	o__Bacteroidales	f__Tannerellaceae	g__Parabacteroides	NA
9a76c2c2904fcae623e236b6818a712e	1	7.812247503266572e-17	0.5156406726742813	1.5150564952042475e-16	0.9999999999999999	0.9999999999999999	d__Bacteria	p__Bacteroidota	c__Bacteroidia	o__Bacteroidales	f__Tannerellaceae	g__Parabacteroides	NA
878fc53ff6f6333a92673b700951fa1b	1	7.812247503266572e-17	0.5156406726742813	1.5150564952042475e-16	0.9999999999999999	0.9999999999999999	d__Bacteria	p__Bacteroidota	c__Bacteroidia	o__Bacteroidales	f__Tannerellaceae	g__Parabacteroides	NA
4eb8b5f93f0e959308bef61d3babbe34	1	7.812247503266572e-17	0.5156406726742813	1.5150564952042475e-16	0.9999999999999999	0.9999999999999999	d__Bacteria	p__Bacteroidota	c__Bacteroidia	o__Bacteroidales	f__Tannerellaceae	g__Parabacteroides	NA
182b9fa9fb5099a93fd36de478d40ebb	1	7.812247503266572e-17	0.5156406726742813	1.5150564952042475e-16	0.9999999999999999	0.9999999999999999	d__Bacteria	p__Bacteroidota	c__Bacteroidia	o__Bacteroidales	f__Tannerellaceae	g__Parabacteroides	NA
beac131eb0e7b729d01e68c9c5bee91b	1	7.812247503266572e-17	0.5156406726742813	1.5150564952042475e-16	0.9999999999999999	0.9999999999999999	d__Bacteria	p__Bacteroidota	c__Bacteroidia	o__Bacteroidales	f__Tannerellaceae	g__Parabacteroides	NA
501345d9336cb02e0afb2890cd3e0a78	1	7.812247503266572e-17	0.5156406726742813	1.5150564952042475e-16	0.9999999999999999	0.9999999999999999	d__Bacteria	p__Bacteroidota	c__Bacteroidia	o__Bacteroidales	f__Tannerellaceae	g__Parabacteroides	NA
3edf5034a84bf32a642483a02e8af657	1	7.812247503266572e-17	0.5156406726742813	1.5150564952042475e-16	0.9999999999999999	0.9999999999999999	d__Bacteria	p__Bacteroidota	c__Bacteroidia	o__Bacteroidales	f__Tannerellaceae	g__Parabacteroides	NA
50d86b5415d2bd509518bc51c71e3364	1	7.812247503266572e-17	0.5156406726742813	1.5150564952042475e-16	0.9999999999999999	0.9999999999999999	d__Bacteria	p__Bacteroidota	c__Bacteroidia	o__Bacteroidales	f__Tannerellaceae	g__Parabacteroides	NA
c24228d0f7620bd04c044d27df14b5ee	1.082191780821918	-0.5849622438362284	0.45845727023635835	-1.275936236183255	0.20197806035080523	0.9999999999999999	d__Bacteria	p__Bacillota	c__Clostridia	o__Peptostreptococcales-Tissierellales	f__Peptostreptococcaceae	g__Peptostreptococcus	NA
ca647fe90e501808421954e5fbf9faa6	18.54794520547945	-2.78362051642755	0.9453572361750984	-2.944517067103689	0.003234591060524278	0.37467892958655646	d__Bacteria	p__Bacillota	c__Clostridia	o__Peptostreptococcales-Tissierellales	f__Peptostreptococcaceae	g__Peptostreptococcus	NA
d6a0db7938b5bf40df8ea7f9f97e9d64	1	7.812247503266572e-17	0.5156406726742813	1.5150564952042475e-16	0.9999999999999999	0.9999999999999999	d__Bacteria	p__Bacillota	c__Clostridia	o__Peptostreptococcales-Tissierellales	f__Peptostreptococcaceae	g__Peptostreptococcus	NA
1f0532e025d966a685fd0d1f3144bc8a	1	7.812247503266572e-17	0.5156406726742813	1.5150564952042475e-16	0.9999999999999999	0.9999999999999999	d__Bacteria	p__Bacillota	c__Clostridia	o__Peptostreptococcales-Tissierellales	f__Peptostreptococcaceae	g__Peptostreptococcus	NA
b9ac436ea8771f1bffd49d16712766bf	1	7.812247503266572e-17	0.5156406726742813	1.5150564952042475e-16	0.9999999999999999	0.9999999999999999	d__Bacteria	p__Bacillota	c__Clostridia	o__Peptostreptococcales-Tissierellales	f__Peptostreptococcaceae	g__Peptostreptococcus	NA
4e2f5dcd22bb762784fec4363445371d	1	7.812247503266572e-17	0.5156406726742813	1.5150564952042475e-16	0.9999999999999999	0.9999999999999999	d__Bacteria	p__Bacillota	c__Clostridia	o__Peptostreptococcales-Tissierellales	f__Peptostreptococcaceae	g__Peptostreptococcus	NA
8d703908c09c7cb0da2a4398dd74f9f8	1	7.812247503266572e-17	0.5156406726742813	1.5150564952042475e-16	0.9999999999999999	0.9999999999999999	d__Bacteria	p__Bacillota	c__Clostridia	o__Peptostreptococcales-Tissierellales	f__Peptostreptococcaceae	g__Terrisporobacter	NA
6420671c26eef32065e0275c8cd6701e	1	7.812247503266572e-17	0.5156406726742813	1.5150564952042475e-16	0.9999999999999999	0.9999999999999999	d__Bacteria	p__Bacillota	c__Clostridia	o__Peptostreptococcales-Tissierellales	f__Peptostreptococcaceae	g__Intestinibacter	NA
a731d3f2438a4bb63e315fac2c1bf3d1	1	7.812247503266572e-17	0.5156406726742813	1.5150564952042475e-16	0.9999999999999999	0.9999999999999999	d__Bacteria	p__Bacillota	c__Clostridia	o__Peptostreptococcales-Tissierellales	f__Peptostreptococcaceae	g__Intestinibacter	NA
04edaa963304c466674c30f9f9bb087e	1	7.812247503266572e-17	0.5156406726742813	1.5150564952042475e-16	0.9999999999999999	0.9999999999999999	d__Bacteria	p__Bacillota	c__Clostridia	o__Peptostreptococcales-Tissierellales	f__Peptostreptococcaceae	g__Paeniclostridium	NA
99bccd58aaeb00f98e22add40be6e36b	1	7.812247503266572e-17	0.5156406726742813	1.5150564952042475e-16	0.9999999999999999	0.9999999999999999	d__Bacteria	p__Bacillota	c__Clostridia	o__Peptostreptococcales-Tissierellales	f__Peptostreptococcaceae	g__Clostridioides	NA
b15cec5e7b89958acf29a46cf98efbec	1	7.812247503266572e-17	0.5156406726742813	1.5150564952042475e-16	0.9999999999999999	0.9999999999999999	d__Bacteria	p__Bacillota	c__Clostridia	o__Peptostreptococcales-Tissierellales	f__Peptostreptococcaceae	g__Clostridioides	NA
b9173492cd6bac5ad72d1b87d6e9b89f	1	7.812247503266572e-17	0.5156406726742813	1.5150564952042475e-16	0.9999999999999999	0.9999999999999999	d__Bacteria	p__Bacillota	c__Clostridia	o__Peptostreptococcales-Tissierellales	f__Peptostreptococcaceae	g__Incertae_Sedis	NA
e335f74033bc634af43ee6baa84fa247	1	7.812247503266572e-17	0.5156406726742813	1.5150564952042475e-16	0.9999999999999999	0.9999999999999999	d__Bacteria	p__Bacillota	c__Clostridia	o__Peptostreptococcales-Tissierellales	f__Peptostreptococcaceae	g__Romboutsia	NA
d20b46e3c9d79a8e49a48f112fc03d4f	1	7.812247503266572e-17	0.5156406726742813	1.5150564952042475e-16	0.9999999999999999	0.9999999999999999	d__Bacteria	p__Bacillota	c__Clostridia	o__Peptostreptococcales-Tissierellales	f__Peptostreptococcaceae	g__Romboutsia	NA
300568e1ddcb6356519af1a75ab2df4b	1	7.812247503266572e-17	0.5156406726742813	1.5150564952042475e-16	0.9999999999999999	0.9999999999999999	d__Bacteria	p__Bacillota	c__Clostridia	o__Peptostreptococcales-Tissierellales	f__Anaerovoracaceae	g__Mogibacterium	NA
c756328d1c902696cf731b0daba497f8	1	7.812247503266572e-17	0.5156406726742813	1.5150564952042475e-16	0.9999999999999999	0.9999999999999999	d__Bacteria	p__Bacillota	c__Clostridia	o__Peptostreptococcales-Tissierellales	f__Anaerovoracaceae	g__Mogibacterium	NA
11e8caead10bcfc055d7804c1293d355	1	7.812247503266572e-17	0.5156406726742813	1.5150564952042475e-16	0.9999999999999999	0.9999999999999999	d__Bacteria	p__Bacillota	c__Clostridia	o__Peptostreptococcales-Tissierellales	f__Anaerovoracaceae	g__Mogibacterium	NA
5c68ef2fd4b94cf4e302d4c8e2ef1fe1	1	7.812247503266572e-17	0.5156406726742813	1.5150564952042475e-16	0.9999999999999999	0.9999999999999999	d__Bacteria	p__Bacillota	c__Clostridia	o__Peptostreptococcales-Tissierellales	f__Anaerovoracaceae	g__Mogibacterium	NA
a944f458e4b3383afef986e4fe16f3f2	1	7.812247503266572e-17	0.5156406726742813	1.5150564952042475e-16	0.9999999999999999	0.9999999999999999	d__Bacteria	p__Bacillota	c__Clostridia	o__Peptostreptococcales-Tissierellales	f__Anaerovoracaceae	NA	NA
efa1af4386010f7d05e16a663f32f792	1	7.812247503266572e-17	0.5156406726742813	1.5150564952042475e-16	0.9999999999999999	0.9999999999999999	d__Bacteria	p__Bacillota	c__Clostridia	o__Peptostreptococcales-Tissierellales	f__Anaerovoracaceae	g__Mogibacterium	NA
cc7231cc6b5f4d5717e1ce0b1fb78d11	1	7.812247503266572e-17	0.5156406726742813	1.5150564952042475e-16	0.9999999999999999	0.9999999999999999	d__Bacteria	p__Bacillota	c__Clostridia	o__Peptostreptococcales-Tissierellales	f__Anaerovoracaceae	g__Mogibacterium	NA
262b9d101f07bcd41ee68f140e9820c2	1	7.812247503266572e-17	0.5156406726742813	1.5150564952042475e-16	0.9999999999999999	0.9999999999999999	d__Bacteria	p__Bacillota	c__Clostridia	o__Peptostreptococcales-Tissierellales	f__Anaerovoracaceae	g__Mogibacterium	NA
9048d6f1c8112875d0a3c2f5402343af	1	7.812247503266572e-17	0.5156406726742813	1.5150564952042475e-16	0.9999999999999999	0.9999999999999999	d__Bacteria	p__Bacillota	c__Clostridia	o__Peptostreptococcales-Tissierellales	f__Anaerovoracaceae	NA	NA
6e9ac49ab03e8cf905432ad62df55c30	1	7.812247503266572e-17	0.5156406726742813	1.5150564952042475e-16	0.9999999999999999	0.9999999999999999	d__Bacteria	p__Bacillota	c__Clostridia	o__Peptostreptococcales-Tissierellales	f__Anaerovoracaceae	g__Family_XIII_UCG-001	NA
74d519816d4cfb9cf4ec9605f76301d6	1	7.812247503266572e-17	0.5156406726742813	1.5150564952042475e-16	0.9999999999999999	0.9999999999999999	d__Bacteria	p__Bacillota	c__Clostridia	o__Peptostreptococcales-Tissierellales	f__Anaerovoracaceae	g__Family_XIII_UCG-001	NA
2102f51f3591341a5e15fb5958ee321c	1	7.812247503266572e-17	0.5156406726742813	1.5150564952042475e-16	0.9999999999999999	0.9999999999999999	d__Bacteria	p__Bacillota	c__Clostridia	o__Peptostreptococcales-Tissierellales	f__Anaerovoracaceae	g__Family_XIII_UCG-001	NA
08f685988f6c3b24f935b5d61ca08717	1	7.812247503266572e-17	0.5156406726742813	1.5150564952042475e-16	0.9999999999999999	0.9999999999999999	d__Bacteria	p__Bacillota	c__Clostridia	o__Peptostreptococcales-Tissierellales	f__Anaerovoracaceae	NA	NA
e1743677edc7ce66e8757d9ac5182154	1	7.812247503266572e-17	0.5156406726742813	1.5150564952042475e-16	0.9999999999999999	0.9999999999999999	d__Bacteria	p__Bacillota	c__Clostridia	o__Peptostreptococcales-Tissierellales	f__Anaerovoracaceae	g__Family_XIII_AD3011_group	NA
68b2b967ae2bcb1e7286f0a143e28f44	1	7.812247503266572e-17	0.5156406726742813	1.5150564952042475e-16	0.9999999999999999	0.9999999999999999	d__Bacteria	p__Bacillota	c__Clostridia	o__Peptostreptococcales-Tissierellales	f__Anaerovoracaceae	g__Family_XIII_AD3011_group	NA
9b6acfb0708fe91f75081d6801659932	1	7.812247503266572e-17	0.5156406726742813	1.5150564952042475e-16	0.9999999999999999	0.9999999999999999	d__Bacteria	p__Bacillota	c__Clostridia	o__Peptostreptococcales-Tissierellales	f__Anaerovoracaceae	g__Family_XIII_AD3011_group	NA
4d34418916362764b94c026bdab4127f	1	7.812247503266572e-17	0.5156406726742813	1.5150564952042475e-16	0.9999999999999999	0.9999999999999999	d__Bacteria	p__Bacillota	c__Clostridia	o__Peptostreptococcales-Tissierellales	f__Anaerovoracaceae	g__Family_XIII_AD3011_group	NA
0b6eb991173d34102892489e05ecb868	1	7.812247503266572e-17	0.5156406726742813	1.5150564952042475e-16	0.9999999999999999	0.9999999999999999	d__Bacteria	p__Bacillota	c__Clostridia	o__Peptostreptococcales-Tissierellales	f__Anaerovoracaceae	g__Incertae_Sedis	NA
42db27ef41cfff2f80f61b712609076f	1	7.812247503266572e-17	0.5156406726742813	1.5150564952042475e-16	0.9999999999999999	0.9999999999999999	d__Bacteria	p__Bacillota	c__Clostridia	o__Peptostreptococcales-Tissierellales	f__Anaerovoracaceae	g__Incertae_Sedis	NA
dd34f847a77fc00f9ac84240b88959ac	1	7.812247503266572e-17	0.5156406726742813	1.5150564952042475e-16	0.9999999999999999	0.9999999999999999	d__Bacteria	p__Bacillota	c__Clostridia	o__Peptostreptococcales-Tissierellales	f__Anaerovoracaceae	g__Incertae_Sedis	NA
6901d6f3e7e967139a132d6179e8afd9	1	7.812247503266572e-17	0.5156406726742813	1.5150564952042475e-16	0.9999999999999999	0.9999999999999999	d__Bacteria	p__Bacillota	c__Clostridia	o__Peptostreptococcales-Tissierellales	f__Anaerovoracaceae	NA	NA
24cccadb274fef1f88113e8f019e2a63	1	7.812247503266572e-17	0.5156406726742813	1.5150564952042475e-16	0.9999999999999999	0.9999999999999999	d__Bacteria	p__Bacillota	c__Clostridia	o__Peptostreptococcales-Tissierellales	f__Anaerovoracaceae	NA	NA
2a7d4838e7b35d2e8b436422db160e39	1	7.812247503266572e-17	0.5156406726742813	1.5150564952042475e-16	0.9999999999999999	0.9999999999999999	d__Bacteria	p__Bacillota	c__Clostridia	o__Peptostreptococcales-Tissierellales	f__Anaerovoracaceae	NA	NA
20124fb64bdb55bb93fa69f62b75ad6f	1	7.812247503266572e-17	0.5156406726742813	1.5150564952042475e-16	0.9999999999999999	0.9999999999999999	d__Bacteria	p__Bacillota	c__Clostridia	o__Peptostreptococcales-Tissierellales	f__Anaerovoracaceae	g__S5-A14a	NA
6f8c47d73aa0314f2a331192ba432b32	1	7.812247503266572e-17	0.5156406726742813	1.5150564952042475e-16	0.9999999999999999	0.9999999999999999	d__Bacteria	p__Bacillota	c__Clostridia	o__Peptostreptococcales-Tissierellales	f__Anaerovoracaceae	g__S5-A14a	NA
347be72bb849d1b4f2564f920dbafb57	1	7.812247503266572e-17	0.5156406726742813	1.5150564952042475e-16	0.9999999999999999	0.9999999999999999	d__Bacteria	p__Bacillota	c__Clostridia	o__Peptostreptococcales-Tissierellales	f__Anaerovoracaceae	g__S5-A14a	NA
644fd07dc284e48b3f9bdbf76078fd2e	1.2054794520547945	0.724365361184816	0.5204423947460977	1.3918262011268392	0.1639750337468233	0.9999999999999999	d__Bacteria	p__Bacillota	c__Clostridia	o__Peptostreptococcales-Tissierellales	f__Anaerovoracaceae	g__S5-A14a	NA
0be2b2840d439b1b8548e8010f8310e5	1	7.812247503266572e-17	0.5156406726742813	1.5150564952042475e-16	0.9999999999999999	0.9999999999999999	d__Bacteria	p__Bacillota	c__Clostridia	o__Peptostreptococcales-Tissierellales	f__Anaerovoracaceae	g__Family_XIII_AD3011_group	NA
4a1c5fb315646700069f4c358a196b9f	1	7.812247503266572e-17	0.5156406726742813	1.5150564952042475e-16	0.9999999999999999	0.9999999999999999	d__Bacteria	p__Bacillota	c__Clostridia	o__Peptostreptococcales-Tissierellales	f__Anaerovoracaceae	g__Family_XIII_AD3011_group	NA
4f8d733bde10afc7196a01856bd62c44	1	7.812247503266572e-17	0.5156406726742813	1.5150564952042475e-16	0.9999999999999999	0.9999999999999999	d__Bacteria	p__Bacillota	c__Clostridia	o__Peptostreptococcales-Tissierellales	f__Anaerovoracaceae	g__Family_XIII_AD3011_group	NA
bb520a25037fe6c24024c4f8fc40b5b7	1	7.812247503266572e-17	0.5156406726742813	1.5150564952042475e-16	0.9999999999999999	0.9999999999999999	d__Bacteria	p__Bacillota	c__Clostridia	o__Peptostreptococcales-Tissierellales	f__Anaerovoracaceae	g__Family_XIII_AD3011_group	NA
39f94c50ed5ba9ec7085c9c0e312c16a	1	7.812247503266572e-17	0.5156406726742813	1.5150564952042475e-16	0.9999999999999999	0.9999999999999999	d__Bacteria	p__Bacillota	c__Clostridia	o__Peptostreptococcales-Tissierellales	f__Anaerovoracaceae	g__Family_XIII_AD3011_group	NA
c3337d877a02fb500fc37be8aa4fd234	1	7.812247503266572e-17	0.5156406726742813	1.5150564952042475e-16	0.9999999999999999	0.9999999999999999	d__Bacteria	p__Bacillota	c__Clostridia	o__Peptostreptococcales-Tissierellales	f__Anaerovoracaceae	g__Family_XIII_AD3011_group	NA
9b12ea14bff8a37dc1d39b36b5b904d6	1	7.812247503266572e-17	0.5156406726742813	1.5150564952042475e-16	0.9999999999999999	0.9999999999999999	d__Bacteria	p__Bacillota	c__Clostridia	o__Peptostreptococcales-Tissierellales	f__Anaerovoracaceae	g__Family_XIII_AD3011_group	NA
a76a1b1642c79341b17f7d619145ddf4	1	7.812247503266572e-17	0.5156406726742813	1.5150564952042475e-16	0.9999999999999999	0.9999999999999999	d__Bacteria	p__Bacillota	c__Clostridia	o__Peptostreptococcales-Tissierellales	f__Anaerovoracaceae	NA	NA
c2214f5c48ce111caeeb8f928ca5b648	1	7.812247503266572e-17	0.5156406726742813	1.5150564952042475e-16	0.9999999999999999	0.9999999999999999	d__Bacteria	p__Bacillota	c__Clostridia	o__Peptostreptococcales-Tissierellales	f__Anaerovoracaceae	g__Family_XIII_AD3011_group	NA
b4f28264f150902936030ef29ce2a10a	1	7.812247503266572e-17	0.5156406726742813	1.5150564952042475e-16	0.9999999999999999	0.9999999999999999	d__Bacteria	p__Bacillota	c__Clostridia	o__Peptostreptococcales-Tissierellales	f__Anaerovoracaceae	g__[Eubacterium]_brachy_group	NA
963eff531673e1aa3a6b54db94920693	1	7.812247503266572e-17	0.5156406726742813	1.5150564952042475e-16	0.9999999999999999	0.9999999999999999	d__Bacteria	p__Bacillota	c__Clostridia	o__Peptostreptococcales-Tissierellales	f__Anaerovoracaceae	g__[Eubacterium]_brachy_group	NA
9790ca08d8b4d951df2ae0f839e95641	1	7.812247503266572e-17	0.5156406726742813	1.5150564952042475e-16	0.9999999999999999	0.9999999999999999	d__Bacteria	p__Bacillota	c__Clostridia	o__Peptostreptococcales-Tissierellales	f__Anaerovoracaceae	g__[Eubacterium]_brachy_group	NA
b4cf81c7acfe279300da8fd8a8ee9ab2	1	7.812247503266572e-17	0.5156406726742813	1.5150564952042475e-16	0.9999999999999999	0.9999999999999999	d__Bacteria	p__Bacillota	c__Clostridia	o__Peptostreptococcales-Tissierellales	f__Anaerovoracaceae	g__[Eubacterium]_brachy_group	NA
3dff953eea05c3889f10c95963478721	1	7.812247503266572e-17	0.5156406726742813	1.5150564952042475e-16	0.9999999999999999	0.9999999999999999	d__Bacteria	p__Bacillota	c__Clostridia	o__Clostridia_vadinBB60_group	f__Incertae_Sedis	g__Incertae_Sedis	NA
d531f7abbe719c575cfb72bf14d38575	1	7.812247503266572e-17	0.5156406726742813	1.5150564952042475e-16	0.9999999999999999	0.9999999999999999	d__Bacteria	p__Bacillota	c__Clostridia	o__Peptostreptococcales-Tissierellales	f__Peptostreptococcaceae	g__[Eubacterium]_yurii_group	NA
238be985a1630b73b15fc6494a601674	1	7.812247503266572e-17	0.5156406726742813	1.5150564952042475e-16	0.9999999999999999	0.9999999999999999	d__Bacteria	p__Bacillota	c__Clostridia	o__Clostridia_vadinBB60_group	f__Incertae_Sedis	g__Incertae_Sedis	NA
cf0e29b1acfd7c9cc92b326cbfc88908	1	7.812247503266572e-17	0.5156406726742813	1.5150564952042475e-16	0.9999999999999999	0.9999999999999999	d__Bacteria	p__Bacillota	c__Clostridia	o__Eubacteriales	f__Eubacteriaceae	g__Eubacterium	NA
a71ff29e74af135619b45332bfb02047	1	7.812247503266572e-17	0.5156406726742813	1.5150564952042475e-16	0.9999999999999999	0.9999999999999999	d__Bacteria	p__Bacillota	c__Clostridia	o__Eubacteriales	f__Anaerofustaceae	g__Anaerofustis	NA
4ebdcaa777667a819d5ae7a040f5f11d	1	7.812247503266572e-17	0.5156406726742813	1.5150564952042475e-16	0.9999999999999999	0.9999999999999999	d__Bacteria	p__Patescibacteria	c__Saccharimonadia	o__Saccharimonadales	f__Incertae_Sedis	g__Incertae_Sedis	NA
f5b0e6f68e9a3ab6bf02184b1afaeb87	1	7.812247503266572e-17	0.5156406726742813	1.5150564952042475e-16	0.9999999999999999	0.9999999999999999	d__Bacteria	p__Bacillota	c__Clostridia	o__Peptococcales	f__Peptococcaceae	g__Incertae_Sedis	NA
16abb37658f0d89cf9462696b61b312c	1	7.812247503266572e-17	0.5156406726742813	1.5150564952042475e-16	0.9999999999999999	0.9999999999999999	d__Bacteria	p__Bacillota	c__Clostridia	o__Peptococcales	f__Peptococcaceae	g__Incertae_Sedis	NA
acf09e78b337fd51b09606fabf09493e	1	7.812247503266572e-17	0.5156406726742813	1.5150564952042475e-16	0.9999999999999999	0.9999999999999999	d__Bacteria	p__Bacillota	c__Clostridia	o__Peptococcales	f__Peptococcaceae	g__Incertae_Sedis	NA
11401ee29264e6f60b65371a2601cd07	1	7.812247503266572e-17	0.5156406726742813	1.5150564952042475e-16	0.9999999999999999	0.9999999999999999	d__Bacteria	p__Bacillota	c__Clostridia	o__Peptococcales	f__Peptococcaceae	g__Incertae_Sedis	NA
821d785df00a89f3baa17682275dc4b9	1	7.812247503266572e-17	0.5156406726742813	1.5150564952042475e-16	0.9999999999999999	0.9999999999999999	d__Bacteria	p__Bacillota	c__Clostridia	o__Peptococcales	f__Peptococcaceae	g__Incertae_Sedis	NA
27335f508429bf2100f5dded19cea135	1.9452054794520548	1.7243646691323053	0.6492542243207323	2.655915979501532	0.007909331792190142	0.5944755830904203	d__Bacteria	p__Bacillota	c__Clostridia	o__Peptococcales	f__Peptococcaceae	g__Peptococcus	NA
621492842a9298d79db8d956f546cd46	1	7.812247503266572e-17	0.5156406726742813	1.5150564952042475e-16	0.9999999999999999	0.9999999999999999	d__Bacteria	p__Bacillota	c__Clostridia	o__Peptococcales	f__Peptococcaceae	g__Peptococcus	NA
a4eac9fcad4c5f9555c01a06d10b6fc6	1	7.812247503266572e-17	0.5156406726742813	1.5150564952042475e-16	0.9999999999999999	0.9999999999999999	d__Bacteria	p__Bacillota	c__Clostridia	o__Peptococcales	f__Peptococcaceae	g__Peptococcus	NA
a295f1a36f5c6b35c15d0d0dee118b08	1	7.812247503266572e-17	0.5156406726742813	1.5150564952042475e-16	0.9999999999999999	0.9999999999999999	d__Bacteria	p__Bacillota	c__Clostridia	o__Peptococcales	f__Peptococcaceae	g__Peptococcus	NA
886c310521057db30453f2097b621418	1	7.812247503266572e-17	0.5156406726742813	1.5150564952042475e-16	0.9999999999999999	0.9999999999999999	d__Bacteria	p__Bacillota	c__Clostridia	o__Peptococcales	f__Peptococcaceae	g__Peptococcus	NA
a78f5a615f91a760ffc238c7c4ce3056	1	7.812247503266572e-17	0.5156406726742813	1.5150564952042475e-16	0.9999999999999999	0.9999999999999999	d__Bacteria	p__Bacillota	c__Clostridia	o__Peptococcales	f__Peptococcaceae	g__Peptococcus	NA
d03ef7025d83fe8e206aa4208c5bea2c	1	7.812247503266572e-17	0.5156406726742813	1.5150564952042475e-16	0.9999999999999999	0.9999999999999999	d__Bacteria	p__Bacillota	c__Clostridia	o__Peptococcales	f__Peptococcaceae	g__Peptococcus	NA
3723ea6e099f53017ca85c153c80969f	1	7.812247503266572e-17	0.5156406726742813	1.5150564952042475e-16	0.9999999999999999	0.9999999999999999	d__Bacteria	p__Bacillota	c__Incertae_Sedis	o__Incertae_Sedis	f__Incertae_Sedis	g__Incertae_Sedis	NA
dfbcf643d39da3d96679e19c7ab6b3a1	173.2876712328767	1.294646390367224	1.2222170373192986	1.059260631161537	0.2894810990584435	0.9999999999999999	d__Bacteria	p__Bacillota	c__Clostridia	o__Oscillospirales	f__Oscillospiraceae	g__Fastidiosipila	NA
47dd8e993c6e41bfd89085fc987e18da	1.1095890410958904	-4.8770333209434345e-8	0.5188969425184775	-9.398847673437133e-8	0.9999999250080455	0.9999999999999999	d__Bacteria	p__Bacillota	c__Clostridia	o__Oscillospirales	f__Oscillospiraceae	g__Fastidiosipila	NA
8e22ba1c20e8aef2d81a1d6b45e10de8	1.821917808219178	-2.087461717321257	0.5689000380300531	-3.669294388781502	2.432208677487624e-4	0.04047890156104403	d__Bacteria	p__Bacillota	c__Clostridia	o__Oscillospirales	f__Oscillospiraceae	g__Mageeibacillus	NA
b7da565550a8cdc7e3b6cf032e7882bf	1.1232876712328768	-5.4425124899479254e-8	0.5196850065476464	-1.0472714089066064e-7	0.9999999164398312	0.9999999999999999	d__Bacteria	p__Acidobacteriota	c__Holophagae	o__Holophagales	f__Holophagaceae	g__Geothrix	NA
ac0821f073278ac326242b0ea49d4ea7	1	7.812247503266572e-17	0.5156406726742813	1.5150564952042475e-16	0.9999999999999999	0.9999999999999999	d__Bacteria	p__Bacillota	c__Clostridia	o__Oscillospirales	f__Oscillospiraceae	g__Fastidiosipila	NA
9f3a6dbe84e2191c461ea8459f61a3b9	1	7.812247503266572e-17	0.5156406726742813	1.5150564952042475e-16	0.9999999999999999	0.9999999999999999	d__Bacteria	p__Bacillota	c__Clostridia	o__Oscillospirales	f__Oscillospiraceae	g__Fastidiosipila	NA
0231f20221e42ee58dbe12f6e5aad34c	1	7.812247503266572e-17	0.5156406726742813	1.5150564952042475e-16	0.9999999999999999	0.9999999999999999	d__Bacteria	p__Bacillota	c__Clostridia	o__Clostridia_vadinBB60_group	f__Incertae_Sedis	g__Incertae_Sedis	NA
f104663b133a5b624aac139870172e59	1	7.812247503266572e-17	0.5156406726742813	1.5150564952042475e-16	0.9999999999999999	0.9999999999999999	d__Bacteria	p__Bacillota	c__Clostridia	o__Oscillospirales	f__Oscillospiraceae	g__Fastidiosipila	NA
57bdfe55b7ec734c1328d67ac14d1fcf	1	7.812247503266572e-17	0.5156406726742813	1.5150564952042475e-16	0.9999999999999999	0.9999999999999999	d__Bacteria	p__Bacillota	c__Clostridia	o__Oscillospirales	f__Oscillospiraceae	g__Fastidiosipila	NA
efd90b9656ce4a8030584e0beea0390c	1	7.812247503266572e-17	0.5156406726742813	1.5150564952042475e-16	0.9999999999999999	0.9999999999999999	d__Bacteria	p__Bacillota	c__Clostridia	o__Oscillospirales	f__Oscillospiraceae	g__Fastidiosipila	NA
304565505f7e8a2abfe0959351b86574	1	7.812247503266572e-17	0.5156406726742813	1.5150564952042475e-16	0.9999999999999999	0.9999999999999999	d__Bacteria	p__Bacillota	c__Clostridia	o__Oscillospirales	f__Oscillospiraceae	g__Fastidiosipila	NA
496d9baadb2e81714fb04a5253200b00	1	7.812247503266572e-17	0.5156406726742813	1.5150564952042475e-16	0.9999999999999999	0.9999999999999999	d__Bacteria	p__Bacillota	c__Clostridia	o__Oscillospirales	f__Oscillospiraceae	g__Fastidiosipila	NA
6fa81995625aa288080691902b74d732	1	7.812247503266572e-17	0.5156406726742813	1.5150564952042475e-16	0.9999999999999999	0.9999999999999999	d__Bacteria	p__Bacillota	c__Clostridia	o__Clostridia_vadinBB60_group	f__Incertae_Sedis	g__Incertae_Sedis	NA
787ab1672520289680427986b59e3417	1	7.812247503266572e-17	0.5156406726742813	1.5150564952042475e-16	0.9999999999999999	0.9999999999999999	d__Bacteria	p__Bacillota	c__Clostridia	o__Clostridia_vadinBB60_group	f__Incertae_Sedis	g__Incertae_Sedis	NA
35ba68ca1928f943c985a13652a96dfa	1	7.812247503266572e-17	0.5156406726742813	1.5150564952042475e-16	0.9999999999999999	0.9999999999999999	d__Bacteria	p__Bacillota	c__Clostridia	o__Clostridia_vadinBB60_group	f__Incertae_Sedis	g__Incertae_Sedis	NA
591d280ab767b490aae6fdc420ee4698	1	7.812247503266572e-17	0.5156406726742813	1.5150564952042475e-16	0.9999999999999999	0.9999999999999999	d__Bacteria	p__Bacillota	c__Clostridia	o__Clostridia_vadinBB60_group	f__Incertae_Sedis	g__Incertae_Sedis	NA
9e18b43f389956ba5ac3ddf810f39cb6	1	7.812247503266572e-17	0.5156406726742813	1.5150564952042475e-16	0.9999999999999999	0.9999999999999999	d__Bacteria	p__Bacillota	c__Clostridia	o__Clostridia_vadinBB60_group	f__Incertae_Sedis	g__Incertae_Sedis	NA
8ba6fc7732bb1d70eb0b2a19416e4fbc	1	7.812247503266572e-17	0.5156406726742813	1.5150564952042475e-16	0.9999999999999999	0.9999999999999999	d__Bacteria	p__Bacillota	c__Clostridia	o__Clostridia_vadinBB60_group	f__Incertae_Sedis	g__Incertae_Sedis	NA
b2088770a003be218487d86b1d646231	1	7.812247503266572e-17	0.5156406726742813	1.5150564952042475e-16	0.9999999999999999	0.9999999999999999	d__Bacteria	p__Bacillota	c__Clostridia	o__Clostridia_vadinBB60_group	f__Incertae_Sedis	g__Incertae_Sedis	NA
3704e8efdf08f0e95a1dbc4611310d30	1	7.812247503266572e-17	0.5156406726742813	1.5150564952042475e-16	0.9999999999999999	0.9999999999999999	d__Bacteria	p__Bacillota	c__Clostridia	o__Clostridia_vadinBB60_group	f__Incertae_Sedis	g__Incertae_Sedis	NA
70ddad189efe9ddcc2c47c9920ece35a	1	7.812247503266572e-17	0.5156406726742813	1.5150564952042475e-16	0.9999999999999999	0.9999999999999999	d__Bacteria	p__Bacillota	c__Clostridia	o__Clostridia_vadinBB60_group	f__Incertae_Sedis	g__Incertae_Sedis	NA
4876553b9fed8291dbf1c63b0ac0886a	1	7.812247503266572e-17	0.5156406726742813	1.5150564952042475e-16	0.9999999999999999	0.9999999999999999	d__Bacteria	p__Bacillota	c__Clostridia	o__Clostridia_vadinBB60_group	f__Incertae_Sedis	g__Incertae_Sedis	NA
fbb2ccdf9eee6835b98ab9fad97f117a	1	7.812247503266572e-17	0.5156406726742813	1.5150564952042475e-16	0.9999999999999999	0.9999999999999999	d__Bacteria	p__Bacillota	c__Clostridia	o__Clostridia_vadinBB60_group	f__Incertae_Sedis	g__Incertae_Sedis	NA
982629840b81e393c6557db91ae1fbf2	1	7.812247503266572e-17	0.5156406726742813	1.5150564952042475e-16	0.9999999999999999	0.9999999999999999	d__Bacteria	p__Bacillota	c__Clostridia	o__Clostridia_vadinBB60_group	f__Incertae_Sedis	g__Incertae_Sedis	NA
6f367ff90d4b2f61c62dd529f04ed066	1	7.812247503266572e-17	0.5156406726742813	1.5150564952042475e-16	0.9999999999999999	0.9999999999999999	d__Bacteria	p__Bacillota	c__Clostridia	o__Clostridia_vadinBB60_group	f__Incertae_Sedis	g__Incertae_Sedis	NA
e5d5579394f57557a5a7d9c83314c541	1	7.812247503266572e-17	0.5156406726742813	1.5150564952042475e-16	0.9999999999999999	0.9999999999999999	d__Bacteria	p__Bacillota	c__Clostridia	o__Clostridia_vadinBB60_group	f__Incertae_Sedis	g__Incertae_Sedis	NA
6ea7ac3c41a98c51511fa7bc7c2a6419	1	7.812247503266572e-17	0.5156406726742813	1.5150564952042475e-16	0.9999999999999999	0.9999999999999999	d__Bacteria	p__Bacillota	c__Clostridia	o__Clostridia_vadinBB60_group	f__Incertae_Sedis	g__Incertae_Sedis	NA
73c80ed30771e7bcfbc9af53fe9dabc0	1	7.812247503266572e-17	0.5156406726742813	1.5150564952042475e-16	0.9999999999999999	0.9999999999999999	d__Bacteria	p__Bacillota	c__Clostridia	o__Clostridia_vadinBB60_group	f__Incertae_Sedis	g__Incertae_Sedis	NA
a8ac01afffd265cc3a0552d5bc56e029	1	7.812247503266572e-17	0.5156406726742813	1.5150564952042475e-16	0.9999999999999999	0.9999999999999999	d__Bacteria	p__Bacillota	c__Clostridia	o__Clostridia_vadinBB60_group	f__Incertae_Sedis	g__Incertae_Sedis	NA
2d6f13426a55dd91c947edf4853bb3e9	1	7.812247503266572e-17	0.5156406726742813	1.5150564952042475e-16	0.9999999999999999	0.9999999999999999	d__Bacteria	p__Bacillota	c__Clostridia	o__Clostridia_vadinBB60_group	f__Incertae_Sedis	g__Incertae_Sedis	NA
ca164e68ce5db67ae0182d9c3bafc5fa	1	7.812247503266572e-17	0.5156406726742813	1.5150564952042475e-16	0.9999999999999999	0.9999999999999999	d__Bacteria	p__Bacillota	c__Clostridia	o__Christensenellales	f__Christensenellaceae	g__Christensenellaceae_R-7_group	NA
5b846d1ab66d3631a31c9678f4e4b8d5	1	7.812247503266572e-17	0.5156406726742813	1.5150564952042475e-16	0.9999999999999999	0.9999999999999999	d__Bacteria	p__Bacillota	c__Clostridia	o__Christensenellales	f__Christensenellaceae	g__Christensenellaceae_R-7_group	NA
08c53fdf2c7b879ac5e38d5730b65fd9	1	7.812247503266572e-17	0.5156406726742813	1.5150564952042475e-16	0.9999999999999999	0.9999999999999999	d__Bacteria	p__Bacillota	c__Clostridia	o__Christensenellales	f__Christensenellaceae	g__Christensenellaceae_R-7_group	NA
e9f7d02e967c2cafc57e9734d62b40f9	1	7.812247503266572e-17	0.5156406726742813	1.5150564952042475e-16	0.9999999999999999	0.9999999999999999	d__Bacteria	p__Bacillota	c__Clostridia	o__Christensenellales	f__Christensenellaceae	g__Christensenellaceae_R-7_group	NA
a59281c2e5b485694bad1587ee5e4e6a	1	7.812247503266572e-17	0.5156406726742813	1.5150564952042475e-16	0.9999999999999999	0.9999999999999999	d__Bacteria	p__Bacillota	c__Clostridia	o__Christensenellales	f__Christensenellaceae	g__Christensenellaceae_R-7_group	NA
43119e5f1eb41e9ee1776d7a6504126f	1	7.812247503266572e-17	0.5156406726742813	1.5150564952042475e-16	0.9999999999999999	0.9999999999999999	d__Bacteria	p__Bacillota	c__Clostridia	o__Christensenellales	f__Christensenellaceae	g__Christensenellaceae_R-7_group	NA
98733e7d335f309921890faeea796c8c	1	7.812247503266572e-17	0.5156406726742813	1.5150564952042475e-16	0.9999999999999999	0.9999999999999999	d__Bacteria	p__Bacillota	c__Clostridia	o__Christensenellales	f__Christensenellaceae	g__Christensenellaceae_R-7_group	NA
088e71a0b399b4a88aaea45af78dbe72	1	7.812247503266572e-17	0.5156406726742813	1.5150564952042475e-16	0.9999999999999999	0.9999999999999999	d__Bacteria	p__Bacillota	c__Clostridia	o__Christensenellales	f__Christensenellaceae	g__Christensenellaceae_R-7_group	NA
b621d4b3cca1ec89ceca12efca8a94fb	1	7.812247503266572e-17	0.5156406726742813	1.5150564952042475e-16	0.9999999999999999	0.9999999999999999	d__Bacteria	p__Bacillota	c__Clostridia	o__Christensenellales	f__Christensenellaceae	g__Christensenellaceae_R-7_group	NA
77dfd5e696dade82fcb74c36f15e5a7f	1	7.812247503266572e-17	0.5156406726742813	1.5150564952042475e-16	0.9999999999999999	0.9999999999999999	d__Bacteria	p__Bacillota	c__Clostridia	o__Christensenellales	f__Christensenellaceae	g__Christensenellaceae_R-7_group	NA
94928715987dcb9638dd5c0e8f9b20f4	1	7.812247503266572e-17	0.5156406726742813	1.5150564952042475e-16	0.9999999999999999	0.9999999999999999	d__Bacteria	p__Bacillota	c__Clostridia	o__Christensenellales	f__Christensenellaceae	g__Christensenellaceae_R-7_group	NA
f9e4ec270767279a3abdbcbb013a0399	1	7.812247503266572e-17	0.5156406726742813	1.5150564952042475e-16	0.9999999999999999	0.9999999999999999	d__Bacteria	p__Bacillota	c__Clostridia	o__Christensenellales	f__Christensenellaceae	g__Christensenellaceae_R-7_group	NA
914cceeab4eb1f150d34967b4804f7d2	1	7.812247503266572e-17	0.5156406726742813	1.5150564952042475e-16	0.9999999999999999	0.9999999999999999	d__Bacteria	p__Bacillota	c__Clostridia	o__Christensenellales	f__Christensenellaceae	g__Christensenellaceae_R-7_group	NA
7f68cdb24a46c3c6121ad93e2bfcbe57	1	7.812247503266572e-17	0.5156406726742813	1.5150564952042475e-16	0.9999999999999999	0.9999999999999999	d__Bacteria	p__Bacillota	c__Clostridia	o__Christensenellales	f__Christensenellaceae	g__Christensenellaceae_R-7_group	NA
7c104699e795bbf45f90fceac906e6b4	1	7.812247503266572e-17	0.5156406726742813	1.5150564952042475e-16	0.9999999999999999	0.9999999999999999	d__Bacteria	p__Bacillota	c__Clostridia	o__Christensenellales	f__Christensenellaceae	g__Christensenellaceae_R-7_group	NA
ec3fb46d480986fb53bc5007d802776a	1	7.812247503266572e-17	0.5156406726742813	1.5150564952042475e-16	0.9999999999999999	0.9999999999999999	d__Bacteria	p__Bacillota	c__Clostridia	o__Christensenellales	f__Christensenellaceae	g__Christensenellaceae_R-7_group	NA
39f302cd1e558fa137dcd120a4b3a1a1	1	7.812247503266572e-17	0.5156406726742813	1.5150564952042475e-16	0.9999999999999999	0.9999999999999999	d__Bacteria	p__Bacillota	c__Clostridia	o__Christensenellales	f__Christensenellaceae	g__Christensenellaceae_R-7_group	NA
2ec15f85a70bac9db588d177c5c10e4c	1.1232876712328768	0.4764379291685198	0.49457175282531424	0.963334291630684	0.33537978968130666	0.9999999999999999	d__Bacteria	p__Bacillota	c__Clostridia	o__Christensenellales	f__Christensenellaceae	g__Christensenellaceae_R-7_group	NA
fec259b8c538eb738b2f1fcd7bdde7c4	1	7.812247503266572e-17	0.5156406726742813	1.5150564952042475e-16	0.9999999999999999	0.9999999999999999	d__Bacteria	p__Bacillota	c__Clostridia	o__Christensenellales	f__Christensenellaceae	g__Christensenellaceae_R-7_group	NA
c66ec67719e54d2cb0afc3154b3c23af	1	7.812247503266572e-17	0.5156406726742813	1.5150564952042475e-16	0.9999999999999999	0.9999999999999999	d__Bacteria	p__Bacillota	c__Clostridia	o__Christensenellales	f__Christensenellaceae	g__Christensenellaceae_R-7_group	NA
4bd994177ca1ba1f35094e6772a672eb	1	7.812247503266572e-17	0.5156406726742813	1.5150564952042475e-16	0.9999999999999999	0.9999999999999999	d__Bacteria	p__Bacillota	c__Clostridia	o__Christensenellales	f__Christensenellaceae	g__Christensenellaceae_R-7_group	NA
d2d6552fd2bead3dc0a0e8074d0c1bea	1	7.812247503266572e-17	0.5156406726742813	1.5150564952042475e-16	0.9999999999999999	0.9999999999999999	d__Bacteria	p__Bacillota	c__Clostridia	o__Christensenellales	f__Christensenellaceae	g__Christensenellaceae_R-7_group	NA
35ea9460c84f1e75f939a7fa94bdb441	1	7.812247503266572e-17	0.5156406726742813	1.5150564952042475e-16	0.9999999999999999	0.9999999999999999	d__Bacteria	p__Bacillota	c__Clostridia	o__Christensenellales	f__Christensenellaceae	g__Christensenellaceae_R-7_group	NA
53b2e8677ee8134bbcb5396218d5b4dc	1	7.812247503266572e-17	0.5156406726742813	1.5150564952042475e-16	0.9999999999999999	0.9999999999999999	d__Bacteria	p__Bacillota	c__Clostridia	o__Christensenellales	f__Christensenellaceae	g__Christensenellaceae_R-7_group	NA
333dee9a5c3360c82d92e4d5cafb2b6e	1	7.812247503266572e-17	0.5156406726742813	1.5150564952042475e-16	0.9999999999999999	0.9999999999999999	d__Bacteria	p__Bacillota	c__Clostridia	o__Christensenellales	f__Christensenellaceae	g__Christensenellaceae_R-7_group	NA
adb33442e0d50f08eac8ecd41cafd4ab	1	7.812247503266572e-17	0.5156406726742813	1.5150564952042475e-16	0.9999999999999999	0.9999999999999999	d__Bacteria	p__Bacillota	c__Clostridia	o__Christensenellales	f__Christensenellaceae	g__Christensenellaceae_R-7_group	NA
5d81ab62df71143d6feca29e59419248	1	7.812247503266572e-17	0.5156406726742813	1.5150564952042475e-16	0.9999999999999999	0.9999999999999999	d__Bacteria	p__Bacillota	c__Clostridia	o__Christensenellales	f__Christensenellaceae	g__Christensenellaceae_R-7_group	NA
7056e30597f229b4acf906de9a4c432d	1	7.812247503266572e-17	0.5156406726742813	1.5150564952042475e-16	0.9999999999999999	0.9999999999999999	d__Bacteria	p__Bacillota	c__Clostridia	o__Christensenellales	f__Christensenellaceae	g__Christensenellaceae_R-7_group	NA
143370e10dab7fdbcbdeda0f8b19658a	1	7.812247503266572e-17	0.5156406726742813	1.5150564952042475e-16	0.9999999999999999	0.9999999999999999	d__Bacteria	p__Bacillota	c__Clostridia	o__Christensenellales	f__Christensenellaceae	g__Christensenellaceae_R-7_group	NA
45aea834beb1b1b53d8db337520b771e	1	7.812247503266572e-17	0.5156406726742813	1.5150564952042475e-16	0.9999999999999999	0.9999999999999999	d__Bacteria	p__Bacillota	c__Clostridia	o__Christensenellales	f__Christensenellaceae	g__Christensenellaceae_R-7_group	NA
4bdbaae586dedec92168f93266de0979	1	7.812247503266572e-17	0.5156406726742813	1.5150564952042475e-16	0.9999999999999999	0.9999999999999999	d__Bacteria	p__Bacillota	c__Clostridia	o__Christensenellales	f__Christensenellaceae	g__Christensenellaceae_R-7_group	NA
2b7ca3f17ad95fffabe88f1bb4fcd736	1	7.812247503266572e-17	0.5156406726742813	1.5150564952042475e-16	0.9999999999999999	0.9999999999999999	d__Bacteria	p__Bacillota	c__Clostridia	o__Christensenellales	f__Christensenellaceae	g__Christensenellaceae_R-7_group	NA
32946a13151283c45561a1d0ca4223a0	1	7.812247503266572e-17	0.5156406726742813	1.5150564952042475e-16	0.9999999999999999	0.9999999999999999	d__Bacteria	p__Bacillota	c__Clostridia	o__Christensenellales	f__Christensenellaceae	g__Christensenellaceae_R-7_group	NA
ae718fc0d3c7bb18fbba060616d5e2cc	1	7.812247503266572e-17	0.5156406726742813	1.5150564952042475e-16	0.9999999999999999	0.9999999999999999	d__Bacteria	p__Bacillota	c__Clostridia	o__Christensenellales	f__Christensenellaceae	g__Christensenellaceae_R-7_group	NA
b7bd3c9381627856472384813fe3b213	1	7.812247503266572e-17	0.5156406726742813	1.5150564952042475e-16	0.9999999999999999	0.9999999999999999	d__Bacteria	p__Bacillota	c__Clostridia	o__Christensenellales	f__Christensenellaceae	g__Christensenellaceae_R-7_group	NA
355cd350f78139a0d706e9bc4cdc831f	1	7.812247503266572e-17	0.5156406726742813	1.5150564952042475e-16	0.9999999999999999	0.9999999999999999	d__Bacteria	p__Bacillota	c__Clostridia	o__Christensenellales	f__Christensenellaceae	g__Christensenellaceae_R-7_group	NA
b1162bcb5e03ffb9e3911aec18b6f761	1	7.812247503266572e-17	0.5156406726742813	1.5150564952042475e-16	0.9999999999999999	0.9999999999999999	d__Bacteria	p__Bacillota	c__Clostridia	o__Christensenellales	f__Christensenellaceae	g__Christensenellaceae_R-7_group	NA
3971f12074ab43063f75c7cf8030f49d	1	7.812247503266572e-17	0.5156406726742813	1.5150564952042475e-16	0.9999999999999999	0.9999999999999999	d__Bacteria	p__Bacillota	c__Clostridia	o__Christensenellales	f__Christensenellaceae	g__Christensenellaceae_R-7_group	NA
f9e98849a5f849f9d9a8dfb3ec13c2aa	1	7.812247503266572e-17	0.5156406726742813	1.5150564952042475e-16	0.9999999999999999	0.9999999999999999	d__Bacteria	p__Bacillota	c__Clostridia	o__Christensenellales	f__Christensenellaceae	g__Incertae_Sedis	NA
9e0326554068ca2dfdaf5f8ab043fea8	1	7.812247503266572e-17	0.5156406726742813	1.5150564952042475e-16	0.9999999999999999	0.9999999999999999	d__Bacteria	p__Bacillota	c__Clostridia	o__Christensenellales	f__Christensenellaceae	g__Incertae_Sedis	NA
301bd335294fbc78395b5ae14ca4382d	1	7.812247503266572e-17	0.5156406726742813	1.5150564952042475e-16	0.9999999999999999	0.9999999999999999	d__Bacteria	p__Bacillota	c__Clostridia	o__Christensenellales	f__Christensenellaceae	g__Incertae_Sedis	NA
c3f21101b8845fd1c974cb14578fb119	1	7.812247503266572e-17	0.5156406726742813	1.5150564952042475e-16	0.9999999999999999	0.9999999999999999	d__Bacteria	p__Bacillota	c__Clostridia	o__Christensenellales	f__Christensenellaceae	g__Incertae_Sedis	NA
51f5ecce966bb67afae2da7419008535	1	7.812247503266572e-17	0.5156406726742813	1.5150564952042475e-16	0.9999999999999999	0.9999999999999999	d__Bacteria	p__Bacillota	c__Clostridia	o__Christensenellales	f__Christensenellaceae	g__Incertae_Sedis	NA
74a750b1f79b91c619bec39d4337123d	1	7.812247503266572e-17	0.5156406726742813	1.5150564952042475e-16	0.9999999999999999	0.9999999999999999	d__Bacteria	p__Bacillota	c__Clostridia	o__Christensenellales	f__Christensenellaceae	g__Incertae_Sedis	NA
6e129c93672f058c66c7090dbf93dbdf	1	7.812247503266572e-17	0.5156406726742813	1.5150564952042475e-16	0.9999999999999999	0.9999999999999999	d__Bacteria	p__Bacillota	c__Clostridia	o__Christensenellales	f__Christensenellaceae	g__Incertae_Sedis	NA
839a9ecc3aa835396a25f5bb0be485ef	1	7.812247503266572e-17	0.5156406726742813	1.5150564952042475e-16	0.9999999999999999	0.9999999999999999	d__Bacteria	p__Bacillota	c__Clostridia	o__Christensenellales	f__Christensenellaceae	g__Incertae_Sedis	NA
2dbaf07cdc2dece27cda9675d3850efe	1	7.812247503266572e-17	0.5156406726742813	1.5150564952042475e-16	0.9999999999999999	0.9999999999999999	d__Bacteria	p__Bacillota	c__Clostridia	o__Christensenellales	f__Christensenellaceae	g__Incertae_Sedis	NA
d23bbe506e4ded19e9dd017b65275bab	1	7.812247503266572e-17	0.5156406726742813	1.5150564952042475e-16	0.9999999999999999	0.9999999999999999	d__Bacteria	p__Bacillota	c__Clostridia	o__Christensenellales	f__Christensenellaceae	g__Incertae_Sedis	NA
d8537902e4dcfa178669c3174fe5a107	1	7.812247503266572e-17	0.5156406726742813	1.5150564952042475e-16	0.9999999999999999	0.9999999999999999	d__Bacteria	p__Bacillota	c__Clostridia	o__Christensenellales	f__Christensenellaceae	g__Incertae_Sedis	NA
003e253932cf83d92de80661474011ca	1	7.812247503266572e-17	0.5156406726742813	1.5150564952042475e-16	0.9999999999999999	0.9999999999999999	d__Bacteria	p__Bacillota	c__Clostridia	o__Christensenellales	f__Christensenellaceae	g__Christensenella	NA
5e581b06024ab980e25ee550e0b97247	1	7.812247503266572e-17	0.5156406726742813	1.5150564952042475e-16	0.9999999999999999	0.9999999999999999	d__Bacteria	p__Bacillota	c__Clostridia	o__Christensenellales	f__Christensenellaceae	g__Christensenella	NA
a7e28b3f4879359a929a0da8c8557757	1	7.812247503266572e-17	0.5156406726742813	1.5150564952042475e-16	0.9999999999999999	0.9999999999999999	d__Bacteria	p__Bacillota	c__Clostridia	o__Clostridia_vadinBB60_group	f__Incertae_Sedis	g__Incertae_Sedis	NA
c25c731bb559a287c1b02eed7d618c72	1	7.812247503266572e-17	0.5156406726742813	1.5150564952042475e-16	0.9999999999999999	0.9999999999999999	d__Bacteria	p__Bacillota	c__Clostridia	o__Clostridia_vadinBB60_group	f__Incertae_Sedis	g__Incertae_Sedis	NA
4cdc5b820b31c7b2c0720f917d9cd3f7	1	7.812247503266572e-17	0.5156406726742813	1.5150564952042475e-16	0.9999999999999999	0.9999999999999999	d__Bacteria	p__Bacillota	c__Clostridia	o__Christensenellales	f__Christensenellaceae	g__Christensenellaceae_R-7_group	NA
8f8ff8009eb606b59b707de95a57cd2a	1	7.812247503266572e-17	0.5156406726742813	1.5150564952042475e-16	0.9999999999999999	0.9999999999999999	d__Bacteria	p__Bacillota	c__Clostridia	o__Christensenellales	f__Christensenellaceae	g__Christensenellaceae_R-7_group	NA
77a2b14a88861f23bf02740d28c0b2c4	1	7.812247503266572e-17	0.5156406726742813	1.5150564952042475e-16	0.9999999999999999	0.9999999999999999	d__Bacteria	p__Bacillota	c__Clostridia	o__Peptococcales	f__Peptococcaceae	g__Incertae_Sedis	NA
b6ed1fda48450bc73938e1aad922a581	1	7.812247503266572e-17	0.5156406726742813	1.5150564952042475e-16	0.9999999999999999	0.9999999999999999	d__Bacteria	p__Bacillota	c__Clostridia	o__Peptococcales	f__Peptococcaceae	g__Incertae_Sedis	NA
1c6f08b1cce4b4cf896a955ae9a58959	1	7.812247503266572e-17	0.5156406726742813	1.5150564952042475e-16	0.9999999999999999	0.9999999999999999	d__Bacteria	p__Bacillota	c__Clostridia	o__Peptococcales	f__Peptococcaceae	g__Incertae_Sedis	NA
26736c7ee02864e6bbab37424d69a4ed	1	7.812247503266572e-17	0.5156406726742813	1.5150564952042475e-16	0.9999999999999999	0.9999999999999999	d__Bacteria	p__Bacillota	c__Clostridia	o__Christensenellales	f__Christensenellaceae	g__Christensenellaceae_R-7_group	NA
0b4aeb45916a24fd10e3655fe6481966	1	7.812247503266572e-17	0.5156406726742813	1.5150564952042475e-16	0.9999999999999999	0.9999999999999999	d__Bacteria	p__Bacillota	c__Clostridia	o__Christensenellales	f__Christensenellaceae	g__Christensenellaceae_R-7_group	NA
90af3675c266d09bb7986147ac5885ec	1	7.812247503266572e-17	0.5156406726742813	1.5150564952042475e-16	0.9999999999999999	0.9999999999999999	d__Bacteria	p__Bacillota	c__Clostridia	o__Christensenellales	f__Christensenellaceae	g__Incertae_Sedis	NA
84aaf0e8aaafa4138e3a8dd837359272	1	7.812247503266572e-17	0.5156406726742813	1.5150564952042475e-16	0.9999999999999999	0.9999999999999999	d__Bacteria	p__Bacillota	c__Clostridia	o__Christensenellales	f__Christensenellaceae	g__Incertae_Sedis	NA
76fd82a7ab8e38456debb345f1c5e0ce	1	7.812247503266572e-17	0.5156406726742813	1.5150564952042475e-16	0.9999999999999999	0.9999999999999999	d__Bacteria	p__Bacillota	c__Clostridia	o__Christensenellales	f__Christensenellaceae	g__Incertae_Sedis	NA
d1b9cd324ba837bb9f2e780dc1116882	1.0410958904109588	-1.921584680210064e-8	0.5164710478003206	-3.720604840085813e-8	0.9999999703138684	0.9999999999999999	d__Bacteria	p__Bacillota	c__Clostridia	o__Christensenellales	f__Christensenellaceae	g__Incertae_Sedis	NA
9683ad489dfae3d20fb1af327c5d694e	1	7.812247503266572e-17	0.5156406726742813	1.5150564952042475e-16	0.9999999999999999	0.9999999999999999	d__Bacteria	p__Bacillota	c__Clostridia	o__Oscillospirales	f__Oscillospiraceae	g__Ruminiclostridium	NA
eb2c67615eb41fa15a21c4d3a12528c6	1	7.812247503266572e-17	0.5156406726742813	1.5150564952042475e-16	0.9999999999999999	0.9999999999999999	d__Bacteria	p__Bacillota	c__Clostridia	o__Oscillospirales	f__Oscillospiraceae	g__Ruminiclostridium	NA
04f97d9d8bc8c5cb78917285aa69db66	1	7.812247503266572e-17	0.5156406726742813	1.5150564952042475e-16	0.9999999999999999	0.9999999999999999	d__Bacteria	p__Bacillota	c__Clostridia	o__Oscillospirales	f__Oscillospiraceae	g__Ruminiclostridium	NA
75bf5a0b24ffb76d3ba75ad1d75b7d23	1	7.812247503266572e-17	0.5156406726742813	1.5150564952042475e-16	0.9999999999999999	0.9999999999999999	d__Bacteria	p__Bacillota	c__Clostridia	o__Oscillospirales	f__Oscillospiraceae	g__Ruminiclostridium	NA
b566a93d1c03d8c54a5e167b00ae9cc5	1	7.812247503266572e-17	0.5156406726742813	1.5150564952042475e-16	0.9999999999999999	0.9999999999999999	d__Bacteria	p__Bacillota	c__Clostridia	o__Monoglobales	f__Monoglobaceae	g__Monoglobus	NA
f0015c3b64e80303ed3d858f0618bc43	1	7.812247503266572e-17	0.5156406726742813	1.5150564952042475e-16	0.9999999999999999	0.9999999999999999	d__Bacteria	p__Bacillota	c__Clostridia	o__Monoglobales	f__Monoglobaceae	g__Monoglobus	NA
7bb805601c05eea7d625e549b1f02ae7	1	7.812247503266572e-17	0.5156406726742813	1.5150564952042475e-16	0.9999999999999999	0.9999999999999999	d__Bacteria	p__Bacillota	c__Clostridia	o__Monoglobales	f__Monoglobaceae	g__Monoglobus	NA
5437b935fd51797a030ebe750c7d9093	1	7.812247503266572e-17	0.5156406726742813	1.5150564952042475e-16	0.9999999999999999	0.9999999999999999	d__Bacteria	p__Bacillota	c__Clostridia	o__Monoglobales	f__Monoglobaceae	g__Monoglobus	NA
0c410683e68edf42337559941e5d3018	1	7.812247503266572e-17	0.5156406726742813	1.5150564952042475e-16	0.9999999999999999	0.9999999999999999	d__Bacteria	p__Bacillota	c__Clostridia	o__Monoglobales	f__Monoglobaceae	g__Monoglobus	NA
75c1eab5044adfefdb466e06f90d0775	1	7.812247503266572e-17	0.5156406726742813	1.5150564952042475e-16	0.9999999999999999	0.9999999999999999	d__Bacteria	p__Bacillota	c__Clostridia	o__Incertae_Sedis	f__Incertae_Sedis	g__Incertae_Sedis	NA
41bc79030d183e5861667959389e58d8	1	7.812247503266572e-17	0.5156406726742813	1.5150564952042475e-16	0.9999999999999999	0.9999999999999999	d__Bacteria	p__Bacillota	c__Clostridia	o__Monoglobales	f__Monoglobaceae	g__Monoglobus	NA
81d8bf5f800f7da13be5d9afa704b5f2	1	7.812247503266572e-17	0.5156406726742813	1.5150564952042475e-16	0.9999999999999999	0.9999999999999999	d__Bacteria	p__Bacillota	c__Clostridia	o__Oscillospirales	f__Ruminococcaceae	g__Incertae_Sedis	NA
7a80eb794179e899066579742bc71f18	1	7.812247503266572e-17	0.5156406726742813	1.5150564952042475e-16	0.9999999999999999	0.9999999999999999	d__Bacteria	p__Bacillota	c__Clostridia	o__Oscillospirales	f__Ruminococcaceae	g__Incertae_Sedis	NA
8fb058cd7793ecee9379e212a686a522	1	7.812247503266572e-17	0.5156406726742813	1.5150564952042475e-16	0.9999999999999999	0.9999999999999999	d__Bacteria	p__Bacillota	c__Clostridia	o__Oscillospirales	f__Ruminococcaceae	g__Ruminococcus	NA
d4454a4ebd63a8e375dadd2632588f59	1	7.812247503266572e-17	0.5156406726742813	1.5150564952042475e-16	0.9999999999999999	0.9999999999999999	d__Bacteria	p__Bacillota	c__Clostridia	o__Oscillospirales	f__Ruminococcaceae	g__Ruminococcus	NA
41c54ddeccb5d2627a87232277c53792	1	7.812247503266572e-17	0.5156406726742813	1.5150564952042475e-16	0.9999999999999999	0.9999999999999999	d__Bacteria	p__Bacillota	c__Clostridia	o__Oscillospirales	f__Ruminococcaceae	g__Ruminococcus	NA
cd1eb48c9d9038445e1f624891354a9a	1	7.812247503266572e-17	0.5156406726742813	1.5150564952042475e-16	0.9999999999999999	0.9999999999999999	d__Bacteria	p__Bacillota	c__Clostridia	o__Oscillospirales	f__Ruminococcaceae	g__Ruminococcus	NA
8626bb49cf8e427a0238c25c571dc841	1	7.812247503266572e-17	0.5156406726742813	1.5150564952042475e-16	0.9999999999999999	0.9999999999999999	d__Bacteria	p__Bacillota	c__Clostridia	o__Oscillospirales	f__Ruminococcaceae	g__Ruminococcus	NA
4b86d0750adaa67a8d6abcbf640c4a69	1	7.812247503266572e-17	0.5156406726742813	1.5150564952042475e-16	0.9999999999999999	0.9999999999999999	d__Bacteria	p__Bacillota	c__Clostridia	o__Oscillospirales	f__Ruminococcaceae	g__Ruminococcus	NA
a6d3beca765c1e2453b658614facf89f	1	7.812247503266572e-17	0.5156406726742813	1.5150564952042475e-16	0.9999999999999999	0.9999999999999999	d__Bacteria	p__Bacillota	c__Clostridia	o__Oscillospirales	f__Ruminococcaceae	g__Ruminococcus	NA
a62fa6e25e8805dafe5b628529c90023	1	7.812247503266572e-17	0.5156406726742813	1.5150564952042475e-16	0.9999999999999999	0.9999999999999999	d__Bacteria	p__Bacillota	c__Clostridia	o__Oscillospirales	f__Ruminococcaceae	g__Ruminococcus	NA
45d4edd0897f2ac111575c3cf577c229	1	7.812247503266572e-17	0.5156406726742813	1.5150564952042475e-16	0.9999999999999999	0.9999999999999999	d__Bacteria	p__Bacillota	c__Clostridia	o__Oscillospirales	f__Ruminococcaceae	g__Ruminococcus	NA
91587a85e342f8dba27f54e15ac0ea77	1	7.812247503266572e-17	0.5156406726742813	1.5150564952042475e-16	0.9999999999999999	0.9999999999999999	d__Bacteria	p__Bacillota	c__Clostridia	o__Lachnospirales	f__Lachnospiraceae	g__Tyzzerella	NA
0c0ac1c8923f1a5be22bf2e2d6ed5db5	1	7.812247503266572e-17	0.5156406726742813	1.5150564952042475e-16	0.9999999999999999	0.9999999999999999	d__Bacteria	p__Bacillota	c__Clostridia	o__Lachnospirales	f__Lachnospiraceae	g__Tyzzerella	NA
1d49df56b83a383d8b998af9d148f52c	1	7.812247503266572e-17	0.5156406726742813	1.5150564952042475e-16	0.9999999999999999	0.9999999999999999	d__Bacteria	p__Bacillota	c__Clostridia	o__Clostridiales	f__Clostridiaceae	g__Clostridium	NA
821130ba72e86c335c55c269f31db0d0	1	7.812247503266572e-17	0.5156406726742813	1.5150564952042475e-16	0.9999999999999999	0.9999999999999999	d__Bacteria	p__Bacillota	c__Clostridia	o__Clostridiales	f__Clostridiaceae	g__Clostridium	NA
454ff5fa8a3c6b293cea935aeb9cfb8e	1	7.812247503266572e-17	0.5156406726742813	1.5150564952042475e-16	0.9999999999999999	0.9999999999999999	d__Bacteria	p__Bacillota	c__Clostridia	o__Clostridiales	f__Clostridiaceae	g__Clostridium	NA
6a1f9223fe78243056d2ddb2ad7a01dc	1	7.812247503266572e-17	0.5156406726742813	1.5150564952042475e-16	0.9999999999999999	0.9999999999999999	d__Bacteria	p__Bacillota	c__Clostridia	o__Clostridiales	f__Clostridiaceae	g__Clostridium	NA
e6de6480d9bff89bb2db6e6d1867433a	1	7.812247503266572e-17	0.5156406726742813	1.5150564952042475e-16	0.9999999999999999	0.9999999999999999	d__Bacteria	p__Bacillota	c__Clostridia	o__Clostridiales	f__Clostridiaceae	g__Clostridium	NA
e0a1469cfaca31e7abb494be5eb651de	1	7.812247503266572e-17	0.5156406726742813	1.5150564952042475e-16	0.9999999999999999	0.9999999999999999	d__Bacteria	p__Bacillota	c__Clostridia	o__Clostridiales	f__Clostridiaceae	g__Clostridium	NA
9580aa8a52ec18a4e92e701cdb595faa	1	7.812247503266572e-17	0.5156406726742813	1.5150564952042475e-16	0.9999999999999999	0.9999999999999999	d__Bacteria	p__Bacillota	c__Clostridia	o__Clostridiales	f__Clostridiaceae	g__Clostridium	NA
cad9a0184a1685d8a9ce0fd386af09d1	1	7.812247503266572e-17	0.5156406726742813	1.5150564952042475e-16	0.9999999999999999	0.9999999999999999	d__Bacteria	p__Bacillota	c__Clostridia	o__Clostridiales	f__Clostridiaceae	g__Clostridium	NA
cb2884bdcf809b269d220f1191cc9c22	1.1232876712328768	-0.8073545976046155	0.4423497354519421	-1.8251499501401383	0.06797840418879443	0.9999999999999999	d__Bacteria	p__Bacillota	c__Clostridia	o__Clostridiales	f__Clostridiaceae	g__Clostridium	NA
4ebcf74b2783b601ceaf1ca7a994420a	1	7.812247503266572e-17	0.5156406726742813	1.5150564952042475e-16	0.9999999999999999	0.9999999999999999	d__Bacteria	p__Bacillota	c__Clostridia	o__Clostridiales	f__Clostridiaceae	g__Clostridium	NA
9acb555d3c5dd77e9035a661e7ad1bb6	1.0410958904109588	-1.9215846823019062e-8	0.5164710478003199	-3.720604844136078e-8	0.9999999703138683	0.9999999999999999	d__Bacteria	p__Bacillota	c__Clostridia	o__Clostridiales	f__Clostridiaceae	g__Clostridium	NA
dd918c333e5c4fef9c92068fddda1c3e	1	7.812247503266572e-17	0.5156406726742813	1.5150564952042475e-16	0.9999999999999999	0.9999999999999999	d__Bacteria	p__Bacillota	c__Clostridia	o__Clostridiales	f__Clostridiaceae	g__Clostridium	NA
15f9f1362adc49cd842b7237b2e311a7	1	7.812247503266572e-17	0.5156406726742813	1.5150564952042475e-16	0.9999999999999999	0.9999999999999999	d__Bacteria	p__Bacillota	c__Clostridia	o__Clostridiales	f__Clostridiaceae	g__Clostridium	NA
40874d61006874f7c87d904707d320d9	1	7.812247503266572e-17	0.5156406726742813	1.5150564952042475e-16	0.9999999999999999	0.9999999999999999	d__Bacteria	p__Bacillota	c__Clostridia	o__Clostridiales	f__Clostridiaceae	g__Clostridium	NA
971fe800f49e285bf9231540771af7ef	1	7.812247503266572e-17	0.5156406726742813	1.5150564952042475e-16	0.9999999999999999	0.9999999999999999	d__Bacteria	p__Bacillota	c__Clostridia	o__Clostridiales	f__Clostridiaceae	g__Clostridium	NA
78500a9f64f33ec04e40892a3f534176	1	7.812247503266572e-17	0.5156406726742813	1.5150564952042475e-16	0.9999999999999999	0.9999999999999999	d__Bacteria	p__Bacillota	c__Clostridia	o__Lachnospirales	f__Lachnospiraceae	g__Lachnospiraceae_UCG-010	NA
94a78de372f84ee85becee23876e82c9	1	7.812247503266572e-17	0.5156406726742813	1.5150564952042475e-16	0.9999999999999999	0.9999999999999999	d__Bacteria	p__Bacillota	c__Clostridia	o__Lachnospirales	f__Lachnospiraceae	g__Lachnospiraceae_UCG-010	NA
b5c5a71372eea1709c1bff19a2f24272	1	7.812247503266572e-17	0.5156406726742813	1.5150564952042475e-16	0.9999999999999999	0.9999999999999999	d__Bacteria	p__Bacillota	c__Clostridia	o__Lachnospirales	f__Lachnospiraceae	g__Anaerotignum	NA
77b224861626fb57ceb1db2cd5d23f90	1	7.812247503266572e-17	0.5156406726742813	1.5150564952042475e-16	0.9999999999999999	0.9999999999999999	d__Bacteria	p__Bacillota	c__Clostridia	o__Lachnospirales	f__Lachnospiraceae	g__Anaerotignum	NA
56bd657709951a35509cede761b83f67	1	7.812247503266572e-17	0.5156406726742813	1.5150564952042475e-16	0.9999999999999999	0.9999999999999999	d__Bacteria	p__Bacillota	c__Clostridia	o__Lachnospirales	f__Lachnospiraceae	g__Lachnospiraceae_UCG-010	NA
f46deaf5851879b6a8d849043a70f8f5	1	7.812247503266572e-17	0.5156406726742813	1.5150564952042475e-16	0.9999999999999999	0.9999999999999999	d__Bacteria	p__Bacillota	c__Clostridia	o__Lachnospirales	f__Lachnospiraceae	g__Lachnospiraceae_UCG-010	NA
30d449cb741107dea4fc03415f875c43	1	7.812247503266572e-17	0.5156406726742813	1.5150564952042475e-16	0.9999999999999999	0.9999999999999999	d__Bacteria	p__Bacillota	c__Clostridia	o__Lachnospirales	f__Lachnospiraceae	g__Lachnospiraceae_UCG-010	NA
52573485a4521e007e4c5217fc5d7c68	1	7.812247503266572e-17	0.5156406726742813	1.5150564952042475e-16	0.9999999999999999	0.9999999999999999	d__Bacteria	p__Bacillota	c__Clostridia	o__Lachnospirales	f__Lachnospiraceae	g__Lachnospiraceae_UCG-010	NA
13afc120695e6644b50964b83fb1cb2b	1	7.812247503266572e-17	0.5156406726742813	1.5150564952042475e-16	0.9999999999999999	0.9999999999999999	d__Bacteria	p__Bacillota	c__Clostridia	o__Lachnospirales	f__Lachnospiraceae	g__Lachnospiraceae_UCG-010	NA
8fb773e61e6ee7f5e0fde91cb4d2df09	1	7.812247503266572e-17	0.5156406726742813	1.5150564952042475e-16	0.9999999999999999	0.9999999999999999	d__Bacteria	p__Bacillota	c__Clostridia	o__Lachnospirales	f__Lachnospiraceae	g__Lachnospiraceae_UCG-010	NA
6d23b1a911e94074b127424a8fb2d5ad	1	7.812247503266572e-17	0.5156406726742813	1.5150564952042475e-16	0.9999999999999999	0.9999999999999999	d__Bacteria	p__Bacillota	c__Clostridia	o__Lachnospirales	f__Lachnospiraceae	g__Lachnospiraceae_UCG-010	NA
75c5626f1cc9cc471664aeca0515774e	1	7.812247503266572e-17	0.5156406726742813	1.5150564952042475e-16	0.9999999999999999	0.9999999999999999	d__Bacteria	p__Bacillota	c__Clostridia	o__Lachnospirales	f__Lachnospiraceae	g__Lachnospiraceae_UCG-010	NA
66063c3a2e5cc0fd8b0b301cdbb7c0ce	1	7.812247503266572e-17	0.5156406726742813	1.5150564952042475e-16	0.9999999999999999	0.9999999999999999	d__Bacteria	p__Bacillota	c__Clostridia	o__Lachnospirales	f__Lachnospiraceae	NA	NA
506c6364b6df4bf91da329528686d7c0	1	7.812247503266572e-17	0.5156406726742813	1.5150564952042475e-16	0.9999999999999999	0.9999999999999999	d__Bacteria	p__Bacillota	c__Clostridia	o__Lachnospirales	f__Lachnospiraceae	g__Anaerotignum	NA
ab149525cad479f6599c7923acc49691	1	7.812247503266572e-17	0.5156406726742813	1.5150564952042475e-16	0.9999999999999999	0.9999999999999999	d__Bacteria	p__Bacillota	c__Clostridia	o__Lachnospirales	f__Lachnospiraceae	g__Lachnospiraceae_UCG-010	NA
f9768fa5169a0e035e781f124204216b	1	7.812247503266572e-17	0.5156406726742813	1.5150564952042475e-16	0.9999999999999999	0.9999999999999999	d__Bacteria	p__Bacillota	c__Clostridia	o__Lachnospirales	f__Lachnospiraceae	g__Lachnospiraceae_UCG-010	NA
1b92901eaf73176b86069084ac8c13e3	1	7.812247503266572e-17	0.5156406726742813	1.5150564952042475e-16	0.9999999999999999	0.9999999999999999	d__Bacteria	p__Bacillota	c__Clostridia	o__Lachnospirales	f__Lachnospiraceae	g__Lachnospiraceae_UCG-010	NA
32e2024b5af8e3db1d2f1f465d7d0112	1	7.812247503266572e-17	0.5156406726742813	1.5150564952042475e-16	0.9999999999999999	0.9999999999999999	d__Bacteria	p__Bacillota	c__Clostridia	o__Lachnospirales	f__Lachnospiraceae	g__Lachnospiraceae_UCG-010	NA
8e9544b1135bb91ed6449c15a8cdb370	1	7.812247503266572e-17	0.5156406726742813	1.5150564952042475e-16	0.9999999999999999	0.9999999999999999	d__Bacteria	p__Bacillota	c__Clostridia	o__Lachnospirales	f__Lachnospiraceae	g__Eisenbergiella	NA
07699fa14cb8970eee5e8dda19dd5dbe	1	7.812247503266572e-17	0.5156406726742813	1.5150564952042475e-16	0.9999999999999999	0.9999999999999999	d__Bacteria	p__Bacillota	c__Clostridia	o__Lachnospirales	f__Lachnospiraceae	g__Eisenbergiella	NA
65a80de0631a0b02eedb8c80c61c7df7	1	7.812247503266572e-17	0.5156406726742813	1.5150564952042475e-16	0.9999999999999999	0.9999999999999999	d__Bacteria	p__Bacillota	c__Clostridia	o__Lachnospirales	f__Lachnospiraceae	g__Eisenbergiella	NA
d807cf3088ea1a4377f3fb48e67d1b34	1	7.812247503266572e-17	0.5156406726742813	1.5150564952042475e-16	0.9999999999999999	0.9999999999999999	d__Bacteria	p__Bacillota	c__Clostridia	o__Lachnospirales	f__Lachnospiraceae	g__Eisenbergiella	NA
d717f870c356942c914036e4b4ebbd13	1	7.812247503266572e-17	0.5156406726742813	1.5150564952042475e-16	0.9999999999999999	0.9999999999999999	d__Bacteria	p__Bacillota	c__Clostridia	o__Lachnospirales	f__Lachnospiraceae	g__Eisenbergiella	NA
57d6c04665e8056d41287c6ba7b500a3	1	7.812247503266572e-17	0.5156406726742813	1.5150564952042475e-16	0.9999999999999999	0.9999999999999999	d__Bacteria	p__Bacillota	c__Clostridia	o__Lachnospirales	f__Lachnospiraceae	NA	NA
5fdb5d1b4d6545c3408461a45434e7d3	1	7.812247503266572e-17	0.5156406726742813	1.5150564952042475e-16	0.9999999999999999	0.9999999999999999	d__Bacteria	p__Bacillota	c__Clostridia	o__Lachnospirales	f__Lachnospiraceae	g__Eisenbergiella	NA
b0e56c25ca193e27096e8fb4eb560eee	1	7.812247503266572e-17	0.5156406726742813	1.5150564952042475e-16	0.9999999999999999	0.9999999999999999	d__Bacteria	p__Bacillota	c__Clostridia	o__Lachnospirales	f__Lachnospiraceae	g__Eisenbergiella	NA
c26c9025a60b790f46779b669d716170	1	7.812247503266572e-17	0.5156406726742813	1.5150564952042475e-16	0.9999999999999999	0.9999999999999999	d__Bacteria	p__Bacillota	c__Clostridia	o__Lachnospirales	f__Lachnospiraceae	g__Eisenbergiella	NA
cd5b7f7211526a4109099a6fd4b01aab	1	7.812247503266572e-17	0.5156406726742813	1.5150564952042475e-16	0.9999999999999999	0.9999999999999999	d__Bacteria	p__Bacillota	c__Clostridia	o__Lachnospirales	f__Defluviitaleaceae	g__Defluviitaleaceae_UCG-011	NA
2fea67e2ef146b654e84d4ccd727bed7	1	7.812247503266572e-17	0.5156406726742813	1.5150564952042475e-16	0.9999999999999999	0.9999999999999999	d__Bacteria	p__Bacillota	c__Clostridia	o__Lachnospirales	f__Defluviitaleaceae	g__Defluviitaleaceae_UCG-011	NA
b78ebf1bcece3137a70ebe7310d29bea	1	7.812247503266572e-17	0.5156406726742813	1.5150564952042475e-16	0.9999999999999999	0.9999999999999999	d__Bacteria	p__Bacillota	c__Clostridia	o__Lachnospirales	f__Defluviitaleaceae	g__Defluviitaleaceae_UCG-011	NA
e34528ad14c087b5097669c01925644b	1	7.812247503266572e-17	0.5156406726742813	1.5150564952042475e-16	0.9999999999999999	0.9999999999999999	d__Bacteria	p__Bacillota	c__Clostridia	o__Lachnospirales	f__Defluviitaleaceae	g__Defluviitaleaceae_UCG-011	NA
973ca62579b1246f54829278d51475ea	1	7.812247503266572e-17	0.5156406726742813	1.5150564952042475e-16	0.9999999999999999	0.9999999999999999	d__Bacteria	p__Bacillota	c__Clostridia	o__Lachnospirales	f__Lachnospiraceae	g__[Eubacterium]_xylanophilum_group	NA
08e99f06801c5a0f0d4f663b4597898d	1	7.812247503266572e-17	0.5156406726742813	1.5150564952042475e-16	0.9999999999999999	0.9999999999999999	d__Bacteria	p__Bacillota	c__Clostridia	o__Lachnospirales	f__Lachnospiraceae	g__[Eubacterium]_xylanophilum_group	NA
28d3fdbc5bae89573ddc23f0b18d8e04	1	7.812247503266572e-17	0.5156406726742813	1.5150564952042475e-16	0.9999999999999999	0.9999999999999999	d__Bacteria	p__Bacillota	c__Clostridia	o__Lachnospirales	f__Lachnospiraceae	g__[Eubacterium]_xylanophilum_group	NA
4fab82ca37b1bc0169b4d245adefd462	1	7.812247503266572e-17	0.5156406726742813	1.5150564952042475e-16	0.9999999999999999	0.9999999999999999	d__Bacteria	p__Bacillota	c__Clostridia	o__Lachnospirales	f__Lachnospiraceae	g__[Eubacterium]_xylanophilum_group	NA
bee040b0942c767b368519c4706f8cdb	1	7.812247503266572e-17	0.5156406726742813	1.5150564952042475e-16	0.9999999999999999	0.9999999999999999	d__Bacteria	p__Bacillota	c__Clostridia	o__Lachnospirales	f__Lachnospiraceae	g__[Eubacterium]_xylanophilum_group	NA
afe1dc97376cf249b67fa422dfa32477	1	7.812247503266572e-17	0.5156406726742813	1.5150564952042475e-16	0.9999999999999999	0.9999999999999999	d__Bacteria	p__Bacillota	c__Clostridia	o__Lachnospirales	f__Lachnospiraceae	g__[Eubacterium]_xylanophilum_group	NA
cf4a3714646f3c97bb3489da222228b7	1	7.812247503266572e-17	0.5156406726742813	1.5150564952042475e-16	0.9999999999999999	0.9999999999999999	d__Bacteria	p__Bacillota	c__Clostridia	o__Oscillospirales	f__UCG-010	g__Incertae_Sedis	NA
f336ad2c9bce4637fb7f5c639ea1c065	1	7.812247503266572e-17	0.5156406726742813	1.5150564952042475e-16	0.9999999999999999	0.9999999999999999	d__Bacteria	p__Bacillota	c__Clostridia	o__Monoglobales	f__Monoglobaceae	g__Monoglobus	NA
0c7a2fbd4729c27d93e5a6a71b4d4684	1	7.812247503266572e-17	0.5156406726742813	1.5150564952042475e-16	0.9999999999999999	0.9999999999999999	d__Bacteria	p__Bacillota	c__Clostridia	o__Monoglobales	f__Monoglobaceae	g__Monoglobus	NA
c7c722294abd25b88fa3db4209c910dd	1	7.812247503266572e-17	0.5156406726742813	1.5150564952042475e-16	0.9999999999999999	0.9999999999999999	d__Bacteria	p__Bacillota	c__Clostridia	o__Monoglobales	f__Monoglobaceae	g__Monoglobus	NA
1a9df3fbbc7fc8cecec4239cf801d2fc	1	7.812247503266572e-17	0.5156406726742813	1.5150564952042475e-16	0.9999999999999999	0.9999999999999999	d__Bacteria	p__Bacillota	c__Clostridia	o__Monoglobales	f__Monoglobaceae	g__Monoglobus	NA
f8d7d660ef4336007263541c286b045b	1	7.812247503266572e-17	0.5156406726742813	1.5150564952042475e-16	0.9999999999999999	0.9999999999999999	d__Bacteria	p__Bacillota	c__Clostridia	o__Monoglobales	f__Monoglobaceae	g__Monoglobus	NA
a7db077ae09ab481473ac2445474128f	1	7.812247503266572e-17	0.5156406726742813	1.5150564952042475e-16	0.9999999999999999	0.9999999999999999	d__Bacteria	p__Bacillota	c__Clostridia	o__Oscillospirales	f__UCG-010	g__Incertae_Sedis	NA
52ca86ec48d4b050235dcfdea9cd5d39	1	7.812247503266572e-17	0.5156406726742813	1.5150564952042475e-16	0.9999999999999999	0.9999999999999999	d__Bacteria	p__Bacillota	c__Clostridia	o__Oscillospirales	f__UCG-010	g__Incertae_Sedis	NA
d5c34a5c01d28b731f12b218bbd43d75	1	7.812247503266572e-17	0.5156406726742813	1.5150564952042475e-16	0.9999999999999999	0.9999999999999999	d__Bacteria	p__Bacillota	c__Clostridia	o__Oscillospirales	f__UCG-010	g__Incertae_Sedis	NA
71f4d7830594809728704c5814777de2	1	7.812247503266572e-17	0.5156406726742813	1.5150564952042475e-16	0.9999999999999999	0.9999999999999999	d__Bacteria	p__Bacillota	c__Clostridia	o__Oscillospirales	f__UCG-010	g__Incertae_Sedis	NA
34b791a0a48d68bbf6278d510ee36430	1	7.812247503266572e-17	0.5156406726742813	1.5150564952042475e-16	0.9999999999999999	0.9999999999999999	d__Bacteria	p__Bacillota	c__Clostridia	o__Oscillospirales	f__UCG-010	g__Incertae_Sedis	NA
abee0e7fcc28204ca55bc2b16e140d5b	1	7.812247503266572e-17	0.5156406726742813	1.5150564952042475e-16	0.9999999999999999	0.9999999999999999	d__Bacteria	p__Bacillota	c__Clostridia	o__Oscillospirales	f__UCG-010	g__Incertae_Sedis	NA
5d17e341c7040504890ecc5340dc7f34	1	7.812247503266572e-17	0.5156406726742813	1.5150564952042475e-16	0.9999999999999999	0.9999999999999999	d__Bacteria	p__Bacillota	c__Clostridia	o__Oscillospirales	f__UCG-010	g__Incertae_Sedis	NA
25036ba135607cb2eb9f45c9b50bb4d5	1	7.812247503266572e-17	0.5156406726742813	1.5150564952042475e-16	0.9999999999999999	0.9999999999999999	d__Bacteria	p__Bacillota	c__Clostridia	o__Oscillospirales	f__UCG-010	g__Incertae_Sedis	NA
5d58a0b3d0710b4c7563519c80cf242b	1	7.812247503266572e-17	0.5156406726742813	1.5150564952042475e-16	0.9999999999999999	0.9999999999999999	d__Bacteria	p__Bacillota	c__Clostridia	o__Oscillospirales	f__UCG-010	g__Incertae_Sedis	NA
a1642ee93cbc5a4d6b2816c0a116cf42	1	7.812247503266572e-17	0.5156406726742813	1.5150564952042475e-16	0.9999999999999999	0.9999999999999999	d__Bacteria	p__Bacillota	c__Clostridia	o__Oscillospirales	f__UCG-010	g__Incertae_Sedis	NA
5443a3f15cad4117ecbc72bfd4de8f25	1	7.812247503266572e-17	0.5156406726742813	1.5150564952042475e-16	0.9999999999999999	0.9999999999999999	d__Bacteria	p__Bacillota	c__Clostridia	o__Oscillospirales	f__UCG-010	g__Incertae_Sedis	NA
88d09c1f988b369414b16b8edafaaa2e	1	7.812247503266572e-17	0.5156406726742813	1.5150564952042475e-16	0.9999999999999999	0.9999999999999999	d__Bacteria	p__Bacillota	c__Clostridia	o__Oscillospirales	f__UCG-010	g__Incertae_Sedis	NA
d084475ce17d67557615ecfb105797ab	1	7.812247503266572e-17	0.5156406726742813	1.5150564952042475e-16	0.9999999999999999	0.9999999999999999	d__Bacteria	p__Bacillota	c__Clostridia	o__Oscillospirales	f__UCG-010	g__Incertae_Sedis	NA
9c36b4bb50f4b2871115cfcac30ff6c7	1	7.812247503266572e-17	0.5156406726742813	1.5150564952042475e-16	0.9999999999999999	0.9999999999999999	d__Bacteria	p__Bacillota	c__Clostridia	o__Oscillospirales	f__UCG-010	g__Incertae_Sedis	NA
e14f743e40eb38976db9d9d544548a13	1	7.812247503266572e-17	0.5156406726742813	1.5150564952042475e-16	0.9999999999999999	0.9999999999999999	d__Bacteria	p__Bacillota	c__Clostridia	o__Oscillospirales	f__Oscillospiraceae	g__NK4A214_group	NA
39c746e6698d4935484f50bf45508965	1	7.812247503266572e-17	0.5156406726742813	1.5150564952042475e-16	0.9999999999999999	0.9999999999999999	d__Bacteria	p__Bacillota	c__Clostridia	o__Oscillospirales	f__Oscillospiraceae	g__NK4A214_group	NA
88ce384d23279002f61f6cc668c4d259	1	7.812247503266572e-17	0.5156406726742813	1.5150564952042475e-16	0.9999999999999999	0.9999999999999999	d__Bacteria	p__Bacillota	c__Clostridia	o__Oscillospirales	f__Oscillospiraceae	g__NK4A214_group	NA
e5bd5a5c7c1fe29892ebff584483a1c4	1	7.812247503266572e-17	0.5156406726742813	1.5150564952042475e-16	0.9999999999999999	0.9999999999999999	d__Bacteria	p__Bacillota	c__Clostridia	o__Oscillospirales	f__Oscillospiraceae	g__NK4A214_group	NA
ce23dc3713e3748ce378d3dbcc8d8918	1	7.812247503266572e-17	0.5156406726742813	1.5150564952042475e-16	0.9999999999999999	0.9999999999999999	d__Bacteria	p__Bacillota	c__Clostridia	o__Oscillospirales	f__Oscillospiraceae	g__NK4A214_group	NA
854f0c18024f70b4196c742ce31008cb	1	7.812247503266572e-17	0.5156406726742813	1.5150564952042475e-16	0.9999999999999999	0.9999999999999999	d__Bacteria	p__Bacillota	c__Clostridia	o__Oscillospirales	f__Oscillospiraceae	g__NK4A214_group	NA
a2217cc8df6a4c209aee7f31a304c2b0	1	7.812247503266572e-17	0.5156406726742813	1.5150564952042475e-16	0.9999999999999999	0.9999999999999999	d__Bacteria	p__Bacillota	c__Clostridia	o__Oscillospirales	f__Oscillospiraceae	g__NK4A214_group	NA
31654b0fabcee256ee93ddfc89c8b048	1	7.812247503266572e-17	0.5156406726742813	1.5150564952042475e-16	0.9999999999999999	0.9999999999999999	d__Bacteria	p__Bacillota	c__Clostridia	o__Oscillospirales	f__Oscillospiraceae	g__NK4A214_group	NA
e2cfe099d4a73a03ac5f80d4f8369dbc	1	7.812247503266572e-17	0.5156406726742813	1.5150564952042475e-16	0.9999999999999999	0.9999999999999999	d__Bacteria	p__Bacillota	c__Clostridia	o__Oscillospirales	f__Oscillospiraceae	g__NK4A214_group	NA
d4e2f6974db486bb6d34a00f7334d33b	1	7.812247503266572e-17	0.5156406726742813	1.5150564952042475e-16	0.9999999999999999	0.9999999999999999	d__Bacteria	p__Bacillota	c__Clostridia	o__Oscillospirales	f__Oscillospiraceae	g__NK4A214_group	NA
1926679bf52691b7a4a3844bf10e6d38	1	7.812247503266572e-17	0.5156406726742813	1.5150564952042475e-16	0.9999999999999999	0.9999999999999999	d__Bacteria	p__Bacillota	c__Clostridia	o__Oscillospirales	f__Oscillospiraceae	g__NK4A214_group	NA
274d44a105684512d6df0a983a5b6663	1	7.812247503266572e-17	0.5156406726742813	1.5150564952042475e-16	0.9999999999999999	0.9999999999999999	d__Bacteria	p__Bacillota	c__Clostridia	o__Oscillospirales	f__Oscillospiraceae	g__NK4A214_group	NA
c0a8f5074b73b0648d1a21b1f3d8ffaf	1	7.812247503266572e-17	0.5156406726742813	1.5150564952042475e-16	0.9999999999999999	0.9999999999999999	d__Bacteria	p__Bacillota	c__Clostridia	o__Oscillospirales	f__Oscillospiraceae	g__NK4A214_group	NA
c460ff4b7369e5f55e9f45dfb0b96d4d	1	7.812247503266572e-17	0.5156406726742813	1.5150564952042475e-16	0.9999999999999999	0.9999999999999999	d__Bacteria	p__Bacillota	c__Clostridia	o__Oscillospirales	f__Oscillospiraceae	g__NK4A214_group	NA
5d0e047aec9ad659e06c6f00ff178cc8	1	7.812247503266572e-17	0.5156406726742813	1.5150564952042475e-16	0.9999999999999999	0.9999999999999999	d__Bacteria	p__Bacillota	c__Clostridia	o__Oscillospirales	f__Oscillospiraceae	g__NK4A214_group	NA
5a995ef0ef454381562fe4d6909fa8d4	1	7.812247503266572e-17	0.5156406726742813	1.5150564952042475e-16	0.9999999999999999	0.9999999999999999	d__Bacteria	p__Bacillota	c__Clostridia	o__Oscillospirales	f__Oscillospiraceae	g__Colidextribacter	NA
7e7d68f511a7019ad4a8d6b9b8138e34	1	7.812247503266572e-17	0.5156406726742813	1.5150564952042475e-16	0.9999999999999999	0.9999999999999999	d__Bacteria	p__Bacillota	c__Clostridia	o__Oscillospirales	f__Oscillospiraceae	g__Colidextribacter	NA
c5ec23b5e73a33133aa0fcf9acd58650	1	7.812247503266572e-17	0.5156406726742813	1.5150564952042475e-16	0.9999999999999999	0.9999999999999999	d__Bacteria	p__Bacillota	c__Clostridia	o__Oscillospirales	f__Oscillospiraceae	g__Colidextribacter	NA
c072b53a13bb032cf7ebd84b996bb18f	1	7.812247503266572e-17	0.5156406726742813	1.5150564952042475e-16	0.9999999999999999	0.9999999999999999	d__Bacteria	p__Bacillota	c__Clostridia	o__Oscillospirales	f__Oscillospiraceae	g__Colidextribacter	NA
82d09389ab523a0e6dbd8576b5de67fc	1	7.812247503266572e-17	0.5156406726742813	1.5150564952042475e-16	0.9999999999999999	0.9999999999999999	d__Bacteria	p__Bacillota	c__Clostridia	o__Oscillospirales	f__Oscillospiraceae	g__Incertae_Sedis	NA
bdb6ddef008a6d31c019642fb28d7c1d	1	7.812247503266572e-17	0.5156406726742813	1.5150564952042475e-16	0.9999999999999999	0.9999999999999999	d__Bacteria	p__Bacillota	c__Clostridia	o__Oscillospirales	f__Oscillospiraceae	g__Colidextribacter	NA
a091accf580f0c2f428ea1d2a1528fba	1	7.812247503266572e-17	0.5156406726742813	1.5150564952042475e-16	0.9999999999999999	0.9999999999999999	d__Bacteria	p__Bacillota	c__Clostridia	o__Oscillospirales	f__Oscillospiraceae	g__Colidextribacter	NA
c03544ba31df43e38072acbbeaf5a654	1	7.812247503266572e-17	0.5156406726742813	1.5150564952042475e-16	0.9999999999999999	0.9999999999999999	d__Bacteria	p__Bacillota	c__Clostridia	o__Oscillospirales	f__Oscillospiraceae	g__Colidextribacter	NA
da1d26d90a7443d34675778207d2c227	1	7.812247503266572e-17	0.5156406726742813	1.5150564952042475e-16	0.9999999999999999	0.9999999999999999	d__Bacteria	p__Bacillota	c__Clostridia	o__Oscillospirales	f__Oscillospiraceae	g__Colidextribacter	NA
9904009a0e14e24b0a6e25eeeeff3e95	1	7.812247503266572e-17	0.5156406726742813	1.5150564952042475e-16	0.9999999999999999	0.9999999999999999	d__Bacteria	p__Bacillota	c__Clostridia	o__Oscillospirales	f__Oscillospiraceae	g__Colidextribacter	NA
350cd8e890b27c7fa7ec3a0d77dbaa9b	1	7.812247503266572e-17	0.5156406726742813	1.5150564952042475e-16	0.9999999999999999	0.9999999999999999	d__Bacteria	p__Bacillota	c__Clostridia	o__Oscillospirales	f__Oscillospiraceae	g__Colidextribacter	NA
c445246b69fd71bc2b919d023f44b3e5	1	7.812247503266572e-17	0.5156406726742813	1.5150564952042475e-16	0.9999999999999999	0.9999999999999999	d__Bacteria	p__Bacillota	c__Clostridia	o__Oscillospirales	f__Oscillospiraceae	g__Colidextribacter	NA
1a7a9d14747af9f14fcdabdef2549a77	1	7.812247503266572e-17	0.5156406726742813	1.5150564952042475e-16	0.9999999999999999	0.9999999999999999	d__Bacteria	p__Bacillota	c__Clostridia	o__Oscillospirales	f__Oscillospiraceae	g__Colidextribacter	NA
0d3fd1719bb852948dec1e4162facdba	1	7.812247503266572e-17	0.5156406726742813	1.5150564952042475e-16	0.9999999999999999	0.9999999999999999	d__Bacteria	p__Bacillota	c__Clostridia	o__Oscillospirales	f__Oscillospiraceae	g__Incertae_Sedis	NA
61b3f9c4a322ffd5403d7b8eab09e168	1	7.812247503266572e-17	0.5156406726742813	1.5150564952042475e-16	0.9999999999999999	0.9999999999999999	d__Bacteria	p__Bacillota	c__Clostridia	o__Oscillospirales	f__Oscillospiraceae	g__Incertae_Sedis	NA
6d094d7fbdf26fbf995a8b7950c286ec	1	7.812247503266572e-17	0.5156406726742813	1.5150564952042475e-16	0.9999999999999999	0.9999999999999999	d__Bacteria	p__Bacillota	c__Clostridia	o__Oscillospirales	f__Oscillospiraceae	g__Colidextribacter	NA
8ce62d0f068f4ee5d2c4b90068804af0	1	7.812247503266572e-17	0.5156406726742813	1.5150564952042475e-16	0.9999999999999999	0.9999999999999999	d__Bacteria	p__Bacillota	c__Clostridia	o__Oscillospirales	f__Oscillospiraceae	g__Colidextribacter	NA
11b7d5a0dd0446562be236a4a9144c75	1	7.812247503266572e-17	0.5156406726742813	1.5150564952042475e-16	0.9999999999999999	0.9999999999999999	d__Bacteria	p__Bacillota	c__Clostridia	o__Oscillospirales	f__Oscillospiraceae	g__Colidextribacter	NA
b184d05472a45b518f4e3f0ae1dcc49e	1	7.812247503266572e-17	0.5156406726742813	1.5150564952042475e-16	0.9999999999999999	0.9999999999999999	d__Bacteria	p__Bacillota	c__Clostridia	o__Oscillospirales	f__Oscillospiraceae	g__Colidextribacter	NA
5c0eb2cc0831a4b7304ec1fa20756159	1	7.812247503266572e-17	0.5156406726742813	1.5150564952042475e-16	0.9999999999999999	0.9999999999999999	d__Bacteria	p__Bacillota	c__Clostridia	o__Oscillospirales	f__Butyricicoccaceae	g__UCG-009	NA
40ac3979c05fe30df6ecfaaa78ae3e9f	1	7.812247503266572e-17	0.5156406726742813	1.5150564952042475e-16	0.9999999999999999	0.9999999999999999	d__Bacteria	p__Bacillota	c__Clostridia	o__Oscillospirales	f__Butyricicoccaceae	g__UCG-009	NA
6839e66a1cfeb373e15a58f9f801e863	1	7.812247503266572e-17	0.5156406726742813	1.5150564952042475e-16	0.9999999999999999	0.9999999999999999	d__Bacteria	p__Bacillota	c__Clostridia	o__Oscillospirales	f__Butyricicoccaceae	g__UCG-009	NA
73cd1c10175eb846badd2f34bd86dd08	1	7.812247503266572e-17	0.5156406726742813	1.5150564952042475e-16	0.9999999999999999	0.9999999999999999	d__Bacteria	p__Bacillota	c__Clostridia	o__Oscillospirales	f__Oscillospiraceae	g__Intestinimonas	NA
50c2e92f3b001c0f07a654b597605f95	1	7.812247503266572e-17	0.5156406726742813	1.5150564952042475e-16	0.9999999999999999	0.9999999999999999	d__Bacteria	p__Bacillota	c__Clostridia	o__Oscillospirales	f__Oscillospiraceae	g__Flavonifractor	NA
cf5031364fd6f4fdbfccfb2fd88bd4f8	1	7.812247503266572e-17	0.5156406726742813	1.5150564952042475e-16	0.9999999999999999	0.9999999999999999	d__Bacteria	p__Bacillota	c__Clostridia	o__Oscillospirales	f__Oscillospiraceae	NA	NA
3443b73db214fbccce540ddb43380a8d	1	7.812247503266572e-17	0.5156406726742813	1.5150564952042475e-16	0.9999999999999999	0.9999999999999999	d__Bacteria	p__Bacillota	c__Clostridia	o__Oscillospirales	f__Oscillospiraceae	g__Pseudoflavonifractor	NA
e9b3f1732c022e94dae08db1e30ec878	1	7.812247503266572e-17	0.5156406726742813	1.5150564952042475e-16	0.9999999999999999	0.9999999999999999	d__Bacteria	p__Bacillota	c__Clostridia	o__Oscillospirales	f__Oscillospiraceae	NA	NA
6a303070cc5a7983fba732836e1713af	1	7.812247503266572e-17	0.5156406726742813	1.5150564952042475e-16	0.9999999999999999	0.9999999999999999	d__Bacteria	p__Bacillota	c__Clostridia	o__Oscillospirales	f__Oscillospiraceae	g__Flavonifractor	NA
5fbc483f79cd97d3a7253931f37c33e8	1	7.812247503266572e-17	0.5156406726742813	1.5150564952042475e-16	0.9999999999999999	0.9999999999999999	d__Bacteria	p__Bacillota	c__Clostridia	o__Oscillospirales	f__Oscillospiraceae	g__Flavonifractor	NA
ea85a25eeb4e3cfa0a98bcf029e38264	1	7.812247503266572e-17	0.5156406726742813	1.5150564952042475e-16	0.9999999999999999	0.9999999999999999	d__Bacteria	p__Bacillota	c__Clostridia	o__Oscillospirales	f__Oscillospiraceae	g__Flavonifractor	NA
5c4fd1d0cbe7b43a93c2ed9286af0847	1	7.812247503266572e-17	0.5156406726742813	1.5150564952042475e-16	0.9999999999999999	0.9999999999999999	d__Bacteria	p__Bacillota	c__Clostridia	o__Oscillospirales	f__Oscillospiraceae	g__Flavonifractor	NA
382b4e37e1cad72fc403170422eb8c23	1	7.812247503266572e-17	0.5156406726742813	1.5150564952042475e-16	0.9999999999999999	0.9999999999999999	d__Bacteria	p__Bacillota	c__Clostridia	o__Oscillospirales	f__Oscillospiraceae	g__Intestinimonas	NA
f98dab4619ff896a9cee45a9b9ddc792	1	7.812247503266572e-17	0.5156406726742813	1.5150564952042475e-16	0.9999999999999999	0.9999999999999999	d__Bacteria	p__Bacillota	c__Clostridia	o__Oscillospirales	f__Oscillospiraceae	g__Intestinimonas	NA
ea52488235f530227f65a4c6e3b27aab	1	7.812247503266572e-17	0.5156406726742813	1.5150564952042475e-16	0.9999999999999999	0.9999999999999999	d__Bacteria	p__Bacillota	c__Clostridia	o__Oscillospirales	f__Oscillospiraceae	g__Intestinimonas	NA
151dc3710be852488064098205bb884f	1	7.812247503266572e-17	0.5156406726742813	1.5150564952042475e-16	0.9999999999999999	0.9999999999999999	d__Bacteria	p__Bacillota	c__Clostridia	o__Oscillospirales	f__Oscillospiraceae	g__Intestinimonas	NA
e28a36175f75412c90d02ed7de4b2379	1	7.812247503266572e-17	0.5156406726742813	1.5150564952042475e-16	0.9999999999999999	0.9999999999999999	d__Bacteria	p__Bacillota	c__Clostridia	o__Oscillospirales	f__Oscillospiraceae	g__Incertae_Sedis	NA
aa8fd37503453e0ae9e54d4ab1aa8a3f	1	7.812247503266572e-17	0.5156406726742813	1.5150564952042475e-16	0.9999999999999999	0.9999999999999999	d__Bacteria	p__Bacillota	c__Clostridia	o__Oscillospirales	f__Oscillospiraceae	g__Intestinimonas	NA
3a4a246cdaf2ee7e109536faef354a46	1	7.812247503266572e-17	0.5156406726742813	1.5150564952042475e-16	0.9999999999999999	0.9999999999999999	d__Bacteria	p__Bacillota	c__Clostridia	o__Oscillospirales	f__Oscillospiraceae	g__Intestinimonas	NA
7b25fe2a8e4d57a05ef403d1d0e831e2	1	7.812247503266572e-17	0.5156406726742813	1.5150564952042475e-16	0.9999999999999999	0.9999999999999999	d__Bacteria	p__Bacillota	c__Clostridia	o__Oscillospirales	f__Oscillospiraceae	g__Intestinimonas	NA
e657205bc51c1db7e6a38c33a084749d	1	7.812247503266572e-17	0.5156406726742813	1.5150564952042475e-16	0.9999999999999999	0.9999999999999999	d__Bacteria	p__Bacillota	c__Clostridia	o__Oscillospirales	f__Oscillospiraceae	NA	NA
cc7b0c4fe7613151aee46e9be3ea14a9	1	7.812247503266572e-17	0.5156406726742813	1.5150564952042475e-16	0.9999999999999999	0.9999999999999999	d__Bacteria	p__Bacillota	c__Clostridia	o__Oscillospirales	f__Oscillospiraceae	g__Intestinimonas	NA
0fdad431f3566933a70b7b07d74580de	1	7.812247503266572e-17	0.5156406726742813	1.5150564952042475e-16	0.9999999999999999	0.9999999999999999	d__Bacteria	p__Bacillota	c__Clostridia	o__Oscillospirales	f__Oscillospiraceae	g__Intestinimonas	NA
48120f2d28136884787660eb4953652a	1	7.812247503266572e-17	0.5156406726742813	1.5150564952042475e-16	0.9999999999999999	0.9999999999999999	d__Bacteria	p__Bacillota	c__Clostridia	o__Oscillospirales	f__Oscillospiraceae	g__Intestinimonas	NA
174a1fe3543cf9fa6ca92528087d0ca5	1	7.812247503266572e-17	0.5156406726742813	1.5150564952042475e-16	0.9999999999999999	0.9999999999999999	d__Bacteria	p__Bacillota	c__Clostridia	o__Oscillospirales	f__Oscillospiraceae	g__Intestinimonas	NA
7ff0c8d6b1f2ab6ae6c70229e507bc18	1	7.812247503266572e-17	0.5156406726742813	1.5150564952042475e-16	0.9999999999999999	0.9999999999999999	d__Bacteria	p__Bacillota	c__Clostridia	o__Oscillospirales	f__Oscillospiraceae	g__Intestinimonas	NA
1df4ea697ddf438a11fa5348fdf26879	1	7.812247503266572e-17	0.5156406726742813	1.5150564952042475e-16	0.9999999999999999	0.9999999999999999	d__Bacteria	p__Bacillota	c__Clostridia	o__Oscillospirales	f__Oscillospiraceae	NA	NA
8d5153b41e59c5ffb5a1fc080eb784cf	1.1369863013698631	-5.992355417432651e-8	0.5201531924611663	-1.152036650794954e-7	0.9999999080807743	0.9999999999999999	d__Bacteria	p__Bacillota	c__Clostridia	o__Oscillospirales	f__Oscillospiraceae	g__Incertae_Sedis	NA
d6fea6a5905d16326d192d115ef42b0d	1	7.812247503266572e-17	0.5156406726742813	1.5150564952042475e-16	0.9999999999999999	0.9999999999999999	d__Bacteria	p__Bacillota	c__Clostridia	o__Oscillospirales	f__Oscillospiraceae	NA	NA
3c8673e7ff6a0ecd8c60c97168a7287b	1	7.812247503266572e-17	0.5156406726742813	1.5150564952042475e-16	0.9999999999999999	0.9999999999999999	d__Bacteria	p__Bacillota	c__Clostridia	o__Oscillospirales	f__UCG-010	g__Incertae_Sedis	NA
361d26273fd1ca689807b797c15e1cc6	1	7.812247503266572e-17	0.5156406726742813	1.5150564952042475e-16	0.9999999999999999	0.9999999999999999	d__Bacteria	p__Bacillota	c__Clostridia	o__Oscillospirales	f__Butyricicoccaceae	g__UCG-009	NA
ba48e64682c81794d37a37a3ba34bdef	1	7.812247503266572e-17	0.5156406726742813	1.5150564952042475e-16	0.9999999999999999	0.9999999999999999	d__Bacteria	p__Bacillota	c__Clostridia	o__Oscillospirales	f__Butyricicoccaceae	g__UCG-009	NA
bc979a8588f5a2b031514a23cf3971cb	1	7.812247503266572e-17	0.5156406726742813	1.5150564952042475e-16	0.9999999999999999	0.9999999999999999	d__Bacteria	p__Bacillota	c__Clostridia	o__Oscillospirales	f__[Eubacterium]_coprostanoligenes_group	g__Incertae_Sedis	NA
794cc1c6386320420a2c2ea76eedaaf8	1	7.812247503266572e-17	0.5156406726742813	1.5150564952042475e-16	0.9999999999999999	0.9999999999999999	d__Bacteria	p__Bacillota	c__Clostridia	o__Oscillospirales	f__[Eubacterium]_coprostanoligenes_group	g__Incertae_Sedis	NA
410e1eaa1468a3d40595898f671ba0b3	1	7.812247503266572e-17	0.5156406726742813	1.5150564952042475e-16	0.9999999999999999	0.9999999999999999	d__Bacteria	p__Bacillota	c__Clostridia	o__Oscillospirales	f__[Eubacterium]_coprostanoligenes_group	g__Incertae_Sedis	NA
09262615d1066243f95018aa1b53ab0c	1	7.812247503266572e-17	0.5156406726742813	1.5150564952042475e-16	0.9999999999999999	0.9999999999999999	d__Bacteria	p__Bacillota	c__Clostridia	o__Oscillospirales	f__[Eubacterium]_coprostanoligenes_group	g__Incertae_Sedis	NA
d969ff7a11c25dc9b04c6eb48a6ec8c3	1	7.812247503266572e-17	0.5156406726742813	1.5150564952042475e-16	0.9999999999999999	0.9999999999999999	d__Bacteria	p__Bacillota	c__Clostridia	o__Oscillospirales	f__[Eubacterium]_coprostanoligenes_group	g__Incertae_Sedis	NA
d861309f5630e701205bb0151c3cea16	1	7.812247503266572e-17	0.5156406726742813	1.5150564952042475e-16	0.9999999999999999	0.9999999999999999	d__Bacteria	p__Bacillota	c__Clostridia	o__Oscillospirales	f__[Eubacterium]_coprostanoligenes_group	g__Incertae_Sedis	NA
cc6c06bae0a74dec62abdcb93c1414ab	1	7.812247503266572e-17	0.5156406726742813	1.5150564952042475e-16	0.9999999999999999	0.9999999999999999	d__Bacteria	p__Bacillota	c__Clostridia	o__Oscillospirales	f__[Eubacterium]_coprostanoligenes_group	g__Incertae_Sedis	NA
12f2e666955c86b54abd97c942fc2a10	1	7.812247503266572e-17	0.5156406726742813	1.5150564952042475e-16	0.9999999999999999	0.9999999999999999	d__Bacteria	p__Bacillota	c__Clostridia	o__Oscillospirales	f__[Eubacterium]_coprostanoligenes_group	g__Incertae_Sedis	NA
3460c6d209a9458ad9f55812e064b2db	1	7.812247503266572e-17	0.5156406726742813	1.5150564952042475e-16	0.9999999999999999	0.9999999999999999	d__Bacteria	p__Bacillota	c__Clostridia	o__Oscillospirales	f__[Eubacterium]_coprostanoligenes_group	g__Incertae_Sedis	NA
3f49f2e33639f81618c76b5807f6498c	1	7.812247503266572e-17	0.5156406726742813	1.5150564952042475e-16	0.9999999999999999	0.9999999999999999	d__Bacteria	p__Bacillota	c__Clostridia	o__Oscillospirales	f__[Eubacterium]_coprostanoligenes_group	g__Incertae_Sedis	NA
05ff375f501b831cdc28113494f487b1	1	7.812247503266572e-17	0.5156406726742813	1.5150564952042475e-16	0.9999999999999999	0.9999999999999999	d__Bacteria	p__Bacillota	c__Clostridia	o__Oscillospirales	f__[Eubacterium]_coprostanoligenes_group	g__Incertae_Sedis	NA
21dcfff18d552ae0ca669d213652bda3	1	7.812247503266572e-17	0.5156406726742813	1.5150564952042475e-16	0.9999999999999999	0.9999999999999999	d__Bacteria	p__Bacillota	c__Clostridia	o__Oscillospirales	f__[Eubacterium]_coprostanoligenes_group	g__Incertae_Sedis	NA
b1f0b65b560701f74c4f43db4234d6c9	1	7.812247503266572e-17	0.5156406726742813	1.5150564952042475e-16	0.9999999999999999	0.9999999999999999	d__Bacteria	p__Bacillota	c__Clostridia	o__Oscillospirales	f__[Eubacterium]_coprostanoligenes_group	g__Incertae_Sedis	NA
7e7a4855c881caf14f15c80f6012f231	1	7.812247503266572e-17	0.5156406726742813	1.5150564952042475e-16	0.9999999999999999	0.9999999999999999	d__Bacteria	p__Bacillota	c__Clostridia	o__Oscillospirales	f__[Eubacterium]_coprostanoligenes_group	g__Incertae_Sedis	NA
77a52ece0d9da550158abfebf9162d14	1	7.812247503266572e-17	0.5156406726742813	1.5150564952042475e-16	0.9999999999999999	0.9999999999999999	d__Bacteria	p__Bacillota	c__Clostridia	o__Oscillospirales	f__[Eubacterium]_coprostanoligenes_group	g__Incertae_Sedis	NA
4f8b522332dcfcc95d7acb01a7b8b94f	1	7.812247503266572e-17	0.5156406726742813	1.5150564952042475e-16	0.9999999999999999	0.9999999999999999	d__Bacteria	p__Bacillota	c__Clostridia	o__Oscillospirales	f__[Eubacterium]_coprostanoligenes_group	g__Incertae_Sedis	NA
caee94af7a4562c61da6712807157dc9	1	7.812247503266572e-17	0.5156406726742813	1.5150564952042475e-16	0.9999999999999999	0.9999999999999999	d__Bacteria	p__Bacillota	c__Clostridia	o__Oscillospirales	f__[Eubacterium]_coprostanoligenes_group	g__Incertae_Sedis	NA
8538d07b8c1e8676f9b9c8c242aab14a	1	7.812247503266572e-17	0.5156406726742813	1.5150564952042475e-16	0.9999999999999999	0.9999999999999999	d__Bacteria	p__Bacillota	c__Clostridia	o__Oscillospirales	f__[Eubacterium]_coprostanoligenes_group	g__Incertae_Sedis	NA
1af612d90153f4aa10245d1e813d3dc3	1	7.812247503266572e-17	0.5156406726742813	1.5150564952042475e-16	0.9999999999999999	0.9999999999999999	d__Bacteria	p__Bacillota	c__Clostridia	o__Oscillospirales	f__[Eubacterium]_coprostanoligenes_group	g__Incertae_Sedis	NA
929e0c2c4994379c0c7e4b28f08c94ac	1	7.812247503266572e-17	0.5156406726742813	1.5150564952042475e-16	0.9999999999999999	0.9999999999999999	d__Bacteria	p__Bacillota	c__Clostridia	o__Oscillospirales	f__[Eubacterium]_coprostanoligenes_group	g__Incertae_Sedis	NA
0dcf5023e96fb8175d7bf02d900c9dd1	1	7.812247503266572e-17	0.5156406726742813	1.5150564952042475e-16	0.9999999999999999	0.9999999999999999	d__Bacteria	p__Bacillota	c__Clostridia	o__Oscillospirales	f__[Eubacterium]_coprostanoligenes_group	g__Incertae_Sedis	NA
5984dadcdcc48d5e3ae04a0be106722a	1	7.812247503266572e-17	0.5156406726742813	1.5150564952042475e-16	0.9999999999999999	0.9999999999999999	d__Bacteria	p__Bacillota	c__Clostridia	o__Oscillospirales	f__[Eubacterium]_coprostanoligenes_group	g__Incertae_Sedis	NA
04ddc282eeaf358f2a174596a1c95a6f	1	7.812247503266572e-17	0.5156406726742813	1.5150564952042475e-16	0.9999999999999999	0.9999999999999999	d__Bacteria	p__Bacillota	c__Clostridia	o__Oscillospirales	f__[Eubacterium]_coprostanoligenes_group	g__Incertae_Sedis	NA
6896ebe2cc3802a0374e249cc0d11938	1	7.812247503266572e-17	0.5156406726742813	1.5150564952042475e-16	0.9999999999999999	0.9999999999999999	d__Bacteria	p__Bacillota	c__Clostridia	o__Oscillospirales	f__[Eubacterium]_coprostanoligenes_group	g__Incertae_Sedis	NA
6250949ec4f5147dc4eb85883b6b062a	1	7.812247503266572e-17	0.5156406726742813	1.5150564952042475e-16	0.9999999999999999	0.9999999999999999	d__Bacteria	p__Bacillota	c__Clostridia	o__Oscillospirales	f__[Eubacterium]_coprostanoligenes_group	g__Incertae_Sedis	NA
0c570ae08ebbe801fa6a3e8a24678138	1	7.812247503266572e-17	0.5156406726742813	1.5150564952042475e-16	0.9999999999999999	0.9999999999999999	d__Bacteria	p__Bacillota	c__Clostridia	o__Oscillospirales	f__Ruminococcaceae	NA	NA
ec03b628dfa2f625b2cc44812c823e5e	1	7.812247503266572e-17	0.5156406726742813	1.5150564952042475e-16	0.9999999999999999	0.9999999999999999	d__Bacteria	p__Bacillota	c__Clostridia	o__Oscillospirales	f__Ruminococcaceae	g__Ruminococcus	NA
93b489e06301f5b6b413aa6876eb1635	1	7.812247503266572e-17	0.5156406726742813	1.5150564952042475e-16	0.9999999999999999	0.9999999999999999	d__Bacteria	p__Bacillota	c__Clostridia	o__Oscillospirales	f__Ruminococcaceae	g__Ruminococcus	NA
f663dd604f793f22ce20452b09494608	1	7.812247503266572e-17	0.5156406726742813	1.5150564952042475e-16	0.9999999999999999	0.9999999999999999	d__Bacteria	p__Bacillota	c__Clostridia	o__Oscillospirales	f__UCG-010	g__Incertae_Sedis	NA
eb1964e12f75d8ddc59ed5560e421b91	1	7.812247503266572e-17	0.5156406726742813	1.5150564952042475e-16	0.9999999999999999	0.9999999999999999	d__Bacteria	p__Bacillota	c__Clostridia	o__Oscillospirales	f__UCG-010	g__Incertae_Sedis	NA
09bfa8d8f5a34bea0e9dd7dc07f1e7a3	1	7.812247503266572e-17	0.5156406726742813	1.5150564952042475e-16	0.9999999999999999	0.9999999999999999	d__Bacteria	p__Bacillota	c__Clostridia	o__Oscillospirales	f__Ruminococcaceae	g__[Eubacterium]_siraeum_group	NA
df14354ec277348c54d0c9dd49eb4da0	1.095890410958904	-4.305163092380488e-8	0.5182461995844169	-8.307177352835025e-8	0.9999999337183144	0.9999999999999999	d__Bacteria	p__Bacillota	c__Clostridia	o__Oscillospirales	f__Ruminococcaceae	g__[Eubacterium]_siraeum_group	NA
c52e9039dbf456b84bf06deddbec791d	1	7.812247503266572e-17	0.5156406726742813	1.5150564952042475e-16	0.9999999999999999	0.9999999999999999	d__Bacteria	p__Bacillota	c__Clostridia	o__Oscillospirales	f__Ruminococcaceae	g__[Eubacterium]_siraeum_group	NA
44fb9f7290289c1abf92d5eaf64f21c3	1	7.812247503266572e-17	0.5156406726742813	1.5150564952042475e-16	0.9999999999999999	0.9999999999999999	d__Bacteria	p__Bacillota	c__Clostridia	o__Oscillospirales	f__Ruminococcaceae	g__[Eubacterium]_siraeum_group	NA
ea7823427b5854bc784da136aa27d777	1	7.812247503266572e-17	0.5156406726742813	1.5150564952042475e-16	0.9999999999999999	0.9999999999999999	d__Bacteria	p__Bacillota	c__Clostridia	o__Oscillospirales	f__Ruminococcaceae	g__Angelakisella	NA
6e7dcdec78c483cd8d6666e4eedccd4f	1	7.812247503266572e-17	0.5156406726742813	1.5150564952042475e-16	0.9999999999999999	0.9999999999999999	d__Bacteria	p__Bacillota	c__Clostridia	o__Oscillospirales	f__Ruminococcaceae	g__Angelakisella	NA
97a604f0b7677461325e10432ce78290	1	7.812247503266572e-17	0.5156406726742813	1.5150564952042475e-16	0.9999999999999999	0.9999999999999999	d__Bacteria	p__Bacillota	c__Clostridia	o__Oscillospirales	f__Ruminococcaceae	g__Angelakisella	NA
d9eea834805833ac21a86fdabedd8556	1	7.812247503266572e-17	0.5156406726742813	1.5150564952042475e-16	0.9999999999999999	0.9999999999999999	d__Bacteria	p__Bacillota	c__Clostridia	o__Oscillospirales	f__Ruminococcaceae	g__Ruminococcus	NA
3d675bc2e3ca7ae2dbd80044122f82b0	1	7.812247503266572e-17	0.5156406726742813	1.5150564952042475e-16	0.9999999999999999	0.9999999999999999	d__Bacteria	p__Bacillota	c__Clostridia	o__Oscillospirales	f__Ruminococcaceae	g__Ruminococcus	NA
9a91e2e1c9d7c179afb558a3fd4664fd	1	7.812247503266572e-17	0.5156406726742813	1.5150564952042475e-16	0.9999999999999999	0.9999999999999999	d__Bacteria	p__Bacillota	c__Clostridia	o__Oscillospirales	f__Ruminococcaceae	g__Ruminococcus	NA
7814c2b485cc601b885f117c70bbdf5d	1	7.812247503266572e-17	0.5156406726742813	1.5150564952042475e-16	0.9999999999999999	0.9999999999999999	d__Bacteria	p__Bacillota	c__Clostridia	o__Oscillospirales	f__Ruminococcaceae	g__Ruminococcus	NA
45c80843dac191f771b11018ff90d94c	1	7.812247503266572e-17	0.5156406726742813	1.5150564952042475e-16	0.9999999999999999	0.9999999999999999	d__Bacteria	p__Bacillota	c__Clostridia	o__Oscillospirales	f__Ruminococcaceae	g__Ruminococcus	NA
41a4c7e6cc5a80ba83637525e13a12e6	1	7.812247503266572e-17	0.5156406726742813	1.5150564952042475e-16	0.9999999999999999	0.9999999999999999	d__Bacteria	p__Bacillota	c__Clostridia	o__Oscillospirales	f__Ruminococcaceae	g__Ruminococcus	NA
ad03570a6623c3fe543fb52f514b234f	1	7.812247503266572e-17	0.5156406726742813	1.5150564952042475e-16	0.9999999999999999	0.9999999999999999	d__Bacteria	p__Bacillota	c__Clostridia	o__Oscillospirales	f__Ruminococcaceae	g__Ruminococcus	NA
4d3f1d8f02b45e845e419a273f5b2386	1	7.812247503266572e-17	0.5156406726742813	1.5150564952042475e-16	0.9999999999999999	0.9999999999999999	d__Bacteria	p__Bacillota	c__Clostridia	o__Oscillospirales	f__Ruminococcaceae	g__Ruminococcus	NA
d5278c84ceca328330b2b932c3e705bd	1	7.812247503266572e-17	0.5156406726742813	1.5150564952042475e-16	0.9999999999999999	0.9999999999999999	d__Bacteria	p__Bacillota	c__Clostridia	o__Oscillospirales	f__Ruminococcaceae	NA	NA
cb7c9a82654d3ef267e1738cb0fe5569	1	7.812247503266572e-17	0.5156406726742813	1.5150564952042475e-16	0.9999999999999999	0.9999999999999999	d__Bacteria	p__Bacillota	c__Clostridia	o__Oscillospirales	f__Ruminococcaceae	g__Acutalibacter	NA
5050bcdda95dede0595dc33c6d1ba0fc	1	7.812247503266572e-17	0.5156406726742813	1.5150564952042475e-16	0.9999999999999999	0.9999999999999999	d__Bacteria	p__Bacillota	c__Clostridia	o__Oscillospirales	f__Ruminococcaceae	g__Acutalibacter	NA
36cf028766d84a7ade67b0a052181df7	1	7.812247503266572e-17	0.5156406726742813	1.5150564952042475e-16	0.9999999999999999	0.9999999999999999	d__Bacteria	p__Bacillota	c__Clostridia	o__Oscillospirales	f__Ruminococcaceae	g__Acutalibacter	NA
149465e40c1bdbc6230588a58a4d6eb0	1	7.812247503266572e-17	0.5156406726742813	1.5150564952042475e-16	0.9999999999999999	0.9999999999999999	d__Bacteria	p__Bacillota	c__Clostridia	o__Oscillospirales	f__Ruminococcaceae	g__Acutalibacter	NA
aa0d22e3cae06a85b97c6181d08c648a	1	7.812247503266572e-17	0.5156406726742813	1.5150564952042475e-16	0.9999999999999999	0.9999999999999999	d__Bacteria	p__Bacillota	c__Clostridia	o__Oscillospirales	f__Ruminococcaceae	g__Acutalibacter	NA
d11290f5a8d806b455f66a2c7ca1cad1	1	7.812247503266572e-17	0.5156406726742813	1.5150564952042475e-16	0.9999999999999999	0.9999999999999999	d__Bacteria	p__Bacillota	c__Clostridia	o__Oscillospirales	f__Ruminococcaceae	NA	NA
525d027b7e21f60ddd1537854b79419c	1	7.812247503266572e-17	0.5156406726742813	1.5150564952042475e-16	0.9999999999999999	0.9999999999999999	d__Bacteria	p__Bacillota	c__Clostridia	o__Oscillospirales	f__Ruminococcaceae	NA	NA
aff3962bbd7607a2971161d9840ca409	1	7.812247503266572e-17	0.5156406726742813	1.5150564952042475e-16	0.9999999999999999	0.9999999999999999	d__Bacteria	p__Bacillota	c__Clostridia	o__Oscillospirales	f__Ruminococcaceae	g__Acutalibacter	NA
756e9c33696716a5484135c832f18f12	1	7.812247503266572e-17	0.5156406726742813	1.5150564952042475e-16	0.9999999999999999	0.9999999999999999	d__Bacteria	p__Bacillota	c__Clostridia	o__Oscillospirales	f__Ruminococcaceae	g__Acutalibacter	NA
ad139328ba8ac39c2e5ccef543df2deb	1	7.812247503266572e-17	0.5156406726742813	1.5150564952042475e-16	0.9999999999999999	0.9999999999999999	d__Bacteria	p__Bacillota	c__Clostridia	o__Oscillospirales	f__Ruminococcaceae	g__Acutalibacter	NA
c3ad47b312abd6a13153cc5416a8d35a	1	7.812247503266572e-17	0.5156406726742813	1.5150564952042475e-16	0.9999999999999999	0.9999999999999999	d__Bacteria	p__Bacillota	c__Clostridia	o__Oscillospirales	f__Ruminococcaceae	g__Acutalibacter	NA
8b414a059be1b8812e888b7c4d47bb2f	1	7.812247503266572e-17	0.5156406726742813	1.5150564952042475e-16	0.9999999999999999	0.9999999999999999	d__Bacteria	p__Bacillota	c__Clostridia	o__Oscillospirales	f__Ruminococcaceae	g__Acutalibacter	NA
8d7e1465fbc2323c5155ea4c76dd520c	1	7.812247503266572e-17	0.5156406726742813	1.5150564952042475e-16	0.9999999999999999	0.9999999999999999	d__Bacteria	p__Bacillota	c__Clostridia	o__Oscillospirales	f__Ruminococcaceae	NA	NA
7f9c14ef4eb251a43b71add4c10a821f	1	7.812247503266572e-17	0.5156406726742813	1.5150564952042475e-16	0.9999999999999999	0.9999999999999999	d__Bacteria	p__Bacillota	c__Clostridia	o__Oscillospirales	f__Ruminococcaceae	g__DTU089	NA
e367dacc4cf58de7164775e5899d4ab2	1	7.812247503266572e-17	0.5156406726742813	1.5150564952042475e-16	0.9999999999999999	0.9999999999999999	d__Bacteria	p__Bacillota	c__Clostridia	o__Oscillospirales	f__Ruminococcaceae	g__DTU089	NA
5be3209e582e95344bf276752e68b3b5	1	7.812247503266572e-17	0.5156406726742813	1.5150564952042475e-16	0.9999999999999999	0.9999999999999999	d__Bacteria	p__Bacillota	c__Clostridia	o__Oscillospirales	f__Ruminococcaceae	g__DTU089	NA
28085233f3e0a490f80b7ccad8d67936	1	7.812247503266572e-17	0.5156406726742813	1.5150564952042475e-16	0.9999999999999999	0.9999999999999999	d__Bacteria	p__Bacillota	c__Clostridia	o__Oscillospirales	f__Ruminococcaceae	g__DTU089	NA
6d6ab7315b399f8c54b50467972c07aa	1	7.812247503266572e-17	0.5156406726742813	1.5150564952042475e-16	0.9999999999999999	0.9999999999999999	d__Bacteria	p__Bacillota	c__Clostridia	o__Oscillospirales	f__Ruminococcaceae	g__Acutalibacter	NA
d153a93d6748038f00edb714615c0737	1	7.812247503266572e-17	0.5156406726742813	1.5150564952042475e-16	0.9999999999999999	0.9999999999999999	d__Bacteria	p__Bacillota	c__Clostridia	o__Oscillospirales	f__Ruminococcaceae	g__Acutalibacter	NA
ee72ee97db064e5d745356f479b9e576	1	7.812247503266572e-17	0.5156406726742813	1.5150564952042475e-16	0.9999999999999999	0.9999999999999999	d__Bacteria	p__Bacillota	c__Clostridia	o__Oscillospirales	f__Ruminococcaceae	NA	NA
8135beec331a8d558070c38b580e4b8e	1	7.812247503266572e-17	0.5156406726742813	1.5150564952042475e-16	0.9999999999999999	0.9999999999999999	d__Bacteria	p__Bacillota	c__Clostridia	o__Oscillospirales	f__Ruminococcaceae	NA	NA
9df65efefe9b34d0194b9c1b5211240e	1	7.812247503266572e-17	0.5156406726742813	1.5150564952042475e-16	0.9999999999999999	0.9999999999999999	d__Bacteria	p__Bacillota	c__Clostridia	o__Oscillospirales	f__Ruminococcaceae	NA	NA
d91307995a09d4534d9db5c59ac392df	1	7.812247503266572e-17	0.5156406726742813	1.5150564952042475e-16	0.9999999999999999	0.9999999999999999	d__Bacteria	p__Bacillota	c__Clostridia	o__Oscillospirales	f__Ruminococcaceae	NA	NA
22f2e2ecaec907a93025a13d5775627a	1	7.812247503266572e-17	0.5156406726742813	1.5150564952042475e-16	0.9999999999999999	0.9999999999999999	d__Bacteria	p__Bacillota	c__Clostridia	o__Oscillospirales	f__Ruminococcaceae	g__CAG-352	NA
49a2ea7eebe52a4aed8f3126b7f72570	1	7.812247503266572e-17	0.5156406726742813	1.5150564952042475e-16	0.9999999999999999	0.9999999999999999	d__Bacteria	p__Bacillota	c__Clostridia	o__Oscillospirales	f__Ruminococcaceae	NA	NA
6acfe69f470ceebec0cce442b1190fa9	1	7.812247503266572e-17	0.5156406726742813	1.5150564952042475e-16	0.9999999999999999	0.9999999999999999	d__Bacteria	p__Bacillota	c__Clostridia	o__Oscillospirales	f__Ruminococcaceae	g__CAG-352	NA
c5ed5baac8c4ff452a1e65a58e880bfa	1	7.812247503266572e-17	0.5156406726742813	1.5150564952042475e-16	0.9999999999999999	0.9999999999999999	d__Bacteria	p__Bacillota	c__Clostridia	o__Oscillospirales	f__Ruminococcaceae	g__Acutalibacter	NA
79bff3f007caa131bbddfff793705030	1	7.812247503266572e-17	0.5156406726742813	1.5150564952042475e-16	0.9999999999999999	0.9999999999999999	d__Bacteria	p__Bacillota	c__Clostridia	o__Oscillospirales	f__Ruminococcaceae	NA	NA
596db8ce20ae5cbfdc338a62f1bed1d9	1	7.812247503266572e-17	0.5156406726742813	1.5150564952042475e-16	0.9999999999999999	0.9999999999999999	d__Bacteria	p__Bacillota	c__Clostridia	o__Oscillospirales	f__Ruminococcaceae	g__Acutalibacter	NA
c3879fe68eb4e540708a773da0cb2e89	1	7.812247503266572e-17	0.5156406726742813	1.5150564952042475e-16	0.9999999999999999	0.9999999999999999	d__Bacteria	p__Bacillota	c__Clostridia	o__Oscillospirales	f__Ruminococcaceae	g__Acutalibacter	NA
0684128cfd2dfbb736f87e8b724d3fc0	1	7.812247503266572e-17	0.5156406726742813	1.5150564952042475e-16	0.9999999999999999	0.9999999999999999	d__Bacteria	p__Bacillota	c__Clostridia	o__Oscillospirales	f__Ruminococcaceae	g__Incertae_Sedis	NA
8df31d859e0a5446b30ca0cd81ce907f	1	7.812247503266572e-17	0.5156406726742813	1.5150564952042475e-16	0.9999999999999999	0.9999999999999999	d__Bacteria	p__Bacillota	c__Clostridia	o__Oscillospirales	f__Ruminococcaceae	NA	NA
db74729dd7ab527fba7a5a66a59f207a	1	7.812247503266572e-17	0.5156406726742813	1.5150564952042475e-16	0.9999999999999999	0.9999999999999999	d__Bacteria	p__Bacillota	c__Clostridia	o__Oscillospirales	f__Ruminococcaceae	g__Caproiciproducens	NA
0266b37dda69c8fd306c9e0ee679e583	1	7.812247503266572e-17	0.5156406726742813	1.5150564952042475e-16	0.9999999999999999	0.9999999999999999	d__Bacteria	p__Bacillota	c__Clostridia	o__Oscillospirales	f__Ruminococcaceae	NA	NA
f47be61fae5b53aa6a1a37e7ebf1675e	1	7.812247503266572e-17	0.5156406726742813	1.5150564952042475e-16	0.9999999999999999	0.9999999999999999	d__Bacteria	p__Bacillota	c__Clostridia	o__Oscillospirales	f__Ruminococcaceae	g__Incertae_Sedis	NA
2d88bef5acdb787ea01151589d421283	1	7.812247503266572e-17	0.5156406726742813	1.5150564952042475e-16	0.9999999999999999	0.9999999999999999	d__Bacteria	p__Bacillota	c__Clostridia	o__Oscillospirales	f__Ruminococcaceae	NA	NA
06efa8e923453e1a7c2c1c40d7cdc42a	1	7.812247503266572e-17	0.5156406726742813	1.5150564952042475e-16	0.9999999999999999	0.9999999999999999	d__Bacteria	p__Bacillota	c__Clostridia	o__Oscillospirales	f__Ethanoligenenaceae	g__Acetanaerobacterium	NA
1343255900d1b3ffeae9b0bb79cb2ace	1	7.812247503266572e-17	0.5156406726742813	1.5150564952042475e-16	0.9999999999999999	0.9999999999999999	d__Bacteria	p__Bacillota	c__Clostridia	o__Oscillospirales	f__Ethanoligenenaceae	g__Acetanaerobacterium	NA
ff376ce6067337dd934fdebe0a3cf2eb	1	7.812247503266572e-17	0.5156406726742813	1.5150564952042475e-16	0.9999999999999999	0.9999999999999999	d__Bacteria	p__Bacillota	c__Clostridia	o__Oscillospirales	f__Ethanoligenenaceae	g__Acetanaerobacterium	NA
1a9e209eaacb9ca8ab8920e8ff62e839	1	7.812247503266572e-17	0.5156406726742813	1.5150564952042475e-16	0.9999999999999999	0.9999999999999999	d__Bacteria	p__Bacillota	c__Clostridia	o__Oscillospirales	f__Ethanoligenenaceae	g__Acetanaerobacterium	NA
4ac43ecbe6347d46a2ab5a31ffd64c25	1	7.812247503266572e-17	0.5156406726742813	1.5150564952042475e-16	0.9999999999999999	0.9999999999999999	d__Bacteria	p__Bacillota	c__Clostridia	o__Oscillospirales	f__Ruminococcaceae	NA	NA
f94b14e11dfe405e48976839ca380380	1	7.812247503266572e-17	0.5156406726742813	1.5150564952042475e-16	0.9999999999999999	0.9999999999999999	d__Bacteria	p__Bacillota	c__Clostridia	o__Oscillospirales	f__Ruminococcaceae	g__Candidatus_Soleaferrea	NA
0a77223390bdcb60a93ae6d93fdbbef5	1	7.812247503266572e-17	0.5156406726742813	1.5150564952042475e-16	0.9999999999999999	0.9999999999999999	d__Bacteria	p__Bacillota	c__Clostridia	o__Oscillospirales	f__Ruminococcaceae	g__Candidatus_Soleaferrea	NA
9cbf794b9c89435874fce22eba240120	1	7.812247503266572e-17	0.5156406726742813	1.5150564952042475e-16	0.9999999999999999	0.9999999999999999	d__Bacteria	p__Bacillota	c__Clostridia	o__Oscillospirales	f__[Eubacterium]_coprostanoligenes_group	g__Incertae_Sedis	NA
b42c103a8a466983c20bd46171c9f925	1	7.812247503266572e-17	0.5156406726742813	1.5150564952042475e-16	0.9999999999999999	0.9999999999999999	d__Bacteria	p__Bacillota	c__Clostridia	o__Oscillospirales	f__Ruminococcaceae	g__Candidatus_Soleaferrea	NA
034061db75629f2f71b16186302a7e44	1	7.812247503266572e-17	0.5156406726742813	1.5150564952042475e-16	0.9999999999999999	0.9999999999999999	d__Bacteria	p__Bacillota	c__Clostridia	o__Oscillospirales	f__Ruminococcaceae	g__Anaerotruncus	NA
60a73a2ed26650bb42cc578d666c1bf0	1	7.812247503266572e-17	0.5156406726742813	1.5150564952042475e-16	0.9999999999999999	0.9999999999999999	d__Bacteria	p__Bacillota	c__Clostridia	o__Oscillospirales	f__Ruminococcaceae	g__[Clostridium]_methylpentosum_group	NA
12acef5e0eba782d45fe9f038a99bf7b	1	7.812247503266572e-17	0.5156406726742813	1.5150564952042475e-16	0.9999999999999999	0.9999999999999999	d__Bacteria	p__Bacillota	c__Clostridia	o__Oscillospirales	f__Ruminococcaceae	g__Candidatus_Soleaferrea	NA
76ec16cef4c7230bd9bcad23c56fba9f	1	7.812247503266572e-17	0.5156406726742813	1.5150564952042475e-16	0.9999999999999999	0.9999999999999999	d__Bacteria	p__Bacillota	c__Clostridia	o__Oscillospirales	f__Ruminococcaceae	NA	NA
a9c65f22ab35a2635324961ee4e44023	1	7.812247503266572e-17	0.5156406726742813	1.5150564952042475e-16	0.9999999999999999	0.9999999999999999	d__Bacteria	p__Bacillota	c__Clostridia	o__Oscillospirales	f__Ruminococcaceae	g__Negativibacillus	NA
504efe2f63f610a0f92e8cd040e2f916	1	7.812247503266572e-17	0.5156406726742813	1.5150564952042475e-16	0.9999999999999999	0.9999999999999999	d__Bacteria	p__Bacillota	c__Clostridia	o__Oscillospirales	f__Ruminococcaceae	g__Negativibacillus	NA
c6c26f8994aec46b428288c75e4a7883	1	7.812247503266572e-17	0.5156406726742813	1.5150564952042475e-16	0.9999999999999999	0.9999999999999999	d__Bacteria	p__Bacillota	c__Clostridia	o__Oscillospirales	f__Ruminococcaceae	g__Negativibacillus	NA
9477f7ab72d5823d887edda3cb867545	1	7.812247503266572e-17	0.5156406726742813	1.5150564952042475e-16	0.9999999999999999	0.9999999999999999	d__Bacteria	p__Bacillota	c__Clostridia	o__Oscillospirales	f__Ruminococcaceae	g__Negativibacillus	NA
2489471b3729e885a2c1ddaa10774d8e	1	7.812247503266572e-17	0.5156406726742813	1.5150564952042475e-16	0.9999999999999999	0.9999999999999999	d__Bacteria	p__Bacillota	c__Clostridia	o__Oscillospirales	f__Ruminococcaceae	g__Negativibacillus	NA
5c1532e4bbf41707f13a26609ad68f6a	1	7.812247503266572e-17	0.5156406726742813	1.5150564952042475e-16	0.9999999999999999	0.9999999999999999	d__Bacteria	p__Bacillota	c__Clostridia	o__Oscillospirales	f__Ruminococcaceae	g__Negativibacillus	NA
fe1d758f268d0c3fe3c677aed90ffd1e	1	7.812247503266572e-17	0.5156406726742813	1.5150564952042475e-16	0.9999999999999999	0.9999999999999999	d__Bacteria	p__Bacillota	c__Clostridia	o__Oscillospirales	f__Ruminococcaceae	g__Paludicola	NA
dc8b29549096e6017f7319d3f86e32cc	1	7.812247503266572e-17	0.5156406726742813	1.5150564952042475e-16	0.9999999999999999	0.9999999999999999	d__Bacteria	p__Bacillota	c__Clostridia	o__Oscillospirales	f__Ruminococcaceae	g__Paludicola	NA
57a2b7f3845e9dc1a8bf96b2539bde57	1	7.812247503266572e-17	0.5156406726742813	1.5150564952042475e-16	0.9999999999999999	0.9999999999999999	d__Bacteria	p__Bacillota	c__Clostridia	o__Oscillospirales	f__Ruminococcaceae	g__Paludicola	NA
519641cb7dd8366ae2f6c6e2cd03f5a6	1	7.812247503266572e-17	0.5156406726742813	1.5150564952042475e-16	0.9999999999999999	0.9999999999999999	d__Bacteria	p__Bacillota	c__Clostridia	o__Oscillospirales	f__Ruminococcaceae	g__Hydrogenoanaerobacterium	NA
edd418053a744b62aa296a5a85039b3a	1	7.812247503266572e-17	0.5156406726742813	1.5150564952042475e-16	0.9999999999999999	0.9999999999999999	d__Bacteria	p__Bacillota	c__Clostridia	o__Oscillospirales	f__Ruminococcaceae	g__Hydrogenoanaerobacterium	NA
c064bcc15c3e7e32c36069f6da6f5d7a	1	7.812247503266572e-17	0.5156406726742813	1.5150564952042475e-16	0.9999999999999999	0.9999999999999999	d__Bacteria	p__Bacillota	c__Clostridia	o__Oscillospirales	f__Ruminococcaceae	g__Hydrogenoanaerobacterium	NA
ef1243f7818d1e35c1e968e8539173cf	1	7.812247503266572e-17	0.5156406726742813	1.5150564952042475e-16	0.9999999999999999	0.9999999999999999	d__Bacteria	p__Bacillota	c__Clostridia	o__Oscillospirales	f__Ruminococcaceae	g__Anaerotruncus	NA
7c3d7711fd15460714ece118b35c0576	1	7.812247503266572e-17	0.5156406726742813	1.5150564952042475e-16	0.9999999999999999	0.9999999999999999	d__Bacteria	p__Bacillota	c__Clostridia	o__Oscillospirales	f__Ruminococcaceae	g__Anaerotruncus	NA
b204a17b1a7f29074d81303d5ca68464	1	7.812247503266572e-17	0.5156406726742813	1.5150564952042475e-16	0.9999999999999999	0.9999999999999999	d__Bacteria	p__Bacillota	c__Clostridia	o__Oscillospirales	f__Ruminococcaceae	g__Phocea	NA
d5d82ae2c80b564a14faa14bd6f52c6d	1	7.812247503266572e-17	0.5156406726742813	1.5150564952042475e-16	0.9999999999999999	0.9999999999999999	d__Bacteria	p__Bacillota	c__Clostridia	o__Oscillospirales	f__Ruminococcaceae	g__Phocea	NA
55beed6d1a19ce34788b66488ffe3917	1	7.812247503266572e-17	0.5156406726742813	1.5150564952042475e-16	0.9999999999999999	0.9999999999999999	d__Bacteria	p__Bacillota	c__Clostridia	o__Oscillospirales	f__Ruminococcaceae	g__Incertae_Sedis	NA
f51b08aede2218e99b6d9967bf1ed6bb	1	7.812247503266572e-17	0.5156406726742813	1.5150564952042475e-16	0.9999999999999999	0.9999999999999999	d__Bacteria	p__Bacillota	c__Clostridia	o__Oscillospirales	f__Ruminococcaceae	NA	NA
3be0720e638655202a9850a2fa4f4409	1	7.812247503266572e-17	0.5156406726742813	1.5150564952042475e-16	0.9999999999999999	0.9999999999999999	d__Bacteria	p__Bacillota	c__Clostridia	o__Oscillospirales	f__Ruminococcaceae	g__Harryflintia	NA
cd1d1806410700bcff8e512cb325a25c	1	7.812247503266572e-17	0.5156406726742813	1.5150564952042475e-16	0.9999999999999999	0.9999999999999999	d__Bacteria	p__Bacillota	c__Clostridia	o__Oscillospirales	f__Incertae_Sedis	g__Incertae_Sedis	NA
6842fc2d1bb1ae8775684934ffe0f810	1	7.812247503266572e-17	0.5156406726742813	1.5150564952042475e-16	0.9999999999999999	0.9999999999999999	d__Bacteria	p__Bacillota	c__Clostridia	o__Oscillospirales	f__Ruminococcaceae	g__[Clostridium]_methylpentosum_group	NA
ecdb9d1fd7f883ccc8873ec7f9119f77	1	7.812247503266572e-17	0.5156406726742813	1.5150564952042475e-16	0.9999999999999999	0.9999999999999999	d__Bacteria	p__Bacillota	c__Clostridia	o__Oscillospirales	f__Ruminococcaceae	NA	NA
b0938aed5be8f42ed0791fe5c571fc34	1	7.812247503266572e-17	0.5156406726742813	1.5150564952042475e-16	0.9999999999999999	0.9999999999999999	d__Bacteria	p__Bacillota	c__Clostridia	o__Oscillospirales	f__Ruminococcaceae	NA	NA
de641e423b4a00fd0c6ae6fa5d27e866	1	7.812247503266572e-17	0.5156406726742813	1.5150564952042475e-16	0.9999999999999999	0.9999999999999999	d__Bacteria	p__Bacillota	c__Clostridia	o__Oscillospirales	f__Ruminococcaceae	g__Paludicola	NA
3a3b61faf9a3f7bce28f17bfe73ee637	1	7.812247503266572e-17	0.5156406726742813	1.5150564952042475e-16	0.9999999999999999	0.9999999999999999	d__Bacteria	p__Bacillota	c__Clostridia	o__Oscillospirales	f__Ruminococcaceae	g__Incertae_Sedis	NA
d6aca1ce3a8896b5a4ac550a4108ddd9	1	7.812247503266572e-17	0.5156406726742813	1.5150564952042475e-16	0.9999999999999999	0.9999999999999999	d__Bacteria	p__Bacillota	c__Clostridia	o__Oscillospirales	f__Ruminococcaceae	g__Incertae_Sedis	NA
7010fa8b36b09d14da1362ae66ab0856	1	7.812247503266572e-17	0.5156406726742813	1.5150564952042475e-16	0.9999999999999999	0.9999999999999999	d__Bacteria	p__Bacillota	c__Clostridia	o__Oscillospirales	f__Ruminococcaceae	NA	NA
dc635fb545065d72aa1f3969ed1ce9c9	1	7.812247503266572e-17	0.5156406726742813	1.5150564952042475e-16	0.9999999999999999	0.9999999999999999	d__Bacteria	p__Bacillota	c__Clostridia	o__Oscillospirales	f__Ruminococcaceae	g__Incertae_Sedis	NA
d56fd4c21346f6d694c7e638f6bdcb70	1	7.812247503266572e-17	0.5156406726742813	1.5150564952042475e-16	0.9999999999999999	0.9999999999999999	d__Bacteria	p__Bacillota	c__Clostridia	o__Oscillospirales	f__Ruminococcaceae	g__Incertae_Sedis	NA
a8bab35fbc3fab1ef2a8c34cc63f6e20	1	7.812247503266572e-17	0.5156406726742813	1.5150564952042475e-16	0.9999999999999999	0.9999999999999999	d__Bacteria	p__Bacillota	c__Clostridia	o__Oscillospirales	f__Ruminococcaceae	g__Incertae_Sedis	NA
6a8750db6564385810f7a61b78b11cab	1	7.812247503266572e-17	0.5156406726742813	1.5150564952042475e-16	0.9999999999999999	0.9999999999999999	d__Bacteria	p__Bacillota	c__Clostridia	o__Oscillospirales	f__Ruminococcaceae	g__Faecalibacterium	NA
c646376e2fdc054668e507b4ea460c84	1	7.812247503266572e-17	0.5156406726742813	1.5150564952042475e-16	0.9999999999999999	0.9999999999999999	d__Bacteria	p__Bacillota	c__Clostridia	o__Oscillospirales	f__Ruminococcaceae	g__Faecalibacterium	NA
5cbbf20522c735d0eae7a8e5ad7481c6	1	7.812247503266572e-17	0.5156406726742813	1.5150564952042475e-16	0.9999999999999999	0.9999999999999999	d__Bacteria	p__Bacillota	c__Clostridia	o__Oscillospirales	f__Ruminococcaceae	g__Faecalibacterium	NA
e8943632190a323238c1856db7740504	1	7.812247503266572e-17	0.5156406726742813	1.5150564952042475e-16	0.9999999999999999	0.9999999999999999	d__Bacteria	p__Bacillota	c__Clostridia	o__Oscillospirales	f__Ruminococcaceae	g__Faecalibacterium	NA
a383bbf0dc0a9f5c17cf3303b55af028	1	7.812247503266572e-17	0.5156406726742813	1.5150564952042475e-16	0.9999999999999999	0.9999999999999999	d__Bacteria	p__Bacillota	c__Clostridia	o__Oscillospirales	f__Ruminococcaceae	g__Faecalibacterium	NA
f5f5e0da89730462abaf6301a9557193	1.3013698630136987	0.7983658682727935	0.539064491819616	1.4810210659171854	0.1386009600205191	0.9999999999999999	d__Bacteria	p__Bacillota	c__Clostridia	o__Oscillospirales	f__Ruminococcaceae	g__Faecalibacterium	NA
18a9e0a4cf1b97c0168ef4742ed1cca6	1	7.812247503266572e-17	0.5156406726742813	1.5150564952042475e-16	0.9999999999999999	0.9999999999999999	d__Bacteria	p__Bacillota	c__Clostridia	o__Oscillospirales	f__Ruminococcaceae	g__Faecalibacterium	NA
78d4f442773fc72402c01693d81a45e6	1	7.812247503266572e-17	0.5156406726742813	1.5150564952042475e-16	0.9999999999999999	0.9999999999999999	d__Bacteria	p__Bacillota	c__Clostridia	o__Oscillospirales	f__Ruminococcaceae	g__Faecalibacterium	NA
3005b313290526b615bfe9befcc0133e	1	7.812247503266572e-17	0.5156406726742813	1.5150564952042475e-16	0.9999999999999999	0.9999999999999999	d__Bacteria	p__Bacillota	c__Clostridia	o__Oscillospirales	f__Ruminococcaceae	g__Faecalibacterium	NA
6b501a5fb3c6d6832444d498d5d04dad	1.1917808219178083	0.6858912271339923	0.5157388401487946	1.3299196681330177	0.1835447404123104	0.9999999999999999	d__Bacteria	p__Bacillota	c__Clostridia	o__Oscillospirales	f__Ruminococcaceae	g__Faecalibacterium	NA
49f22c49ecc8f7c7906b86b1076b9e7f	1	7.812247503266572e-17	0.5156406726742813	1.5150564952042475e-16	0.9999999999999999	0.9999999999999999	d__Bacteria	p__Bacillota	c__Clostridia	o__Oscillospirales	f__Ruminococcaceae	g__Faecalibacterium	NA
29aae8b625298e07e7aee01534951d17	1	7.812247503266572e-17	0.5156406726742813	1.5150564952042475e-16	0.9999999999999999	0.9999999999999999	d__Bacteria	p__Bacillota	c__Clostridia	o__Oscillospirales	f__Ruminococcaceae	g__Faecalibacterium	NA
3b4cfb5c1817cb306fe3ab275bb4b008	1	7.812247503266572e-17	0.5156406726742813	1.5150564952042475e-16	0.9999999999999999	0.9999999999999999	d__Bacteria	p__Bacillota	c__Clostridia	o__Oscillospirales	f__Ruminococcaceae	g__Faecalibacterium	NA
22ca7d870ab8e58df51a2ec1fb54c8d2	1	7.812247503266572e-17	0.5156406726742813	1.5150564952042475e-16	0.9999999999999999	0.9999999999999999	d__Bacteria	p__Bacillota	c__Clostridia	o__Oscillospirales	f__Ruminococcaceae	g__Faecalibacterium	NA
c3726591d58a1266fa84775969018cd7	1	7.812247503266572e-17	0.5156406726742813	1.5150564952042475e-16	0.9999999999999999	0.9999999999999999	d__Bacteria	p__Bacillota	c__Clostridia	o__Oscillospirales	f__Ruminococcaceae	g__Faecalibacterium	NA
f794d24c79f7cc5ff6a50778953c671c	1	7.812247503266572e-17	0.5156406726742813	1.5150564952042475e-16	0.9999999999999999	0.9999999999999999	d__Bacteria	p__Bacillota	c__Clostridia	o__Oscillospirales	f__Ruminococcaceae	g__Faecalibacterium	NA
b205bfbb7b12662505532cfa0b3d5258	1	7.812247503266572e-17	0.5156406726742813	1.5150564952042475e-16	0.9999999999999999	0.9999999999999999	d__Bacteria	p__Bacillota	c__Clostridia	o__Oscillospirales	f__Ruminococcaceae	g__Faecalibacterium	NA
c7f4c7d7e11af5c1d2a576b085288a41	1	7.812247503266572e-17	0.5156406726742813	1.5150564952042475e-16	0.9999999999999999	0.9999999999999999	d__Bacteria	p__Bacillota	c__Clostridia	o__Oscillospirales	f__Ruminococcaceae	g__Faecalibacterium	NA
59777186ad2e0947e97615b5d6225136	1.082191780821918	-3.725037371929173e-8	0.5176973198883104	-7.195396284324641e-8	0.999999942589044	0.9999999999999999	d__Bacteria	p__Bacillota	c__Clostridia	o__Oscillospirales	f__Ruminococcaceae	g__Faecalibacterium	NA
69fa8c8a51c800c951e9d463f8c80059	1	7.812247503266572e-17	0.5156406726742813	1.5150564952042475e-16	0.9999999999999999	0.9999999999999999	d__Bacteria	p__Bacillota	c__Clostridia	o__Oscillospirales	f__Ruminococcaceae	g__Faecalibacterium	NA
9d550bab71b8b21528e0f0a59d4903c9	1	7.812247503266572e-17	0.5156406726742813	1.5150564952042475e-16	0.9999999999999999	0.9999999999999999	d__Bacteria	p__Bacillota	c__Clostridia	o__Oscillospirales	f__Ruminococcaceae	g__Faecalibacterium	NA
3a657bf3d3e1de20be04c65f10805494	1	7.812247503266572e-17	0.5156406726742813	1.5150564952042475e-16	0.9999999999999999	0.9999999999999999	d__Bacteria	p__Bacillota	c__Clostridia	o__Oscillospirales	f__Ruminococcaceae	g__Faecalibacterium	NA
d9b1b7e177fd2cde69dc86ec0c0ec098	1	7.812247503266572e-17	0.5156406726742813	1.5150564952042475e-16	0.9999999999999999	0.9999999999999999	d__Bacteria	p__Bacillota	c__Clostridia	o__Oscillospirales	f__Ruminococcaceae	g__Faecalibacterium	NA
12792e17be6f75e36fd57c86fd77d836	1	7.812247503266572e-17	0.5156406726742813	1.5150564952042475e-16	0.9999999999999999	0.9999999999999999	d__Bacteria	p__Bacillota	c__Clostridia	o__Oscillospirales	f__Ruminococcaceae	g__Faecalibacterium	NA
3c77299a572864be87ed7657838a3434	1	7.812247503266572e-17	0.5156406726742813	1.5150564952042475e-16	0.9999999999999999	0.9999999999999999	d__Bacteria	p__Bacillota	c__Clostridia	o__Oscillospirales	f__Ruminococcaceae	g__Faecalibacterium	NA
8e175abe6a746b8f33bae9cd7c8192bb	1.5068493150684932	-0.6166709968901127	0.49717984964949546	-1.2403378723511356	0.21485044993893587	0.9999999999999999	d__Bacteria	p__Bacillota	c__Clostridia	o__Oscillospirales	f__Ruminococcaceae	g__Faecalibacterium	NA
dd46e2d5cd81a8add2304556257a92f7	1	7.812247503266572e-17	0.5156406726742813	1.5150564952042475e-16	0.9999999999999999	0.9999999999999999	d__Bacteria	p__Bacillota	c__Clostridia	o__Oscillospirales	f__Ruminococcaceae	g__Faecalibacterium	NA
a6162510c606a443e3cce1e7d6f598b6	1	7.812247503266572e-17	0.5156406726742813	1.5150564952042475e-16	0.9999999999999999	0.9999999999999999	d__Bacteria	p__Bacillota	c__Clostridia	o__Oscillospirales	f__Ruminococcaceae	g__Faecalibacterium	NA
927402c8e9f62efcd0170b7c487e24a9	1	7.812247503266572e-17	0.5156406726742813	1.5150564952042475e-16	0.9999999999999999	0.9999999999999999	d__Bacteria	p__Bacillota	c__Clostridia	o__Oscillospirales	f__Ruminococcaceae	g__Faecalibacterium	NA
96f95f5116bde81398404e036b47f03e	1	7.812247503266572e-17	0.5156406726742813	1.5150564952042475e-16	0.9999999999999999	0.9999999999999999	d__Bacteria	p__Bacillota	c__Clostridia	o__Oscillospirales	f__Ruminococcaceae	g__Faecalibacterium	NA
623ed2fd811bd95c8519e7926bf65072	1	7.812247503266572e-17	0.5156406726742813	1.5150564952042475e-16	0.9999999999999999	0.9999999999999999	d__Bacteria	p__Bacillota	c__Clostridia	o__Oscillospirales	f__Ruminococcaceae	g__Faecalibacterium	NA
86ff0efd7fd88b82809500c90c4a7832	1	7.812247503266572e-17	0.5156406726742813	1.5150564952042475e-16	0.9999999999999999	0.9999999999999999	d__Bacteria	p__Bacillota	c__Clostridia	o__Oscillospirales	f__Ruminococcaceae	g__Faecalibacterium	NA
cdf0ab59552ae9876bfb33a445df485f	1	7.812247503266572e-17	0.5156406726742813	1.5150564952042475e-16	0.9999999999999999	0.9999999999999999	d__Bacteria	p__Bacillota	c__Clostridia	o__Oscillospirales	f__Ruminococcaceae	g__Faecalibacterium	NA
d6d857679e85f77b060f4b6651217212	1	7.812247503266572e-17	0.5156406726742813	1.5150564952042475e-16	0.9999999999999999	0.9999999999999999	d__Bacteria	p__Bacillota	c__Clostridia	o__Oscillospirales	f__Ruminococcaceae	NA	NA
c48070f3061b086b60ff32f77e0002fa	1	7.812247503266572e-17	0.5156406726742813	1.5150564952042475e-16	0.9999999999999999	0.9999999999999999	d__Bacteria	p__Bacillota	c__Clostridia	o__Oscillospirales	f__Ruminococcaceae	g__Gemmiger	NA
d2225401f14ec41f51e04588454969b7	1	7.812247503266572e-17	0.5156406726742813	1.5150564952042475e-16	0.9999999999999999	0.9999999999999999	d__Bacteria	p__Bacillota	c__Clostridia	o__Oscillospirales	f__Ruminococcaceae	NA	NA
b892a377de283ef34540e60931454d35	1	7.812247503266572e-17	0.5156406726742813	1.5150564952042475e-16	0.9999999999999999	0.9999999999999999	d__Bacteria	p__Bacillota	c__Clostridia	o__Oscillospirales	f__Ruminococcaceae	g__Gemmiger	NA
2117b7ad8596640d6b70046a1b9806fe	1	7.812247503266572e-17	0.5156406726742813	1.5150564952042475e-16	0.9999999999999999	0.9999999999999999	d__Bacteria	p__Bacillota	c__Clostridia	o__Oscillospirales	f__Ruminococcaceae	g__Gemmiger	NA
b726627e18f29e0da5289f81ca294f92	1	7.812247503266572e-17	0.5156406726742813	1.5150564952042475e-16	0.9999999999999999	0.9999999999999999	d__Bacteria	p__Bacillota	c__Clostridia	o__Oscillospirales	f__Ruminococcaceae	g__Gemmiger	NA
7c44d9beb734b1b9609dee8705b886aa	1	7.812247503266572e-17	0.5156406726742813	1.5150564952042475e-16	0.9999999999999999	0.9999999999999999	d__Bacteria	p__Bacillota	c__Clostridia	o__Oscillospirales	f__Ruminococcaceae	g__Gemmiger	NA
c08c41c826072dc8bb892e9305ac1a7b	1	7.812247503266572e-17	0.5156406726742813	1.5150564952042475e-16	0.9999999999999999	0.9999999999999999	d__Bacteria	p__Bacillota	c__Clostridia	o__Oscillospirales	f__Ruminococcaceae	g__Gemmiger	NA
54239c6454a6a3d3a48e90a79744afb7	1	7.812247503266572e-17	0.5156406726742813	1.5150564952042475e-16	0.9999999999999999	0.9999999999999999	d__Bacteria	p__Bacillota	c__Clostridia	o__Oscillospirales	f__Ruminococcaceae	g__Gemmiger	NA
e0fc7e9a421580cbfcfa30cfa0917791	1	7.812247503266572e-17	0.5156406726742813	1.5150564952042475e-16	0.9999999999999999	0.9999999999999999	d__Bacteria	p__Bacillota	c__Clostridia	o__Oscillospirales	f__Ruminococcaceae	NA	NA
9639a3291729a3758207b47715d9205f	1.178082191780822	-8.240817136528583e-8	0.5435220890195585	-1.5161880819588992e-7	0.9999998790256938	0.9999999999999999	d__Bacteria	p__Bacillota	c__Clostridia	o__Oscillospirales	f__Ruminococcaceae	g__Gemmiger	NA
75250c9f20196e6590a231523f1b63be	1	7.812247503266572e-17	0.5156406726742813	1.5150564952042475e-16	0.9999999999999999	0.9999999999999999	d__Bacteria	p__Bacillota	c__Clostridia	o__Oscillospirales	f__Ruminococcaceae	NA	NA
95bf2227469960757c08b536edf1db8d	1	7.812247503266572e-17	0.5156406726742813	1.5150564952042475e-16	0.9999999999999999	0.9999999999999999	d__Bacteria	p__Bacillota	c__Clostridia	o__Oscillospirales	f__Ruminococcaceae	NA	NA
8969bc2e58173c5b645d59c167584d71	1	7.812247503266572e-17	0.5156406726742813	1.5150564952042475e-16	0.9999999999999999	0.9999999999999999	d__Bacteria	p__Bacillota	c__Clostridia	o__Oscillospirales	f__Ruminococcaceae	NA	NA
f5995594664cfbee76fa31c02d71bea5	1	7.812247503266572e-17	0.5156406726742813	1.5150564952042475e-16	0.9999999999999999	0.9999999999999999	d__Bacteria	p__Bacillota	c__Clostridia	o__Oscillospirales	f__Ruminococcaceae	g__Gemmiger	NA
ba1163413c312007563596b45c43e474	1	7.812247503266572e-17	0.5156406726742813	1.5150564952042475e-16	0.9999999999999999	0.9999999999999999	d__Bacteria	p__Bacillota	c__Clostridia	o__Oscillospirales	f__Ruminococcaceae	g__Gemmiger	NA
ea00763b3eff28e6e109d14cb2cff8d5	1	7.812247503266572e-17	0.5156406726742813	1.5150564952042475e-16	0.9999999999999999	0.9999999999999999	d__Bacteria	p__Bacillota	c__Clostridia	o__Oscillospirales	f__Ruminococcaceae	g__Anaerofilum	NA
8a2eb905be3e14870030cc54aa710e04	1	7.812247503266572e-17	0.5156406726742813	1.5150564952042475e-16	0.9999999999999999	0.9999999999999999	d__Bacteria	p__Bacillota	c__Clostridia	o__Oscillospirales	f__Ruminococcaceae	g__Incertae_Sedis	NA
f9a235cb9fc7d750401a46923262099c	1	7.812247503266572e-17	0.5156406726742813	1.5150564952042475e-16	0.9999999999999999	0.9999999999999999	d__Bacteria	p__Bacillota	c__Clostridia	o__Oscillospirales	f__Ruminococcaceae	NA	NA
698c0199aff19d7bce2003b370afef5b	1	7.812247503266572e-17	0.5156406726742813	1.5150564952042475e-16	0.9999999999999999	0.9999999999999999	d__Bacteria	p__Bacillota	c__Clostridia	o__Oscillospirales	f__Ruminococcaceae	g__Fournierella	NA
64b75473aff451e76e946c655fcbb361	1	7.812247503266572e-17	0.5156406726742813	1.5150564952042475e-16	0.9999999999999999	0.9999999999999999	d__Bacteria	p__Bacillota	c__Clostridia	o__Oscillospirales	f__Ruminococcaceae	g__Fournierella	NA
08e78f74d2109bad6845fd1a904cb7a8	1	7.812247503266572e-17	0.5156406726742813	1.5150564952042475e-16	0.9999999999999999	0.9999999999999999	d__Bacteria	p__Bacillota	c__Clostridia	o__Oscillospirales	f__Ruminococcaceae	g__Fournierella	NA
f479c23321346918723839e33a3544f4	1	7.812247503266572e-17	0.5156406726742813	1.5150564952042475e-16	0.9999999999999999	0.9999999999999999	d__Bacteria	p__Bacillota	c__Clostridia	o__Oscillospirales	f__Ruminococcaceae	g__Ruthenibacterium	NA
3c47d1756ee2bde5d0607744e6dbd522	1	7.812247503266572e-17	0.5156406726742813	1.5150564952042475e-16	0.9999999999999999	0.9999999999999999	d__Bacteria	p__Bacillota	c__Clostridia	o__Oscillospirales	f__Ruminococcaceae	g__Ruthenibacterium	NA
3996dd9c5d3c14824bae483a0cd35e7b	1.095890410958904	0.3833285446564808	0.4974508147037047	0.7705858214038743	0.44095246795816384	0.9999999999999999	d__Bacteria	p__Bacillota	c__Clostridia	o__Oscillospirales	f__Ruminococcaceae	g__Ruthenibacterium	NA
9bcdff78f108f90ce33eea9907c345d2	1	7.812247503266572e-17	0.5156406726742813	1.5150564952042475e-16	0.9999999999999999	0.9999999999999999	d__Bacteria	p__Bacillota	c__Clostridia	o__Oscillospirales	f__Ruminococcaceae	NA	NA
b48ab571a89a6f8e4839593015db7403	1	7.812247503266572e-17	0.5156406726742813	1.5150564952042475e-16	0.9999999999999999	0.9999999999999999	d__Bacteria	p__Bacillota	c__Clostridia	o__Oscillospirales	f__Ruminococcaceae	NA	NA
030e9f546dc8475a2502f2e316d6408e	1	7.812247503266572e-17	0.5156406726742813	1.5150564952042475e-16	0.9999999999999999	0.9999999999999999	d__Bacteria	p__Bacillota	c__Clostridia	o__Oscillospirales	f__Ruminococcaceae	NA	NA
f4bace87750c8c5b7697f61826634acb	1	7.812247503266572e-17	0.5156406726742813	1.5150564952042475e-16	0.9999999999999999	0.9999999999999999	d__Bacteria	p__Bacillota	c__Clostridia	o__Oscillospirales	f__Ruminococcaceae	NA	NA
c54ecd701d322d197b9000b235740969	1	7.812247503266572e-17	0.5156406726742813	1.5150564952042475e-16	0.9999999999999999	0.9999999999999999	d__Bacteria	p__Bacillota	c__Clostridia	o__Oscillospirales	f__Ruminococcaceae	NA	NA
c01bd0ac2dcabcf23fb54efd8b9f1db7	1	7.812247503266572e-17	0.5156406726742813	1.5150564952042475e-16	0.9999999999999999	0.9999999999999999	d__Bacteria	p__Bacillota	c__Clostridia	o__Oscillospirales	f__Ruminococcaceae	NA	NA
8e2daae0f076acb2d186378cb883210a	1	7.812247503266572e-17	0.5156406726742813	1.5150564952042475e-16	0.9999999999999999	0.9999999999999999	d__Bacteria	p__Bacillota	c__Clostridia	o__Oscillospirales	f__Ruminococcaceae	NA	NA
5bc6fef07d91f032128376191a454576	1	7.812247503266572e-17	0.5156406726742813	1.5150564952042475e-16	0.9999999999999999	0.9999999999999999	d__Bacteria	p__Bacillota	c__Clostridia	o__Oscillospirales	f__Ruminococcaceae	g__Faecalibacterium	NA
d30f25f7cea858e96e06a0c05c5d9256	1	7.812247503266572e-17	0.5156406726742813	1.5150564952042475e-16	0.9999999999999999	0.9999999999999999	d__Bacteria	p__Bacillota	c__Clostridia	o__Oscillospirales	f__Ruminococcaceae	g__Faecalibacterium	NA
369d99b22aa34cca1a277a7a62118a34	1	7.812247503266572e-17	0.5156406726742813	1.5150564952042475e-16	0.9999999999999999	0.9999999999999999	d__Bacteria	p__Bacillota	c__Clostridia	o__Oscillospirales	f__Ruminococcaceae	g__Faecalibacterium	NA
85d4001bee12be1087e1aee230a69080	1.095890410958904	0.38332854465648025	0.4974508147036997	0.7705858214038811	0.44095246795815973	0.9999999999999999	d__Bacteria	p__Bacillota	c__Clostridia	o__Oscillospirales	f__Ruminococcaceae	g__Faecalibacterium	NA
f5ae0c18690daa5d49aa37aa6500c6d3	1	7.812247503266572e-17	0.5156406726742813	1.5150564952042475e-16	0.9999999999999999	0.9999999999999999	d__Bacteria	p__Bacillota	c__Clostridia	o__Oscillospirales	f__Ruminococcaceae	g__Faecalibacterium	NA
5edd946e0a26ae1c85ed8c498c328387	1	7.812247503266572e-17	0.5156406726742813	1.5150564952042475e-16	0.9999999999999999	0.9999999999999999	d__Bacteria	p__Bacillota	c__Clostridia	o__Oscillospirales	f__Ruminococcaceae	g__Faecalibacterium	NA
99a5ad295ab4d905ff35ce528b6ce4c1	1	7.812247503266572e-17	0.5156406726742813	1.5150564952042475e-16	0.9999999999999999	0.9999999999999999	d__Bacteria	p__Bacillota	c__Clostridia	o__Oscillospirales	f__Ruminococcaceae	g__Faecalibacterium	NA
3b7622de07b181ba38292243d116b233	1	7.812247503266572e-17	0.5156406726742813	1.5150564952042475e-16	0.9999999999999999	0.9999999999999999	d__Bacteria	p__Bacillota	c__Clostridia	o__Oscillospirales	f__Ruminococcaceae	g__Faecalibacterium	NA
7c8c3f278fd565d8173c390d343f61e3	1	7.812247503266572e-17	0.5156406726742813	1.5150564952042475e-16	0.9999999999999999	0.9999999999999999	d__Bacteria	p__Bacillota	c__Clostridia	o__Oscillospirales	f__Ruminococcaceae	g__Incertae_Sedis	NA
9e82e5935f292341fd65fc2497728918	1	7.812247503266572e-17	0.5156406726742813	1.5150564952042475e-16	0.9999999999999999	0.9999999999999999	d__Bacteria	p__Bacillota	c__Clostridia	o__Oscillospirales	f__Oscillospiraceae	g__UCG-005	NA
aae4c4ed528ae16ec417df816699cfdb	1	7.812247503266572e-17	0.5156406726742813	1.5150564952042475e-16	0.9999999999999999	0.9999999999999999	d__Bacteria	p__Bacillota	c__Clostridia	o__Oscillospirales	f__Oscillospiraceae	g__UCG-005	NA
aa72f8f170f758d18e7d96708fb3841c	1	7.812247503266572e-17	0.5156406726742813	1.5150564952042475e-16	0.9999999999999999	0.9999999999999999	d__Bacteria	p__Bacillota	c__Clostridia	o__Oscillospirales	f__Butyricicoccaceae	g__Butyricicoccus	NA
1d35d0a2fb99c554d8a1d71d4c19fe95	1	7.812247503266572e-17	0.5156406726742813	1.5150564952042475e-16	0.9999999999999999	0.9999999999999999	d__Bacteria	p__Bacillota	c__Clostridia	o__Oscillospirales	f__Butyricicoccaceae	g__Incertae_Sedis	NA
3f6dce06719bb11b6b9bbb8f2c8a5644	1	7.812247503266572e-17	0.5156406726742813	1.5150564952042475e-16	0.9999999999999999	0.9999999999999999	d__Bacteria	p__Bacillota	c__Clostridia	o__Oscillospirales	f__Butyricicoccaceae	g__Agathobaculum	NA
4eca7561a3fdba12a569dbdc5f10b182	1	7.812247503266572e-17	0.5156406726742813	1.5150564952042475e-16	0.9999999999999999	0.9999999999999999	d__Bacteria	p__Bacillota	c__Clostridia	o__Oscillospirales	f__Butyricicoccaceae	g__Agathobaculum	NA
df16a09f3e448ddd3b1ec54066d3081d	1	7.812247503266572e-17	0.5156406726742813	1.5150564952042475e-16	0.9999999999999999	0.9999999999999999	d__Bacteria	p__Bacillota	c__Clostridia	o__Oscillospirales	f__Butyricicoccaceae	g__Agathobaculum	NA
a18c0c17fce3d52dc60506e8730bc996	1	7.812247503266572e-17	0.5156406726742813	1.5150564952042475e-16	0.9999999999999999	0.9999999999999999	d__Bacteria	p__Bacillota	c__Clostridia	o__Oscillospirales	f__Butyricicoccaceae	g__Agathobaculum	NA
c82c7b675ce5c6a0d3eca83879abf4aa	1	7.812247503266572e-17	0.5156406726742813	1.5150564952042475e-16	0.9999999999999999	0.9999999999999999	d__Bacteria	p__Bacillota	c__Clostridia	o__Oscillospirales	f__Butyricicoccaceae	g__Agathobaculum	NA
3f9afe17105dd0c33bf41ce08824f362	1	7.812247503266572e-17	0.5156406726742813	1.5150564952042475e-16	0.9999999999999999	0.9999999999999999	d__Bacteria	p__Bacillota	c__Clostridia	o__Oscillospirales	f__Butyricicoccaceae	g__Agathobaculum	NA
0b9d02f4aac5b03c9aee0ce31e90bc0d	1	7.812247503266572e-17	0.5156406726742813	1.5150564952042475e-16	0.9999999999999999	0.9999999999999999	d__Bacteria	p__Bacillota	c__Clostridia	o__Oscillospirales	f__Butyricicoccaceae	g__Agathobaculum	NA
6d52536b55ab19ff41c247db9d081d01	1	7.812247503266572e-17	0.5156406726742813	1.5150564952042475e-16	0.9999999999999999	0.9999999999999999	d__Bacteria	p__Bacillota	c__Clostridia	o__Oscillospirales	f__Butyricicoccaceae	g__Agathobaculum	NA
83f009e01a309a924a43fc05380b9920	1	7.812247503266572e-17	0.5156406726742813	1.5150564952042475e-16	0.9999999999999999	0.9999999999999999	d__Bacteria	p__Bacillota	c__Clostridia	o__Oscillospirales	f__Butyricicoccaceae	g__Agathobaculum	NA
334c54be1e2a2732900e652f8a78d60b	1	7.812247503266572e-17	0.5156406726742813	1.5150564952042475e-16	0.9999999999999999	0.9999999999999999	d__Bacteria	p__Bacillota	c__Clostridia	o__Oscillospirales	f__Butyricicoccaceae	g__Agathobaculum	NA
668f346d14385b50c7242f1fd81cf04a	1	7.812247503266572e-17	0.5156406726742813	1.5150564952042475e-16	0.9999999999999999	0.9999999999999999	d__Bacteria	p__Bacillota	c__Clostridia	o__Oscillospirales	f__Butyricicoccaceae	g__Agathobaculum	NA
cc4ec80d286c96c8a46b2941b2466038	1	7.812247503266572e-17	0.5156406726742813	1.5150564952042475e-16	0.9999999999999999	0.9999999999999999	d__Bacteria	p__Bacillota	c__Clostridia	o__Oscillospirales	f__Butyricicoccaceae	g__Agathobaculum	NA
b9c68e187b8aa47ae6ded42e4aa81be1	1	7.812247503266572e-17	0.5156406726742813	1.5150564952042475e-16	0.9999999999999999	0.9999999999999999	d__Bacteria	p__Bacillota	c__Clostridia	o__Oscillospirales	f__Butyricicoccaceae	g__Agathobaculum	NA
a07dbd6b81597b810de81ac0ad6caf26	1	7.812247503266572e-17	0.5156406726742813	1.5150564952042475e-16	0.9999999999999999	0.9999999999999999	d__Bacteria	p__Bacillota	c__Clostridia	o__Oscillospirales	f__Butyricicoccaceae	g__Agathobaculum	NA
560eea58f9921c6dbca7f9604bd352bf	1	7.812247503266572e-17	0.5156406726742813	1.5150564952042475e-16	0.9999999999999999	0.9999999999999999	d__Bacteria	p__Bacillota	c__Clostridia	o__Oscillospirales	f__Butyricicoccaceae	g__Agathobaculum	NA
fff9fd9fdd5a143852810cc1efda341f	1	7.812247503266572e-17	0.5156406726742813	1.5150564952042475e-16	0.9999999999999999	0.9999999999999999	d__Bacteria	p__Bacillota	c__Clostridia	o__Oscillospirales	f__Butyricicoccaceae	g__Butyricicoccus	NA
a1720628c4f47b9107208f814f56fcf5	1	7.812247503266572e-17	0.5156406726742813	1.5150564952042475e-16	0.9999999999999999	0.9999999999999999	d__Bacteria	p__Bacillota	c__Clostridia	o__Oscillospirales	f__Butyricicoccaceae	g__Butyricicoccus	NA
adb3b44f743586c33d9be6bd90d9dd1c	1	7.812247503266572e-17	0.5156406726742813	1.5150564952042475e-16	0.9999999999999999	0.9999999999999999	d__Bacteria	p__Bacillota	c__Clostridia	o__Oscillospirales	f__Butyricicoccaceae	g__UCG-008	NA
ba23cfca57df968954f7f4698422bee6	1	7.812247503266572e-17	0.5156406726742813	1.5150564952042475e-16	0.9999999999999999	0.9999999999999999	d__Bacteria	p__Bacillota	c__Clostridia	o__Oscillospirales	f__Butyricicoccaceae	NA	NA
63e7b429d91966909c8b2e461d471b7c	1	7.812247503266572e-17	0.5156406726742813	1.5150564952042475e-16	0.9999999999999999	0.9999999999999999	d__Bacteria	p__Bacillota	c__Clostridia	o__Oscillospirales	f__Butyricicoccaceae	g__Butyricicoccus	NA
afa3e197ab31aa17a760b9a076eb42f3	1	7.812247503266572e-17	0.5156406726742813	1.5150564952042475e-16	0.9999999999999999	0.9999999999999999	d__Bacteria	p__Bacillota	c__Clostridia	o__Oscillospirales	f__Oscillospiraceae	g__UCG-005	NA
ee6f1ad3007b7380824da57876e6c8c3	1	7.812247503266572e-17	0.5156406726742813	1.5150564952042475e-16	0.9999999999999999	0.9999999999999999	d__Bacteria	p__Bacillota	c__Clostridia	o__Oscillospirales	f__Oscillospiraceae	g__UCG-005	NA
b76fb65897eec48dec94d23d66c0f8f0	1	7.812247503266572e-17	0.5156406726742813	1.5150564952042475e-16	0.9999999999999999	0.9999999999999999	d__Bacteria	p__Bacillota	c__Clostridia	o__Oscillospirales	f__Oscillospiraceae	g__UCG-005	NA
341caff1300aa78cd6d20a52e037a0f7	1	7.812247503266572e-17	0.5156406726742813	1.5150564952042475e-16	0.9999999999999999	0.9999999999999999	d__Bacteria	p__Bacillota	c__Clostridia	o__Oscillospirales	f__Oscillospiraceae	g__UCG-005	NA
8a80b5cf4ed21ee1617aa27d0542d4a2	1	7.812247503266572e-17	0.5156406726742813	1.5150564952042475e-16	0.9999999999999999	0.9999999999999999	d__Bacteria	p__Bacillota	c__Clostridia	o__Oscillospirales	f__Oscillospiraceae	g__UCG-005	NA
c2da7cc0247443dccd2e3d6a62f7be45	1	7.812247503266572e-17	0.5156406726742813	1.5150564952042475e-16	0.9999999999999999	0.9999999999999999	d__Bacteria	p__Bacillota	c__Clostridia	o__Oscillospirales	f__Oscillospiraceae	g__UCG-005	NA
5ca4ec70e0319aa4e6e75595df17d8dc	1	7.812247503266572e-17	0.5156406726742813	1.5150564952042475e-16	0.9999999999999999	0.9999999999999999	d__Bacteria	p__Bacillota	c__Clostridia	o__Oscillospirales	f__Oscillospiraceae	g__UCG-005	NA
a5e9c54f5a1e72cdf95bbee9ad459b08	1	7.812247503266572e-17	0.5156406726742813	1.5150564952042475e-16	0.9999999999999999	0.9999999999999999	d__Bacteria	p__Bacillota	c__Clostridia	o__Oscillospirales	f__Oscillospiraceae	g__UCG-005	NA
d61d182d52a4a2670558d6160246ffdb	1	7.812247503266572e-17	0.5156406726742813	1.5150564952042475e-16	0.9999999999999999	0.9999999999999999	d__Bacteria	p__Bacillota	c__Clostridia	o__Oscillospirales	f__Oscillospiraceae	g__UCG-005	NA
420f96256387d77de17ec28d160bb147	1	7.812247503266572e-17	0.5156406726742813	1.5150564952042475e-16	0.9999999999999999	0.9999999999999999	d__Bacteria	p__Bacillota	c__Clostridia	o__Oscillospirales	f__Oscillospiraceae	g__Incertae_Sedis	NA
eec38d4824a43492a8ff0f19a69bd331	1	7.812247503266572e-17	0.5156406726742813	1.5150564952042475e-16	0.9999999999999999	0.9999999999999999	d__Bacteria	p__Bacillota	c__Clostridia	o__Oscillospirales	f__Oscillospiraceae	g__Incertae_Sedis	NA
eed2ad9c2d5b732094c15f0902f14d2c	1	7.812247503266572e-17	0.5156406726742813	1.5150564952042475e-16	0.9999999999999999	0.9999999999999999	d__Bacteria	p__Bacillota	c__Clostridia	o__Oscillospirales	f__Oscillospiraceae	g__UCG-005	NA
546e7f4c8e7d5c2e5b469cac519e61a3	1	7.812247503266572e-17	0.5156406726742813	1.5150564952042475e-16	0.9999999999999999	0.9999999999999999	d__Bacteria	p__Bacillota	c__Clostridia	o__Oscillospirales	f__Oscillospiraceae	g__UCG-005	NA
4bd01f90398375480101204bbcdd2ceb	1	7.812247503266572e-17	0.5156406726742813	1.5150564952042475e-16	0.9999999999999999	0.9999999999999999	d__Bacteria	p__Bacillota	c__Clostridia	o__Oscillospirales	f__Oscillospiraceae	g__UCG-005	NA
0f603a9018080b298f6f858569d3b3e2	1	7.812247503266572e-17	0.5156406726742813	1.5150564952042475e-16	0.9999999999999999	0.9999999999999999	d__Bacteria	p__Bacillota	c__Clostridia	o__Oscillospirales	f__Oscillospiraceae	g__UCG-005	NA
b2506d7e0328de8e0b8e68da4f7fad5e	1	7.812247503266572e-17	0.5156406726742813	1.5150564952042475e-16	0.9999999999999999	0.9999999999999999	d__Bacteria	p__Bacillota	c__Clostridia	o__Oscillospirales	f__Oscillospiraceae	g__UCG-005	NA
c5bbe83eefb639e05548b52ee3aae3c6	1	7.812247503266572e-17	0.5156406726742813	1.5150564952042475e-16	0.9999999999999999	0.9999999999999999	d__Bacteria	p__Bacillota	c__Clostridia	o__Oscillospirales	f__Oscillospiraceae	g__UCG-005	NA
72cd34940774e5a124c5a11458fcdb69	1	7.812247503266572e-17	0.5156406726742813	1.5150564952042475e-16	0.9999999999999999	0.9999999999999999	d__Bacteria	p__Bacillota	c__Clostridia	o__Oscillospirales	f__Oscillospiraceae	g__UCG-005	NA
68d79c3035521e82b504b081a197d2ed	1	7.812247503266572e-17	0.5156406726742813	1.5150564952042475e-16	0.9999999999999999	0.9999999999999999	d__Bacteria	p__Bacillota	c__Clostridia	o__Oscillospirales	f__Oscillospiraceae	g__UCG-002	NA
238f459856f984d95bf763ecc7e482c9	1	7.812247503266572e-17	0.5156406726742813	1.5150564952042475e-16	0.9999999999999999	0.9999999999999999	d__Bacteria	p__Bacillota	c__Clostridia	o__Oscillospirales	f__Oscillospiraceae	g__UCG-002	NA
f8d1b6567bca78638227d413f6170e06	1	7.812247503266572e-17	0.5156406726742813	1.5150564952042475e-16	0.9999999999999999	0.9999999999999999	d__Bacteria	p__Bacillota	c__Clostridia	o__Oscillospirales	f__Oscillospiraceae	g__UCG-002	NA
16530e5b50b780018210dac05a471715	1	7.812247503266572e-17	0.5156406726742813	1.5150564952042475e-16	0.9999999999999999	0.9999999999999999	d__Bacteria	p__Bacillota	c__Clostridia	o__Oscillospirales	f__Oscillospiraceae	g__UCG-002	NA
609d1ae0045de753ac19f31803e3e19d	1.0684931506849316	-3.135216092407516e-8	0.5172288305685874	-6.061564837677333e-8	0.99999995163571	0.9999999999999999	d__Bacteria	p__Bacillota	c__Clostridia	o__Oscillospirales	f__Oscillospiraceae	g__UCG-002	NA
57b4d2f4c517fee7b768d372c4af4b39	1	7.812247503266572e-17	0.5156406726742813	1.5150564952042475e-16	0.9999999999999999	0.9999999999999999	d__Bacteria	p__Bacillota	c__Clostridia	o__Oscillospirales	f__Oscillospiraceae	g__UCG-002	NA
880005af6ed906f0687f0a3f95a078d1	1	7.812247503266572e-17	0.5156406726742813	1.5150564952042475e-16	0.9999999999999999	0.9999999999999999	d__Bacteria	p__Bacillota	c__Clostridia	o__Oscillospirales	f__Oscillospiraceae	g__UCG-002	NA
84f9cf6d08ccc7adb4e945c4fd8be494	1	7.812247503266572e-17	0.5156406726742813	1.5150564952042475e-16	0.9999999999999999	0.9999999999999999	d__Bacteria	p__Bacillota	c__Clostridia	o__Oscillospirales	f__Oscillospiraceae	g__UCG-002	NA
32cc17e12d08b4011ab0ec8c393fd12c	1	7.812247503266572e-17	0.5156406726742813	1.5150564952042475e-16	0.9999999999999999	0.9999999999999999	d__Bacteria	p__Bacillota	c__Clostridia	o__Oscillospirales	f__Oscillospiraceae	g__UCG-002	NA
5db43e823373034e9859cb2ab2f8975c	1	7.812247503266572e-17	0.5156406726742813	1.5150564952042475e-16	0.9999999999999999	0.9999999999999999	d__Bacteria	p__Bacillota	c__Clostridia	o__Oscillospirales	f__Oscillospiraceae	g__UCG-002	NA
c26af4c22f01bb994a68df0c15a529a3	1	7.812247503266572e-17	0.5156406726742813	1.5150564952042475e-16	0.9999999999999999	0.9999999999999999	d__Bacteria	p__Bacillota	c__Clostridia	o__Oscillospirales	f__Oscillospiraceae	g__Oscillospira	NA
d0833ce681acbdd482a03911d447756d	1	7.812247503266572e-17	0.5156406726742813	1.5150564952042475e-16	0.9999999999999999	0.9999999999999999	d__Bacteria	p__Bacillota	c__Clostridia	o__Oscillospirales	f__Oscillospiraceae	g__UCG-003	NA
a08d9fb331013d69d364bd4e2be56825	1	7.812247503266572e-17	0.5156406726742813	1.5150564952042475e-16	0.9999999999999999	0.9999999999999999	d__Bacteria	p__Bacillota	c__Clostridia	o__Oscillospirales	f__Oscillospiraceae	g__UCG-003	NA
9554cc3833549c23e480e5fe4990f4be	1	7.812247503266572e-17	0.5156406726742813	1.5150564952042475e-16	0.9999999999999999	0.9999999999999999	d__Bacteria	p__Bacillota	c__Clostridia	o__Oscillospirales	f__Oscillospiraceae	g__UCG-003	NA
5d08d1eb4b8a0672652dd0fc0af2dcf0	1	7.812247503266572e-17	0.5156406726742813	1.5150564952042475e-16	0.9999999999999999	0.9999999999999999	d__Bacteria	p__Bacillota	c__Clostridia	o__Oscillospirales	f__Oscillospiraceae	g__UCG-003	NA
8344e260ce01e13cc4d54896656d457b	1	7.812247503266572e-17	0.5156406726742813	1.5150564952042475e-16	0.9999999999999999	0.9999999999999999	d__Bacteria	p__Bacillota	c__Clostridia	o__Oscillospirales	f__Oscillospiraceae	g__UCG-003	NA
3120660c883750285d85c12f7d898f67	1	7.812247503266572e-17	0.5156406726742813	1.5150564952042475e-16	0.9999999999999999	0.9999999999999999	d__Bacteria	p__Bacillota	c__Clostridia	o__Oscillospirales	f__Oscillospiraceae	g__Oscillibacter	NA
2595bf1e701879b086a24e1a2b114857	1	7.812247503266572e-17	0.5156406726742813	1.5150564952042475e-16	0.9999999999999999	0.9999999999999999	d__Bacteria	p__Bacillota	c__Clostridia	o__Oscillospirales	f__Oscillospiraceae	g__Oscillibacter	NA
77c2dc197e6b3dbebc4ee240c6a1c559	1	7.812247503266572e-17	0.5156406726742813	1.5150564952042475e-16	0.9999999999999999	0.9999999999999999	d__Bacteria	p__Bacillota	c__Clostridia	o__Oscillospirales	f__Oscillospiraceae	g__Oscillibacter	NA
b641fe32cb306c79f3a44cb4ebc9dcfe	1	7.812247503266572e-17	0.5156406726742813	1.5150564952042475e-16	0.9999999999999999	0.9999999999999999	d__Bacteria	p__Bacillota	c__Clostridia	o__Oscillospirales	f__Oscillospiraceae	g__Oscillibacter	NA
ac4274f46d9ec670be0cfb4126304a8d	1	7.812247503266572e-17	0.5156406726742813	1.5150564952042475e-16	0.9999999999999999	0.9999999999999999	d__Bacteria	p__Bacillota	c__Clostridia	o__Oscillospirales	f__Oscillospiraceae	g__Oscillibacter	NA
2b74579818ffe688c15e0e2816a7c339	1	7.812247503266572e-17	0.5156406726742813	1.5150564952042475e-16	0.9999999999999999	0.9999999999999999	d__Bacteria	p__Bacillota	c__Clostridia	o__Oscillospirales	f__Oscillospiraceae	g__Oscillibacter	NA
8dcfdd3643e8a1b873a013d7c15804dd	1	7.812247503266572e-17	0.5156406726742813	1.5150564952042475e-16	0.9999999999999999	0.9999999999999999	d__Bacteria	p__Bacillota	c__Clostridia	o__Oscillospirales	f__Oscillospiraceae	g__Oscillibacter	NA
7d4a5bce832b90560fefa4a3727807a4	1	7.812247503266572e-17	0.5156406726742813	1.5150564952042475e-16	0.9999999999999999	0.9999999999999999	d__Bacteria	p__Bacillota	c__Clostridia	o__Oscillospirales	f__Oscillospiraceae	g__Oscillospira	NA
d1dfa014363e0f9510af2b404d268409	1	7.812247503266572e-17	0.5156406726742813	1.5150564952042475e-16	0.9999999999999999	0.9999999999999999	d__Bacteria	p__Bacillota	c__Clostridia	o__Oscillospirales	f__Oscillospiraceae	g__Oscillospira	NA
32cd36db3b176689d81c65ddb6c17140	1	7.812247503266572e-17	0.5156406726742813	1.5150564952042475e-16	0.9999999999999999	0.9999999999999999	d__Bacteria	p__Bacillota	c__Clostridia	o__Oscillospirales	f__Oscillospiraceae	NA	NA
09d981dc93a29f773c4d5167829257ec	1	7.812247503266572e-17	0.5156406726742813	1.5150564952042475e-16	0.9999999999999999	0.9999999999999999	d__Bacteria	p__Bacillota	c__Clostridia	o__Oscillospirales	f__Oscillospiraceae	NA	NA
1e97042b60d468d9cc9fadf7213b4a72	1	7.812247503266572e-17	0.5156406726742813	1.5150564952042475e-16	0.9999999999999999	0.9999999999999999	d__Bacteria	p__Bacillota	c__Clostridia	o__Oscillospirales	f__Oscillospiraceae	g__UCG-002	NA
0d16f2185d6818fc380ae27c076b91aa	1	7.812247503266572e-17	0.5156406726742813	1.5150564952042475e-16	0.9999999999999999	0.9999999999999999	d__Bacteria	p__Bacillota	c__Clostridia	o__Oscillospirales	f__Oscillospiraceae	g__UCG-002	NA
a524dd50750ecb55086cc5d423b68aa7	1	7.812247503266572e-17	0.5156406726742813	1.5150564952042475e-16	0.9999999999999999	0.9999999999999999	d__Bacteria	p__Bacillota	c__Clostridia	o__Oscillospirales	f__Oscillospiraceae	g__UCG-002	NA
05ca223d6709b8351e39b978a98ac176	1	7.812247503266572e-17	0.5156406726742813	1.5150564952042475e-16	0.9999999999999999	0.9999999999999999	d__Bacteria	p__Bacillota	c__Clostridia	o__Oscillospirales	f__Oscillospiraceae	g__UCG-002	NA
6762fddad46b19f50d375edab0529fa6	1	7.812247503266572e-17	0.5156406726742813	1.5150564952042475e-16	0.9999999999999999	0.9999999999999999	d__Bacteria	p__Bacillota	c__Clostridia	o__Oscillospirales	f__Oscillospiraceae	g__UCG-002	NA
9192b3275c36e56540678451adfa601f	1	7.812247503266572e-17	0.5156406726742813	1.5150564952042475e-16	0.9999999999999999	0.9999999999999999	d__Bacteria	p__Bacillota	c__Clostridia	o__Oscillospirales	f__Oscillospiraceae	g__UCG-002	NA
54ec3041ed02d098b3c5e4395466c441	1	7.812247503266572e-17	0.5156406726742813	1.5150564952042475e-16	0.9999999999999999	0.9999999999999999	d__Bacteria	p__Bacillota	c__Clostridia	o__Oscillospirales	f__Oscillospiraceae	g__UCG-002	NA
45f1b2beaa5b511a7912de82bc36cc50	1	7.812247503266572e-17	0.5156406726742813	1.5150564952042475e-16	0.9999999999999999	0.9999999999999999	d__Bacteria	p__Bacillota	c__Clostridia	o__Oscillospirales	f__Oscillospiraceae	g__UCG-002	NA
3219af75ee8056ed06ba81e873b0d0cb	1	7.812247503266572e-17	0.5156406726742813	1.5150564952042475e-16	0.9999999999999999	0.9999999999999999	d__Bacteria	p__Bacillota	c__Clostridia	o__Oscillospirales	f__Oscillospiraceae	g__UCG-002	NA
13e5e67a2599db5c3cdfa82c4c9ea6fd	1	7.812247503266572e-17	0.5156406726742813	1.5150564952042475e-16	0.9999999999999999	0.9999999999999999	d__Bacteria	p__Bacillota	c__Clostridia	o__Oscillospirales	f__Oscillospiraceae	g__NK4A214_group	NA
81d231c420963eaa054991ff732a0b9f	1	7.812247503266572e-17	0.5156406726742813	1.5150564952042475e-16	0.9999999999999999	0.9999999999999999	d__Bacteria	p__Bacillota	c__Clostridia	o__Clostridia_UCG-014	f__Incertae_Sedis	g__Incertae_Sedis	NA
39b16a879dc7d7d2392dee90b32af689	1	7.812247503266572e-17	0.5156406726742813	1.5150564952042475e-16	0.9999999999999999	0.9999999999999999	d__Bacteria	p__Bacillota	c__Clostridia	o__Clostridia_UCG-014	f__Incertae_Sedis	g__Incertae_Sedis	NA
7614f2b3482aeb13a9cf183ec1213b51	1	7.812247503266572e-17	0.5156406726742813	1.5150564952042475e-16	0.9999999999999999	0.9999999999999999	d__Bacteria	p__Bacillota	c__Clostridia	o__Clostridia_UCG-014	f__Incertae_Sedis	g__Incertae_Sedis	NA
0bae11e18b7d5b6f905fcb2cecf94bcf	1	7.812247503266572e-17	0.5156406726742813	1.5150564952042475e-16	0.9999999999999999	0.9999999999999999	d__Bacteria	p__Bacillota	c__Clostridia	o__Clostridia_UCG-014	f__Incertae_Sedis	g__Incertae_Sedis	NA
1bc1f0e94c2e5c3f32e5b2746769efb4	1	7.812247503266572e-17	0.5156406726742813	1.5150564952042475e-16	0.9999999999999999	0.9999999999999999	d__Bacteria	p__Bacillota	c__Clostridia	o__Clostridia_UCG-014	f__Incertae_Sedis	g__Incertae_Sedis	NA
eb51a6482b09f0c5962e362d2d23abb9	1	7.812247503266572e-17	0.5156406726742813	1.5150564952042475e-16	0.9999999999999999	0.9999999999999999	d__Bacteria	p__Bacillota	c__Clostridia	o__Clostridia_UCG-014	f__Incertae_Sedis	g__Incertae_Sedis	NA
6db169339ee5897780e713c44784d74a	1	7.812247503266572e-17	0.5156406726742813	1.5150564952042475e-16	0.9999999999999999	0.9999999999999999	d__Bacteria	p__Bacillota	c__Clostridia	o__Clostridia_UCG-014	f__Incertae_Sedis	g__Incertae_Sedis	NA
13b3d0dec3cd9fb5f2a5693d5a131497	1	7.812247503266572e-17	0.5156406726742813	1.5150564952042475e-16	0.9999999999999999	0.9999999999999999	d__Bacteria	p__Bacillota	c__Clostridia	o__Clostridia_UCG-014	f__Incertae_Sedis	g__Incertae_Sedis	NA
22c159771ea409e7a5cf617dae2ec8f0	1	7.812247503266572e-17	0.5156406726742813	1.5150564952042475e-16	0.9999999999999999	0.9999999999999999	d__Bacteria	p__Bacillota	c__Clostridia	o__Clostridia_UCG-014	f__Incertae_Sedis	g__Incertae_Sedis	NA
0e3e4513e61848ed7e032f1ddbc6f42e	1	7.812247503266572e-17	0.5156406726742813	1.5150564952042475e-16	0.9999999999999999	0.9999999999999999	d__Bacteria	p__Bacillota	c__Clostridia	o__Clostridia_UCG-014	f__Incertae_Sedis	g__Incertae_Sedis	NA
a2d300d1e9c621dbc5239cc092d433c3	1	7.812247503266572e-17	0.5156406726742813	1.5150564952042475e-16	0.9999999999999999	0.9999999999999999	d__Bacteria	p__Bacillota	c__Clostridia	o__Clostridia_UCG-014	f__Incertae_Sedis	g__Incertae_Sedis	NA
43202fe954709a694e31c3a1be7e889b	1	7.812247503266572e-17	0.5156406726742813	1.5150564952042475e-16	0.9999999999999999	0.9999999999999999	d__Bacteria	p__Bacillota	c__Clostridia	o__Clostridia_UCG-014	f__Incertae_Sedis	g__Incertae_Sedis	NA
cb5e325b529422ecb69187e9769717ce	1	7.812247503266572e-17	0.5156406726742813	1.5150564952042475e-16	0.9999999999999999	0.9999999999999999	d__Bacteria	p__Bacillota	c__Clostridia	o__Clostridia_UCG-014	f__Incertae_Sedis	g__Incertae_Sedis	NA
48ad50f62d6343826d4125a6dcbc3392	1	7.812247503266572e-17	0.5156406726742813	1.5150564952042475e-16	0.9999999999999999	0.9999999999999999	d__Bacteria	p__Bacillota	c__Clostridia	o__Clostridia_UCG-014	f__Incertae_Sedis	g__Incertae_Sedis	NA
77d46a2cdb9594c35e978461a1c3cc56	1	7.812247503266572e-17	0.5156406726742813	1.5150564952042475e-16	0.9999999999999999	0.9999999999999999	d__Bacteria	p__Bacillota	c__Clostridia	o__Clostridia_UCG-014	f__Incertae_Sedis	g__Incertae_Sedis	NA
c97ea25ba069877eac769cb05968724c	1	7.812247503266572e-17	0.5156406726742813	1.5150564952042475e-16	0.9999999999999999	0.9999999999999999	d__Bacteria	p__Bacillota	c__Clostridia	o__Clostridia_UCG-014	f__Incertae_Sedis	g__Incertae_Sedis	NA
02db09efa7c46a21be5fadc51cb17dd8	1	7.812247503266572e-17	0.5156406726742813	1.5150564952042475e-16	0.9999999999999999	0.9999999999999999	d__Bacteria	p__Bacillota	c__Clostridia	o__Clostridia_UCG-014	f__Incertae_Sedis	g__Incertae_Sedis	NA
584e748cbed7518903a643d6de83bafa	1	7.812247503266572e-17	0.5156406726742813	1.5150564952042475e-16	0.9999999999999999	0.9999999999999999	d__Bacteria	p__Bacillota	c__Clostridia	o__Clostridia_UCG-014	f__Incertae_Sedis	g__Incertae_Sedis	NA
3b694fd662a4aaa9f9d17143f0bb3875	1	7.812247503266572e-17	0.5156406726742813	1.5150564952042475e-16	0.9999999999999999	0.9999999999999999	d__Bacteria	p__Bacillota	c__Clostridia	o__Clostridia_UCG-014	f__Incertae_Sedis	g__Incertae_Sedis	NA
abbd5b846e49535be66506ee4c05001d	1	7.812247503266572e-17	0.5156406726742813	1.5150564952042475e-16	0.9999999999999999	0.9999999999999999	d__Bacteria	p__Bacillota	c__Clostridia	o__Clostridia_UCG-014	f__Incertae_Sedis	g__Incertae_Sedis	NA
bbc4db59e83e62944384e429ac6b3c4d	1.0273972602739727	-0.22239230067875507	0.49157213494334673	-0.4524103073995144	0.6509734228357975	0.9999999999999999	d__Bacteria	p__Bacillota	c__Clostridia	o__Clostridia_UCG-014	f__Incertae_Sedis	g__Incertae_Sedis	NA
d84d8cf53693bebb94e836b4204f462f	1	7.812247503266572e-17	0.5156406726742813	1.5150564952042475e-16	0.9999999999999999	0.9999999999999999	d__Bacteria	p__Bacillota	c__Clostridia	o__Clostridia_UCG-014	f__Incertae_Sedis	g__Incertae_Sedis	NA
e5908f0fe871ef3f7022613817868c01	1	7.812247503266572e-17	0.5156406726742813	1.5150564952042475e-16	0.9999999999999999	0.9999999999999999	d__Bacteria	p__Bacillota	c__Clostridia	o__Clostridia_UCG-014	f__Incertae_Sedis	g__Incertae_Sedis	NA
2b1a1826b1a5bae15ba5ffbabc2e473f	1	7.812247503266572e-17	0.5156406726742813	1.5150564952042475e-16	0.9999999999999999	0.9999999999999999	d__Bacteria	p__Bacillota	c__Clostridia	o__Clostridia_UCG-014	f__Incertae_Sedis	g__Incertae_Sedis	NA
ca9cf3f426056b8af4bc32a34838a7ec	1	7.812247503266572e-17	0.5156406726742813	1.5150564952042475e-16	0.9999999999999999	0.9999999999999999	d__Bacteria	p__Bacillota	c__Clostridia	o__Lachnospirales	f__Lachnospiraceae	g__Lachnospiraceae_NK4B4_group	NA
d9179bcf9343454d917bc22530e0a43e	1	7.812247503266572e-17	0.5156406726742813	1.5150564952042475e-16	0.9999999999999999	0.9999999999999999	d__Bacteria	p__Bacillota	c__Clostridia	o__Lachnospirales	f__Lachnospiraceae	g__Anaerobutyricum	NA
5628275be869fb0867257b685f5bcf44	1	7.812247503266572e-17	0.5156406726742813	1.5150564952042475e-16	0.9999999999999999	0.9999999999999999	d__Bacteria	p__Bacillota	c__Clostridia	o__Lachnospirales	f__Lachnospiraceae	g__Anaerobutyricum	NA
af691ca2a4530ac05fa219914939c3ac	1	7.812247503266572e-17	0.5156406726742813	1.5150564952042475e-16	0.9999999999999999	0.9999999999999999	d__Bacteria	p__Bacillota	c__Clostridia	o__Lachnospirales	f__Lachnospiraceae	g__Anaerobutyricum	NA
f7fcba0d058116e80c4da213295d257d	1	7.812247503266572e-17	0.5156406726742813	1.5150564952042475e-16	0.9999999999999999	0.9999999999999999	d__Bacteria	p__Bacillota	c__Clostridia	o__Lachnospirales	f__Lachnospiraceae	g__Anaerobutyricum	NA
6851a4ee264b56be2fff4686ce269907	1	7.812247503266572e-17	0.5156406726742813	1.5150564952042475e-16	0.9999999999999999	0.9999999999999999	d__Bacteria	p__Bacillota	c__Clostridia	o__Lachnospirales	f__Lachnospiraceae	g__Anaerobutyricum	NA
aac0099991c8518a5268b1a19a84550b	1	7.812247503266572e-17	0.5156406726742813	1.5150564952042475e-16	0.9999999999999999	0.9999999999999999	d__Bacteria	p__Bacillota	c__Clostridia	o__Lachnospirales	f__Lachnospiraceae	g__Anaerobutyricum	NA
dd80e0a50520c9481217ccdf670781a6	1	7.812247503266572e-17	0.5156406726742813	1.5150564952042475e-16	0.9999999999999999	0.9999999999999999	d__Bacteria	p__Bacillota	c__Clostridia	o__Lachnospirales	f__Lachnospiraceae	g__Anaerobutyricum	NA
50f56fe7a4e3996cc9c49f9abb3c335d	1	7.812247503266572e-17	0.5156406726742813	1.5150564952042475e-16	0.9999999999999999	0.9999999999999999	d__Bacteria	p__Bacillota	c__Clostridia	o__Lachnospirales	f__Lachnospiraceae	g__Anaerobutyricum	NA
6fe42dbb5806cbecbbfe7336526fae49	1	7.812247503266572e-17	0.5156406726742813	1.5150564952042475e-16	0.9999999999999999	0.9999999999999999	d__Bacteria	p__Bacillota	c__Clostridia	o__Lachnospirales	f__Lachnospiraceae	g__Anaerobutyricum	NA
deef8d5043d397cbdc8d4b375d206414	1	7.812247503266572e-17	0.5156406726742813	1.5150564952042475e-16	0.9999999999999999	0.9999999999999999	d__Bacteria	p__Bacillota	c__Clostridia	o__Lachnospirales	f__Lachnospiraceae	g__Anaerobutyricum	NA
87c18e8ee3789954404f2c1a35079a09	1	7.812247503266572e-17	0.5156406726742813	1.5150564952042475e-16	0.9999999999999999	0.9999999999999999	d__Bacteria	p__Bacillota	c__Clostridia	o__Lachnospirales	f__Lachnospiraceae	g__Anaerobutyricum	NA
450a5976afcf7b809d1e75d7fa5943a1	1	7.812247503266572e-17	0.5156406726742813	1.5150564952042475e-16	0.9999999999999999	0.9999999999999999	d__Bacteria	p__Bacillota	c__Clostridia	o__Lachnospirales	f__Lachnospiraceae	g__Anaerobutyricum	NA
7c861f48eaca9c2cacdb0470b609b1d4	1	7.812247503266572e-17	0.5156406726742813	1.5150564952042475e-16	0.9999999999999999	0.9999999999999999	d__Bacteria	p__Bacillota	c__Clostridia	o__Lachnospirales	f__Lachnospiraceae	g__Anaerobutyricum	NA
7aa51c14d0798069548b78e6ef1a9bf4	1	7.812247503266572e-17	0.5156406726742813	1.5150564952042475e-16	0.9999999999999999	0.9999999999999999	d__Bacteria	p__Bacillota	c__Clostridia	o__Lachnospirales	f__Lachnospiraceae	g__Anaerobutyricum	NA
cd454c45a2b54026d5ec1086957a0196	1	7.812247503266572e-17	0.5156406726742813	1.5150564952042475e-16	0.9999999999999999	0.9999999999999999	d__Bacteria	p__Bacillota	c__Clostridia	o__Lachnospirales	f__Lachnospiraceae	g__GCA-900066575	NA
3a2a7cb0fcf3f94a77afecb8c2ca949b	1	7.812247503266572e-17	0.5156406726742813	1.5150564952042475e-16	0.9999999999999999	0.9999999999999999	d__Bacteria	p__Bacillota	c__Clostridia	o__Lachnospirales	f__Lachnospiraceae	g__Catenibacillus	NA
8c8a105de3169d2d55fcb9cfc2f52cf9	1	7.812247503266572e-17	0.5156406726742813	1.5150564952042475e-16	0.9999999999999999	0.9999999999999999	d__Bacteria	p__Bacillota	c__Clostridia	o__Lachnospirales	f__Lachnospiraceae	g__GCA-900066575	NA
923fed1e3a5c67f886eb287b585a924a	1	7.812247503266572e-17	0.5156406726742813	1.5150564952042475e-16	0.9999999999999999	0.9999999999999999	d__Bacteria	p__Bacillota	c__Clostridia	o__Lachnospirales	f__Lachnospiraceae	g__GCA-900066575	NA
b58e7be2917611127935efa19ecd792a	1	7.812247503266572e-17	0.5156406726742813	1.5150564952042475e-16	0.9999999999999999	0.9999999999999999	d__Bacteria	p__Bacillota	c__Clostridia	o__Lachnospirales	f__Lachnospiraceae	g__Lachnospiraceae_FCS020_group	NA
e07b140b135d1c14b1313e0ba5b66baa	1	7.812247503266572e-17	0.5156406726742813	1.5150564952042475e-16	0.9999999999999999	0.9999999999999999	d__Bacteria	p__Bacillota	c__Clostridia	o__Lachnospirales	f__Lachnospiraceae	g__GCA-900066575	NA
36c3c3e931ebb36c143c46739b848668	1	7.812247503266572e-17	0.5156406726742813	1.5150564952042475e-16	0.9999999999999999	0.9999999999999999	d__Bacteria	p__Bacillota	c__Clostridia	o__Lachnospirales	f__Lachnospiraceae	g__GCA-900066575	NA
9102f24242e1917961edaa2bbe2d2890	1	7.812247503266572e-17	0.5156406726742813	1.5150564952042475e-16	0.9999999999999999	0.9999999999999999	d__Bacteria	p__Bacillota	c__Clostridia	o__Lachnospirales	f__Lachnospiraceae	g__Frisingicoccus	NA
70745fa69950bfb64db28e3afff2b1e5	1	7.812247503266572e-17	0.5156406726742813	1.5150564952042475e-16	0.9999999999999999	0.9999999999999999	d__Bacteria	p__Bacillota	c__Clostridia	o__Lachnospirales	f__Lachnospiraceae	g__Frisingicoccus	NA
65990c74559e4adfaa672a884ad7d464	1	7.812247503266572e-17	0.5156406726742813	1.5150564952042475e-16	0.9999999999999999	0.9999999999999999	d__Bacteria	p__Bacillota	c__Clostridia	o__Lachnospirales	f__Lachnospiraceae	g__Coprococcus	NA
32079bbbdce1a901a55f415bf3ab6cb7	1	7.812247503266572e-17	0.5156406726742813	1.5150564952042475e-16	0.9999999999999999	0.9999999999999999	d__Bacteria	p__Bacillota	c__Clostridia	o__Lachnospirales	f__Lachnospiraceae	g__Coprococcus	NA
2880c4a59b13e2e8e9ed8b55352d57a0	1	7.812247503266572e-17	0.5156406726742813	1.5150564952042475e-16	0.9999999999999999	0.9999999999999999	d__Bacteria	p__Bacillota	c__Clostridia	o__Lachnospirales	f__Lachnospiraceae	NA	NA
7ad394d61d61a814631950655009d828	1	7.812247503266572e-17	0.5156406726742813	1.5150564952042475e-16	0.9999999999999999	0.9999999999999999	d__Bacteria	p__Bacillota	c__Clostridia	o__Lachnospirales	f__Lachnospiraceae	g__Catenibacillus	NA
1a78539b37f0546f2a1643da51ce7636	1	7.812247503266572e-17	0.5156406726742813	1.5150564952042475e-16	0.9999999999999999	0.9999999999999999	d__Bacteria	p__Bacillota	c__Clostridia	o__Lachnospirales	f__Lachnospiraceae	g__Cuneatibacter	NA
a55a010c9525ce2943a553dca1421b1c	1	7.812247503266572e-17	0.5156406726742813	1.5150564952042475e-16	0.9999999999999999	0.9999999999999999	d__Bacteria	p__Bacillota	c__Clostridia	o__Lachnospirales	f__Lachnospiraceae	g__[Eubacterium]_ventriosum_group	NA
f50508546ae13143015f8c4cb976d0e4	1	7.812247503266572e-17	0.5156406726742813	1.5150564952042475e-16	0.9999999999999999	0.9999999999999999	d__Bacteria	p__Bacillota	c__Clostridia	o__Lachnospirales	f__Lachnospiraceae	g__[Eubacterium]_ruminantium_group	NA
6c324279c1fc2965e594486ac26b0548	1	7.812247503266572e-17	0.5156406726742813	1.5150564952042475e-16	0.9999999999999999	0.9999999999999999	d__Bacteria	p__Bacillota	c__Clostridia	o__Lachnospirales	f__Lachnospiraceae	g__Coprococcus	NA
c0044f57ec04cd70905d690c5b7bd147	1	7.812247503266572e-17	0.5156406726742813	1.5150564952042475e-16	0.9999999999999999	0.9999999999999999	d__Bacteria	p__Bacillota	c__Clostridia	o__Lachnospirales	f__Lachnospiraceae	g__Coprococcus	NA
fb428d07d03e32be0b85eacbed10df0a	1	7.812247503266572e-17	0.5156406726742813	1.5150564952042475e-16	0.9999999999999999	0.9999999999999999	d__Bacteria	p__Bacillota	c__Clostridia	o__Lachnospirales	f__Lachnospiraceae	g__Coprococcus	NA
9e1f282914b07cd79711ce21e7cf4aff	1	7.812247503266572e-17	0.5156406726742813	1.5150564952042475e-16	0.9999999999999999	0.9999999999999999	d__Bacteria	p__Bacillota	c__Clostridia	o__Lachnospirales	f__Lachnospiraceae	g__[Eubacterium]_eligens_group	NA
5322567d7de1d94e6cf65390deb29b1c	1	7.812247503266572e-17	0.5156406726742813	1.5150564952042475e-16	0.9999999999999999	0.9999999999999999	d__Bacteria	p__Bacillota	c__Clostridia	o__Lachnospirales	f__Lachnospiraceae	g__[Eubacterium]_eligens_group	NA
74883ca07b040866ea89a8ff92039e38	1	7.812247503266572e-17	0.5156406726742813	1.5150564952042475e-16	0.9999999999999999	0.9999999999999999	d__Bacteria	p__Bacillota	c__Clostridia	o__Lachnospirales	f__Lachnospiraceae	g__[Eubacterium]_eligens_group	NA
208c0c43c7c5d4a6bb549e0c8365cd21	1	7.812247503266572e-17	0.5156406726742813	1.5150564952042475e-16	0.9999999999999999	0.9999999999999999	d__Bacteria	p__Bacillota	c__Clostridia	o__Lachnospirales	f__Lachnospiraceae	g__[Eubacterium]_eligens_group	NA
441e214f48649299db319a45f2851085	1	7.812247503266572e-17	0.5156406726742813	1.5150564952042475e-16	0.9999999999999999	0.9999999999999999	d__Bacteria	p__Bacillota	c__Clostridia	o__Lachnospirales	f__Lachnospiraceae	g__[Eubacterium]_eligens_group	NA
40895b99da91904ceb2e55ab79012529	1	7.812247503266572e-17	0.5156406726742813	1.5150564952042475e-16	0.9999999999999999	0.9999999999999999	d__Bacteria	p__Bacillota	c__Clostridia	o__Lachnospirales	f__Lachnospiraceae	g__[Eubacterium]_eligens_group	NA
36d9ad396b85196c9b4cf68b81789585	1	7.812247503266572e-17	0.5156406726742813	1.5150564952042475e-16	0.9999999999999999	0.9999999999999999	d__Bacteria	p__Bacillota	c__Clostridia	o__Lachnospirales	f__Lachnospiraceae	g__Lachnospira	NA
241a0c90cc40da29bc738d34b607f25f	1	7.812247503266572e-17	0.5156406726742813	1.5150564952042475e-16	0.9999999999999999	0.9999999999999999	d__Bacteria	p__Bacillota	c__Clostridia	o__Lachnospirales	f__Lachnospiraceae	g__Lachnospira	NA
6ec1023583647a401269990c4e8ad716	1	7.812247503266572e-17	0.5156406726742813	1.5150564952042475e-16	0.9999999999999999	0.9999999999999999	d__Bacteria	p__Bacillota	c__Clostridia	o__Lachnospirales	f__Lachnospiraceae	g__Lachnospira	NA
72ec78ecd4c30c1ddc64900630f35387	1	7.812247503266572e-17	0.5156406726742813	1.5150564952042475e-16	0.9999999999999999	0.9999999999999999	d__Bacteria	p__Bacillota	c__Clostridia	o__Lachnospirales	f__Lachnospiraceae	g__Lachnospira	NA
8094452ae907e0be14f59f5de20259c1	1	7.812247503266572e-17	0.5156406726742813	1.5150564952042475e-16	0.9999999999999999	0.9999999999999999	d__Bacteria	p__Bacillota	c__Clostridia	o__Lachnospirales	f__Lachnospiraceae	g__Lachnospira	NA
64b444282c9c6386523de447cecc63a9	1	7.812247503266572e-17	0.5156406726742813	1.5150564952042475e-16	0.9999999999999999	0.9999999999999999	d__Bacteria	p__Bacillota	c__Clostridia	o__Lachnospirales	f__Lachnospiraceae	g__Anaerostipes	NA
33518e48b174ac428cb7be1a216c6c6e	1	7.812247503266572e-17	0.5156406726742813	1.5150564952042475e-16	0.9999999999999999	0.9999999999999999	d__Bacteria	p__Bacillota	c__Clostridia	o__Lachnospirales	f__Lachnospiraceae	g__Anaerostipes	NA
d380b9ae91e3875a70ff329e4889cb72	1	7.812247503266572e-17	0.5156406726742813	1.5150564952042475e-16	0.9999999999999999	0.9999999999999999	d__Bacteria	p__Bacillota	c__Clostridia	o__Lachnospirales	f__Lachnospiraceae	g__Anaerostipes	NA
c9dac07685d8b10f80d2f996451acb5c	1	7.812247503266572e-17	0.5156406726742813	1.5150564952042475e-16	0.9999999999999999	0.9999999999999999	d__Bacteria	p__Bacillota	c__Clostridia	o__Lachnospirales	f__Lachnospiraceae	g__Anaerostipes	NA
05dbbf0301a9625e1f1a41470a92f7fe	1.0410958904109588	-0.32192792959117184	0.4817175683771739	-0.6682918596381969	0.5039473085359388	0.9999999999999999	d__Bacteria	p__Bacillota	c__Clostridia	o__Lachnospirales	f__Lachnospiraceae	g__Anaerostipes	NA
1978fc46fbfd9b795e153be14136a976	1	7.812247503266572e-17	0.5156406726742813	1.5150564952042475e-16	0.9999999999999999	0.9999999999999999	d__Bacteria	p__Bacillota	c__Clostridia	o__Lachnospirales	f__Lachnospiraceae	g__CHKCI001	NA
0243b68c76049aa1b8c51a20333da950	1	7.812247503266572e-17	0.5156406726742813	1.5150564952042475e-16	0.9999999999999999	0.9999999999999999	d__Bacteria	p__Bacillota	c__Clostridia	o__Lachnospirales	f__Lachnospiraceae	g__Lachnospiraceae_ND3007_group	NA
79ba9fd704fc7264b695cc0504c337a9	1	7.812247503266572e-17	0.5156406726742813	1.5150564952042475e-16	0.9999999999999999	0.9999999999999999	d__Bacteria	p__Bacillota	c__Clostridia	o__Lachnospirales	f__Lachnospiraceae	g__Lachnospiraceae_FCS020_group	NA
8ac806edce9a692df56a9eea816a15f0	1	7.812247503266572e-17	0.5156406726742813	1.5150564952042475e-16	0.9999999999999999	0.9999999999999999	d__Bacteria	p__Bacillota	c__Clostridia	o__Lachnospirales	f__Lachnospiraceae	g__Lachnospiraceae_FCS020_group	NA
cb89e1b7ff82a658c8def6e75f5c14bc	1	7.812247503266572e-17	0.5156406726742813	1.5150564952042475e-16	0.9999999999999999	0.9999999999999999	d__Bacteria	p__Bacillota	c__Clostridia	o__Lachnospirales	f__Lachnospiraceae	g__Lachnotalea	NA
9d2b385c3ad2c3abfa96058922b00164	1	7.812247503266572e-17	0.5156406726742813	1.5150564952042475e-16	0.9999999999999999	0.9999999999999999	d__Bacteria	p__Bacillota	c__Clostridia	o__Lachnospirales	f__Lachnospiraceae	NA	NA
207bd5f725f7774412e65aafed0a542a	1	7.812247503266572e-17	0.5156406726742813	1.5150564952042475e-16	0.9999999999999999	0.9999999999999999	d__Bacteria	p__Bacillota	c__Clostridia	o__Lachnospirales	f__Lachnospiraceae	NA	NA
8106e288d2867ba56a2ae344c81b1433	1	7.812247503266572e-17	0.5156406726742813	1.5150564952042475e-16	0.9999999999999999	0.9999999999999999	d__Bacteria	p__Bacillota	c__Clostridia	o__Lachnospirales	f__Lachnospiraceae	NA	NA
eafd20ce1f25fbd8c737f0086f81c11b	1	7.812247503266572e-17	0.5156406726742813	1.5150564952042475e-16	0.9999999999999999	0.9999999999999999	d__Bacteria	p__Bacillota	c__Negativicutes	o__Veillonellales-Selenomonadales	f__Veillonellaceae	g__Veillonella	NA
bd2ca363f08c9385869967132dfb8470	1	7.812247503266572e-17	0.5156406726742813	1.5150564952042475e-16	0.9999999999999999	0.9999999999999999	d__Bacteria	p__Bacillota	c__Negativicutes	o__Veillonellales-Selenomonadales	f__Veillonellaceae	g__Veillonella	NA
3916a456bb0a3bfd02c15fd537ff5923	1.4657534246575343	-0.21277405460035098	0.47222498565882765	-0.45057771414508685	0.6522939316897494	0.9999999999999999	d__Bacteria	p__Bacillota	c__Negativicutes	o__Veillonellales-Selenomonadales	f__Veillonellaceae	g__Megasphaera	NA
7c5414ff08bdf3d67f274b04bacc6afa	1	7.812247503266572e-17	0.5156406726742813	1.5150564952042475e-16	0.9999999999999999	0.9999999999999999	d__Bacteria	p__Bacillota	c__Negativicutes	o__Veillonellales-Selenomonadales	f__Veillonellaceae	g__Megasphaera	NA
0c3534a03d2c2fdf8fa8793408f02414	1	7.812247503266572e-17	0.5156406726742813	1.5150564952042475e-16	0.9999999999999999	0.9999999999999999	d__Bacteria	p__Bacillota	c__Negativicutes	o__Veillonellales-Selenomonadales	f__Veillonellaceae	g__Megasphaera	NA
1013aa8b7d7ddd27b585a4b0acfc9a3d	1	7.812247503266572e-17	0.5156406726742813	1.5150564952042475e-16	0.9999999999999999	0.9999999999999999	d__Bacteria	p__Bacillota	c__Negativicutes	o__Veillonellales-Selenomonadales	f__Veillonellaceae	g__Megasphaera	NA
7971dc6acc750166c08ed54c1289d242	1	7.812247503266572e-17	0.5156406726742813	1.5150564952042475e-16	0.9999999999999999	0.9999999999999999	d__Bacteria	p__Bacillota	c__Negativicutes	o__Veillonellales-Selenomonadales	f__Veillonellaceae	g__Megasphaera	NA
bffd79a65e1cd0c98d984f7df8f1ed09	1388.7671232876712	-0.5862248764361527	1.3479849593866073	-0.434889775552771	0.6636424364146112	0.9999999999999999	d__Bacteria	p__Bacillota	c__Negativicutes	o__Veillonellales-Selenomonadales	f__Veillonellaceae	g__Megasphaera	NA
2556faf779ac746aeedfd18da60768b7	1	7.812247503266572e-17	0.5156406726742813	1.5150564952042475e-16	0.9999999999999999	0.9999999999999999	d__Bacteria	p__Bacillota	c__Negativicutes	o__Veillonellales-Selenomonadales	f__Veillonellaceae	g__Megasphaera	NA
65ee892164739be97dc995df1a0284d7	31.561643835616437	-0.531252985577024	1.0694506500243008	-0.49675315599177255	0.6193631325639061	0.9999999999999999	d__Bacteria	p__Bacillota	c__Negativicutes	o__Veillonellales-Selenomonadales	f__Veillonellaceae	g__Megasphaera	NA
a621d0a24e3cd33bdf02fb2d2b740604	1	7.812247503266572e-17	0.5156406726742813	1.5150564952042475e-16	0.9999999999999999	0.9999999999999999	d__Bacteria	p__Bacillota	c__Negativicutes	o__Veillonellales-Selenomonadales	f__Veillonellaceae	g__Megasphaera	NA
21dde35caddb538971208d819a394915	1	7.812247503266572e-17	0.5156406726742813	1.5150564952042475e-16	0.9999999999999999	0.9999999999999999	d__Bacteria	p__Bacillota	c__Negativicutes	o__Veillonellales-Selenomonadales	f__Veillonellaceae	g__Megasphaera	NA
0aaa057639ebb1839d1e83826e18fa71	1.3424657534246576	1.0614002159966973	0.5585044919530585	1.900432729350199	0.057376355194648954	0.9999999999999999	d__Bacteria	p__Bacillota	c__Negativicutes	o__Veillonellales-Selenomonadales	f__Veillonellaceae	g__Megasphaera	NA
219df5620d57114ac1db225525df47c2	1	7.812247503266572e-17	0.5156406726742813	1.5150564952042475e-16	0.9999999999999999	0.9999999999999999	d__Bacteria	p__Bacillota	c__Negativicutes	o__Veillonellales-Selenomonadales	f__Veillonellaceae	g__Megasphaera	NA
ec6f74df6166e931d81a28b9dd967364	1	7.812247503266572e-17	0.5156406726742813	1.5150564952042475e-16	0.9999999999999999	0.9999999999999999	d__Bacteria	p__Bacillota	c__Negativicutes	o__Veillonellales-Selenomonadales	f__Veillonellaceae	g__Megasphaera	NA
a655eb52d5d96245b8e0d409b55de959	1	7.812247503266572e-17	0.5156406726742813	1.5150564952042475e-16	0.9999999999999999	0.9999999999999999	d__Bacteria	p__Bacillota	c__Negativicutes	o__Veillonellales-Selenomonadales	f__Veillonellaceae	g__Megasphaera	NA
e39c3730a3fcf2fd3b9a4f28caecbb71	1	7.812247503266572e-17	0.5156406726742813	1.5150564952042475e-16	0.9999999999999999	0.9999999999999999	d__Bacteria	p__Bacillota	c__Negativicutes	o__Veillonellales-Selenomonadales	f__Veillonellaceae	g__Megasphaera	NA
6d7f932303cb8ce3b13ec6d15b25682e	1.1506849315068493	-0.5849622610318859	0.46188499929548466	-1.266467328283299	0.2053458193620506	0.9999999999999999	d__Bacteria	p__Bacillota	c__Negativicutes	o__Veillonellales-Selenomonadales	f__Veillonellaceae	g__Megasphaera	NA
aae4574580ba9b7a3f8a526abf671792	1	7.812247503266572e-17	0.5156406726742813	1.5150564952042475e-16	0.9999999999999999	0.9999999999999999	d__Bacteria	p__Bacillota	c__Negativicutes	o__Veillonellales-Selenomonadales	f__Veillonellaceae	g__Megasphaera	NA
a8811e6892c7fdec1f8377a864732532	1	7.812247503266572e-17	0.5156406726742813	1.5150564952042475e-16	0.9999999999999999	0.9999999999999999	d__Bacteria	p__Bacillota	c__Negativicutes	o__Veillonellales-Selenomonadales	f__Veillonellaceae	g__Anaeroglobus	NA
5aedf0f91ae6d654bcfca7f68262deb9	1.082191780821918	0.3344189556388068	0.4992834951781326	0.6697977378953694	0.5029867358155201	0.9999999999999999	d__Bacteria	p__Bacillota	c__Negativicutes	o__Veillonellales-Selenomonadales	f__Veillonellaceae	g__Anaeroglobus	NA
02fc1f455a4d4d1a851b3752eef338d4	1.1643835616438356	-7.127202895153626e-8	0.5233847127491351	-1.3617522104757736e-7	0.9999998913478936	0.9999999999999999	d__Bacteria	p__Bacillota	c__Negativicutes	o__Veillonellales-Selenomonadales	f__Veillonellaceae	g__Anaeroglobus	NA
c92ac62278a485f343ab1c271bb2d30c	1.1506849315068493	-0.3011693390505081	0.4440392413261538	-0.6782493775798848	0.4976135896607112	0.9999999999999999	d__Bacteria	p__Bacillota	c__Negativicutes	o__Veillonellales-Selenomonadales	f__Veillonellaceae	g__Anaeroglobus	NA
db11ebab656f855d357867467f755ec1	1	7.812247503266572e-17	0.5156406726742813	1.5150564952042475e-16	0.9999999999999999	0.9999999999999999	d__Bacteria	p__Bacillota	c__Negativicutes	o__Veillonellales-Selenomonadales	f__Veillonellaceae	g__Anaeroglobus	NA
a40e8c857cf661836ffc29a2856520bd	1.4109589041095891	-2.194180056235907e-7	0.630647427860427	-3.4792499886664343e-7	0.9999997223960151	0.9999999999999999	d__Bacteria	p__Bacillota	c__Negativicutes	o__Veillonellales-Selenomonadales	f__Veillonellaceae	g__Veillonella	NA
cdf842e24298a1da5f9dbe711773eaa4	1	7.812247503266572e-17	0.5156406726742813	1.5150564952042475e-16	0.9999999999999999	0.9999999999999999	d__Bacteria	p__Bacillota	c__Negativicutes	o__Veillonellales-Selenomonadales	f__Veillonellaceae	g__Veillonella	NA
35a7f86c1be8b48f121d76d08410fefe	1	7.812247503266572e-17	0.5156406726742813	1.5150564952042475e-16	0.9999999999999999	0.9999999999999999	d__Bacteria	p__Bacillota	c__Negativicutes	o__Veillonellales-Selenomonadales	f__Veillonellaceae	g__Veillonella	NA
923f521b9cf313f1f95c9367e09bbc1c	1.6164383561643836	-1.2730178515725359	0.5437387750196019	-2.341230587291928	0.019220292202356243	0.9999999999999999	d__Bacteria	p__Bacillota	c__Negativicutes	o__Veillonellales-Selenomonadales	f__Veillonellaceae	g__Veillonella	NA
96fac9febdac9687a7b730f4eda6df18	1	7.812247503266572e-17	0.5156406726742813	1.5150564952042475e-16	0.9999999999999999	0.9999999999999999	d__Bacteria	p__Bacillota	c__Negativicutes	o__Veillonellales-Selenomonadales	f__Veillonellaceae	g__Veillonella	NA
3bae00d865b43e800a6f297f958ac2de	1	7.812247503266572e-17	0.5156406726742813	1.5150564952042475e-16	0.9999999999999999	0.9999999999999999	d__Bacteria	p__Bacillota	c__Negativicutes	o__Veillonellales-Selenomonadales	f__Veillonellaceae	g__Veillonella	NA
eae880eaa9c99650e399d9b4eb5dd3b0	1	7.812247503266572e-17	0.5156406726742813	1.5150564952042475e-16	0.9999999999999999	0.9999999999999999	d__Bacteria	p__Bacillota	c__Negativicutes	o__Veillonellales-Selenomonadales	f__Veillonellaceae	g__Veillonella	NA
cd9401a6bce4a63af516d06d2a843f9d	1.2054794520547945	-8.887846446116993e-8	0.5308242218067813	-1.674348321157083e-7	0.9999998664063325	0.9999999999999999	d__Bacteria	p__Bacillota	c__Negativicutes	o__Veillonellales-Selenomonadales	f__Veillonellaceae	g__Veillonella	NA
76a2a89fb35336e7b117fc44ff915092	1	7.812247503266572e-17	0.5156406726742813	1.5150564952042475e-16	0.9999999999999999	0.9999999999999999	d__Bacteria	p__Bacillota	c__Negativicutes	o__Veillonellales-Selenomonadales	f__Veillonellaceae	g__Veillonella	NA
3d7f02d1487f9647971c794055b7541c	1	7.812247503266572e-17	0.5156406726742813	1.5150564952042475e-16	0.9999999999999999	0.9999999999999999	d__Bacteria	p__Bacillota	c__Negativicutes	o__Veillonellales-Selenomonadales	f__Veillonellaceae	g__Veillonella	NA
3752f2ba95ee52b598750e511f22b200	1	7.812247503266572e-17	0.5156406726742813	1.5150564952042475e-16	0.9999999999999999	0.9999999999999999	d__Bacteria	p__Bacillota	c__Negativicutes	o__Veillonellales-Selenomonadales	f__Veillonellaceae	g__Veillonella	NA
2740cf2417c92847cc298cbd71dd1fcd	1	7.812247503266572e-17	0.5156406726742813	1.5150564952042475e-16	0.9999999999999999	0.9999999999999999	d__Bacteria	p__Bacillota	c__Negativicutes	o__Veillonellales-Selenomonadales	f__Veillonellaceae	g__Veillonella	NA
50f065b532675ec8bab5c2d29c62757a	1	7.812247503266572e-17	0.5156406726742813	1.5150564952042475e-16	0.9999999999999999	0.9999999999999999	d__Bacteria	p__Bacillota	c__Negativicutes	o__Veillonellales-Selenomonadales	f__Veillonellaceae	g__Veillonella	NA
d0452a6bc7783084a83c0b0ce577e005	1	7.812247503266572e-17	0.5156406726742813	1.5150564952042475e-16	0.9999999999999999	0.9999999999999999	d__Bacteria	p__Bacillota	c__Negativicutes	o__Veillonellales-Selenomonadales	f__Veillonellaceae	g__Veillonella	NA
209b0f9c375da503e050c43a24e70855	1.1506849315068493	-6.564103731602439e-8	0.5218593587622036	-1.257830030522364e-7	0.9999998996396838	0.9999999999999999	d__Bacteria	p__Bacillota	c__Negativicutes	o__Veillonellales-Selenomonadales	f__Veillonellaceae	g__Negativicoccus	NA
f1c14db955660c59d2d2ac233bb9bac8	1.1369863013698631	-6.003859333348896e-8	0.5206522344418955	-1.1531419508426068e-7	0.9999999079925841	0.9999999999999999	d__Bacteria	p__Bacillota	c__Negativicutes	o__Veillonellales-Selenomonadales	f__Veillonellaceae	g__Negativicoccus	NA
9e2e4c867168b068d94eb110dce64676	1	7.812247503266572e-17	0.5156406726742813	1.5150564952042475e-16	0.9999999999999999	0.9999999999999999	d__Bacteria	p__Bacillota	c__Negativicutes	o__Veillonellales-Selenomonadales	f__Selenomonadaceae	g__Mitsuokella	NA
6221f5561c44216c6674b8199f23acf8	1	7.812247503266572e-17	0.5156406726742813	1.5150564952042475e-16	0.9999999999999999	0.9999999999999999	d__Bacteria	p__Bacillota	c__Negativicutes	o__Veillonellales-Selenomonadales	f__Selenomonadaceae	g__Mitsuokella	NA
6dcaf5dafe4d20b4f82131ef8c1e5b19	1	7.812247503266572e-17	0.5156406726742813	1.5150564952042475e-16	0.9999999999999999	0.9999999999999999	d__Bacteria	p__Bacillota	c__Negativicutes	o__Veillonellales-Selenomonadales	f__Selenomonadaceae	g__Mitsuokella	NA
08a0cf376add32f3f4b57ec1e82a7a27	1	7.812247503266572e-17	0.5156406726742813	1.5150564952042475e-16	0.9999999999999999	0.9999999999999999	d__Bacteria	p__Bacillota	c__Negativicutes	o__Veillonellales-Selenomonadales	f__Selenomonadaceae	g__Megamonas	NA
b8ef84c56b07b2868d12614f0ba0bebe	1	7.812247503266572e-17	0.5156406726742813	1.5150564952042475e-16	0.9999999999999999	0.9999999999999999	d__Bacteria	p__Bacillota	c__Negativicutes	o__Veillonellales-Selenomonadales	f__Selenomonadaceae	g__Selenomonas	NA
36fd6eb75e24fe3e4e6d664b393e88a4	1.095890410958904	0.3833285446564806	0.49745081470370506	0.7705858214038734	0.44095246795816445	0.9999999999999999	d__Bacteria	p__Bacillota	c__Negativicutes	o__Veillonellales-Selenomonadales	f__Veillonellaceae	g__Negativicoccus	NA
0e04d44b3cf7d1bcaa9c22f31ed613d4	1	7.812247503266572e-17	0.5156406726742813	1.5150564952042475e-16	0.9999999999999999	0.9999999999999999	d__Bacteria	p__Bacillota	c__Negativicutes	o__Veillonellales-Selenomonadales	f__Veillonellaceae	g__Negativicoccus	NA
82d108a80782932ccbcbdbfd4713b2d9	1	7.812247503266572e-17	0.5156406726742813	1.5150564952042475e-16	0.9999999999999999	0.9999999999999999	d__Bacteria	p__Bacillota	c__Negativicutes	o__Veillonellales-Selenomonadales	f__Veillonellaceae	g__Dialister	NA
d58adec53e61c18c84f74e8c07103ee7	1	7.812247503266572e-17	0.5156406726742813	1.5150564952042475e-16	0.9999999999999999	0.9999999999999999	d__Bacteria	p__Bacillota	c__Negativicutes	o__Veillonellales-Selenomonadales	f__Veillonellaceae	g__Megasphaera	NA
b47f0acc861ce9dc79d7967126bd1485	1	7.812247503266572e-17	0.5156406726742813	1.5150564952042475e-16	0.9999999999999999	0.9999999999999999	d__Bacteria	p__Bacillota	c__Negativicutes	o__Veillonellales-Selenomonadales	f__Veillonellaceae	g__Dialister	NA
b484195da5a669012008758c2f88fb90	14.534246575342467	2.9193776075436437	0.9437007181099077	3.0935417887470966	0.00197782696452756	0.25601871263051196	d__Bacteria	p__Bacillota	c__Negativicutes	o__Veillonellales-Selenomonadales	f__Veillonellaceae	g__Dialister	NA
9ea91b0bb64f8757ec697ebb82ff6a61	1	7.812247503266572e-17	0.5156406726742813	1.5150564952042475e-16	0.9999999999999999	0.9999999999999999	d__Bacteria	p__Bacillota	c__Negativicutes	o__Veillonellales-Selenomonadales	f__Veillonellaceae	g__Dialister	NA
b568a70a8d2541b99874d98a93085f82	1	7.812247503266572e-17	0.5156406726742813	1.5150564952042475e-16	0.9999999999999999	0.9999999999999999	d__Bacteria	p__Bacillota	c__Negativicutes	o__Veillonellales-Selenomonadales	f__Veillonellaceae	g__Dialister	NA
2a34b4dbdcda40879c7abd17a2ea0e33	1	7.812247503266572e-17	0.5156406726742813	1.5150564952042475e-16	0.9999999999999999	0.9999999999999999	d__Bacteria	p__Bacillota	c__Negativicutes	o__Veillonellales-Selenomonadales	f__Veillonellaceae	g__Dialister	NA
adc2434ddf9567262d641156d01c1d6a	1	7.812247503266572e-17	0.5156406726742813	1.5150564952042475e-16	0.9999999999999999	0.9999999999999999	d__Bacteria	p__Bacillota	c__Negativicutes	o__Veillonellales-Selenomonadales	f__Veillonellaceae	g__Dialister	NA
5e0cc78647a8a34fc3bb336b6bdf20c0	1	7.812247503266572e-17	0.5156406726742813	1.5150564952042475e-16	0.9999999999999999	0.9999999999999999	d__Bacteria	p__Bacillota	c__Negativicutes	o__Veillonellales-Selenomonadales	f__Veillonellaceae	g__Dialister	NA
818434292143daca42a3168f3728da82	1.1232876712328768	-0.8073545976046168	0.442349735451938	-1.8251499501401582	0.06797840418879142	0.9999999999999999	d__Bacteria	p__Bacillota	c__Negativicutes	o__Veillonellales-Selenomonadales	f__Veillonellaceae	g__Dialister	NA
5437eb32e8402c12d07295689337b6d3	1	7.812247503266572e-17	0.5156406726742813	1.5150564952042475e-16	0.9999999999999999	0.9999999999999999	d__Bacteria	p__Bacillota	c__Negativicutes	o__Veillonellales-Selenomonadales	f__Veillonellaceae	g__Dialister	NA
e021b1d10d3d00e2ef45a16fce40938e	1	7.812247503266572e-17	0.5156406726742813	1.5150564952042475e-16	0.9999999999999999	0.9999999999999999	d__Bacteria	p__Bacillota	c__Negativicutes	o__Veillonellales-Selenomonadales	f__Veillonellaceae	g__Dialister	NA
b38124656c88bcde00e621bad95ddf6e	1	7.812247503266572e-17	0.5156406726742813	1.5150564952042475e-16	0.9999999999999999	0.9999999999999999	d__Bacteria	p__Bacillota	c__Negativicutes	o__Veillonellales-Selenomonadales	f__Veillonellaceae	g__Dialister	NA
59110ea8f5189eb776e81aeb7d7d3592	1	7.812247503266572e-17	0.5156406726742813	1.5150564952042475e-16	0.9999999999999999	0.9999999999999999	d__Bacteria	p__Bacillota	c__Negativicutes	o__Veillonellales-Selenomonadales	f__Veillonellaceae	g__Dialister	NA
78e485ed362e52c2dd1ea76bad6f001c	1.3424657534246576	-1.763562335902572e-7	0.6065920195432493	-2.907328614759054e-7	0.9999997680287385	0.9999999999999999	d__Bacteria	p__Bacillota	c__Negativicutes	o__Veillonellales-Selenomonadales	f__Veillonellaceae	g__Dialister	NA
a1580b985a39db6e693626a2e4f28d6d	1	7.812247503266572e-17	0.5156406726742813	1.5150564952042475e-16	0.9999999999999999	0.9999999999999999	d__Bacteria	p__Bacillota	c__Negativicutes	o__Veillonellales-Selenomonadales	f__Veillonellaceae	g__Dialister	NA
8af49bc8a804f6d85ca5fa00a7c9dda8	1	7.812247503266572e-17	0.5156406726742813	1.5150564952042475e-16	0.9999999999999999	0.9999999999999999	d__Bacteria	p__Bacillota	c__Negativicutes	o__Veillonellales-Selenomonadales	f__Veillonellaceae	g__Dialister	NA
9d4eb0396d0e34d9ef328a80e88e3b88	1.3150684931506849	-1.384531588539801e-7	0.555484017988543	-2.4924778098086657e-7	0.9999998011290437	0.9999999999999999	d__Bacteria	p__Bacillota	c__Negativicutes	o__Veillonellales-Selenomonadales	f__Veillonellaceae	g__Incertae_Sedis	NA
7a6dba47692f821cabeaf266b6b36593	1	7.812247503266572e-17	0.5156406726742813	1.5150564952042475e-16	0.9999999999999999	0.9999999999999999	d__Bacteria	p__Bacillota	c__Negativicutes	o__Veillonellales-Selenomonadales	f__Veillonellaceae	g__Incertae_Sedis	NA
94451b926d79f4c13eba64d580d5154f	1	7.812247503266572e-17	0.5156406726742813	1.5150564952042475e-16	0.9999999999999999	0.9999999999999999	d__Bacteria	p__Bacillota	c__Negativicutes	o__Veillonellales-Selenomonadales	f__Veillonellaceae	NA	NA
b6ecd20f301035741915d6c32bda2410	1	7.812247503266572e-17	0.5156406726742813	1.5150564952042475e-16	0.9999999999999999	0.9999999999999999	d__Bacteria	p__Bacillota	c__Negativicutes	o__Veillonellales-Selenomonadales	f__Veillonellaceae	g__Allisonella	NA
af2ae83db0ea9b8d611094fb57b22401	1	7.812247503266572e-17	0.5156406726742813	1.5150564952042475e-16	0.9999999999999999	0.9999999999999999	d__Bacteria	p__Bacillota	c__Negativicutes	o__Veillonellales-Selenomonadales	f__Veillonellaceae	g__Allisonella	NA
c83c84c8f82639c3bcb16c5630f257b2	1	7.812247503266572e-17	0.5156406726742813	1.5150564952042475e-16	0.9999999999999999	0.9999999999999999	d__Bacteria	p__Bacillota	c__Negativicutes	o__Veillonellales-Selenomonadales	f__Veillonellaceae	g__Dialister	NA
961ee91f3e27eb4e3d627ce32dfb36d1	1	7.812247503266572e-17	0.5156406726742813	1.5150564952042475e-16	0.9999999999999999	0.9999999999999999	d__Bacteria	p__Bacillota	c__Negativicutes	o__Veillonellales-Selenomonadales	f__Veillonellaceae	g__Dialister	NA
baeba615f83e60cde6f2d1b1b0d2ab78	1	7.812247503266572e-17	0.5156406726742813	1.5150564952042475e-16	0.9999999999999999	0.9999999999999999	d__Bacteria	p__Bacillota	c__Negativicutes	o__Veillonellales-Selenomonadales	f__Veillonellaceae	g__Dialister	NA
ed9cb66ccd99f149bc2a98551f7d4347	1.2191780821917808	-9.516998646326494e-8	0.5344819169789315	-1.7806025506194327e-7	0.9999998579284716	0.9999999999999999	d__Bacteria	p__Bacillota	c__Negativicutes	o__Veillonellales-Selenomonadales	f__Veillonellaceae	g__Dialister	NA
e7ab4b543a03582976d41c0df48b69fe	408.86301369863014	3.3584000954765947	1.2265518122847292	2.7380825349895472	0.006179856443232498	0.49651950043902476	d__Bacteria	p__Bacillota	c__Negativicutes	o__Veillonellales-Selenomonadales	f__Veillonellaceae	g__Dialister	NA
2e0b5b83dd84d0a34978a4e9f1d9790a	1.1232876712328768	-5.4425124510959357e-8	0.5196850065476465	-1.0472714014305408e-7	0.9999999164398318	0.9999999999999999	d__Bacteria	p__Bacillota	c__Negativicutes	o__Veillonellales-Selenomonadales	f__Veillonellaceae	g__Dialister	NA
be22632d5e3f6175707a3213d7a90ad2	1	7.812247503266572e-17	0.5156406726742813	1.5150564952042475e-16	0.9999999999999999	0.9999999999999999	d__Bacteria	p__Bacillota	c__Negativicutes	o__Veillonellales-Selenomonadales	f__Veillonellaceae	g__Dialister	NA
4cb41777a79a421ce0ea64d1d234279c	5.164383561643835	1.9026999148157884	0.8528255416240397	2.2310540924846927	0.02567754614832272	0.9999999999999999	d__Bacteria	p__Bacillota	c__Negativicutes	o__Veillonellales-Selenomonadales	f__Veillonellaceae	g__Incertae_Sedis	NA
46696f3730b982d34aa92882f12376f1	1	7.812247503266572e-17	0.5156406726742813	1.5150564952042475e-16	0.9999999999999999	0.9999999999999999	d__Bacteria	p__Bacillota	c__Negativicutes	o__Veillonellales-Selenomonadales	f__Veillonellaceae	NA	NA
f3185e97f35262dd6f654c91219ebdaf	1	7.812247503266572e-17	0.5156406726742813	1.5150564952042475e-16	0.9999999999999999	0.9999999999999999	d__Bacteria	p__Bacillota	c__Negativicutes	o__Veillonellales-Selenomonadales	f__Veillonellaceae	g__Dialister	NA
f1ce4897644877cf6f1235176866dfed	93.45205479452055	-0.14959136554542568	1.0691556232224793	-0.139915426993267	0.8887268122107742	0.9999999999999999	d__Bacteria	p__Bacillota	c__Negativicutes	o__Veillonellales-Selenomonadales	f__Veillonellaceae	g__Dialister	NA
5de7a1505c969891b68cdc23e3b5231a	1	7.812247503266572e-17	0.5156406726742813	1.5150564952042475e-16	0.9999999999999999	0.9999999999999999	d__Bacteria	p__Bacillota	c__Negativicutes	o__Veillonellales-Selenomonadales	f__Veillonellaceae	g__Dialister	NA
b18d893504d87bc4f5fa46ff3229b88a	1	7.812247503266572e-17	0.5156406726742813	1.5150564952042475e-16	0.9999999999999999	0.9999999999999999	d__Bacteria	p__Bacillota	c__Clostridia	o__Lachnospirales	f__Lachnospiraceae	NA	NA
ab9899b443255cd34e51705c7b8ea201	1	7.812247503266572e-17	0.5156406726742813	1.5150564952042475e-16	0.9999999999999999	0.9999999999999999	d__Bacteria	p__Bacillota	c__Clostridia	o__Lachnospirales	f__Lachnospiraceae	NA	NA
8ee6f70260b29cb40fdff8d4500ae32a	1	7.812247503266572e-17	0.5156406726742813	1.5150564952042475e-16	0.9999999999999999	0.9999999999999999	d__Bacteria	p__Bacillota	c__Clostridia	o__Lachnospirales	f__Lachnospiraceae	NA	NA
2d0447008c3204f3ac97998db1edbbf2	1	7.812247503266572e-17	0.5156406726742813	1.5150564952042475e-16	0.9999999999999999	0.9999999999999999	d__Bacteria	p__Bacillota	c__Clostridia	o__Lachnospirales	f__Lachnospiraceae	g__Butyribacter	NA
cbcf2a2f395a9ebf8aa80cbcece3720b	1	7.812247503266572e-17	0.5156406726742813	1.5150564952042475e-16	0.9999999999999999	0.9999999999999999	d__Bacteria	p__Bacillota	c__Negativicutes	o__Acidaminococcales	f__Acidaminococcaceae	g__Phascolarctobacterium	NA
96cf4779be686036f92ee15e58b72d52	1.0684931506849316	-3.135216095536927e-8	0.5172288305685874	-6.061564843727673e-8	0.99999995163571	0.9999999999999999	d__Bacteria	p__Bacillota	c__Negativicutes	o__Acidaminococcales	f__Acidaminococcaceae	g__Phascolarctobacterium	NA
e174d6cd70de66f236674a5e640b3f4f	1	7.812247503266572e-17	0.5156406726742813	1.5150564952042475e-16	0.9999999999999999	0.9999999999999999	d__Bacteria	p__Bacillota	c__Negativicutes	o__Acidaminococcales	f__Acidaminococcaceae	g__Phascolarctobacterium	NA
d9c4244892c284aa32c616e0226da80e	1	7.812247503266572e-17	0.5156406726742813	1.5150564952042475e-16	0.9999999999999999	0.9999999999999999	d__Bacteria	p__Bacillota	c__Negativicutes	o__Acidaminococcales	f__Acidaminococcaceae	g__Phascolarctobacterium	NA
e9377cd8cef1dcc7c0402be19c3790dc	1	7.812247503266572e-17	0.5156406726742813	1.5150564952042475e-16	0.9999999999999999	0.9999999999999999	d__Bacteria	p__Bacillota	c__Negativicutes	o__Acidaminococcales	f__Acidaminococcaceae	g__Phascolarctobacterium	NA
c757acb17d61c9ba58047bacd3655b30	1	7.812247503266572e-17	0.5156406726742813	1.5150564952042475e-16	0.9999999999999999	0.9999999999999999	d__Bacteria	p__Bacillota	c__Negativicutes	o__Acidaminococcales	f__Acidaminococcaceae	g__Succiniclasticum	NA
456a3dc00de762135c0efae694625e3b	1	7.812247503266572e-17	0.5156406726742813	1.5150564952042475e-16	0.9999999999999999	0.9999999999999999	d__Bacteria	p__Bacillota	c__Negativicutes	o__Acidaminococcales	f__Acidaminococcaceae	g__Succiniclasticum	NA
1569f7ae988e26c905ab8fab427c8a0d	1	7.812247503266572e-17	0.5156406726742813	1.5150564952042475e-16	0.9999999999999999	0.9999999999999999	d__Bacteria	p__Bacillota	c__Negativicutes	o__Acidaminococcales	f__Acidaminococcaceae	g__Phascolarctobacterium	NA
aac28e10889080104b51e14344404ddd	1	7.812247503266572e-17	0.5156406726742813	1.5150564952042475e-16	0.9999999999999999	0.9999999999999999	d__Bacteria	p__Bacillota	c__Negativicutes	o__Acidaminococcales	f__Acidaminococcaceae	g__Phascolarctobacterium	NA
f06ec31a6699189d92309ca731efacbc	1.095890410958904	0.38332854465648114	0.4974508147037047	0.770585821403875	0.44095246795816345	0.9999999999999999	d__Bacteria	p__Bacillota	c__Negativicutes	o__Acidaminococcales	f__Acidaminococcaceae	g__Acidaminococcus	NA
6bbff26a22040581ff0e24f9b5b40830	1.9863013698630136	-0.35363644277919953	0.5561935872135475	-0.6358153903767012	0.5248967550182044	0.9999999999999999	d__Bacteria	p__Bacillota	c__Negativicutes	o__Acidaminococcales	f__Acidaminococcaceae	g__Acidaminococcus	NA
55b7688dfd42d9b2545d67bb5b0f086c	1	7.812247503266572e-17	0.5156406726742813	1.5150564952042475e-16	0.9999999999999999	0.9999999999999999	d__Bacteria	p__Bacillota	c__Negativicutes	o__Acidaminococcales	f__Acidaminococcaceae	g__Acidaminococcus	NA
bd2a5120a84197ef456dde8391d81854	1	7.812247503266572e-17	0.5156406726742813	1.5150564952042475e-16	0.9999999999999999	0.9999999999999999	d__Bacteria	p__Bacillota	c__Negativicutes	o__Acidaminococcales	f__Acidaminococcaceae	g__Acidaminococcus	NA
e4eceefdcc718643cfd7adf006ad8b04	1	7.812247503266572e-17	0.5156406726742813	1.5150564952042475e-16	0.9999999999999999	0.9999999999999999	d__Bacteria	p__Bacillota	c__Negativicutes	o__Acidaminococcales	f__Acidaminococcaceae	g__Acidaminococcus	NA
bca3b58099e34284c059ac72237e501d	1	7.812247503266572e-17	0.5156406726742813	1.5150564952042475e-16	0.9999999999999999	0.9999999999999999	d__Bacteria	p__Bacillota	c__Negativicutes	o__Acidaminococcales	f__Acidaminococcaceae	g__Acidaminococcus	NA
0503d8e4bbf94c3a89cd23455a50d7ad	1	7.812247503266572e-17	0.5156406726742813	1.5150564952042475e-16	0.9999999999999999	0.9999999999999999	d__Bacteria	p__Bacillota	c__Negativicutes	o__Acidaminococcales	f__Acidaminococcaceae	g__Acidaminococcus	NA
370a9ae9f5f667d72350dfcd46d58533	1	7.812247503266572e-17	0.5156406726742813	1.5150564952042475e-16	0.9999999999999999	0.9999999999999999	d__Bacteria	p__Bacillota	c__Negativicutes	o__Acidaminococcales	f__Acidaminococcaceae	g__Acidaminococcus	NA
57aa8b53afbf7720e6685fe27c0e5659	1	7.812247503266572e-17	0.5156406726742813	1.5150564952042475e-16	0.9999999999999999	0.9999999999999999	d__Bacteria	p__Bacillota	c__Negativicutes	o__Acidaminococcales	f__Acidaminococcaceae	g__Phascolarctobacterium	NA
bed631629de0853f7f9d02d6e4d21546	1	7.812247503266572e-17	0.5156406726742813	1.5150564952042475e-16	0.9999999999999999	0.9999999999999999	d__Bacteria	p__Bacillota	c__Negativicutes	o__Acidaminococcales	f__Acidaminococcaceae	g__Acidaminococcus	NA
cdd058255b32c7dd3dfe3b2a5f1f0cb7	1	7.812247503266572e-17	0.5156406726742813	1.5150564952042475e-16	0.9999999999999999	0.9999999999999999	d__Bacteria	p__Bacillota	c__Negativicutes	o__Acidaminococcales	f__Acidaminococcaceae	g__Acidaminococcus	NA
396ffa76286336a3eeb1ea420e60f86b	1	7.812247503266572e-17	0.5156406726742813	1.5150564952042475e-16	0.9999999999999999	0.9999999999999999	d__Bacteria	p__Bacillota	c__Clostridia	o__Lachnospirales	f__Lachnospiraceae	g__Butyribacter	NA
9484afed9f64641667938e294c07fe7c	1	7.812247503266572e-17	0.5156406726742813	1.5150564952042475e-16	0.9999999999999999	0.9999999999999999	d__Bacteria	p__Bacillota	c__Clostridia	o__Lachnospirales	f__Lachnospiraceae	NA	NA
c664f648f475bfd863f78a957eebe65a	1	7.812247503266572e-17	0.5156406726742813	1.5150564952042475e-16	0.9999999999999999	0.9999999999999999	d__Bacteria	p__Bacillota	c__Clostridia	o__Lachnospirales	f__Lachnospiraceae	NA	NA
b1479e74e93e243fc221f7c8b415f507	1	7.812247503266572e-17	0.5156406726742813	1.5150564952042475e-16	0.9999999999999999	0.9999999999999999	d__Bacteria	p__Bacillota	c__Clostridia	o__Lachnospirales	f__Lachnospiraceae	g__Roseburia	NA
d668488fa839c37c80ae10d320cf3665	1	7.812247503266572e-17	0.5156406726742813	1.5150564952042475e-16	0.9999999999999999	0.9999999999999999	d__Bacteria	p__Bacillota	c__Clostridia	o__Lachnospirales	f__Lachnospiraceae	NA	NA
33ddca6781100b91d670de9a543e5aa7	1	7.812247503266572e-17	0.5156406726742813	1.5150564952042475e-16	0.9999999999999999	0.9999999999999999	d__Bacteria	p__Bacillota	c__Clostridia	o__Lachnospirales	f__Lachnospiraceae	g__Shuttleworthia	NA
9cf3b2210a0be2963ef9c210aed1b36a	1	7.812247503266572e-17	0.5156406726742813	1.5150564952042475e-16	0.9999999999999999	0.9999999999999999	d__Bacteria	p__Bacillota	c__Clostridia	o__Lachnospirales	f__Lachnospiraceae	NA	NA
96040114b5274bdb987f28c63b6b6b87	1	7.812247503266572e-17	0.5156406726742813	1.5150564952042475e-16	0.9999999999999999	0.9999999999999999	d__Bacteria	p__Bacillota	c__Clostridia	o__Lachnospirales	f__Lachnospiraceae	NA	NA
fc00ed40b15cd5fa384b672502a3adc3	1	7.812247503266572e-17	0.5156406726742813	1.5150564952042475e-16	0.9999999999999999	0.9999999999999999	d__Bacteria	p__Bacillota	c__Clostridia	o__Lachnospirales	f__Lachnospiraceae	g__Roseburia	NA
869eb4c4aad04548e2492b55091edbaa	1	7.812247503266572e-17	0.5156406726742813	1.5150564952042475e-16	0.9999999999999999	0.9999999999999999	d__Bacteria	p__Bacillota	c__Clostridia	o__Lachnospirales	f__Lachnospiraceae	g__Roseburia	NA
769723e5a9c6312f2ee3ab2781ac8ad6	1	7.812247503266572e-17	0.5156406726742813	1.5150564952042475e-16	0.9999999999999999	0.9999999999999999	d__Bacteria	p__Bacillota	c__Clostridia	o__Lachnospirales	f__Lachnospiraceae	g__Shuttleworthia	NA
e0cdaf99e96ca363991154bd1da46a59	1	7.812247503266572e-17	0.5156406726742813	1.5150564952042475e-16	0.9999999999999999	0.9999999999999999	d__Bacteria	p__Bacillota	c__Clostridia	o__Lachnospirales	f__Lachnospiraceae	NA	NA
545834b282c431706aeafbd5898d3507	1	7.812247503266572e-17	0.5156406726742813	1.5150564952042475e-16	0.9999999999999999	0.9999999999999999	d__Bacteria	p__Bacillota	c__Clostridia	o__Lachnospirales	f__Lachnospiraceae	NA	NA
7923a583f5a586d281ae452dcbab9028	1	7.812247503266572e-17	0.5156406726742813	1.5150564952042475e-16	0.9999999999999999	0.9999999999999999	d__Bacteria	p__Bacillota	c__Clostridia	o__Lachnospirales	f__Lachnospiraceae	g__Agathobacter	NA
3cdd5aad050b728ee09ba86a9f57e411	1	7.812247503266572e-17	0.5156406726742813	1.5150564952042475e-16	0.9999999999999999	0.9999999999999999	d__Bacteria	p__Bacillota	c__Clostridia	o__Lachnospirales	f__Lachnospiraceae	g__Agathobacter	NA
263e41ea2c25dc87bd2ff5910cf30d40	1	7.812247503266572e-17	0.5156406726742813	1.5150564952042475e-16	0.9999999999999999	0.9999999999999999	d__Bacteria	p__Bacillota	c__Clostridia	o__Lachnospirales	f__Lachnospiraceae	g__Agathobacter	NA
26b89fe00155e0c877d2698656c41140	1	7.812247503266572e-17	0.5156406726742813	1.5150564952042475e-16	0.9999999999999999	0.9999999999999999	d__Bacteria	p__Bacillota	c__Clostridia	o__Lachnospirales	f__Lachnospiraceae	g__Agathobacter	NA
a7c8fdf5ab5ea3c2955f9509d1732968	1	7.812247503266572e-17	0.5156406726742813	1.5150564952042475e-16	0.9999999999999999	0.9999999999999999	d__Bacteria	p__Bacillota	c__Clostridia	o__Lachnospirales	f__Lachnospiraceae	g__Agathobacter	NA
ac5a3f1c1dd4296798f1058147b20a31	1	7.812247503266572e-17	0.5156406726742813	1.5150564952042475e-16	0.9999999999999999	0.9999999999999999	d__Bacteria	p__Bacillota	c__Clostridia	o__Lachnospirales	f__Lachnospiraceae	g__Agathobacter	NA
5f9b3bce3e6d7ebeeadaaa8da1c0f142	1	7.812247503266572e-17	0.5156406726742813	1.5150564952042475e-16	0.9999999999999999	0.9999999999999999	d__Bacteria	p__Bacillota	c__Clostridia	o__Lachnospirales	f__Lachnospiraceae	g__Agathobacter	NA
1d6b8adff37cce201c5a358c6fc84393	1	7.812247503266572e-17	0.5156406726742813	1.5150564952042475e-16	0.9999999999999999	0.9999999999999999	d__Bacteria	p__Bacillota	c__Clostridia	o__Lachnospirales	f__Lachnospiraceae	g__Agathobacter	NA
3b239fbcc133f26714a8f953dfc7d99d	1	7.812247503266572e-17	0.5156406726742813	1.5150564952042475e-16	0.9999999999999999	0.9999999999999999	d__Bacteria	p__Bacillota	c__Clostridia	o__Lachnospirales	f__Lachnospiraceae	g__Agathobacter	NA
b617f914f18e645b8359842a1bf5b86d	1	7.812247503266572e-17	0.5156406726742813	1.5150564952042475e-16	0.9999999999999999	0.9999999999999999	d__Bacteria	p__Bacillota	c__Clostridia	o__Lachnospirales	f__Lachnospiraceae	g__Agathobacter	NA
5c4563e3dd7e12dcdf279783af929eaa	1	7.812247503266572e-17	0.5156406726742813	1.5150564952042475e-16	0.9999999999999999	0.9999999999999999	d__Bacteria	p__Bacillota	c__Clostridia	o__Lachnospirales	f__Lachnospiraceae	g__Agathobacter	NA
049be28aea0b2094a3273bc7b7974799	1	7.812247503266572e-17	0.5156406726742813	1.5150564952042475e-16	0.9999999999999999	0.9999999999999999	d__Bacteria	p__Bacillota	c__Clostridia	o__Lachnospirales	f__Lachnospiraceae	g__Agathobacter	NA
63280465938679d0adf0f4d34361710b	1	7.812247503266572e-17	0.5156406726742813	1.5150564952042475e-16	0.9999999999999999	0.9999999999999999	d__Bacteria	p__Bacillota	c__Clostridia	o__Lachnospirales	f__Lachnospiraceae	g__Agathobacter	NA
5348262d6a0043580764669cef6c6208	1.1643835616438356	-7.127202956690176e-8	0.5233847127491295	-1.3617522222332106e-7	0.9999998913478926	0.9999999999999999	d__Bacteria	p__Bacillota	c__Clostridia	o__Lachnospirales	f__Lachnospiraceae	g__Agathobacter	NA
d2a9961b13093f3af00cae14f9286821	1	7.812247503266572e-17	0.5156406726742813	1.5150564952042475e-16	0.9999999999999999	0.9999999999999999	d__Bacteria	p__Bacillota	c__Clostridia	o__Lachnospirales	f__Lachnospiraceae	g__Roseburia	NA
8d0f4817a45a3269a4df41c6c4dbc1c2	1	7.812247503266572e-17	0.5156406726742813	1.5150564952042475e-16	0.9999999999999999	0.9999999999999999	d__Bacteria	p__Bacillota	c__Clostridia	o__Lachnospirales	f__Lachnospiraceae	g__Roseburia	NA
601101d33cdf43a40bd674a50711af52	1	7.812247503266572e-17	0.5156406726742813	1.5150564952042475e-16	0.9999999999999999	0.9999999999999999	d__Bacteria	p__Bacillota	c__Clostridia	o__Lachnospirales	f__Lachnospiraceae	g__Roseburia	NA
ab4040fe8717efa3f115680ae82cd72a	1	7.812247503266572e-17	0.5156406726742813	1.5150564952042475e-16	0.9999999999999999	0.9999999999999999	d__Bacteria	p__Bacillota	c__Clostridia	o__Lachnospirales	f__Lachnospiraceae	g__Roseburia	NA
9e4392a483e801133756df91ce0ded9c	1	7.812247503266572e-17	0.5156406726742813	1.5150564952042475e-16	0.9999999999999999	0.9999999999999999	d__Bacteria	p__Bacillota	c__Clostridia	o__Lachnospirales	f__Lachnospiraceae	g__Roseburia	NA
ec6732c2e0d4cf64b3d0350e7fe3defb	1	7.812247503266572e-17	0.5156406726742813	1.5150564952042475e-16	0.9999999999999999	0.9999999999999999	d__Bacteria	p__Bacillota	c__Clostridia	o__Lachnospirales	f__Lachnospiraceae	g__Roseburia	NA
f70205fc13845ff93d04f8077970934f	1	7.812247503266572e-17	0.5156406726742813	1.5150564952042475e-16	0.9999999999999999	0.9999999999999999	d__Bacteria	p__Bacillota	c__Clostridia	o__Lachnospirales	f__Lachnospiraceae	g__Roseburia	NA
fa2bd2f1500f2aadfa41c605e68f78c0	1	7.812247503266572e-17	0.5156406726742813	1.5150564952042475e-16	0.9999999999999999	0.9999999999999999	d__Bacteria	p__Bacillota	c__Clostridia	o__Lachnospirales	f__Lachnospiraceae	g__Roseburia	NA
59fde92361d7af5a12b89009cc1665c3	1	7.812247503266572e-17	0.5156406726742813	1.5150564952042475e-16	0.9999999999999999	0.9999999999999999	d__Bacteria	p__Bacillota	c__Clostridia	o__Lachnospirales	f__Lachnospiraceae	NA	NA
4912cd4c1f9a773f88a73c258c25c825	1	7.812247503266572e-17	0.5156406726742813	1.5150564952042475e-16	0.9999999999999999	0.9999999999999999	d__Bacteria	p__Bacillota	c__Clostridia	o__Lachnospirales	f__Lachnospiraceae	g__Faecalicatena	NA
bf448678f2057e4c40f77ab168c0a053	1	7.812247503266572e-17	0.5156406726742813	1.5150564952042475e-16	0.9999999999999999	0.9999999999999999	d__Bacteria	p__Bacillota	c__Clostridia	o__Lachnospirales	f__Lachnospiraceae	NA	NA
7ea5bffdecae3f74c3914914602d1c63	1	7.812247503266572e-17	0.5156406726742813	1.5150564952042475e-16	0.9999999999999999	0.9999999999999999	d__Bacteria	p__Bacillota	c__Clostridia	o__Lachnospirales	f__Lachnospiraceae	NA	NA
7af6fc12809fdafab918881f836460f8	1.082191780821918	-3.725037371929173e-8	0.5176973198883104	-7.195396284324641e-8	0.999999942589044	0.9999999999999999	d__Bacteria	p__Bacillota	c__Clostridia	o__Lachnospirales	f__Lachnospiraceae	NA	NA
07f7487d471e0b5065f782774391388d	1	7.812247503266572e-17	0.5156406726742813	1.5150564952042475e-16	0.9999999999999999	0.9999999999999999	d__Bacteria	p__Bacillota	c__Clostridia	o__Lachnospirales	f__Lachnospiraceae	NA	NA
dd0f100bf28e465b25e15a51d917bf1c	1	7.812247503266572e-17	0.5156406726742813	1.5150564952042475e-16	0.9999999999999999	0.9999999999999999	d__Bacteria	p__Bacillota	c__Clostridia	o__Lachnospirales	f__Lachnospiraceae	NA	NA
bd5ef8f372e09bcf6ec35825be4f053c	1	7.812247503266572e-17	0.5156406726742813	1.5150564952042475e-16	0.9999999999999999	0.9999999999999999	d__Bacteria	p__Bacillota	c__Clostridia	o__Lachnospirales	f__Lachnospiraceae	g__Coprococcus	NA
20aa7b87c7033531cd5beba24d384812	1	7.812247503266572e-17	0.5156406726742813	1.5150564952042475e-16	0.9999999999999999	0.9999999999999999	d__Bacteria	p__Bacillota	c__Clostridia	o__Lachnospirales	f__Lachnospiraceae	g__Coprococcus	NA
fe245489c9306325a5182ca0b26b3dd1	1	7.812247503266572e-17	0.5156406726742813	1.5150564952042475e-16	0.9999999999999999	0.9999999999999999	d__Bacteria	p__Bacillota	c__Clostridia	o__Lachnospirales	f__Lachnospiraceae	g__Coprococcus	NA
2bc2c164ee191217c7507105b2e375a4	1	7.812247503266572e-17	0.5156406726742813	1.5150564952042475e-16	0.9999999999999999	0.9999999999999999	d__Bacteria	p__Bacillota	c__Clostridia	o__Lachnospirales	f__Lachnospiraceae	NA	NA
bfc5040baf564d53c8754c7150568997	1	7.812247503266572e-17	0.5156406726742813	1.5150564952042475e-16	0.9999999999999999	0.9999999999999999	d__Bacteria	p__Bacillota	c__Clostridia	o__Lachnospirales	f__Lachnospiraceae	g__Mediterraneibacter	NA
664667183a91ac47de4771fa5456a698	1	7.812247503266572e-17	0.5156406726742813	1.5150564952042475e-16	0.9999999999999999	0.9999999999999999	d__Bacteria	p__Bacillota	c__Clostridia	o__Lachnospirales	f__Lachnospiraceae	g__Mediterraneibacter	NA
452e8489334d0ba0cf7eeccea28f1364	1	7.812247503266572e-17	0.5156406726742813	1.5150564952042475e-16	0.9999999999999999	0.9999999999999999	d__Bacteria	p__Bacillota	c__Clostridia	o__Lachnospirales	f__Lachnospiraceae	g__Mediterraneibacter	NA
496d7f479392def9414da33c9137e40a	1	7.812247503266572e-17	0.5156406726742813	1.5150564952042475e-16	0.9999999999999999	0.9999999999999999	d__Bacteria	p__Bacillota	c__Clostridia	o__Lachnospirales	f__Lachnospiraceae	g__Dorea	NA
c24e0e391aa836b5eae25567c7eb89ee	1	7.812247503266572e-17	0.5156406726742813	1.5150564952042475e-16	0.9999999999999999	0.9999999999999999	d__Bacteria	p__Bacillota	c__Clostridia	o__Lachnospirales	f__Lachnospiraceae	g__[Ruminococcus]_gnavus_group	NA
37995083dd80edb84b26af5e4905d7ba	1	7.812247503266572e-17	0.5156406726742813	1.5150564952042475e-16	0.9999999999999999	0.9999999999999999	d__Bacteria	p__Bacillota	c__Clostridia	o__Lachnospirales	f__Lachnospiraceae	g__[Ruminococcus]_gnavus_group	NA
5c74ba2a11ae3d0b382f1d1843692e02	1	7.812247503266572e-17	0.5156406726742813	1.5150564952042475e-16	0.9999999999999999	0.9999999999999999	d__Bacteria	p__Bacillota	c__Clostridia	o__Lachnospirales	f__Lachnospiraceae	g__[Ruminococcus]_gnavus_group	NA
d1a75593a480570277f05ec729b865de	1	7.812247503266572e-17	0.5156406726742813	1.5150564952042475e-16	0.9999999999999999	0.9999999999999999	d__Bacteria	p__Bacillota	c__Clostridia	o__Lachnospirales	f__Lachnospiraceae	g__[Ruminococcus]_gnavus_group	NA
4b5cfdee8130f5fcedcfe5134e44e5d6	1	7.812247503266572e-17	0.5156406726742813	1.5150564952042475e-16	0.9999999999999999	0.9999999999999999	d__Bacteria	p__Bacillota	c__Clostridia	o__Lachnospirales	f__Lachnospiraceae	g__[Ruminococcus]_gnavus_group	NA
60d285e5faed1d8b89692b7e17cedd83	1	7.812247503266572e-17	0.5156406726742813	1.5150564952042475e-16	0.9999999999999999	0.9999999999999999	d__Bacteria	p__Bacillota	c__Clostridia	o__Lachnospirales	f__Lachnospiraceae	g__[Ruminococcus]_gnavus_group	NA
5149bdbf03de13bb38557d48d5141b87	1.0273972602739727	0.12029420247329663	0.5090991755503618	0.23628834665318904	0.813208928975602	0.9999999999999999	d__Bacteria	p__Bacillota	c__Clostridia	o__Lachnospirales	f__Lachnospiraceae	g__Lachnoclostridium	NA
2e4f2b53b856c4def6d021d01f5abb70	1	7.812247503266572e-17	0.5156406726742813	1.5150564952042475e-16	0.9999999999999999	0.9999999999999999	d__Bacteria	p__Bacillota	c__Clostridia	o__Lachnospirales	f__Lachnospiraceae	g__Dorea	NA
836219a248a828d153d0ca03cf5b2003	1	7.812247503266572e-17	0.5156406726742813	1.5150564952042475e-16	0.9999999999999999	0.9999999999999999	d__Bacteria	p__Bacillota	c__Clostridia	o__Lachnospirales	f__Lachnospiraceae	g__[Ruminococcus]_gnavus_group	NA
9f1c7313b24bc98241173ae7db699bd0	1	7.812247503266572e-17	0.5156406726742813	1.5150564952042475e-16	0.9999999999999999	0.9999999999999999	d__Bacteria	p__Bacillota	c__Clostridia	o__Lachnospirales	f__Lachnospiraceae	NA	NA
421cbd1d71d34704c6d53377261e213c	1	7.812247503266572e-17	0.5156406726742813	1.5150564952042475e-16	0.9999999999999999	0.9999999999999999	d__Bacteria	p__Bacillota	c__Clostridia	o__Lachnospirales	f__Lachnospiraceae	g__[Eubacterium]_ventriosum_group	NA
d084b32d5ad7ee012fef1f2de8889355	1	7.812247503266572e-17	0.5156406726742813	1.5150564952042475e-16	0.9999999999999999	0.9999999999999999	d__Bacteria	p__Bacillota	c__Clostridia	o__Lachnospirales	f__Lachnospiraceae	g__[Eubacterium]_ventriosum_group	NA
1b5d50e4ae6a2cb153f3b2ca04699419	1	7.812247503266572e-17	0.5156406726742813	1.5150564952042475e-16	0.9999999999999999	0.9999999999999999	d__Bacteria	p__Bacillota	c__Clostridia	o__Lachnospirales	f__Lachnospiraceae	g__[Eubacterium]_ventriosum_group	NA
e220e84c750738e230e8ecfe97decc4c	1	7.812247503266572e-17	0.5156406726742813	1.5150564952042475e-16	0.9999999999999999	0.9999999999999999	d__Bacteria	p__Bacillota	c__Clostridia	o__Lachnospirales	f__Lachnospiraceae	g__Faecalimonas	NA
b1376d4b55b95caf907587f740305357	1	7.812247503266572e-17	0.5156406726742813	1.5150564952042475e-16	0.9999999999999999	0.9999999999999999	d__Bacteria	p__Bacillota	c__Clostridia	o__Lachnospirales	f__Lachnospiraceae	g__Enterocloster	NA
be83625131875728eb43add055111b7c	1	7.812247503266572e-17	0.5156406726742813	1.5150564952042475e-16	0.9999999999999999	0.9999999999999999	d__Bacteria	p__Bacillota	c__Clostridia	o__Lachnospirales	f__Lachnospiraceae	g__Enterocloster	NA
34eca2881193c58b0a145254ea4189fd	1.1095890410958904	-0.7369652883911559	0.44703373926864387	-1.648567487538739	0.09923627406156019	0.9999999999999999	d__Bacteria	p__Bacillota	c__Clostridia	o__Lachnospirales	f__Lachnospiraceae	g__Enterocloster	NA
f61600d5c3675e9acf990fe6958aca07	1	7.812247503266572e-17	0.5156406726742813	1.5150564952042475e-16	0.9999999999999999	0.9999999999999999	d__Bacteria	p__Bacillota	c__Clostridia	o__Lachnospirales	f__Lachnospiraceae	g__Enterocloster	NA
794c48d1c110499dbd6338457f2ed417	1	7.812247503266572e-17	0.5156406726742813	1.5150564952042475e-16	0.9999999999999999	0.9999999999999999	d__Bacteria	p__Bacillota	c__Clostridia	o__Lachnospirales	f__Lachnospiraceae	g__Enterocloster	NA
be113850f984a95296ddceeb1a1d09df	1	7.812247503266572e-17	0.5156406726742813	1.5150564952042475e-16	0.9999999999999999	0.9999999999999999	d__Bacteria	p__Bacillota	c__Clostridia	o__Lachnospirales	f__Lachnospiraceae	g__Enterocloster	NA
03d0319e5420b1360552b439576b2fd1	1	7.812247503266572e-17	0.5156406726742813	1.5150564952042475e-16	0.9999999999999999	0.9999999999999999	d__Bacteria	p__Bacillota	c__Clostridia	o__Lachnospirales	f__Lachnospiraceae	g__Enterocloster	NA
770d3a65e5e65a156b1c584c2b25adf6	1	7.812247503266572e-17	0.5156406726742813	1.5150564952042475e-16	0.9999999999999999	0.9999999999999999	d__Bacteria	p__Bacillota	c__Clostridia	o__Lachnospirales	f__Lachnospiraceae	g__Enterocloster	NA
5d66e4011eca075a126ddc7ef27f5595	1	7.812247503266572e-17	0.5156406726742813	1.5150564952042475e-16	0.9999999999999999	0.9999999999999999	d__Bacteria	p__Bacillota	c__Clostridia	o__Lachnospirales	f__Lachnospiraceae	g__Enterocloster	NA
c67445ed68d61f49e41b7bdd1de019fb	1.1095890410958904	0.4306342486813195	0.49587209906110646	0.8684381506777462	0.38515451727540184	0.9999999999999999	d__Bacteria	p__Bacillota	c__Clostridia	o__Lachnospirales	f__Lachnospiraceae	g__Enterocloster	NA
5225de25bf8902d5a02c4af6e90cb5e8	1	7.812247503266572e-17	0.5156406726742813	1.5150564952042475e-16	0.9999999999999999	0.9999999999999999	d__Bacteria	p__Bacillota	c__Clostridia	o__Lachnospirales	f__Lachnospiraceae	g__[Ruminococcus]_gauvreauii_group	NA
d00a358047dbcb9ce8d036d8f18962a7	1	7.812247503266572e-17	0.5156406726742813	1.5150564952042475e-16	0.9999999999999999	0.9999999999999999	d__Bacteria	p__Bacillota	c__Clostridia	o__Lachnospirales	f__Lachnospiraceae	g__Extibacter	NA
deeae5ebd73410f1931afba21ddc5f63	1	7.812247503266572e-17	0.5156406726742813	1.5150564952042475e-16	0.9999999999999999	0.9999999999999999	d__Bacteria	p__Bacillota	c__Clostridia	o__Lachnospirales	f__Lachnospiraceae	g__Extibacter	NA
a248d70e41d75f4773ef7c94e831a21a	1	7.812247503266572e-17	0.5156406726742813	1.5150564952042475e-16	0.9999999999999999	0.9999999999999999	d__Bacteria	p__Bacillota	c__Clostridia	o__Lachnospirales	f__Lachnospiraceae	g__Faecalimonas	NA
9624ce4cefb03530aaafca65b645cfcc	1	7.812247503266572e-17	0.5156406726742813	1.5150564952042475e-16	0.9999999999999999	0.9999999999999999	d__Bacteria	p__Bacillota	c__Clostridia	o__Lachnospirales	f__Lachnospiraceae	g__Extibacter	NA
ea98cf5f7face95ade2d7795b0339265	1	7.812247503266572e-17	0.5156406726742813	1.5150564952042475e-16	0.9999999999999999	0.9999999999999999	d__Bacteria	p__Bacillota	c__Clostridia	o__Lachnospirales	f__Lachnospiraceae	NA	NA
8affc3372dd79282c7f4f49b2bc24d60	1	7.812247503266572e-17	0.5156406726742813	1.5150564952042475e-16	0.9999999999999999	0.9999999999999999	d__Bacteria	p__Bacillota	c__Clostridia	o__Lachnospirales	f__Lachnospiraceae	g__Lachnoclostridium	NA
67e8859e108281ee7971084bfa759522	1.095890410958904	-4.3051631507373336e-8	0.5182461995844165	-8.307177465439513e-8	0.9999999337183135	0.9999999999999999	d__Bacteria	p__Bacillota	c__Clostridia	o__Lachnospirales	f__Lachnospiraceae	g__Lachnoclostridium	NA
a83874fd792e8ebbe5e3e4931548337a	1	7.812247503266572e-17	0.5156406726742813	1.5150564952042475e-16	0.9999999999999999	0.9999999999999999	d__Bacteria	p__Bacillota	c__Clostridia	o__Lachnospirales	f__Lachnospiraceae	g__Lachnoclostridium	NA
ce546184b8868a04258ac2285a351da1	1	7.812247503266572e-17	0.5156406726742813	1.5150564952042475e-16	0.9999999999999999	0.9999999999999999	d__Bacteria	p__Bacillota	c__Clostridia	o__Lachnospirales	f__Lachnospiraceae	g__Lachnoclostridium	NA
8f4496a6a6bdcbfbe4cdea4292d96d70	1	7.812247503266572e-17	0.5156406726742813	1.5150564952042475e-16	0.9999999999999999	0.9999999999999999	d__Bacteria	p__Bacillota	c__Clostridia	o__Lachnospirales	f__Lachnospiraceae	g__Moryella	NA
b4efe03198767cdc475cfa45d91e1670	1	7.812247503266572e-17	0.5156406726742813	1.5150564952042475e-16	0.9999999999999999	0.9999999999999999	d__Bacteria	p__Bacillota	c__Clostridia	o__Lachnospirales	f__Lachnospiraceae	g__Moryella	NA
0b1dbb89f4c3b96aa67893b4b6a89ce0	1	7.812247503266572e-17	0.5156406726742813	1.5150564952042475e-16	0.9999999999999999	0.9999999999999999	d__Bacteria	p__Bacillota	c__Clostridia	o__Lachnospirales	f__Lachnospiraceae	g__Moryella	NA
d4b167f0fb11588dad2ab415a535461c	1	7.812247503266572e-17	0.5156406726742813	1.5150564952042475e-16	0.9999999999999999	0.9999999999999999	d__Bacteria	p__Bacillota	c__Clostridia	o__Lachnospirales	f__Lachnospiraceae	g__Moryella	NA
bed00446163a7786d89d581534b8a6db	1	7.812247503266572e-17	0.5156406726742813	1.5150564952042475e-16	0.9999999999999999	0.9999999999999999	d__Bacteria	p__Bacillota	c__Clostridia	o__Lachnospirales	f__Lachnospiraceae	g__Moryella	NA
053498cdf4623851e84f48b1dc827ffa	1	7.812247503266572e-17	0.5156406726742813	1.5150564952042475e-16	0.9999999999999999	0.9999999999999999	d__Bacteria	p__Bacillota	c__Clostridia	o__Lachnospirales	f__Lachnospiraceae	g__Moryella	NA
7e87735c204e7966d544fda276496db7	1.1095890410958904	-4.8770333209434345e-8	0.5188969425184775	-9.398847673437133e-8	0.9999999250080455	0.9999999999999999	d__Bacteria	p__Bacillota	c__Clostridia	o__Lachnospirales	f__Lachnospiraceae	g__Stomatobaculum	NA
ed4a03b1e46ddd4d47f13068cfbb5011	1	7.812247503266572e-17	0.5156406726742813	1.5150564952042475e-16	0.9999999999999999	0.9999999999999999	d__Bacteria	p__Bacillota	c__Clostridia	o__Lachnospirales	f__Lachnospiraceae	g__Moryella	NA
cdb51e76d8a1285c98a2b962844419db	1.7123287671232876	-3.488529166347328e-7	0.6532718520293563	-5.340087982530377e-7	0.9999995739226245	0.9999999999999999	d__Bacteria	p__Bacillota	c__Clostridia	o__Lachnospirales	f__Lachnospiraceae	g__Moryella	NA
1544a917781a731ce08f46b1340b6bc0	1	7.812247503266572e-17	0.5156406726742813	1.5150564952042475e-16	0.9999999999999999	0.9999999999999999	d__Bacteria	p__Bacillota	c__Clostridia	o__Lachnospirales	f__Lachnospiraceae	NA	NA
534cd2b914aca908f5add4d4e610e867	1	7.812247503266572e-17	0.5156406726742813	1.5150564952042475e-16	0.9999999999999999	0.9999999999999999	d__Bacteria	p__Pseudomonadota	c__Gammaproteobacteria	o__Enterobacterales	f__Enterobacteriaceae	g__Escherichia-Shigella	NA
e529807be3e770854166f88b7d84ffb9	1	7.812247503266572e-17	0.5156406726742813	1.5150564952042475e-16	0.9999999999999999	0.9999999999999999	d__Bacteria	p__Pseudomonadota	c__Gammaproteobacteria	o__Enterobacterales	f__Enterobacteriaceae	g__Escherichia-Shigella	NA
3255e1d0697c4bddcb23a990175b6302	1	7.812247503266572e-17	0.5156406726742813	1.5150564952042475e-16	0.9999999999999999	0.9999999999999999	d__Bacteria	p__Pseudomonadota	c__Gammaproteobacteria	o__Enterobacterales	f__Enterobacteriaceae	g__Escherichia-Shigella	NA
b813a59e34c790af75c0805553f8aa4f	1	7.812247503266572e-17	0.5156406726742813	1.5150564952042475e-16	0.9999999999999999	0.9999999999999999	d__Bacteria	p__Pseudomonadota	c__Gammaproteobacteria	o__Enterobacterales	f__Enterobacteriaceae	g__Escherichia-Shigella	NA
54182fbde6df75e40927ec139f146d60	1	7.812247503266572e-17	0.5156406726742813	1.5150564952042475e-16	0.9999999999999999	0.9999999999999999	d__Bacteria	p__Pseudomonadota	c__Gammaproteobacteria	o__Enterobacterales	f__Enterobacteriaceae	g__Escherichia-Shigella	NA
f4084ff26b7403151eacd101315e4bc1	1	7.812247503266572e-17	0.5156406726742813	1.5150564952042475e-16	0.9999999999999999	0.9999999999999999	d__Bacteria	p__Pseudomonadota	c__Gammaproteobacteria	o__Enterobacterales	f__Enterobacteriaceae	g__Escherichia-Shigella	NA
ae3202798dd65f0f9c9de3117a56ccb9	1	7.812247503266572e-17	0.5156406726742813	1.5150564952042475e-16	0.9999999999999999	0.9999999999999999	d__Bacteria	p__Pseudomonadota	c__Gammaproteobacteria	o__Enterobacterales	f__Enterobacteriaceae	g__Escherichia-Shigella	NA
12f9203b937a20a91b08aab804b28cd9	1	7.812247503266572e-17	0.5156406726742813	1.5150564952042475e-16	0.9999999999999999	0.9999999999999999	d__Bacteria	p__Bacillota	c__Clostridia	o__Lachnospirales	f__Lachnospiraceae	g__Marvinbryantia	NA
d71feb1923fa288790187009e8efa6d3	1	7.812247503266572e-17	0.5156406726742813	1.5150564952042475e-16	0.9999999999999999	0.9999999999999999	d__Bacteria	p__Bacillota	c__Clostridia	o__Lachnospirales	f__Lachnospiraceae	NA	NA
160ba81e303e4b37d60f3516078b7914	1	7.812247503266572e-17	0.5156406726742813	1.5150564952042475e-16	0.9999999999999999	0.9999999999999999	d__Bacteria	p__Bacillota	c__Clostridia	o__Lachnospirales	f__Lachnospiraceae	NA	NA
2de0f958e30d26f04cba8d2a920bbe46	1	7.812247503266572e-17	0.5156406726742813	1.5150564952042475e-16	0.9999999999999999	0.9999999999999999	d__Bacteria	p__Bacillota	c__Clostridia	o__Lachnospirales	f__Lachnospiraceae	g__Blautia	NA
bed671b4676144142cebd192b690f499	1	7.812247503266572e-17	0.5156406726742813	1.5150564952042475e-16	0.9999999999999999	0.9999999999999999	d__Bacteria	p__Bacillota	c__Clostridia	o__Lachnospirales	f__Lachnospiraceae	g__Blautia	NA
3dd7acf39ab927348aafcd8acb08dd9a	1	7.812247503266572e-17	0.5156406726742813	1.5150564952042475e-16	0.9999999999999999	0.9999999999999999	d__Bacteria	p__Bacillota	c__Clostridia	o__Lachnospirales	f__Lachnospiraceae	g__Blautia	NA
a63f65ad0f7a1ffc9e5ea828e95cdd6b	1.1369863013698631	-0.8744687763635594	0.4383271997346311	-1.9950137178185017	0.046041383739835434	0.9999999999999999	d__Bacteria	p__Bacillota	c__Clostridia	o__Lachnospirales	f__Lachnospiraceae	g__Blautia	NA
9f02839251e1419ee447381f263b14ed	1	7.812247503266572e-17	0.5156406726742813	1.5150564952042475e-16	0.9999999999999999	0.9999999999999999	d__Bacteria	p__Bacillota	c__Clostridia	o__Lachnospirales	f__Lachnospiraceae	g__Blautia	NA
932965d7ed2166402b521fea7a1029a4	1	7.812247503266572e-17	0.5156406726742813	1.5150564952042475e-16	0.9999999999999999	0.9999999999999999	d__Bacteria	p__Bacillota	c__Clostridia	o__Lachnospirales	f__Lachnospiraceae	g__Blautia	NA
79b5361a8906fbfe030167eb84f87c8a	1	7.812247503266572e-17	0.5156406726742813	1.5150564952042475e-16	0.9999999999999999	0.9999999999999999	d__Bacteria	p__Bacillota	c__Clostridia	o__Lachnospirales	f__Lachnospiraceae	g__Blautia	NA
c6c3ab4e828fb40d6e05967b7aac9338	1	7.812247503266572e-17	0.5156406726742813	1.5150564952042475e-16	0.9999999999999999	0.9999999999999999	d__Bacteria	p__Bacillota	c__Clostridia	o__Lachnospirales	f__Lachnospiraceae	g__Blautia	NA
b11a2d1e705cb618833eb9d7b973c9fa	1.1095890410958904	-4.8770333393483964e-8	0.5188969425184775	-9.398847708906531e-8	0.9999999250080452	0.9999999999999999	d__Bacteria	p__Bacillota	c__Clostridia	o__Lachnospirales	f__Lachnospiraceae	g__Blautia	NA
2de5ccd5d5d8484edf5b47be19c7687e	1	7.812247503266572e-17	0.5156406726742813	1.5150564952042475e-16	0.9999999999999999	0.9999999999999999	d__Bacteria	p__Bacillota	c__Clostridia	o__Lachnospirales	f__Lachnospiraceae	g__Blautia	NA
c84d13308b8608a006759b82fcb5e4ac	1	7.812247503266572e-17	0.5156406726742813	1.5150564952042475e-16	0.9999999999999999	0.9999999999999999	d__Bacteria	p__Bacillota	c__Clostridia	o__Lachnospirales	f__Lachnospiraceae	g__Blautia	NA
16c6da40e31fdb377aa763d3dd0f6f56	1	7.812247503266572e-17	0.5156406726742813	1.5150564952042475e-16	0.9999999999999999	0.9999999999999999	d__Bacteria	p__Bacillota	c__Clostridia	o__Lachnospirales	f__Lachnospiraceae	g__Blautia	NA
019e4cd4c464f2bc395e5c7830925669	1	7.812247503266572e-17	0.5156406726742813	1.5150564952042475e-16	0.9999999999999999	0.9999999999999999	d__Bacteria	p__Bacillota	c__Clostridia	o__Lachnospirales	f__Lachnospiraceae	g__Marvinbryantia	NA
26f085ea92fdbbeedc72785b303f8455	1	7.812247503266572e-17	0.5156406726742813	1.5150564952042475e-16	0.9999999999999999	0.9999999999999999	d__Bacteria	p__Bacillota	c__Clostridia	o__Lachnospirales	f__Lachnospiraceae	g__Marvinbryantia	NA
f73bc660ad02cf25a2e30bead37e34fd	1	7.812247503266572e-17	0.5156406726742813	1.5150564952042475e-16	0.9999999999999999	0.9999999999999999	d__Bacteria	p__Bacillota	c__Clostridia	o__Lachnospirales	f__Lachnospiraceae	g__Blautia	NA
00a96fbd0ac34bfd245f9c24f8737f7d	1	7.812247503266572e-17	0.5156406726742813	1.5150564952042475e-16	0.9999999999999999	0.9999999999999999	d__Bacteria	p__Bacillota	c__Clostridia	o__Lachnospirales	f__Lachnospiraceae	g__Blautia	NA
2a7169b7465789a82b4f47c3d934d259	1	7.812247503266572e-17	0.5156406726742813	1.5150564952042475e-16	0.9999999999999999	0.9999999999999999	d__Bacteria	p__Bacillota	c__Clostridia	o__Lachnospirales	f__Lachnospiraceae	g__Blautia	NA
8aaed79d6563ff7925c774e39b662a14	1	7.812247503266572e-17	0.5156406726742813	1.5150564952042475e-16	0.9999999999999999	0.9999999999999999	d__Bacteria	p__Bacillota	c__Clostridia	o__Lachnospirales	f__Lachnospiraceae	g__Marvinbryantia	NA
c7d28b7a0a9a95666a7a6df27bdd7472	1	7.812247503266572e-17	0.5156406726742813	1.5150564952042475e-16	0.9999999999999999	0.9999999999999999	d__Bacteria	p__Bacillota	c__Clostridia	o__Lachnospirales	f__Lachnospiraceae	g__Marvinbryantia	NA
0a68ec564e278b0246c920ad7de41880	1	7.812247503266572e-17	0.5156406726742813	1.5150564952042475e-16	0.9999999999999999	0.9999999999999999	d__Bacteria	p__Bacillota	c__Clostridia	o__Lachnospirales	f__Lachnospiraceae	g__Blautia	NA
da3b4b899cecf42ff30d58718834592a	1	7.812247503266572e-17	0.5156406726742813	1.5150564952042475e-16	0.9999999999999999	0.9999999999999999	d__Bacteria	p__Bacillota	c__Clostridia	o__Lachnospirales	f__Lachnospiraceae	g__Blautia	NA
8ca0b9917d926bb6241ce6e23673fce4	1	7.812247503266572e-17	0.5156406726742813	1.5150564952042475e-16	0.9999999999999999	0.9999999999999999	d__Bacteria	p__Bacillota	c__Clostridia	o__Lachnospirales	f__Lachnospiraceae	g__Blautia	NA
d49783e7800974b5f2bcce554e26072e	1	7.812247503266572e-17	0.5156406726742813	1.5150564952042475e-16	0.9999999999999999	0.9999999999999999	d__Bacteria	p__Bacillota	c__Clostridia	o__Lachnospirales	f__Lachnospiraceae	g__Blautia	NA
bc7f6c40d5f8e134763db884ca78cb1d	1	7.812247503266572e-17	0.5156406726742813	1.5150564952042475e-16	0.9999999999999999	0.9999999999999999	d__Bacteria	p__Bacillota	c__Clostridia	o__Lachnospirales	f__Lachnospiraceae	g__Blautia	NA
3525e8f55cd3355cc02bb9df648623e2	1	7.812247503266572e-17	0.5156406726742813	1.5150564952042475e-16	0.9999999999999999	0.9999999999999999	d__Bacteria	p__Bacillota	c__Clostridia	o__Lachnospirales	f__Lachnospiraceae	g__Blautia	NA
27a7197b6f932b622896bc3dc90f3200	1	7.812247503266572e-17	0.5156406726742813	1.5150564952042475e-16	0.9999999999999999	0.9999999999999999	d__Bacteria	p__Bacillota	c__Clostridia	o__Lachnospirales	f__Lachnospiraceae	g__[Ruminococcus]_gauvreauii_group	NA
ab3ff2e0d51ea7efcada5c69c9dd85ad	1	7.812247503266572e-17	0.5156406726742813	1.5150564952042475e-16	0.9999999999999999	0.9999999999999999	d__Bacteria	p__Bacillota	c__Clostridia	o__Lachnospirales	f__Lachnospiraceae	g__[Ruminococcus]_gauvreauii_group	NA
61535a40adb8221483821e3984d0b1ac	1	7.812247503266572e-17	0.5156406726742813	1.5150564952042475e-16	0.9999999999999999	0.9999999999999999	d__Bacteria	p__Bacillota	c__Clostridia	o__Lachnospirales	f__Lachnospiraceae	g__[Ruminococcus]_gauvreauii_group	NA
db74b0f5f9e396a0c984f4a1a039b60c	1	7.812247503266572e-17	0.5156406726742813	1.5150564952042475e-16	0.9999999999999999	0.9999999999999999	d__Bacteria	p__Bacillota	c__Clostridia	o__Lachnospirales	f__Lachnospiraceae	g__[Ruminococcus]_gauvreauii_group	NA
02b4317d07dfa2d4bcf0b885431ba6ce	1	7.812247503266572e-17	0.5156406726742813	1.5150564952042475e-16	0.9999999999999999	0.9999999999999999	d__Bacteria	p__Bacillota	c__Clostridia	o__Lachnospirales	f__Lachnospiraceae	g__Blautia	NA
a3b8524c1b273413d45d6b635db3103f	1	7.812247503266572e-17	0.5156406726742813	1.5150564952042475e-16	0.9999999999999999	0.9999999999999999	d__Bacteria	p__Bacillota	c__Clostridia	o__Lachnospirales	f__Lachnospiraceae	g__Blautia	NA
fcffedae608fe4871be42936a1cb523a	1	7.812247503266572e-17	0.5156406726742813	1.5150564952042475e-16	0.9999999999999999	0.9999999999999999	d__Bacteria	p__Bacillota	c__Clostridia	o__Lachnospirales	f__Lachnospiraceae	NA	NA
d12e59471502034ef5ef8182d1624b13	1	7.812247503266572e-17	0.5156406726742813	1.5150564952042475e-16	0.9999999999999999	0.9999999999999999	d__Bacteria	p__Bacillota	c__Clostridia	o__Lachnospirales	f__Lachnospiraceae	NA	NA
0a6b9615944301a29e20464d2ebb5ae1	1	7.812247503266572e-17	0.5156406726742813	1.5150564952042475e-16	0.9999999999999999	0.9999999999999999	d__Bacteria	p__Bacillota	c__Clostridia	o__Lachnospirales	f__Lachnospiraceae	NA	NA
55e8fd9e2a3868ef69575fcb459fc7c5	1	7.812247503266572e-17	0.5156406726742813	1.5150564952042475e-16	0.9999999999999999	0.9999999999999999	d__Bacteria	p__Bacillota	c__Clostridia	o__Lachnospirales	f__Lachnospiraceae	NA	NA
4e2e6735331ad01a30c94d2f4c285dc2	1	7.812247503266572e-17	0.5156406726742813	1.5150564952042475e-16	0.9999999999999999	0.9999999999999999	d__Bacteria	p__Bacillota	c__Clostridia	o__Lachnospirales	f__Lachnospiraceae	g__CAG-56	NA
a85414d00d7f63d6e200967b1ba7d397	1	7.812247503266572e-17	0.5156406726742813	1.5150564952042475e-16	0.9999999999999999	0.9999999999999999	d__Bacteria	p__Bacillota	c__Clostridia	o__Lachnospirales	f__Lachnospiraceae	g__Mediterraneibacter	NA
9e3226efaf559eb14a478f880462cb8a	1	7.812247503266572e-17	0.5156406726742813	1.5150564952042475e-16	0.9999999999999999	0.9999999999999999	d__Bacteria	p__Bacillota	c__Clostridia	o__Lachnospirales	f__Lachnospiraceae	g__Mediterraneibacter	NA
1516474efc3aa785c8f2fc6d144d597b	1	7.812247503266572e-17	0.5156406726742813	1.5150564952042475e-16	0.9999999999999999	0.9999999999999999	d__Bacteria	p__Bacillota	c__Clostridia	o__Lachnospirales	f__Lachnospiraceae	g__Mediterraneibacter	NA
6d427b86c309a70208622ecd4c8cbf09	1	7.812247503266572e-17	0.5156406726742813	1.5150564952042475e-16	0.9999999999999999	0.9999999999999999	d__Bacteria	p__Bacillota	c__Clostridia	o__Lachnospirales	f__Lachnospiraceae	g__Lachnospiraceae_UCG-008	NA
04ae944353d0c5edc33268d567833235	1	7.812247503266572e-17	0.5156406726742813	1.5150564952042475e-16	0.9999999999999999	0.9999999999999999	d__Bacteria	p__Bacillota	c__Clostridia	o__Lachnospirales	f__Lachnospiraceae	NA	NA
4ada3d8098e9706fcebb85f1e427fea6	1	7.812247503266572e-17	0.5156406726742813	1.5150564952042475e-16	0.9999999999999999	0.9999999999999999	d__Bacteria	p__Bacillota	c__Clostridia	o__Lachnospirales	f__Lachnospiraceae	NA	NA
c4d8f2c0d74388b488782cd32486fb9d	1	7.812247503266572e-17	0.5156406726742813	1.5150564952042475e-16	0.9999999999999999	0.9999999999999999	d__Bacteria	p__Bacillota	c__Clostridia	o__Lachnospirales	f__Lachnospiraceae	NA	NA
68bf460c51538574bc80654a718cda60	1	7.812247503266572e-17	0.5156406726742813	1.5150564952042475e-16	0.9999999999999999	0.9999999999999999	d__Bacteria	p__Bacillota	c__Clostridia	o__Lachnospirales	f__Lachnospiraceae	NA	NA
08bd43071a06abf56df235fca6655bea	1	7.812247503266572e-17	0.5156406726742813	1.5150564952042475e-16	0.9999999999999999	0.9999999999999999	d__Bacteria	p__Bacillota	c__Clostridia	o__Lachnospirales	f__Lachnospiraceae	g__Mediterraneibacter	NA
51fc57b160bb0784010a1b9993e5b541	1	7.812247503266572e-17	0.5156406726742813	1.5150564952042475e-16	0.9999999999999999	0.9999999999999999	d__Bacteria	p__Bacillota	c__Clostridia	o__Lachnospirales	f__Lachnospiraceae	g__Mediterraneibacter	NA
79c28c77327e355fb81dce890c619793	1	7.812247503266572e-17	0.5156406726742813	1.5150564952042475e-16	0.9999999999999999	0.9999999999999999	d__Bacteria	p__Bacillota	c__Clostridia	o__Lachnospirales	f__Lachnospiraceae	g__Sellimonas	NA
58bd181f757283f5a4ceebdf90ff6243	1	7.812247503266572e-17	0.5156406726742813	1.5150564952042475e-16	0.9999999999999999	0.9999999999999999	d__Bacteria	p__Bacillota	c__Clostridia	o__Lachnospirales	f__Lachnospiraceae	g__Sellimonas	NA
645ad704bb17e791a05ee9cf57bfdcb6	1	7.812247503266572e-17	0.5156406726742813	1.5150564952042475e-16	0.9999999999999999	0.9999999999999999	d__Bacteria	p__Bacillota	c__Clostridia	o__Lachnospirales	f__Lachnospiraceae	g__Sellimonas	NA
544dc3c469fceaa44e25d68991df11f4	1	7.812247503266572e-17	0.5156406726742813	1.5150564952042475e-16	0.9999999999999999	0.9999999999999999	d__Bacteria	p__Bacillota	c__Clostridia	o__Lachnospirales	f__Lachnospiraceae	g__Fusicatenibacter	NA
d76d59ec71de0e3b22da0c9cd564d41a	1	7.812247503266572e-17	0.5156406726742813	1.5150564952042475e-16	0.9999999999999999	0.9999999999999999	d__Bacteria	p__Bacillota	c__Clostridia	o__Lachnospirales	f__Lachnospiraceae	g__Fusicatenibacter	NA
deb841129eee6d29398d1ab4efaefccc	1	7.812247503266572e-17	0.5156406726742813	1.5150564952042475e-16	0.9999999999999999	0.9999999999999999	d__Bacteria	p__Bacillota	c__Clostridia	o__Lachnospirales	f__Lachnospiraceae	g__Fusicatenibacter	NA
5e2990e8ea901b1a6d8d6c6d04aa64e3	1	7.812247503266572e-17	0.5156406726742813	1.5150564952042475e-16	0.9999999999999999	0.9999999999999999	d__Bacteria	p__Bacillota	c__Clostridia	o__Lachnospirales	f__Lachnospiraceae	NA	NA
d622c6bc1d5e3a4f0403d7d208981372	1	7.812247503266572e-17	0.5156406726742813	1.5150564952042475e-16	0.9999999999999999	0.9999999999999999	d__Bacteria	p__Bacillota	c__Clostridia	o__Lachnospirales	f__Lachnospiraceae	g__Lachnospiraceae_NK4A136_group	NA
caea322863a57bb2b14c7317fa120dc4	1	7.812247503266572e-17	0.5156406726742813	1.5150564952042475e-16	0.9999999999999999	0.9999999999999999	d__Bacteria	p__Bacillota	c__Clostridia	o__Lachnospirales	f__Lachnospiraceae	g__Lachnospiraceae_NK4A136_group	NA
497155739b0b28f97faa1878ae95ca75	1	7.812247503266572e-17	0.5156406726742813	1.5150564952042475e-16	0.9999999999999999	0.9999999999999999	d__Bacteria	p__Bacillota	c__Clostridia	o__Lachnospirales	f__Lachnospiraceae	g__Lachnospiraceae_NK4A136_group	NA
48d6e0badb90f052133ee4b44ec77c1d	1	7.812247503266572e-17	0.5156406726742813	1.5150564952042475e-16	0.9999999999999999	0.9999999999999999	d__Bacteria	p__Bacillota	c__Clostridia	o__Lachnospirales	f__Lachnospiraceae	g__Lachnospiraceae_NK4A136_group	NA
b05080b88bcf581a4e0ad0be14acecdb	1	7.812247503266572e-17	0.5156406726742813	1.5150564952042475e-16	0.9999999999999999	0.9999999999999999	d__Bacteria	p__Bacillota	c__Clostridia	o__Lachnospirales	f__Lachnospiraceae	NA	NA
98143d3e3cd541c0028117de28d58c8c	1	7.812247503266572e-17	0.5156406726742813	1.5150564952042475e-16	0.9999999999999999	0.9999999999999999	d__Bacteria	p__Bacillota	c__Clostridia	o__Lachnospirales	f__Lachnospiraceae	g__Sellimonas	NA
2da432982b7f27d1f8672b093c6a90c0	1	7.812247503266572e-17	0.5156406726742813	1.5150564952042475e-16	0.9999999999999999	0.9999999999999999	d__Bacteria	p__Bacillota	c__Clostridia	o__Lachnospirales	f__Lachnospiraceae	NA	NA
e3b5a4a0bf06ad5a4ee1400fbee3665d	1	7.812247503266572e-17	0.5156406726742813	1.5150564952042475e-16	0.9999999999999999	0.9999999999999999	d__Bacteria	p__Bacillota	c__Clostridia	o__Lachnospirales	f__Lachnospiraceae	NA	NA
42060670426da942e8158ded54478b51	1	7.812247503266572e-17	0.5156406726742813	1.5150564952042475e-16	0.9999999999999999	0.9999999999999999	d__Bacteria	p__Bacillota	c__Clostridia	o__Lachnospirales	f__Lachnospiraceae	g__Sellimonas	NA
68e7e3599b8727dad8fb579a21279b55	1	7.812247503266572e-17	0.5156406726742813	1.5150564952042475e-16	0.9999999999999999	0.9999999999999999	d__Bacteria	p__Bacillota	c__Clostridia	o__Lachnospirales	f__Lachnospiraceae	g__Sellimonas	NA
7b6b1061c5015981f17a06c394aad1b6	1	7.812247503266572e-17	0.5156406726742813	1.5150564952042475e-16	0.9999999999999999	0.9999999999999999	d__Bacteria	p__Bacillota	c__Clostridia	o__Lachnospirales	f__Lachnospiraceae	g__Sellimonas	NA
c6b90711837508687841b1d5cbff2f65	1	7.812247503266572e-17	0.5156406726742813	1.5150564952042475e-16	0.9999999999999999	0.9999999999999999	d__Bacteria	p__Bacillota	c__Clostridia	o__Lachnospirales	f__Lachnospiraceae	NA	NA
6eebb297aa85ef6c9bf9f89f02fed0b2	1	7.812247503266572e-17	0.5156406726742813	1.5150564952042475e-16	0.9999999999999999	0.9999999999999999	d__Bacteria	p__Bacillota	c__Clostridia	o__Lachnospirales	f__Lachnospiraceae	NA	NA
05a5fd28f8d722854393a59ba180f256	1	7.812247503266572e-17	0.5156406726742813	1.5150564952042475e-16	0.9999999999999999	0.9999999999999999	d__Bacteria	p__Bacillota	c__Clostridia	o__Lachnospirales	f__Lachnospiraceae	NA	NA
12615dfed222d35c1582cbd6cef48013	1	7.812247503266572e-17	0.5156406726742813	1.5150564952042475e-16	0.9999999999999999	0.9999999999999999	d__Bacteria	p__Bacillota	c__Clostridia	o__Lachnospirales	f__Lachnospiraceae	g__Mediterraneibacter	NA
c81d2bd60b0b2a355bc6e63534ecc66c	1	7.812247503266572e-17	0.5156406726742813	1.5150564952042475e-16	0.9999999999999999	0.9999999999999999	d__Bacteria	p__Bacillota	c__Clostridia	o__Lachnospirales	f__Lachnospiraceae	g__Blautia	NA
9ca16919b367f73d91ecf1b3d61d801e	1	7.812247503266572e-17	0.5156406726742813	1.5150564952042475e-16	0.9999999999999999	0.9999999999999999	d__Bacteria	p__Bacillota	c__Clostridia	o__Lachnospirales	f__Lachnospiraceae	g__Blautia	NA
9adf9f609d6f4a79fd2c70f7c9490f80	1	7.812247503266572e-17	0.5156406726742813	1.5150564952042475e-16	0.9999999999999999	0.9999999999999999	d__Bacteria	p__Bacillota	c__Clostridia	o__Lachnospirales	f__Lachnospiraceae	g__Dorea	NA
55bf45ec97fa611aeb7c11c4445f16d6	1	7.812247503266572e-17	0.5156406726742813	1.5150564952042475e-16	0.9999999999999999	0.9999999999999999	d__Bacteria	p__Bacillota	c__Clostridia	o__Lachnospirales	f__Lachnospiraceae	g__Dorea	NA
f4cc6e4932f507b33d1335d801f54563	1.0684931506849316	-3.135216089026781e-8	0.5172288305685874	-6.061564831141087e-8	0.9999999516357101	0.9999999999999999	d__Bacteria	p__Bacillota	c__Clostridia	o__Lachnospirales	f__Lachnospiraceae	g__Dorea	NA
4cb1ca2f2159e76e6985e5e3961a3826	1	7.812247503266572e-17	0.5156406726742813	1.5150564952042475e-16	0.9999999999999999	0.9999999999999999	d__Bacteria	p__Bacillota	c__Clostridia	o__Lachnospirales	f__Lachnospiraceae	g__Dorea	NA
7d2c8371ed23c6916729809b7a2990f8	1	7.812247503266572e-17	0.5156406726742813	1.5150564952042475e-16	0.9999999999999999	0.9999999999999999	d__Bacteria	p__Bacillota	c__Clostridia	o__Lachnospirales	f__Lachnospiraceae	g__Extibacter	NA
83b3aacc4571eb88c497efc244b4c927	1	7.812247503266572e-17	0.5156406726742813	1.5150564952042475e-16	0.9999999999999999	0.9999999999999999	d__Bacteria	p__Bacillota	c__Clostridia	o__Lachnospirales	f__Lachnospiraceae	g__Lachnospiraceae_FE2018_group	NA
1eafd1521ed34517ba04ee3e47fdf7b4	1.2465753424657535	-1.0848397584095215e-7	0.5432264955024766	-1.9970302763050254e-7	0.9999998406600376	0.9999999999999999	d__Bacteria	p__Bacillota	c__Clostridia	o__Lachnospirales	f__Lachnospiraceae	g__Lachnospiraceae_FE2018_group	NA
b044a86e33a67caceb0a9f59149747ac	1	7.812247503266572e-17	0.5156406726742813	1.5150564952042475e-16	0.9999999999999999	0.9999999999999999	d__Bacteria	p__Bacillota	c__Clostridia	o__Lachnospirales	f__Lachnospiraceae	g__Howardella	NA
efcfc19372879de4763f111fd3dd8487	1	7.812247503266572e-17	0.5156406726742813	1.5150564952042475e-16	0.9999999999999999	0.9999999999999999	d__Bacteria	p__Bacillota	c__Clostridia	o__Lachnospirales	f__Lachnospiraceae	g__Howardella	NA
12596212f81c470bb18586314a5ea8e2	3.356164383561644	-1.1450487590286362	0.6666822532744949	-1.7175329827734025	0.08588183338411284	0.9999999999999999	d__Bacteria	p__Bacillota	c__Clostridia	o__Lachnospirales	f__Lachnospiraceae	g__Howardella	NA
53e54ec48a512f8a31b439db41a322b3	1	7.812247503266572e-17	0.5156406726742813	1.5150564952042475e-16	0.9999999999999999	0.9999999999999999	d__Bacteria	p__Bacillota	c__Clostridia	o__Lachnospirales	f__Lachnospiraceae	g__Howardella	NA
d5fee03c103b88588b71cb36c6bd9506	1	7.812247503266572e-17	0.5156406726742813	1.5150564952042475e-16	0.9999999999999999	0.9999999999999999	d__Bacteria	p__Bacillota	c__Clostridia	o__Lachnospirales	f__Lachnospiraceae	NA	NA
2114414db001c21b5f663a9d3e7b56e6	17.684931506849313	-6.5685801970184565	0.8036666241533548	-8.173264883232289	3.0015399083519966e-16	6.993587986460152e-13	d__Bacteria	p__Bacillota	c__Clostridia	o__Lachnospirales	f__Lachnospiraceae	g__Shuttleworthia	NA
f6e582a67a3c26bb63c7f206507e00bc	1.082191780821918	-3.725037375073774e-8	0.5176973198883101	-7.19539629039885e-8	0.9999999425890439	0.9999999999999999	d__Bacteria	p__Bacillota	c__Clostridia	o__Lachnospirales	f__Lachnospiraceae	g__Shuttleworthia	NA
5b9308235b866c5544ad11c115839c69	1.1643835616438356	-7.127203014283115e-8	0.5233847127491277	-1.361752233237155e-7	0.9999998913478918	0.9999999999999999	d__Bacteria	p__Bacillota	c__Clostridia	o__Lachnospirales	f__Lachnospiraceae	g__Shuttleworthia	NA
f1edd3c769f15cfd799e6ed84675bd86	1.095890410958904	-4.3051631507373336e-8	0.5182461995844165	-8.307177465439513e-8	0.9999999337183135	0.9999999999999999	d__Bacteria	p__Bacillota	c__Clostridia	o__Lachnospirales	f__Lachnospiraceae	g__Shuttleworthia	NA
1f1364256c4afbd77469dbde5b3ccf2d	1	7.812247503266572e-17	0.5156406726742813	1.5150564952042475e-16	0.9999999999999999	0.9999999999999999	d__Bacteria	p__Bacillota	c__Clostridia	o__Lachnospirales	f__Lachnospiraceae	g__Shuttleworthia	NA
8caae6c556fcdf0598c9f290a8977f65	1.082191780821918	-3.725037366785403e-8	0.5176973198883104	-7.195396274388776e-8	0.999999942589044	0.9999999999999999	d__Bacteria	p__Fusobacteriota	c__Fusobacteriia	o__Fusobacteriales	f__Leptotrichiaceae	g__Sneathia	NA
99fc2d99215491954b4bbe587ecef861	1	7.812247503266572e-17	0.5156406726742813	1.5150564952042475e-16	0.9999999999999999	0.9999999999999999	d__Bacteria	p__Fusobacteriota	c__Fusobacteriia	o__Fusobacteriales	f__Leptotrichiaceae	g__Sneathia	NA
b1a2eb74f17971864ed1ed964da108e5	85.9041095890411	-1.9959575133514806	1.017934394360222	-1.9607918981909953	0.04990330354377323	0.9999999999999999	d__Bacteria	p__Fusobacteriota	c__Fusobacteriia	o__Fusobacteriales	f__Leptotrichiaceae	g__Sneathia	NA
697e9cded9dd9f9e45bfa6363ca5bbd0	1	7.812247503266572e-17	0.5156406726742813	1.5150564952042475e-16	0.9999999999999999	0.9999999999999999	d__Bacteria	p__Fusobacteriota	c__Fusobacteriia	o__Fusobacteriales	f__Leptotrichiaceae	g__Sneathia	NA
ae576337f19d0f18d56c014b87bd9de3	1.095890410958904	-4.3051631507373336e-8	0.5182461995844165	-8.307177465439513e-8	0.9999999337183135	0.9999999999999999	d__Bacteria	p__Fusobacteriota	c__Fusobacteriia	o__Fusobacteriales	f__Leptotrichiaceae	g__Sneathia	NA
fc7cb4dae6f66576fab33f7fdb41caf5	1.1506849315068493	-6.564103718702851e-8	0.5218593587622026	-1.2578300280505152e-7	0.999999899639684	0.9999999999999999	d__Bacteria	p__Fusobacteriota	c__Fusobacteriia	o__Fusobacteriales	f__Leptotrichiaceae	g__Sneathia	NA
63749f93fa752451b71632e68523bb95	16.78082191780822	-0.8886500762427569	0.873289332147034	-1.0175895244912219	0.30887306770047634	0.9999999999999999	d__Bacteria	p__Fusobacteriota	c__Fusobacteriia	o__Fusobacteriales	f__Leptotrichiaceae	g__Sneathia	NA
160487812b1fafbb16ea2dbb2708985b	1	7.812247503266572e-17	0.5156406726742813	1.5150564952042475e-16	0.9999999999999999	0.9999999999999999	d__Bacteria	p__Fusobacteriota	c__Fusobacteriia	o__Fusobacteriales	f__Leptotrichiaceae	g__Sneathia	NA
6997d881388e677a1e757921263f658f	1.1369863013698631	0.5208320440879327	0.4935816555072819	1.0552094841382305	0.29132952752577546	0.9999999999999999	d__Bacteria	p__Fusobacteriota	c__Fusobacteriia	o__Fusobacteriales	f__Leptotrichiaceae	g__Sneathia	NA
8674dcf0cfe35939037fa9a5b986866f	1	7.812247503266572e-17	0.5156406726742813	1.5150564952042475e-16	0.9999999999999999	0.9999999999999999	d__Bacteria	p__Fusobacteriota	c__Fusobacteriia	o__Fusobacteriales	f__Fusobacteriaceae	g__Fusobacterium	NA
fae6d0c5cd2a53341a4ec984541b1541	1	7.812247503266572e-17	0.5156406726742813	1.5150564952042475e-16	0.9999999999999999	0.9999999999999999	d__Bacteria	p__Fusobacteriota	c__Fusobacteriia	o__Fusobacteriales	f__Fusobacteriaceae	g__Fusobacterium	NA
e708751e62639cc0951c413f92ea7620	1	7.812247503266572e-17	0.5156406726742813	1.5150564952042475e-16	0.9999999999999999	0.9999999999999999	d__Bacteria	p__Fusobacteriota	c__Fusobacteriia	o__Fusobacteriales	f__Fusobacteriaceae	g__Fusobacterium	NA
f4e78e2e397dc8bd3ca2f87c245a8773	1	7.812247503266572e-17	0.5156406726742813	1.5150564952042475e-16	0.9999999999999999	0.9999999999999999	d__Bacteria	p__Fusobacteriota	c__Fusobacteriia	o__Fusobacteriales	f__Fusobacteriaceae	g__Fusobacterium	NA
7f85ac088481e3811666998c6ba22231	1	7.812247503266572e-17	0.5156406726742813	1.5150564952042475e-16	0.9999999999999999	0.9999999999999999	d__Bacteria	p__Fusobacteriota	c__Fusobacteriia	o__Fusobacteriales	f__Fusobacteriaceae	g__Fusobacterium	NA
4a1fcd915d60feef39e0e6440bcc0637	1	7.812247503266572e-17	0.5156406726742813	1.5150564952042475e-16	0.9999999999999999	0.9999999999999999	d__Bacteria	p__Fusobacteriota	c__Fusobacteriia	o__Fusobacteriales	f__Fusobacteriaceae	g__Fusobacterium	NA
089441fc51f22ba8ecf9182625422b67	1	7.812247503266572e-17	0.5156406726742813	1.5150564952042475e-16	0.9999999999999999	0.9999999999999999	d__Bacteria	p__Fusobacteriota	c__Fusobacteriia	o__Fusobacteriales	f__Fusobacteriaceae	g__Fusobacterium	NA
0fac00bdf345de6ec3883615d1aa61b4	1	7.812247503266572e-17	0.5156406726742813	1.5150564952042475e-16	0.9999999999999999	0.9999999999999999	d__Bacteria	p__Fusobacteriota	c__Fusobacteriia	o__Fusobacteriales	f__Fusobacteriaceae	g__Fusobacterium	NA
8dda459cc6a36c5cafef39150f5bff56	1	7.812247503266572e-17	0.5156406726742813	1.5150564952042475e-16	0.9999999999999999	0.9999999999999999	d__Bacteria	p__Fusobacteriota	c__Fusobacteriia	o__Fusobacteriales	f__Fusobacteriaceae	g__Fusobacterium	NA
f6304925fe231028801d4ad83f85b704	1	7.812247503266572e-17	0.5156406726742813	1.5150564952042475e-16	0.9999999999999999	0.9999999999999999	d__Bacteria	p__Fusobacteriota	c__Fusobacteriia	o__Fusobacteriales	f__Fusobacteriaceae	g__Fusobacterium	NA
8ea0c3f22295dcc9639c3b3a112ba9b4	1.082191780821918	0.33441895563880664	0.4992834951781326	0.6697977378953691	0.5029867358155204	0.9999999999999999	d__Bacteria	p__Fusobacteriota	c__Fusobacteriia	o__Fusobacteriales	f__Fusobacteriaceae	g__Fusobacterium	NA
e35ed7f7950e5384ba7ece1250f5aaa0	1	7.812247503266572e-17	0.5156406726742813	1.5150564952042475e-16	0.9999999999999999	0.9999999999999999	d__Bacteria	p__Fusobacteriota	c__Fusobacteriia	o__Fusobacteriales	f__Fusobacteriaceae	g__Fusobacterium	NA
e502ebea2a54a6f839d310d6d57e7d47	1.726027397260274	1.0869352612747551	0.5711615235978883	1.9030260554455418	0.05703714546855779	0.9999999999999999	d__Bacteria	p__Fusobacteriota	c__Fusobacteriia	o__Fusobacteriales	f__Fusobacteriaceae	g__Fusobacterium	NA
7c9ef2c6a12006ce70b8de00bfe55a83	1	7.812247503266572e-17	0.5156406726742813	1.5150564952042475e-16	0.9999999999999999	0.9999999999999999	d__Bacteria	p__Fusobacteriota	c__Fusobacteriia	o__Fusobacteriales	f__Fusobacteriaceae	g__Fusobacterium	NA
24e4a3997e50367598b3152939b4fb75	1	7.812247503266572e-17	0.5156406726742813	1.5150564952042475e-16	0.9999999999999999	0.9999999999999999	d__Bacteria	p__Fusobacteriota	c__Fusobacteriia	o__Fusobacteriales	f__Fusobacteriaceae	g__Fusobacterium	NA
bb13530168243d1db4c26492f04e7937	1	7.812247503266572e-17	0.5156406726742813	1.5150564952042475e-16	0.9999999999999999	0.9999999999999999	d__Bacteria	p__Fusobacteriota	c__Fusobacteriia	o__Fusobacteriales	f__Fusobacteriaceae	g__Fusobacterium	NA
4b7712254e4dd8d5bc585d4a6c5c2e88	1	7.812247503266572e-17	0.5156406726742813	1.5150564952042475e-16	0.9999999999999999	0.9999999999999999	d__Bacteria	p__Fusobacteriota	c__Fusobacteriia	o__Fusobacteriales	f__Fusobacteriaceae	g__Fusobacterium	NA
37125fc6b7326af0e29ddb765d441528	1	7.812247503266572e-17	0.5156406726742813	1.5150564952042475e-16	0.9999999999999999	0.9999999999999999	d__Bacteria	p__Fusobacteriota	c__Fusobacteriia	o__Fusobacteriales	f__Fusobacteriaceae	g__Fusobacterium	NA
e193807cce7f4b5555c6feedecbe8258	1	7.812247503266572e-17	0.5156406726742813	1.5150564952042475e-16	0.9999999999999999	0.9999999999999999	d__Bacteria	p__Fusobacteriota	c__Fusobacteriia	o__Fusobacteriales	f__Fusobacteriaceae	g__Fusobacterium	NA
b9bd4ddc71b5261571e53f606451241d	1	7.812247503266572e-17	0.5156406726742813	1.5150564952042475e-16	0.9999999999999999	0.9999999999999999	d__Bacteria	p__Fusobacteriota	c__Fusobacteriia	o__Fusobacteriales	f__Fusobacteriaceae	g__Cetobacterium	NA
dcc6a52cec637e586b0cb4f27c746f4f	1	7.812247503266572e-17	0.5156406726742813	1.5150564952042475e-16	0.9999999999999999	0.9999999999999999	d__Bacteria	p__Fusobacteriota	c__Fusobacteriia	o__Fusobacteriales	f__Fusobacteriaceae	g__Fusobacterium	NA
f483115cf9def110ac01dc2ddc065a6c	1.1917808219178083	-8.196976717000465e-8	0.5250270006145874	-1.5612486038632733e-7	0.9999998754303844	0.9999999999999999	d__Bacteria	p__Fusobacteriota	c__Fusobacteriia	o__Fusobacteriales	f__Fusobacteriaceae	g__Fusobacterium	NA
e7c0ca19ade0aeb3c2fea30e3207d871	1	7.812247503266572e-17	0.5156406726742813	1.5150564952042475e-16	0.9999999999999999	0.9999999999999999	d__Bacteria	p__Fusobacteriota	c__Fusobacteriia	o__Fusobacteriales	f__Fusobacteriaceae	g__Fusobacterium	NA
5a2fd811723c3e5114e900cac5df17eb	1	7.812247503266572e-17	0.5156406726742813	1.5150564952042475e-16	0.9999999999999999	0.9999999999999999	d__Bacteria	p__Fusobacteriota	c__Fusobacteriia	o__Fusobacteriales	f__Fusobacteriaceae	g__Fusobacterium	NA
0f5acbee6e1036e86fcd29f411e3935d	1	7.812247503266572e-17	0.5156406726742813	1.5150564952042475e-16	0.9999999999999999	0.9999999999999999	d__Bacteria	p__Bacillota	c__Clostridia	o__Lachnospirales	f__Lachnospiraceae	NA	NA
85350432bd8703c85d15a922a6208b10	1	7.812247503266572e-17	0.5156406726742813	1.5150564952042475e-16	0.9999999999999999	0.9999999999999999	d__Bacteria	p__Bacillota	c__Clostridia	o__Lachnospirales	f__Lachnospiraceae	g__Lachnospiraceae_UCG-004	NA
cfea15f977f1e64f069cdebe6743870b	1	7.812247503266572e-17	0.5156406726742813	1.5150564952042475e-16	0.9999999999999999	0.9999999999999999	d__Bacteria	p__Bacillota	c__Clostridia	o__Lachnospirales	f__Lachnospiraceae	g__Lachnospiraceae_UCG-004	NA
956c3d31706ecfd689f7ef246aac8bc3	1	7.812247503266572e-17	0.5156406726742813	1.5150564952042475e-16	0.9999999999999999	0.9999999999999999	d__Bacteria	p__Bacillota	c__Clostridia	o__Lachnospirales	f__Lachnospiraceae	g__Lachnospiraceae_UCG-004	NA
ea598500527a8224c83ce36ad302af57	1	7.812247503266572e-17	0.5156406726742813	1.5150564952042475e-16	0.9999999999999999	0.9999999999999999	d__Bacteria	p__Bacillota	c__Clostridia	o__Lachnospirales	f__Lachnospiraceae	g__Lachnospiraceae_UCG-004	NA
1414bef8969ec0b320ad6b75847c0274	1	7.812247503266572e-17	0.5156406726742813	1.5150564952042475e-16	0.9999999999999999	0.9999999999999999	d__Bacteria	p__Bacillota	c__Clostridia	o__Lachnospirales	f__Lachnospiraceae	NA	NA
c72af37438571df8f99f5994b1bc0d1f	1	7.812247503266572e-17	0.5156406726742813	1.5150564952042475e-16	0.9999999999999999	0.9999999999999999	d__Bacteria	p__Bacillota	c__Clostridia	o__Lachnospirales	f__Lachnospiraceae	g__Lachnospiraceae_UCG-004	NA
6f9479c9d6e8fb172cbc5bac24c91d62	1	7.812247503266572e-17	0.5156406726742813	1.5150564952042475e-16	0.9999999999999999	0.9999999999999999	d__Bacteria	p__Bacillota	c__Clostridia	o__Lachnospirales	f__Lachnospiraceae	g__Blautia	NA
23f6cc646c729e5fe1a7527709eddcba	1	7.812247503266572e-17	0.5156406726742813	1.5150564952042475e-16	0.9999999999999999	0.9999999999999999	d__Bacteria	p__Bacteroidota	c__Bacteroidia	o__Bacteroidales	f__Bacteroidaceae	g__Bacteroides	NA
48a6761ba486de8be643cee1126c9153	1	7.812247503266572e-17	0.5156406726742813	1.5150564952042475e-16	0.9999999999999999	0.9999999999999999	d__Bacteria	p__Bacteroidota	c__Bacteroidia	o__Bacteroidales	f__Bacteroidaceae	g__Bacteroides	NA
c3f34fbb5d6e5eef690bd2aab1e6d55a	1	7.812247503266572e-17	0.5156406726742813	1.5150564952042475e-16	0.9999999999999999	0.9999999999999999	d__Bacteria	p__Bacteroidota	c__Bacteroidia	o__Bacteroidales	f__Bacteroidaceae	g__Bacteroides	NA
1f643921b7835f92be7b7683d5d2d8f1	1	7.812247503266572e-17	0.5156406726742813	1.5150564952042475e-16	0.9999999999999999	0.9999999999999999	d__Bacteria	p__Bacteroidota	c__Bacteroidia	o__Bacteroidales	f__Bacteroidaceae	g__Bacteroides	NA
18ab95aa1f5f98278170ab8d011fbd1b	1	7.812247503266572e-17	0.5156406726742813	1.5150564952042475e-16	0.9999999999999999	0.9999999999999999	d__Bacteria	p__Bacteroidota	c__Bacteroidia	o__Bacteroidales	f__Bacteroidaceae	g__Bacteroides	NA
baf39284afad4f9a96260d0ffd34e347	1	7.812247503266572e-17	0.5156406726742813	1.5150564952042475e-16	0.9999999999999999	0.9999999999999999	d__Bacteria	p__Bacteroidota	c__Bacteroidia	o__Bacteroidales	f__Bacteroidaceae	g__Bacteroides	NA
e935acdf264a8f1d2812da4466ce0771	1	7.812247503266572e-17	0.5156406726742813	1.5150564952042475e-16	0.9999999999999999	0.9999999999999999	d__Bacteria	p__Bacteroidota	c__Bacteroidia	o__Bacteroidales	f__Bacteroidaceae	g__Bacteroides	NA
fcd9493efb666147a8a98c658580e68e	1	7.812247503266572e-17	0.5156406726742813	1.5150564952042475e-16	0.9999999999999999	0.9999999999999999	d__Bacteria	p__Bacteroidota	c__Bacteroidia	o__Bacteroidales	f__Bacteroidaceae	g__Bacteroides	NA
0f6b7495021bd8009e203b3a63699d0e	1	7.812247503266572e-17	0.5156406726742813	1.5150564952042475e-16	0.9999999999999999	0.9999999999999999	d__Bacteria	p__Bacillota	c__Clostridia	o__Oscillospirales	f__Oscillospiraceae	g__UCG-002	NA
2bec453987b8809abf9cf37b1ec388dc	1	7.812247503266572e-17	0.5156406726742813	1.5150564952042475e-16	0.9999999999999999	0.9999999999999999	d__Bacteria	p__Bacillota	c__Clostridia	o__Lachnospirales	f__Lachnospiraceae	g__Lachnospiraceae_UCG-008	NA
05bec6161578c8eb8cb4dd19c05a5b73	1	7.812247503266572e-17	0.5156406726742813	1.5150564952042475e-16	0.9999999999999999	0.9999999999999999	d__Bacteria	p__Bacillota	c__Clostridia	o__Lachnospirales	f__Lachnospiraceae	NA	NA
360b8779251bfde96f1165e5202f83d6	1	7.812247503266572e-17	0.5156406726742813	1.5150564952042475e-16	0.9999999999999999	0.9999999999999999	d__Bacteria	p__Bacillota	c__Clostridia	o__Lachnospirales	f__Lachnospiraceae	NA	NA
7555e4e60606c6c09f49d343da029b33	1	7.812247503266572e-17	0.5156406726742813	1.5150564952042475e-16	0.9999999999999999	0.9999999999999999	d__Bacteria	p__Bacillota	c__Clostridia	o__Lachnospirales	f__Lachnospiraceae	NA	NA
47f770032218f91b352999ff1f663807	1	7.812247503266572e-17	0.5156406726742813	1.5150564952042475e-16	0.9999999999999999	0.9999999999999999	d__Bacteria	p__Bacillota	c__Clostridia	o__Lachnospirales	f__Lachnospiraceae	NA	NA
6326f3883ecfa02452ebaa3af9c5d84c	1	7.812247503266572e-17	0.5156406726742813	1.5150564952042475e-16	0.9999999999999999	0.9999999999999999	d__Bacteria	p__Bacillota	c__Clostridia	o__Lachnospirales	f__Lachnospiraceae	NA	NA
2799ad5c90e307f0e897fecda5a2924e	1	7.812247503266572e-17	0.5156406726742813	1.5150564952042475e-16	0.9999999999999999	0.9999999999999999	d__Bacteria	p__Bacillota	c__Clostridia	o__Lachnospirales	f__Lachnospiraceae	g__Eisenbergiella	NA
b7bbd3d2e5fd999afc045cd4d36979e0	1	7.812247503266572e-17	0.5156406726742813	1.5150564952042475e-16	0.9999999999999999	0.9999999999999999	d__Bacteria	p__Bacillota	c__Clostridia	o__Lachnospirales	f__Lachnospiraceae	NA	NA
23d6e67ff377b63cc8506920f662b5a5	1	7.812247503266572e-17	0.5156406726742813	1.5150564952042475e-16	0.9999999999999999	0.9999999999999999	d__Bacteria	p__Bacillota	c__Clostridia	o__Lachnospirales	f__Lachnospiraceae	NA	NA
8646bffa210e3f061cc57f1b1cf2f751	1	7.812247503266572e-17	0.5156406726742813	1.5150564952042475e-16	0.9999999999999999	0.9999999999999999	d__Bacteria	p__Bacillota	c__Clostridia	o__Lachnospirales	f__Lachnospiraceae	g__Hungatella	NA
4205d93a032f445a1687829d22eaa2b2	1	7.812247503266572e-17	0.5156406726742813	1.5150564952042475e-16	0.9999999999999999	0.9999999999999999	d__Bacteria	p__Bacillota	c__Clostridia	o__Lachnospirales	f__Lachnospiraceae	g__Hungatella	NA
da8644094f1d480f3b3a6a03a7027ab4	1	7.812247503266572e-17	0.5156406726742813	1.5150564952042475e-16	0.9999999999999999	0.9999999999999999	d__Bacteria	p__Bacillota	c__Clostridia	o__Lachnospirales	f__Lachnospiraceae	g__Hungatella	NA
32c99ead10486b0b4c3cfc79c646c7e7	1	7.812247503266572e-17	0.5156406726742813	1.5150564952042475e-16	0.9999999999999999	0.9999999999999999	d__Bacteria	p__Bacillota	c__Clostridia	o__Lachnospirales	f__Lachnospiraceae	g__Hungatella	NA
b79dde003fac2946cfe3cb1d5c7aaac7	1.082191780821918	-3.725037371929173e-8	0.5176973198883104	-7.195396284324641e-8	0.999999942589044	0.9999999999999999	d__Bacteria	p__Bacillota	c__Clostridia	o__Lachnospirales	f__Lachnospiraceae	g__Hungatella	NA
b1d8e09561b600103cc3d8b388c02478	1	7.812247503266572e-17	0.5156406726742813	1.5150564952042475e-16	0.9999999999999999	0.9999999999999999	d__Bacteria	p__Bacillota	c__Clostridia	o__Lachnospirales	f__Lachnospiraceae	NA	NA
4f480409cf34da6fb985eaa1cf33a65b	1	7.812247503266572e-17	0.5156406726742813	1.5150564952042475e-16	0.9999999999999999	0.9999999999999999	d__Bacteria	p__Bacillota	c__Clostridia	o__Lachnospirales	f__Lachnospiraceae	NA	NA
c2e94d7cfaa554a2bbf511ddcecabea2	1	7.812247503266572e-17	0.5156406726742813	1.5150564952042475e-16	0.9999999999999999	0.9999999999999999	d__Bacteria	p__Bacillota	c__Clostridia	o__Lachnospirales	f__Lachnospiraceae	g__Lachnospiraceae_NK4A136_group	NA
18d1d3003cc423b568ba5b5ccb433023	1	7.812247503266572e-17	0.5156406726742813	1.5150564952042475e-16	0.9999999999999999	0.9999999999999999	d__Bacteria	p__Bacillota	c__Clostridia	o__Lachnospirales	f__Lachnospiraceae	NA	NA
f266466f018dc8bf6c6772cfd6fb85ae	1	7.812247503266572e-17	0.5156406726742813	1.5150564952042475e-16	0.9999999999999999	0.9999999999999999	d__Bacteria	p__Bacillota	c__Clostridia	o__Lachnospirales	f__Lachnospiraceae	g__Lachnospiraceae_NK4A136_group	NA
278c2a9599f0d608fc70845d26c6c722	1	7.812247503266572e-17	0.5156406726742813	1.5150564952042475e-16	0.9999999999999999	0.9999999999999999	d__Bacteria	p__Bacillota	c__Clostridia	o__Lachnospirales	f__Lachnospiraceae	g__Lachnospiraceae_NK4A136_group	NA
b4d07c2a22af0c99c73cf9722200d878	1	7.812247503266572e-17	0.5156406726742813	1.5150564952042475e-16	0.9999999999999999	0.9999999999999999	d__Bacteria	p__Bacillota	c__Clostridia	o__Lachnospirales	f__Lachnospiraceae	g__Lachnospiraceae_NK4A136_group	NA
db7f42d2a4ded289e177bb4c00edff61	1	7.812247503266572e-17	0.5156406726742813	1.5150564952042475e-16	0.9999999999999999	0.9999999999999999	d__Bacteria	p__Bacillota	c__Clostridia	o__Lachnospirales	f__Lachnospiraceae	g__Lachnospiraceae_NK4A136_group	NA
eba6ad448ed6a1fcd744350655065065	1	7.812247503266572e-17	0.5156406726742813	1.5150564952042475e-16	0.9999999999999999	0.9999999999999999	d__Bacteria	p__Bacillota	c__Clostridia	o__Lachnospirales	f__Lachnospiraceae	g__Lachnospiraceae_NK4A136_group	NA
aeadf3dab1935eb291cfc4ab4bda96b7	1	7.812247503266572e-17	0.5156406726742813	1.5150564952042475e-16	0.9999999999999999	0.9999999999999999	d__Bacteria	p__Bacillota	c__Clostridia	o__Lachnospirales	f__Lachnospiraceae	NA	NA
df0ede5bf2e15f4f0bd3b32c36bb36a2	1	7.812247503266572e-17	0.5156406726742813	1.5150564952042475e-16	0.9999999999999999	0.9999999999999999	d__Bacteria	p__Bacillota	c__Clostridia	o__Lachnospirales	f__Lachnospiraceae	g__Lachnospiraceae_UCG-009	NA
6b5c5532185593c41966b2173ea9df1c	1	7.812247503266572e-17	0.5156406726742813	1.5150564952042475e-16	0.9999999999999999	0.9999999999999999	d__Bacteria	p__Bacillota	c__Clostridia	o__Lachnospirales	f__Lachnospiraceae	g__Lachnospiraceae_UCG-009	NA
82ab916363b5f190874c8774502afa6a	1	7.812247503266572e-17	0.5156406726742813	1.5150564952042475e-16	0.9999999999999999	0.9999999999999999	d__Bacteria	p__Bacillota	c__Clostridia	o__Lachnospirales	f__Lachnospiraceae	g__Lachnospiraceae_UCG-009	NA
e1e57dba2b0942b4229961b847aa98e8	1	7.812247503266572e-17	0.5156406726742813	1.5150564952042475e-16	0.9999999999999999	0.9999999999999999	d__Bacteria	p__Bacillota	c__Clostridia	o__Lachnospirales	f__Lachnospiraceae	NA	NA
19a36b16af23deb4230ba84ab6f02f01	1	7.812247503266572e-17	0.5156406726742813	1.5150564952042475e-16	0.9999999999999999	0.9999999999999999	d__Bacteria	p__Bacillota	c__Clostridia	o__Lachnospirales	f__Lachnospiraceae	NA	NA
24646f903382ae52da1b45805982e09f	1	7.812247503266572e-17	0.5156406726742813	1.5150564952042475e-16	0.9999999999999999	0.9999999999999999	d__Bacteria	p__Bacillota	c__Clostridia	o__Lachnospirales	f__Lachnospiraceae	g__Extibacter	NA
ed8746a919274371bea412882a1c6bb5	1	7.812247503266572e-17	0.5156406726742813	1.5150564952042475e-16	0.9999999999999999	0.9999999999999999	d__Bacteria	p__Bacillota	c__Clostridia	o__Lachnospirales	f__Lachnospiraceae	g__Extibacter	NA
0e226d197c2f253bcee5f15026512f90	1	7.812247503266572e-17	0.5156406726742813	1.5150564952042475e-16	0.9999999999999999	0.9999999999999999	d__Bacteria	p__Bacillota	c__Clostridia	o__Lachnospirales	f__Lachnospiraceae	g__Extibacter	NA
504b29d7282c288d06f7f26759d3fac9	1	7.812247503266572e-17	0.5156406726742813	1.5150564952042475e-16	0.9999999999999999	0.9999999999999999	d__Bacteria	p__Bacillota	c__Clostridia	o__Lachnospirales	f__Lachnospiraceae	NA	NA
119eea33cb9f505d6a20297d132e792a	1	7.812247503266572e-17	0.5156406726742813	1.5150564952042475e-16	0.9999999999999999	0.9999999999999999	d__Bacteria	p__Bacillota	c__Clostridia	o__Lachnospirales	f__Lachnospiraceae	g__Lachnoclostridium	NA
99f18c96105b8daa3bfa2da885431750	1	7.812247503266572e-17	0.5156406726742813	1.5150564952042475e-16	0.9999999999999999	0.9999999999999999	d__Bacteria	p__Bacillota	c__Clostridia	o__Lachnospirales	f__Lachnospiraceae	g__Lachnoclostridium	NA
17dc28d8c7ea59f13a71ea36287aba80	1	7.812247503266572e-17	0.5156406726742813	1.5150564952042475e-16	0.9999999999999999	0.9999999999999999	d__Bacteria	p__Bacillota	c__Clostridia	o__Lachnospirales	f__Lachnospiraceae	g__Lachnoclostridium	NA
52fe22d345da0a890591507e33a1f1c3	1	7.812247503266572e-17	0.5156406726742813	1.5150564952042475e-16	0.9999999999999999	0.9999999999999999	d__Bacteria	p__Bacillota	c__Clostridia	o__Lachnospirales	f__Lachnospiraceae	g__Lachnoclostridium	NA
7eac17dba253d45b7426ebc866487e31	1	7.812247503266572e-17	0.5156406726742813	1.5150564952042475e-16	0.9999999999999999	0.9999999999999999	d__Bacteria	p__Bacillota	c__Clostridia	o__Lachnospirales	f__Lachnospiraceae	NA	NA
c9487a3260aac1c2c358a02bf68935bf	1	7.812247503266572e-17	0.5156406726742813	1.5150564952042475e-16	0.9999999999999999	0.9999999999999999	d__Bacteria	p__Bacillota	c__Clostridia	o__Lachnospirales	f__Lachnospiraceae	g__UC5-1-2E3	NA
6e57b32b545e72b802822e1554c70868	1.1232876712328768	-0.8073545976046168	0.442349735451938	-1.8251499501401582	0.06797840418879142	0.9999999999999999	d__Bacteria	p__Bacillota	c__Clostridia	o__Lachnospirales	f__Lachnospiraceae	g__Lachnoclostridium	NA
7d2402f1612fe6c2f5c20bfda4a90aa0	1	7.812247503266572e-17	0.5156406726742813	1.5150564952042475e-16	0.9999999999999999	0.9999999999999999	d__Bacteria	p__Bacillota	c__Clostridia	o__Lachnospirales	f__Lachnospiraceae	NA	NA
369bbf86b13d5924c095aad30bba9af1	1	7.812247503266572e-17	0.5156406726742813	1.5150564952042475e-16	0.9999999999999999	0.9999999999999999	d__Bacteria	p__Bacillota	c__Clostridia	o__Lachnospirales	f__Lachnospiraceae	NA	NA
70ab6b98e35982b1578a04d951d31f86	1	7.812247503266572e-17	0.5156406726742813	1.5150564952042475e-16	0.9999999999999999	0.9999999999999999	d__Bacteria	p__Bacillota	c__Clostridia	o__Lachnospirales	f__Lachnospiraceae	NA	NA
01e1c2e370af8df0435a70bc1f621599	1	7.812247503266572e-17	0.5156406726742813	1.5150564952042475e-16	0.9999999999999999	0.9999999999999999	d__Bacteria	p__Bacillota	c__Clostridia	o__Lachnospirales	f__Lachnospiraceae	NA	NA
a5a4b4d58bdd795871acf39629c9e584	1	7.812247503266572e-17	0.5156406726742813	1.5150564952042475e-16	0.9999999999999999	0.9999999999999999	d__Bacteria	p__Bacillota	c__Clostridia	o__Lachnospirales	f__Lachnospiraceae	NA	NA
f3e2f267fab4fc03d821b0356d2e2902	1	7.812247503266572e-17	0.5156406726742813	1.5150564952042475e-16	0.9999999999999999	0.9999999999999999	d__Bacteria	p__Bacillota	c__Clostridia	o__Lachnospirales	f__Lachnospiraceae	NA	NA
0a39f269a92286a2fc485a177298da7a	1.0547945205479452	-2.5344423034892544e-8	0.5168241415933563	-4.903877546578281e-8	0.9999999608727181	0.9999999999999999	d__Bacteria	p__Bacillota	c__Clostridia	o__Lachnospirales	f__Lachnospiraceae	NA	NA
e97725fbbcadfed36a81eb5e5a120067	1	7.812247503266572e-17	0.5156406726742813	1.5150564952042475e-16	0.9999999999999999	0.9999999999999999	d__Bacteria	p__Bacillota	c__Clostridia	o__Lachnospirales	f__Lachnospiraceae	NA	NA
a018c928d38812591f601ece2136d6e7	1	7.812247503266572e-17	0.5156406726742813	1.5150564952042475e-16	0.9999999999999999	0.9999999999999999	d__Bacteria	p__Bacillota	c__Clostridia	o__Lachnospirales	f__Lachnospiraceae	g__Lachnospiraceae_FCS020_group	NA
4d334598e144b1d31c0b92a301b5cc68	1	7.812247503266572e-17	0.5156406726742813	1.5150564952042475e-16	0.9999999999999999	0.9999999999999999	d__Bacteria	p__Bacillota	c__Clostridia	o__Lachnospirales	f__Lachnospiraceae	g__Lachnospiraceae_FCS020_group	NA
69b90707f6f3da7941026fbe6a1597ce	1	7.812247503266572e-17	0.5156406726742813	1.5150564952042475e-16	0.9999999999999999	0.9999999999999999	d__Bacteria	p__Bacillota	c__Clostridia	o__Lachnospirales	f__Lachnospiraceae	g__Lachnospiraceae_FCS020_group	NA
e077952506f967683cfab662f5980ed7	1	7.812247503266572e-17	0.5156406726742813	1.5150564952042475e-16	0.9999999999999999	0.9999999999999999	d__Bacteria	p__Bacillota	c__Clostridia	o__Lachnospirales	f__Lachnospiraceae	g__Lachnospiraceae_FCS020_group	NA
e02967778c804350d971534895b0dfae	1	7.812247503266572e-17	0.5156406726742813	1.5150564952042475e-16	0.9999999999999999	0.9999999999999999	d__Bacteria	p__Bacillota	c__Clostridia	o__Lachnospirales	f__Lachnospiraceae	NA	NA
cbe31c346daa88b15b916873cfb5bd20	1	7.812247503266572e-17	0.5156406726742813	1.5150564952042475e-16	0.9999999999999999	0.9999999999999999	d__Bacteria	p__Bacillota	c__Clostridia	o__Lachnospirales	f__Lachnospiraceae	NA	NA
662a40a2523f7669fa865700fc74a1cf	1	7.812247503266572e-17	0.5156406726742813	1.5150564952042475e-16	0.9999999999999999	0.9999999999999999	d__Bacteria	p__Bacillota	c__Clostridia	o__Lachnospirales	f__Lachnospiraceae	NA	NA
e0c0042b8b725048eaa20ed472b9ebeb	1	7.812247503266572e-17	0.5156406726742813	1.5150564952042475e-16	0.9999999999999999	0.9999999999999999	d__Bacteria	p__Bacillota	c__Clostridia	o__Lachnospirales	f__Lachnospiraceae	NA	NA
643cc83fd8abab40ea2393c9e1a8365d	1	7.812247503266572e-17	0.5156406726742813	1.5150564952042475e-16	0.9999999999999999	0.9999999999999999	d__Bacteria	p__Bacillota	c__Clostridia	o__Lachnospirales	f__Lachnospiraceae	NA	NA
a5af97c864a48da5a31864d5382cea20	1	7.812247503266572e-17	0.5156406726742813	1.5150564952042475e-16	0.9999999999999999	0.9999999999999999	d__Bacteria	p__Bacillota	c__Clostridia	o__Lachnospirales	f__Lachnospiraceae	NA	NA
64cdad777808dde2fad9b1be7bc91b85	1	7.812247503266572e-17	0.5156406726742813	1.5150564952042475e-16	0.9999999999999999	0.9999999999999999	d__Bacteria	p__Bacillota	c__Clostridia	o__Lachnospirales	f__Lachnospiraceae	NA	NA
7ad51bee2bbc81fce627d65568de8757	1	7.812247503266572e-17	0.5156406726742813	1.5150564952042475e-16	0.9999999999999999	0.9999999999999999	d__Bacteria	p__Bacillota	c__Clostridia	o__Lachnospirales	f__Lachnospiraceae	g__Lachnospiraceae_UCG-004	NA
5f25904e073fe5c114cadfde74349518	1	7.812247503266572e-17	0.5156406726742813	1.5150564952042475e-16	0.9999999999999999	0.9999999999999999	d__Bacteria	p__Bacillota	c__Clostridia	o__Lachnospirales	f__Lachnospiraceae	g__Lachnospiraceae_UCG-004	NA
383d4a0528edd18fb0ddc225c36e99e1	1	7.812247503266572e-17	0.5156406726742813	1.5150564952042475e-16	0.9999999999999999	0.9999999999999999	d__Bacteria	p__Bacillota	c__Clostridia	o__Lachnospirales	f__Lachnospiraceae	g__Lachnospiraceae_UCG-004	NA
bb1df253475092e884ead44c7c4fe60b	1	7.812247503266572e-17	0.5156406726742813	1.5150564952042475e-16	0.9999999999999999	0.9999999999999999	d__Bacteria	p__Bacillota	c__Clostridia	o__Lachnospirales	f__Lachnospiraceae	g__Lachnospiraceae_UCG-004	NA
ee1bf3ddf54c3ff0a01a5f4cf41e4930	1	7.812247503266572e-17	0.5156406726742813	1.5150564952042475e-16	0.9999999999999999	0.9999999999999999	d__Bacteria	p__Bacillota	c__Clostridia	o__Lachnospirales	f__Lachnospiraceae	g__Lachnospiraceae_UCG-004	NA
bd3bbca5aad5457e69027d3c0524dfbe	1	7.812247503266572e-17	0.5156406726742813	1.5150564952042475e-16	0.9999999999999999	0.9999999999999999	d__Bacteria	p__Bacillota	c__Clostridia	o__Lachnospirales	f__Lachnospiraceae	g__Lachnospiraceae_UCG-004	NA
19715b1593c19aa6d35a4d1e3cd09374	1	7.812247503266572e-17	0.5156406726742813	1.5150564952042475e-16	0.9999999999999999	0.9999999999999999	d__Bacteria	p__Bacillota	c__Clostridia	o__Lachnospirales	f__Lachnospiraceae	g__Lachnospiraceae_UCG-004	NA
3a4b3a292173af68a29706927fe92684	1	7.812247503266572e-17	0.5156406726742813	1.5150564952042475e-16	0.9999999999999999	0.9999999999999999	d__Bacteria	p__Bacillota	c__Clostridia	o__Lachnospirales	f__Lachnospiraceae	g__Lachnospiraceae_UCG-004	NA
2dfdd820ff27822a4c0df6bab41a5574	1	7.812247503266572e-17	0.5156406726742813	1.5150564952042475e-16	0.9999999999999999	0.9999999999999999	d__Bacteria	p__Bacillota	c__Clostridia	o__Lachnospirales	f__Lachnospiraceae	g__Lachnospiraceae_UCG-004	NA
8db5dcc0ac4a25d5d9faac0ad2c1c786	1	7.812247503266572e-17	0.5156406726742813	1.5150564952042475e-16	0.9999999999999999	0.9999999999999999	d__Bacteria	p__Bacillota	c__Clostridia	o__Lachnospirales	f__Lachnospiraceae	g__Lachnospiraceae_UCG-004	NA
ad83d626f16b30d5ca2cb0af4c628a63	1	7.812247503266572e-17	0.5156406726742813	1.5150564952042475e-16	0.9999999999999999	0.9999999999999999	d__Bacteria	p__Bacillota	c__Clostridia	o__Lachnospirales	f__Lachnospiraceae	g__Lachnospiraceae_UCG-004	NA
6ac3217b3d15de5971f718cb3a3a94cd	1	7.812247503266572e-17	0.5156406726742813	1.5150564952042475e-16	0.9999999999999999	0.9999999999999999	d__Bacteria	p__Bacillota	c__Clostridia	o__Lachnospirales	f__Lachnospiraceae	g__Lachnospiraceae_UCG-004	NA
b07af5f863fb0c1c6672a4b4980faa2d	1	7.812247503266572e-17	0.5156406726742813	1.5150564952042475e-16	0.9999999999999999	0.9999999999999999	d__Bacteria	p__Bacillota	c__Clostridia	o__Lachnospirales	f__Lachnospiraceae	g__Enterocloster	NA
6a90057b6e7a186c4d4e8974cd089f3f	1	7.812247503266572e-17	0.5156406726742813	1.5150564952042475e-16	0.9999999999999999	0.9999999999999999	d__Bacteria	p__Bacillota	c__Clostridia	o__Lachnospirales	f__Lachnospiraceae	g__Enterocloster	NA
941cc85653474d3d8dfcf3fd605ab3c0	1	7.812247503266572e-17	0.5156406726742813	1.5150564952042475e-16	0.9999999999999999	0.9999999999999999	d__Bacteria	p__Bacillota	c__Clostridia	o__Lachnospirales	f__Lachnospiraceae	NA	NA
a891fb44241e433fa8acf251ef4d328f	1	7.812247503266572e-17	0.5156406726742813	1.5150564952042475e-16	0.9999999999999999	0.9999999999999999	d__Bacteria	p__Bacillota	c__Clostridia	o__Lachnospirales	f__Lachnospiraceae	g__Lachnoclostridium	NA
8b0ffce6d3488c01116aff68beda52bf	1	7.812247503266572e-17	0.5156406726742813	1.5150564952042475e-16	0.9999999999999999	0.9999999999999999	d__Bacteria	p__Bacillota	c__Clostridia	o__Lachnospirales	f__Lachnospiraceae	NA	NA
4e9410ec9da59a460d3579b451e3b208	1	7.812247503266572e-17	0.5156406726742813	1.5150564952042475e-16	0.9999999999999999	0.9999999999999999	d__Bacteria	p__Bacillota	c__Clostridia	o__Lachnospirales	f__Lachnospiraceae	g__Lachnoclostridium	NA
fdbee64f10b65465dea41a6f3491e81c	1	7.812247503266572e-17	0.5156406726742813	1.5150564952042475e-16	0.9999999999999999	0.9999999999999999	d__Bacteria	p__Bacillota	c__Clostridia	o__Lachnospirales	f__Lachnospiraceae	NA	NA
708b000c48dbefb1454b79108d2a1f70	1.178082191780822	-1.0588933006909207	0.4304194759820316	-2.460142627781847	0.01388818106017016	0.851564786057802	d__Bacteria	p__Bacillota	c__Clostridia	o__Lachnospirales	f__Lachnospiraceae	NA	NA
c5619065fbb2332fe286b698e6b6c58d	1	7.812247503266572e-17	0.5156406726742813	1.5150564952042475e-16	0.9999999999999999	0.9999999999999999	d__Bacteria	p__Bacillota	c__Clostridia	o__Lachnospirales	f__Lachnospiraceae	NA	NA
6898e5f0ac46c4fa949b2a17a307a783	1	7.812247503266572e-17	0.5156406726742813	1.5150564952042475e-16	0.9999999999999999	0.9999999999999999	d__Bacteria	p__Bacillota	c__Clostridia	o__Lachnospirales	f__Lachnospiraceae	NA	NA
6eaef2dd2e8097421a196c104a2b76c8	1	7.812247503266572e-17	0.5156406726742813	1.5150564952042475e-16	0.9999999999999999	0.9999999999999999	d__Bacteria	p__Bacillota	c__Clostridia	o__Lachnospirales	f__Lachnospiraceae	g__Enterocloster	NA
8ce212aaf7d867e84eab351d75eeecfa	1	7.812247503266572e-17	0.5156406726742813	1.5150564952042475e-16	0.9999999999999999	0.9999999999999999	d__Bacteria	p__Bacillota	c__Clostridia	o__Lachnospirales	f__Lachnospiraceae	NA	NA
42764707c5f0400036ee8777610a35c1	1	7.812247503266572e-17	0.5156406726742813	1.5150564952042475e-16	0.9999999999999999	0.9999999999999999	d__Bacteria	p__Bacillota	c__Clostridia	o__Lachnospirales	f__Lachnospiraceae	g__Enterocloster	NA
a17bb1cd59c8dc7435e93a2604b425ad	1	7.812247503266572e-17	0.5156406726742813	1.5150564952042475e-16	0.9999999999999999	0.9999999999999999	d__Bacteria	p__Bacillota	c__Clostridia	o__Lachnospirales	f__Lachnospiraceae	NA	NA
42d6476b2b37e8836199ec2e87140f1d	1	7.812247503266572e-17	0.5156406726742813	1.5150564952042475e-16	0.9999999999999999	0.9999999999999999	d__Bacteria	p__Bacillota	c__Clostridia	o__Lachnospirales	f__Lachnospiraceae	g__Enterocloster	NA
2c0c62ea09b2efe01bacdcbcf558d2b8	1	7.812247503266572e-17	0.5156406726742813	1.5150564952042475e-16	0.9999999999999999	0.9999999999999999	d__Bacteria	p__Bacillota	c__Clostridia	o__Lachnospirales	f__Lachnospiraceae	g__Enterocloster	NA
543818d6869d7b4271bd4cf11ba898cb	1	7.812247503266572e-17	0.5156406726742813	1.5150564952042475e-16	0.9999999999999999	0.9999999999999999	d__Bacteria	p__Bacillota	c__Clostridia	o__Lachnospirales	f__Lachnospiraceae	g__Enterocloster	NA
0e573f05d90169d75e65a2a1fa3c53fd	1	7.812247503266572e-17	0.5156406726742813	1.5150564952042475e-16	0.9999999999999999	0.9999999999999999	d__Bacteria	p__Bacillota	c__Clostridia	o__Lachnospirales	f__Lachnospiraceae	g__Enterocloster	NA
539f4432343708437a33c55cf334427b	1	7.812247503266572e-17	0.5156406726742813	1.5150564952042475e-16	0.9999999999999999	0.9999999999999999	d__Bacteria	p__Bacillota	c__Clostridia	o__Lachnospirales	f__Lachnospiraceae	g__Enterocloster	NA
65a8557efe47cf194d09ce4fb816316e	1	7.812247503266572e-17	0.5156406726742813	1.5150564952042475e-16	0.9999999999999999	0.9999999999999999	d__Bacteria	p__Bacillota	c__Clostridia	o__Lachnospirales	f__Lachnospiraceae	g__Enterocloster	NA
0a035a7ec1f4a194dd7fbda3c5660db0	1	7.812247503266572e-17	0.5156406726742813	1.5150564952042475e-16	0.9999999999999999	0.9999999999999999	d__Bacteria	p__Bacillota	c__Clostridia	o__Lachnospirales	f__Lachnospiraceae	g__Enterocloster	NA
16577d051299f0072d87ffee13a4ef59	1	7.812247503266572e-17	0.5156406726742813	1.5150564952042475e-16	0.9999999999999999	0.9999999999999999	d__Bacteria	p__Bacillota	c__Clostridia	o__Lachnospirales	f__Lachnospiraceae	g__Enterocloster	NA
1afa3015d3a14eb3a8968df771beacf3	1	7.812247503266572e-17	0.5156406726742813	1.5150564952042475e-16	0.9999999999999999	0.9999999999999999	d__Bacteria	p__Bacillota	c__Clostridia	o__Lachnospirales	f__Lachnospiraceae	g__Enterocloster	NA
f35b00aec9a541d1f96cbdc1c6ae68a0	1	7.812247503266572e-17	0.5156406726742813	1.5150564952042475e-16	0.9999999999999999	0.9999999999999999	d__Bacteria	p__Bacillota	c__Clostridia	o__Lachnospirales	f__Lachnospiraceae	g__Extibacter	NA
3f112a88250b1496f6ed61056487cd75	1	7.812247503266572e-17	0.5156406726742813	1.5150564952042475e-16	0.9999999999999999	0.9999999999999999	d__Bacteria	p__Bacillota	c__Clostridia	o__Lachnospirales	f__Lachnospiraceae	g__Mediterraneibacter	NA
ff772f18ec3760046ea9dd413fc88de7	1	7.812247503266572e-17	0.5156406726742813	1.5150564952042475e-16	0.9999999999999999	0.9999999999999999	d__Bacteria	p__Bacillota	c__Clostridia	o__Lachnospirales	f__Lachnospiraceae	g__Mediterraneibacter	NA
3177fde531c9d09eb52f3a7bc4426c7b	1	7.812247503266572e-17	0.5156406726742813	1.5150564952042475e-16	0.9999999999999999	0.9999999999999999	d__Bacteria	p__Bacillota	c__Clostridia	o__Lachnospirales	f__Lachnospiraceae	g__Mediterraneibacter	NA
ab2bf06813483fc14a49518863849a59	1	7.812247503266572e-17	0.5156406726742813	1.5150564952042475e-16	0.9999999999999999	0.9999999999999999	d__Bacteria	p__Bacillota	c__Clostridia	o__Lachnospirales	f__Lachnospiraceae	g__Mediterraneibacter	NA
f005c8c557afa9e8ed92a77753fc6770	1	7.812247503266572e-17	0.5156406726742813	1.5150564952042475e-16	0.9999999999999999	0.9999999999999999	d__Bacteria	p__Bacillota	c__Clostridia	o__Lachnospirales	f__Lachnospiraceae	g__Mediterraneibacter	NA
dc41692600de807e3e76f265cdc14075	1	7.812247503266572e-17	0.5156406726742813	1.5150564952042475e-16	0.9999999999999999	0.9999999999999999	d__Bacteria	p__Bacillota	c__Clostridia	o__Lachnospirales	f__Lachnospiraceae	g__Mediterraneibacter	NA
56be4da3a014f35ce47922774c9156c9	1	7.812247503266572e-17	0.5156406726742813	1.5150564952042475e-16	0.9999999999999999	0.9999999999999999	d__Bacteria	p__Bacillota	c__Clostridia	o__Lachnospirales	f__Lachnospiraceae	g__Extibacter	NA
