row	baseMean	log2FoldChange	lfcSE	stat	pvalue	padj	Domain	Phylum	Class	Order	Family	Genus	Species
4a0b292ba716582f9af46694458c0b9b	1.0531791811445184	0.002414296152872495	0.508193209024343	0.004750744618385579	0.9962094684751255	NA	d__Bacteria	p__Cyanobacteriota	c__Cyanobacteriia	o__Chloroplast	f__Incertae_Sedis	g__Incertae_Sedis	NA
10e51791c8dee561db8251780cf9ef0d	1.0531791811445184	0.002414296152872495	0.508193209024343	0.004750744618385579	0.9962094684751255	NA	d__Bacteria	p__Cyanobacteriota	c__Vampirivibrionia	o__Gastranaerophilales	f__Gastranaerophilaceae	g__Zag_111	NA
0fd672291b9b2013b63d4b3ab74a11a2	1.0531791811445184	0.002414296152872495	0.508193209024343	0.004750744618385579	0.9962094684751255	NA	d__Bacteria	p__Cyanobacteriota	c__Vampirivibrionia	o__Gastranaerophilales	f__Gastranaerophilaceae	g__Zag_111	NA
b6b86531ef8d5b24a2b1f0d0cbb40c76	1.2122237923245203	0.587426283152471	0.4841247779909196	1.2133778518634075	0.22498539019131153	0.4618923879148993	d__Bacteria	p__Cyanobacteriota	c__Vampirivibrionia	o__Gastranaerophilales	f__Gastranaerophilaceae	g__CAG-196	NA
5a709350efd4ece76350bb959e1190aa	1.0531791811445184	0.002414296152872495	0.508193209024343	0.004750744618385579	0.9962094684751255	NA	d__Bacteria	p__Elusimicrobiota	c__Lineage_IIa	o__Incertae_Sedis	f__Incertae_Sedis	g__Incertae_Sedis	NA
717e6182253f059237eb5caacd914ba4	1.0531791811445184	0.002414296152872495	0.508193209024343	0.004750744618385579	0.9962094684751255	NA	d__Bacteria	p__Acidobacteriota	c__Blastocatellia	o__Pyrinomonadales	f__Pyrinomonadaceae	g__Incertae_Sedis	NA
88fb15f05df086348963d416fa3f3077	1.0531791811445184	0.002414296152872495	0.508193209024343	0.004750744618385579	0.9962094684751255	NA	d__Bacteria	p__Acidobacteriota	c__Blastocatellia	o__Blastocatellales	f__Blastocatellaceae	g__JGI_0001001-H03	NA
c0c0fd60a887713923e9ab2db602524d	1.0531791811445184	0.002414296152872495	0.508193209024343	0.004750744618385579	0.9962094684751255	NA	d__Bacteria	p__Acidobacteriota	c__Blastocatellia	o__Blastocatellales	f__Blastocatellaceae	g__JGI_0001001-H03	NA
43ee2a760aea0393c28cb0810989880e	1.0531791811445184	0.002414296152872495	0.508193209024343	0.004750744618385579	0.9962094684751255	NA	d__Bacteria	p__Acidobacteriota	c__Blastocatellia	o__11-24	f__Incertae_Sedis	g__Incertae_Sedis	NA
78b250b765b8266d4c84e5186698182c	1.2693088689886092	-1.1044864295061463	0.4344296930237114	-2.5423824550728	0.011009962685908621	0.058528200178627976	d__Bacteria	p__Verrucomicrobiota	c__Verrucomicrobiia	o__Opitutales	f__Puniceicoccaceae	g__Incertae_Sedis	NA
d80de89804f1b657b26fd2220b9dadbe	1.0531791811445184	0.002414296152872495	0.508193209024343	0.004750744618385579	0.9962094684751255	NA	d__Bacteria	p__Verrucomicrobiota	c__Verrucomicrobiia	o__Opitutales	f__Opitutaceae	g__Oleiharenicola	NA
cdea785960ee02974c822d5dd1504cd4	1.0531791811445184	0.002414296152872495	0.508193209024343	0.004750744618385579	0.9962094684751255	NA	d__Bacteria	p__Acidobacteriota	c__Subgroup_22	o__Incertae_Sedis	f__Incertae_Sedis	g__Incertae_Sedis	NA
f2a749d79e64aa7b0e5aafde0e6f4b30	1.0531791811445184	0.002414296152872495	0.508193209024343	0.004750744618385579	0.9962094684751255	NA	d__Bacteria	p__Incertae_Sedis	c__Incertae_Sedis	o__SJA-28	f__Incertae_Sedis	g__Incertae_Sedis	NA
1c719e69d668107c05bdba29829217c5	1.370223006272698	0.002414944312184457	0.5812266032345057	0.004154910148202743	0.9966848708795614	0.9979603417267243	d__Bacteria	p__Thermodesulfobacteriota	c__Desulfovibrionia	o__Desulfovibrionales	f__Desulfovibrionaceae	g__Incertae_Sedis	NA
d09c79773d4b9e43484e592b61a6eca3	1.0531791811445184	0.002414296152872495	0.508193209024343	0.004750744618385579	0.9962094684751255	NA	d__Bacteria	p__Thermodesulfobacteriota	c__Desulfovibrionia	o__Desulfovibrionales	f__Desulfovibrionaceae	g__Incertae_Sedis	NA
ed66913c64e880ea0b4cf78c59280664	1.8464401930055931	-2.3853571602687276	0.5209329368027517	-4.579010063961323	4.671817223959115e-6	1.5105542357467805e-4	d__Bacteria	p__Thermodesulfobacteriota	c__Desulfovibrionia	o__Desulfovibrionales	f__Desulfovibrionaceae	g__Desulfovibrio	NA
a01206f0b17de33744bdac813c3c6eca	1.600868975671498	0.011843248423093056	0.4998819370651741	0.023692091161815566	0.9810982145752533	0.9979603417267243	d__Bacteria	p__Thermodesulfobacteriota	c__Desulfovibrionia	o__Desulfovibrionales	f__Desulfovibrionaceae	g__Desulfovibrio	NA
4102c0c9284b080a36ae312a7b497915	1.932174560555691	-2.2824707339387214	0.5230755723155361	-4.36355825953551	1.2796384188960417e-5	3.311736333298889e-4	d__Bacteria	p__Thermodesulfobacteriota	c__Desulfovibrionia	o__Desulfovibrionales	f__Desulfovibrionaceae	g__Desulfovibrio	NA
b354a1e7a29c4f05aace7e65edc75c7f	2.6104776766318496	1.6087414888308367	0.6955206340043038	2.3130032527847075	0.020722460302322405	0.097204032051410455	d__Bacteria	p__Thermodesulfobacteriota	c__Desulfovibrionia	o__Desulfovibrionales	f__Desulfovibrionaceae	g__Desulfovibrio	NA
27f098662c8f87b4aaff903d9c0f28d3	216.29307989449595	-0.7183223326806372	0.9426539326483468	-0.7620212548867649	0.44604731858687086	0.7726176768379728	d__Bacteria	p__Thermodesulfobacteriota	c__Desulfovibrionia	o__Desulfovibrionales	f__Desulfovibrionaceae	g__Bilophila	NA
2bfa411d459e8b37ba258c4588f217e3	1.0531791811445184	0.002414296152872495	0.508193209024343	0.004750744618385579	0.9962094684751255	NA	d__Bacteria	p__Thermodesulfobacteriota	c__Desulfovibrionia	o__Desulfovibrionales	f__Desulfovibrionaceae	g__Bilophila	NA
06a0a123bc442593231a5fec7e636a9d	1.2697868602569844	0.0024144285879844083	0.5253924036991211	0.004595476773141718	0.9963333529388106	0.9979603417267243	d__Bacteria	p__Thermodesulfobacteriota	c__Desulfovibrionia	o__Desulfovibrionales	f__Desulfovibrionaceae	g__Bilophila	NA
31774b2ab198d7b5abc9f0d6e8a5ffc2	4.745632816304028	-2.4679753942686706	0.7970309048722549	-3.0964613532322542	0.0019584538923980883	0.017007127633461898	d__Bacteria	p__Thermodesulfobacteriota	c__Desulfovibrionia	o__Desulfovibrionales	f__Desulfovibrionaceae	g__Bilophila	NA
73d9a139e017712e591ccbb4cb1ac896	1.1112224488867868	0.0024142921670520685	0.5096854277497291	0.004736827924846144	0.9962205722651001	NA	d__Bacteria	p__Thermodesulfobacteriota	c__Desulfovibrionia	o__Desulfovibrionales	f__Desulfovibrionaceae	g__Bilophila	NA
986601969786e8a0bcc7ef7b2d735681	1.0531791811445184	0.002414296152872495	0.508193209024343	0.004750744618385579	0.9962094684751255	NA	d__Bacteria	p__Thermodesulfobacteriota	c__Desulfovibrionia	o__Desulfovibrionales	f__Desulfovibrionaceae	g__Bilophila	NA
1e7d14975ac82ced9a7752e896f667ef	1.0387304233561945	0.002414298636840288	0.5079087647476233	0.004753410069700093	0.9962073417766869	NA	d__Bacteria	p__Thermodesulfobacteriota	c__Desulfovibrionia	o__Desulfovibrionales	f__Desulfovibrionaceae	g__Bilophila	NA
d562f63f002b432f6632e40415b8c57f	1.0387111791071328	-0.06470180310896166	0.5123241122837631	-0.1262907631275512	0.8995017676740841	NA	d__Bacteria	p__Thermodesulfobacteriota	c__Desulfovibrionia	o__Desulfovibrionales	f__Desulfovibrionaceae	g__Bilophila	NA
48e665141691a28bc90fb9f37cbc09c2	1.0531791811445184	0.002414296152872495	0.508193209024343	0.004750744618385579	0.9962094684751255	NA	d__Bacteria	p__Pseudomonadota	c__Alphaproteobacteria	o__Incertae_Sedis	f__Incertae_Sedis	g__Hypericibacter	NA
252f97f175f100d130e9172e60cab011	1.0531791811445184	0.002414296152872495	0.508193209024343	0.004750744618385579	0.9962094684751255	NA	d__Bacteria	p__Pseudomonadota	c__Alphaproteobacteria	o__Rhodospirillales	f__Incertae_Sedis	g__Incertae_Sedis	NA
656fc22d077cc5d6ef83285bcd081cbe	2.219658094429249	2.2273538468052725	0.6332037644887866	3.5175941327567974	4.354778648917984e-4	0.006034478984929207	d__Bacteria	p__Pseudomonadota	c__Alphaproteobacteria	o__Rhodospirillales	f__Incertae_Sedis	g__Incertae_Sedis	NA
6b2ddef408d50cd0e2dcf59cb7c65dac	1.297997662512785	0.0024145026472084225	0.5327504159948062	0.004532145963133253	0.9963838830880979	0.9979603417267243	d__Bacteria	p__Pseudomonadota	c__Alphaproteobacteria	o__Rhodospirillales	f__Incertae_Sedis	g__Incertae_Sedis	NA
e603a72ebbc7a4fcb5a657b52c3e8c50	1.125785481741557	-0.06470228813725196	0.5147199675927784	-0.1257038627039262	0.8999663441291377	NA	d__Bacteria	p__Pseudomonadota	c__Alphaproteobacteria	o__Rhodospirillales	f__Incertae_Sedis	g__Incertae_Sedis	NA
078e0fd51a7d5e5b908328591895ba58	1.212798167435756	0.002414333051472662	0.5158124580409702	0.004680641217240424	0.9962654022746228	0.9979603417267243	d__Bacteria	p__Pseudomonadota	c__Alphaproteobacteria	o__Rhodospirillales	f__Incertae_Sedis	g__Incertae_Sedis	NA
9562e97de3789cd3282858fdf6c9d9b5	1.0531791811445184	0.002414296152872495	0.508193209024343	0.004750744618385579	0.9962094684751255	NA	d__Bacteria	p__Pseudomonadota	c__Alphaproteobacteria	o__Rickettsiales	f__SM2D12	g__Incertae_Sedis	NA
19377431bcdc91653d35f0fc94647e1f	1.0531791811445184	0.002414296152872495	0.508193209024343	0.004750744618385579	0.9962094684751255	NA	d__Bacteria	p__Pseudomonadota	c__Alphaproteobacteria	o__Hyphomicrobiales	f__KF-JG30-B3	g__Incertae_Sedis	NA
c22fca4bf161aec670f108d97d721ff7	1.0531791811445184	0.002414296152872495	0.508193209024343	0.004750744618385579	0.9962094684751255	NA	d__Bacteria	p__Pseudomonadota	c__Alphaproteobacteria	o__Micropepsales	f__Micropepsaceae	g__Incertae_Sedis	NA
807c29d4e29fc08522008814b7c076d2	1.0531791811445184	0.002414296152872495	0.508193209024343	0.004750744618385579	0.9962094684751255	NA	d__Bacteria	p__Pseudomonadota	c__Alphaproteobacteria	o__Micropepsales	f__Micropepsaceae	g__Incertae_Sedis	NA
69ab0a13268347e6a96cf85a415dc5fd	1.0531791811445184	0.002414296152872495	0.508193209024343	0.004750744618385579	0.9962094684751255	NA	d__Bacteria	p__Pseudomonadota	c__Alphaproteobacteria	o__Micropepsales	f__Micropepsaceae	g__Incertae_Sedis	NA
24577bf48a0acfd6bf24269ed20af563	1.0531791811445184	0.002414296152872495	0.508193209024343	0.004750744618385579	0.9962094684751255	NA	d__Bacteria	p__Pseudomonadota	c__Alphaproteobacteria	o__Hyphomicrobiales	f__A0839	g__Incertae_Sedis	NA
3a4517e1c206178cddb6959bf9b8ed9b	1.0531791811445184	0.002414296152872495	0.508193209024343	0.004750744618385579	0.9962094684751255	NA	d__Bacteria	p__Pseudomonadota	c__Alphaproteobacteria	o__Reyranellales	f__Reyranellaceae	g__Reyranella	NA
fb97a846d1d1fef4c17bd668730454b9	1.0531791811445184	0.002414296152872495	0.508193209024343	0.004750744618385579	0.9962094684751255	NA	d__Bacteria	p__Pseudomonadota	c__Alphaproteobacteria	o__Caulobacterales	f__Caulobacteraceae	g__Phenylobacterium	NA
6ec93cddf0ba04f2816fd600a1c4d5fd	1.0531791811445184	0.002414296152872495	0.508193209024343	0.004750744618385579	0.9962094684751255	NA	d__Bacteria	p__Pseudomonadota	c__Alphaproteobacteria	o__Caulobacterales	f__Hyphomonadaceae	g__SWB02	NA
e529f921adcae0ca6ba1d9148d23802a	1.0531791811445184	0.002414296152872495	0.508193209024343	0.004750744618385579	0.9962094684751255	NA	d__Bacteria	p__Pseudomonadota	c__Alphaproteobacteria	o__Caulobacterales	f__Caulobacteraceae	g__Phenylobacterium	NA
6472eb8b1e09f892aca2f23182962903	1.0531791811445184	0.002414296152872495	0.508193209024343	0.004750744618385579	0.9962094684751255	NA	d__Bacteria	p__Pseudomonadota	c__Alphaproteobacteria	o__Hyphomicrobiales	f__Xanthobacteraceae	NA	NA
3735efaa015d97c55fbbc3d909a677ea	1.0531791811445184	0.002414296152872495	0.508193209024343	0.004750744618385579	0.9962094684751255	NA	d__Bacteria	p__Pseudomonadota	c__Alphaproteobacteria	o__Hyphomicrobiales	f__Xanthobacteraceae	g__Incertae_Sedis	NA
c63a29416a7eabd7ff67a49489118771	1.0531791811445184	0.002414296152872495	0.508193209024343	0.004750744618385579	0.9962094684751255	NA	d__Bacteria	p__Pseudomonadota	c__Alphaproteobacteria	o__Hyphomicrobiales	f__Xanthobacteraceae	g__Pseudolabrys	NA
e3620a87443a142150a1b20a237c48a2	1.0531791811445184	0.002414296152872495	0.508193209024343	0.004750744618385579	0.9962094684751255	NA	d__Bacteria	p__Pseudomonadota	c__Alphaproteobacteria	o__Hyphomicrobiales	f__Xanthobacteraceae	g__Pseudolabrys	NA
bdc6b2e04197cd0807b9642cb29259df	1.0531791811445184	0.002414296152872495	0.508193209024343	0.004750744618385579	0.9962094684751255	NA	d__Bacteria	p__Pseudomonadota	c__Alphaproteobacteria	o__Hyphomicrobiales	f__Xanthobacteraceae	g__Incertae_Sedis	NA
c6f96c0b79d9a6b82fb53a5518bce977	1.0531791811445184	0.002414296152872495	0.508193209024343	0.004750744618385579	0.9962094684751255	NA	d__Bacteria	p__Pseudomonadota	c__Alphaproteobacteria	o__Hyphomicrobiales	f__Xanthobacteraceae	g__Incertae_Sedis	NA
fcc6bf2c1174f331c7dd8d9c048389ad	1.0531791811445184	0.002414296152872495	0.508193209024343	0.004750744618385579	0.9962094684751255	NA	d__Bacteria	p__Pseudomonadota	c__Alphaproteobacteria	o__Rhodospirillales	f__Rhodospirillaceae	g__Incertae_Sedis	NA
2e84ce47d75fdd4d78e71af86ef8927e	1.0531791811445184	0.002414296152872495	0.508193209024343	0.004750744618385579	0.9962094684751255	NA	d__Bacteria	p__Pseudomonadota	c__Alphaproteobacteria	o__Hyphomicrobiales	f__Kaistiaceae	g__Kaistia	NA
4bcf49be188ced50df74900b2f088e02	1.0531791811445184	0.002414296152872495	0.508193209024343	0.004750744618385579	0.9962094684751255	NA	d__Bacteria	p__Pseudomonadota	c__Alphaproteobacteria	o__Hyphomicrobiales	f__Methyloligellaceae	g__Incertae_Sedis	NA
efc5ddaa54b16c86f53ab9dc2017b039	1.0531791811445184	0.002414296152872495	0.508193209024343	0.004750744618385579	0.9962094684751255	NA	d__Bacteria	p__Pseudomonadota	c__Alphaproteobacteria	o__Hyphomicrobiales	f__Hyphomicrobiaceae	g__Pedomicrobium	NA
2d16d001e21717f960cf771ae879b1dd	1.0531791811445184	0.002414296152872495	0.508193209024343	0.004750744618385579	0.9962094684751255	NA	d__Bacteria	p__Pseudomonadota	c__Alphaproteobacteria	o__Sphingomonadales	f__Sphingomonadaceae	g__Sphingomonas	NA
342aa16012d5dd3a335eb453c762ccc0	1.0531791811445184	0.002414296152872495	0.508193209024343	0.004750744618385579	0.9962094684751255	NA	d__Bacteria	p__Pseudomonadota	c__Alphaproteobacteria	o__Sphingomonadales	f__Sphingomonadaceae	g__Novosphingobium	NA
e4ac0ea2d3110a7a0fbb7d37386f53a2	1.0531791811445184	0.002414296152872495	0.508193209024343	0.004750744618385579	0.9962094684751255	NA	d__Bacteria	p__Pseudomonadota	c__Alphaproteobacteria	o__Elsterales	f__Incertae_Sedis	g__Incertae_Sedis	NA
13146d4939fcf946a0accdf800121e32	1.0531791811445184	0.002414296152872495	0.508193209024343	0.004750744618385579	0.9962094684751255	NA	d__Bacteria	p__Pseudomonadota	c__Alphaproteobacteria	o__Elsterales	f__Incertae_Sedis	g__Incertae_Sedis	NA
b99a4d2c3620448fcb2d9cbc77dd2b8e	1.0531791811445184	0.002414296152872495	0.508193209024343	0.004750744618385579	0.9962094684751255	NA	d__Bacteria	p__NB1-j	c__Incertae_Sedis	o__Incertae_Sedis	f__Incertae_Sedis	g__Incertae_Sedis	NA
6f66ba6c62a32733b88be65908a71afa	1.0531791811445184	0.002414296152872495	0.508193209024343	0.004750744618385579	0.9962094684751255	NA	d__Bacteria	p__Myxococcota	c__Polyangiia	o__Polyangiales	f__Sandaracinaceae	g__Incertae_Sedis	NA
79f86519148638f865325943211bd56e	1.0531791811445184	0.002414296152872495	0.508193209024343	0.004750744618385579	0.9962094684751255	NA	d__Bacteria	p__Myxococcota	c__Polyangiia	o__Polyangiales	f__Polyangiaceae	g__Pajaroellobacter	NA
21b726d9e46d31c3340e0ded2ce93cda	1.0531791811445184	0.002414296152872495	0.508193209024343	0.004750744618385579	0.9962094684751255	NA	d__Bacteria	p__Myxococcota	c__Myxococcia	o__Myxococcales	f__Myxococcaceae	g__Incertae_Sedis	NA
6349b9390370e0c49a1125963649dfdc	1.0531791811445184	0.002414296152872495	0.508193209024343	0.004750744618385579	0.9962094684751255	NA	d__Bacteria	p__Myxococcota	c__Polyangiia	o__Haliangiales	f__Haliangiaceae	g__Incertae_Sedis	NA
612b65b15d2a64e55bef0a6f28a0f7d0	1.0531791811445184	0.002414296152872495	0.508193209024343	0.004750744618385579	0.9962094684751255	NA	d__Bacteria	p__RCP2-54	c__Incertae_Sedis	o__Incertae_Sedis	f__Incertae_Sedis	g__Incertae_Sedis	NA
324792d80a7bdee8e81e5887b4504842	1.0531791811445184	0.002414296152872495	0.508193209024343	0.004750744618385579	0.9962094684751255	NA	d__Bacteria	p__Myxococcota	c__bacteriap25	o__Incertae_Sedis	f__Incertae_Sedis	g__Incertae_Sedis	NA
16dedc79dc6331305afc61a06e0a39e9	1.0531791811445184	0.002414296152872495	0.508193209024343	0.004750744618385579	0.9962094684751255	NA	d__Bacteria	p__RCP2-54	c__Incertae_Sedis	o__Incertae_Sedis	f__Incertae_Sedis	g__Incertae_Sedis	NA
92046b62c32c7844bc7e53f3094d7a98	1.0531791811445184	0.002414296152872495	0.508193209024343	0.004750744618385579	0.9962094684751255	NA	d__Bacteria	p__Thermodesulfobacteriota	c__Incertae_Sedis	o__Incertae_Sedis	f__Incertae_Sedis	g__Incertae_Sedis	NA
795c00308bc107978d870eb029091b2f	1.0531791811445184	0.002414296152872495	0.508193209024343	0.004750744618385579	0.9962094684751255	NA	d__Bacteria	p__MBNT15	c__Incertae_Sedis	o__Incertae_Sedis	f__Incertae_Sedis	g__Incertae_Sedis	NA
a6835ee7fc97773c805e48c5e8ba3fae	1.3690644933974996	-1.4253594888357546	0.44693782981872815	-3.18916724819168	0.0014268330069553907	0.013472839101074352	d__Bacteria	p__Spirochaetota	c__Spirochaetia	o__Spirochaetales	f__Spirochaetaceae	g__Treponema	NA
d0d02f9ef4d7b00ae2480eff7b6bc314	1.0531791811445184	0.002414296152872495	0.508193209024343	0.004750744618385579	0.9962094684751255	NA	d__Bacteria	p__Gemmatimonadota	c__Gemmatimonadia	o__Gemmatimonadales	f__Gemmatimonadaceae	g__Incertae_Sedis	NA
07f7a53f8a49890a6938be8e5f997f42	1.0531791811445184	0.002414296152872495	0.508193209024343	0.004750744618385579	0.9962094684751255	NA	d__Bacteria	p__Gemmatimonadota	c__Gemmatimonadia	o__Gemmatimonadales	f__Gemmatimonadaceae	g__Gemmatimonas	NA
239945043a7bf81915359c009bc05289	1.0531791811445184	0.002414296152872495	0.508193209024343	0.004750744618385579	0.9962094684751255	NA	d__Bacteria	p__Gemmatimonadota	c__Gemmatimonadia	o__Gemmatimonadales	f__Gemmatimonadaceae	g__Gemmatimonas	NA
0df71a4bb1d9fdb124e1516c2c99b1df	1.0531791811445184	0.002414296152872495	0.508193209024343	0.004750744618385579	0.9962094684751255	NA	d__Bacteria	p__Gemmatimonadota	c__Gemmatimonadia	o__Gemmatimonadales	f__Gemmatimonadaceae	g__Incertae_Sedis	NA
ee2315846979ff05c0759ac025d4f7a8	1.0531791811445184	0.002414296152872495	0.508193209024343	0.004750744618385579	0.9962094684751255	NA	d__Bacteria	p__Gemmatimonadota	c__Gemmatimonadia	o__Gemmatimonadales	f__Gemmatimonadaceae	g__Incertae_Sedis	NA
07c881edda2e47c4993e3ef18690a278	1.0531791811445184	0.002414296152872495	0.508193209024343	0.004750744618385579	0.9962094684751255	NA	d__Bacteria	p__Pseudomonadota	c__Gammaproteobacteria	o__Methylococcales	f__Methylococcaceae	NA	NA
b579963a73221af76d2cd1095de5d27b	1.0531791811445184	0.002414296152872495	0.508193209024343	0.004750744618385579	0.9962094684751255	NA	d__Bacteria	p__Pseudomonadota	c__Gammaproteobacteria	o__Lysobacterales	f__Rhodanobacteraceae	g__Rudaea	NA
a96ffc478885074f3149a409a56635b2	1.0531791811445184	0.002414296152872495	0.508193209024343	0.004750744618385579	0.9962094684751255	NA	d__Bacteria	p__Pseudomonadota	c__Gammaproteobacteria	o__Lysobacterales	f__Lysobacteraceae	g__Incertae_Sedis	NA
649f026cd615015b1c0f8e760d309122	1.0531791811445184	0.002414296152872495	0.508193209024343	0.004750744618385579	0.9962094684751255	NA	d__Bacteria	p__Pseudomonadota	c__Gammaproteobacteria	o__Lysobacterales	f__Lysobacteraceae	g__Luteimonas	NA
c5cee77da0b9051f359bd257c0308cac	1.0531791811445184	0.002414296152872495	0.508193209024343	0.004750744618385579	0.9962094684751255	NA	d__Bacteria	p__Pseudomonadota	c__Gammaproteobacteria	o__Lysobacterales	f__Rhodanobacteraceae	g__Ahniella	NA
4804669ff00c7ec682696fdd03d60923	1.0531791811445184	0.002414296152872495	0.508193209024343	0.004750744618385579	0.9962094684751255	NA	d__Bacteria	p__Pseudomonadota	c__Gammaproteobacteria	o__Lysobacterales	f__Lysobacteraceae	g__Arenimonas	NA
ff9d93d7b7e46787568f2d241caeaf3b	1.1253604727068007	0.0024142929527400563	0.5101743634336211	0.004732289832227488	0.9962241930985534	NA	d__Bacteria	p__Pseudomonadota	c__Gammaproteobacteria	o__Pseudomonadales	f__Pseudomonadaceae	g__Pseudomonas	NA
3f4ed624f5d48912e38e325830488c41	1.0531791811445184	0.002414296152872495	0.508193209024343	0.004750744618385579	0.9962094684751255	NA	d__Bacteria	p__Pseudomonadota	c__Gammaproteobacteria	o__R7C24	f__Incertae_Sedis	g__Incertae_Sedis	NA
ade04fd51fe2a7ea6a5de7be6c690573	1.0531791811445184	0.002414296152872495	0.508193209024343	0.004750744618385579	0.9962094684751255	NA	d__Bacteria	p__Pseudomonadota	c__Gammaproteobacteria	o__JG36-TzT-191	f__Incertae_Sedis	g__Incertae_Sedis	NA
1f45933646ae2b2dc3a03d83d865ec78	1.0531791811445184	0.002414296152872495	0.508193209024343	0.004750744618385579	0.9962094684751255	NA	d__Bacteria	p__Pseudomonadota	c__Gammaproteobacteria	o__Gammaproteobacteria_Incertae_Sedis	f__Unknown_Family	g__Acidibacter	NA
08ff68f5cebffbf00b63740f6ef7f364	1.0531791811445184	0.002414296152872495	0.508193209024343	0.004750744618385579	0.9962094684751255	NA	d__Bacteria	p__Pseudomonadota	c__Gammaproteobacteria	o__Steroidobacterales	f__Steroidobacteraceae	g__Incertae_Sedis	NA
bd5081f7ae4e0d4cd45c407f23068f16	1.16866924764417	-0.6895081894382138	0.44866426893982436	-1.5368020971839231	0.12434177972434496	NA	d__Bacteria	p__Pseudomonadota	c__Gammaproteobacteria	o__Enterobacterales	f__Enterobacteriaceae	g__Escherichia-Shigella	NA
5d92d8822552c057f2320aabf55a4247	1.2121155168160818	-0.8822378677259199	0.43857715373524	-2.0115910284248613	0.044263065907922346	0.16137720528280095	d__Bacteria	p__Pseudomonadota	c__Gammaproteobacteria	o__Enterobacterales	f__Enterobacteriaceae	g__Escherichia-Shigella	NA
ecdee0aca044f2ca5423a3cd3dd03448	1.3277055791226733	-1.2977077165858761	0.4400858490009997	-2.948760382847321	0.003190512443900539	0.0233820501266853	d__Bacteria	p__Pseudomonadota	c__Gammaproteobacteria	o__Enterobacterales	f__Enterobacteriaceae	g__Escherichia-Shigella	NA
50bd7aa8db48727b2746ad7ef1eb554f	1.2562031750408782	0.7133856644333081	0.5029383123124768	1.4184357146171833	0.15606359471870812	0.38182958362897357	d__Bacteria	p__Pseudomonadota	c__Gammaproteobacteria	o__Enterobacterales	f__Enterobacteriaceae	g__Escherichia-Shigella	NA
70b61774c9afaef3bb3195d1897df968	1.3133288076298302	0.0024145451096411166	0.5370683576709635	0.00449578731488105	0.9964128927966375	0.9979603417267243	d__Bacteria	p__Pseudomonadota	c__Gammaproteobacteria	o__Enterobacterales	f__Enterobacteriaceae	g__Aquamonas	NA
c36c7aa5e6c47fc763828a8add383940	1.0387148832605266	0.0024142986327304644	0.5079084479470138	0.004753413026479783	0.9962073394175448	NA	d__Bacteria	p__Pseudomonadota	c__Gammaproteobacteria	o__Enterobacterales	f__Pasteurellaceae	g__Haemophilus	NA
8e2cd06fd189258064f799d1ea5d5c7f	1.0531791811445184	0.002414296152872495	0.508193209024343	0.004750744618385579	0.9962094684751255	NA	d__Bacteria	p__Pseudomonadota	c__Gammaproteobacteria	o__Enterobacterales	f__Pasteurellaceae	g__Haemophilus	NA
394eda29c886632f514dd94b58381186	17.08632161206177	-2.9346398098084645	0.8653961501412859	-3.391094135708081	6.96141858745546e-4	0.008345880486308962	d__Bacteria	p__Pseudomonadota	c__Gammaproteobacteria	o__Enterobacterales	f__Pasteurellaceae	g__Haemophilus	NA
d4323ab1fd41d176de5cdd8311cd3101	1.0531791811445184	0.002414296152872495	0.508193209024343	0.004750744618385579	0.9962094684751255	NA	d__Bacteria	p__Pseudomonadota	c__Gammaproteobacteria	o__Enterobacterales	f__Pasteurellaceae	g__Actinobacillus	NA
ca9c66d47347c03d0343d6fe03ed8636	1.7767178641609953	-1.6913019386509838	0.5750503683508582	-2.94113704074538	0.0032700982624095194	0.0237360193604827	d__Bacteria	p__Pseudomonadota	c__Gammaproteobacteria	o__Enterobacterales	f__Pasteurellaceae	g__Haemophilus	NA
f3384f1f36a908bd09b3c265bac26f8c	1.2691808954258463	0.1179222065095469	0.5403052363697203	0.21825108951721328	0.82723348070855	0.9979603417267243	d__Bacteria	p__Pseudomonadota	c__Gammaproteobacteria	o__Enterobacterales	f__Pasteurellaceae	NA	NA
b4bb370a59f2637d406ccc0f5a1b2a1e	10.250553980989032	0.002414349743443148	0.944457369070668	0.0025563353333976652	0.9979603417267243	0.9979603417267243	d__Bacteria	p__Pseudomonadota	c__Gammaproteobacteria	o__Enterobacterales	f__Morganellaceae	g__Morganella	NA
63afe8e6aac58bf0d670a82ca5bc574c	1.038742922832062	0.11789394942079302	0.5208775888265549	0.22633715089640782	0.8209392057615048	NA	d__Bacteria	p__Pseudomonadota	c__Gammaproteobacteria	o__Enterobacterales	f__Yersiniaceae	NA	NA
945184b6386c192c0066e0a98a154780	17.62113319822907	3.4195002529027634	0.8454951217419182	4.044376088010764	5.246264619240232e-5	0.0010036399493903966	d__Bacteria	p__Pseudomonadota	c__Gammaproteobacteria	o__Enterobacterales	f__Enterobacteriaceae	NA	NA
db2c9e372a6b791fdad2f43b5e74533d	1.038742922832062	0.11789394942079302	0.5208775888265549	0.22633715089640782	0.8209392057615048	NA	d__Bacteria	p__Pseudomonadota	c__Gammaproteobacteria	o__Enterobacterales	f__Enterobacteriaceae	NA	NA
4d72007c70f4abc0bf9e8fe8b826d07d	1.0387148832605266	0.0024142986327304644	0.5079084479470138	0.004753413026479783	0.9962073394175448	NA	d__Bacteria	p__Pseudomonadota	c__Gammaproteobacteria	o__Enterobacterales	f__Enterobacteriaceae	NA	NA
c939ee112ba982665e012437dae05c1e	1.5871776226272325	-0.0647990027742943	0.6247817231415642	-0.1037146260432654	0.9173958193495574	0.9979603417267243	d__Bacteria	p__Pseudomonadota	c__Gammaproteobacteria	o__Enterobacterales	f__Enterobacteriaceae	NA	NA
4cbfff144d4e7a4e0f4619ed505be070	1.2408505392064524	0.002414535222753531	0.5339354331515498	0.004522148321383646	0.9963918599703505	0.9979603417267243	d__Bacteria	p__Pseudomonadota	c__Gammaproteobacteria	o__Enterobacterales	f__Enterobacteriaceae	NA	NA
40c00caf4aba9abc8cf5384e6e8e438c	1.0387225030027176	0.11789592723063455	0.5208774115606934	0.22634102499738967	0.8209361928478952	NA	d__Bacteria	p__Pseudomonadota	c__Gammaproteobacteria	o__Enterobacterales	f__Enterobacteriaceae	NA	NA
be55f2c3cea91fd2eed842b94a484d20	1.0387304233561945	0.002414298636840288	0.5079087647476233	0.004753410069700093	0.9962073417766869	NA	d__Bacteria	p__Pseudomonadota	c__Gammaproteobacteria	o__Enterobacterales	f__Enterobacteriaceae	NA	NA
d509a9b999e826dc5f7982d3b443a791	1.0387148832605266	0.0024142986327304644	0.5079084479470138	0.004753413026479783	0.9962073394175448	NA	d__Bacteria	p__Pseudomonadota	c__Gammaproteobacteria	o__Enterobacterales	f__Enterobacteriaceae	g__Escherichia-Shigella	NA
f57cabd02554d88ba107201d7c772fbd	46.61357984420034	-0.37126420461765536	1.0268644999272334	-0.3615513094901657	0.7176873557696015	0.9979603417267243	d__Bacteria	p__Pseudomonadota	c__Gammaproteobacteria	o__Enterobacterales	f__Enterobacteriaceae	g__Escherichia-Shigella	NA
551d5342b46ac267bc6a5da9d67b261a	1.0386805954253813	-0.06470354653902072	0.5123236114550498	-0.12629428957071925	0.8994989763292248	NA	d__Bacteria	p__Pseudomonadota	c__Gammaproteobacteria	o__Enterobacterales	f__Enterobacteriaceae	g__Escherichia-Shigella	NA
0be1484f101c08a77a6f34e40dd2f642	1.0531791811445184	0.002414296152872495	0.508193209024343	0.004750744618385579	0.9962094684751255	NA	d__Bacteria	p__Pseudomonadota	c__Gammaproteobacteria	o__Enterobacterales	f__Enterobacteriaceae	g__Escherichia-Shigella	NA
9c4d4b6d306824a963a9ea03bf5ed140	2.497206589284462	0.0024154582675937693	0.7549767107415291	0.0031993811639849596	0.9974472675201121	0.9979603417267243	d__Bacteria	p__Pseudomonadota	c__Gammaproteobacteria	o__Enterobacterales	f__Enterobacteriaceae	g__Escherichia-Shigella	NA
39b7592a8a28facf6a3dfd81e013eaad	1.0531791811445184	0.002414296152872495	0.508193209024343	0.004750744618385579	0.9962094684751255	NA	d__Bacteria	p__Pseudomonadota	c__Gammaproteobacteria	o__Enterobacterales	f__Enterobacteriaceae	g__Escherichia-Shigella	NA
a3eab7cdcc6ff79cc81be0363a6ff21a	1.0531791811445184	0.002414296152872495	0.508193209024343	0.004750744618385579	0.9962094684751255	NA	d__Bacteria	p__Pseudomonadota	c__Gammaproteobacteria	o__Enterobacterales	f__Enterobacteriaceae	g__Escherichia-Shigella	NA
8bafedeb678c6cb11deef4768047bfc7	1.0531791811445184	0.002414296152872495	0.508193209024343	0.004750744618385579	0.9962094684751255	NA	d__Bacteria	p__Pseudomonadota	c__Gammaproteobacteria	o__Enterobacterales	f__Enterobacteriaceae	g__Escherichia-Shigella	NA
dd76ee315469214d08ce4659f45d97eb	1.3284669366539423	0.7530834587011359	0.5136464092351483	1.4661515103795322	0.14260701529564268	0.3657732820203143	d__Bacteria	p__Pseudomonadota	c__Gammaproteobacteria	o__Enterobacterales	f__Enterobacteriaceae	g__Escherichia-Shigella	NA
9e787ce305381a372bbab3e55fdb8cc4	1.2410130323927298	-0.9977831181489678	0.43513477242412496	-2.2930438599295178	0.021845479968175437	0.097204032051410455	d__Bacteria	p__Pseudomonadota	c__Gammaproteobacteria	o__Enterobacterales	f__Enterobacteriaceae	g__Escherichia-Shigella	NA
18c2c9764fa4936d514850289294ce15	1.4011452384038081	1.0679308798609457	0.540628644077671	1.975350162370454	0.048228424335782435	0.1709443277213002	d__Bacteria	p__Pseudomonadota	c__Gammaproteobacteria	o__Enterobacterales	f__Enterobacteriaceae	g__Escherichia-Shigella	NA
d46e2205f0c6ecf67b51f83d111c509c	3868.7093731071236	0.2266553955190778	0.9238689492380285	0.2453328426136785	0.8061987238894216	0.9979603417267243	d__Bacteria	p__Pseudomonadota	c__Gammaproteobacteria	o__Enterobacterales	f__Enterobacteriaceae	g__Escherichia-Shigella	NA
4850a238b7fbbd5ffa204c5a5a396f2c	1.038742922832062	0.11789394942079302	0.5208775888265549	0.22633715089640782	0.8209392057615048	NA	d__Bacteria	p__Pseudomonadota	c__Gammaproteobacteria	o__Enterobacterales	f__Hafniaceae	g__Hafnia-Obesumbacterium	NA
59569afbca0342ed00919b6c31665ddc	1.139964968448468	0.0024142949920187167	0.5107542729452378	0.004726920791277596	0.9962284769255205	NA	d__Bacteria	p__Pseudomonadota	c__Gammaproteobacteria	o__Enterobacterales	f__Morganellaceae	g__Cosenzaea	NA
38eaa8f3d127290bf06b9a82171c37c0	1.3286523098081227	0.9014694664063599	0.5234985410605977	1.7220095104372224	0.08506779569877047	0.24842044615113526	d__Bacteria	p__Pseudomonadota	c__Gammaproteobacteria	o__Enterobacterales	f__Morganellaceae	g__Proteus	NA
bb7e5c6df18c100b97f890fc35eb2911	1.0387148832605266	0.0024142986327304644	0.5079084479470138	0.004753413026479783	0.9962073394175448	NA	d__Bacteria	p__Pseudomonadota	c__Gammaproteobacteria	o__Enterobacterales	f__Morganellaceae	g__Proteus	NA
11f0558dca37009cbf1a6083b0b658e5	1.0531791811445184	0.002414296152872495	0.508193209024343	0.004750744618385579	0.9962094684751255	NA	d__Bacteria	p__Pseudomonadota	c__Gammaproteobacteria	o__Enterobacterales	f__Morganellaceae	g__Providencia	NA
3fe93561235ac9bb8279ec49fed55fbd	1.0531791811445184	0.002414296152872495	0.508193209024343	0.004750744618385579	0.9962094684751255	NA	d__Bacteria	p__Pseudomonadota	c__Gammaproteobacteria	o__Pseudomonadales	f__Moraxellaceae	g__Enhydrobacter	NA
8adadd953ff6f3831d8492aaecdbe713	1.0531791811445184	0.002414296152872495	0.508193209024343	0.004750744618385579	0.9962094684751255	NA	d__Bacteria	p__Pseudomonadota	c__Gammaproteobacteria	o__Enterobacterales	f__Succinivibrionaceae	g__Succinivibrio	NA
ad60a2e41201dc42447b53ee71937736	1.0531791811445184	0.002414296152872495	0.508193209024343	0.004750744618385579	0.9962094684751255	NA	d__Bacteria	p__Pseudomonadota	c__Gammaproteobacteria	o__Enterobacterales	f__Succinivibrionaceae	g__Succinivibrio	NA
4608fae4bbc9964cdd17af8782f2155e	1.0531791811445184	0.002414296152872495	0.508193209024343	0.004750744618385579	0.9962094684751255	NA	d__Bacteria	p__Pseudomonadota	c__Gammaproteobacteria	o__Burkholderiales	f__Oxalobacteraceae	g__Massilia	NA
6513039f8225f3c93ab2a462ab8b9c7f	1.110612874281424	-0.38457760526539464	0.4712596711744351	-0.8160630514106618	0.4144640749505774	NA	d__Bacteria	p__Pseudomonadota	c__Gammaproteobacteria	o__Burkholderiales	f__Neisseriaceae	g__Incertae_Sedis	NA
cc63a75851b8c19c41038012fcab77a2	1.0531791811445184	0.002414296152872495	0.508193209024343	0.004750744618385579	0.9962094684751255	NA	d__Bacteria	p__Pseudomonadota	c__Gammaproteobacteria	o__Burkholderiales	f__SC-I-84	g__Incertae_Sedis	NA
a79df03c29d5421b97a241db52f4f4ab	1.0531791811445184	0.002414296152872495	0.508193209024343	0.004750744618385579	0.9962094684751255	NA	d__Bacteria	p__Pseudomonadota	c__Gammaproteobacteria	o__Burkholderiales	f__SC-I-84	g__Incertae_Sedis	NA
4f824a5d5b0df86eb1225e6abfce7a93	1.0531791811445184	0.002414296152872495	0.508193209024343	0.004750744618385579	0.9962094684751255	NA	d__Bacteria	p__Pseudomonadota	c__Gammaproteobacteria	o__Burkholderiales	f__A21b	g__Incertae_Sedis	NA
e934de394d66c2b06ec85ba363b1f37a	1.0531791811445184	0.002414296152872495	0.508193209024343	0.004750744618385579	0.9962094684751255	NA	d__Bacteria	p__Pseudomonadota	c__Gammaproteobacteria	o__Burkholderiales	f__A21b	g__Incertae_Sedis	NA
8e7cdf0804e61520aff16b0d184b841b	1.0531791811445184	0.002414296152872495	0.508193209024343	0.004750744618385579	0.9962094684751255	NA	d__Bacteria	p__Pseudomonadota	c__Gammaproteobacteria	o__Burkholderiales	f__A21b	g__Incertae_Sedis	NA
1d8f612763d34c1a3ddbeb32073dcab6	1.0531791811445184	0.002414296152872495	0.508193209024343	0.004750744618385579	0.9962094684751255	NA	d__Bacteria	p__Pseudomonadota	c__Gammaproteobacteria	o__Burkholderiales	f__SC-I-84	g__Incertae_Sedis	NA
5a7c85d39e6fe84bdaa0bdfb9c3e22d9	1.0531791811445184	0.002414296152872495	0.508193209024343	0.004750744618385579	0.9962094684751255	NA	d__Bacteria	p__Pseudomonadota	c__Gammaproteobacteria	o__Burkholderiales	f__Nitrosomonadaceae	g__mle1-7	NA
a1af1932f736869ced05f2e1e8f655f5	1.0531791811445184	0.002414296152872495	0.508193209024343	0.004750744618385579	0.9962094684751255	NA	d__Bacteria	p__Pseudomonadota	c__Gammaproteobacteria	o__Burkholderiales	f__Nitrosomonadaceae	g__Ellin6067	NA
3e63f8a90d89bd302975337b3a1d295c	1.0531791811445184	0.002414296152872495	0.508193209024343	0.004750744618385579	0.9962094684751255	NA	d__Bacteria	p__Pseudomonadota	c__Gammaproteobacteria	o__Burkholderiales	f__Neisseriaceae	g__Incertae_Sedis	NA
4a1e5e44473fcf41f308288148927289	1.3125348065574276	0.0024145438541203863	0.536948043248917	0.004496792351659727	0.9964120909014146	0.9979603417267243	d__Bacteria	p__Pseudomonadota	c__Gammaproteobacteria	o__Burkholderiales	f__Neisseriaceae	g__Incertae_Sedis	NA
52d998a538496179968dec55950d1516	1.2410650224950215	0.6723675856427316	0.4980064246111786	1.350118296501268	0.176978040331718	0.4100365221935781	d__Bacteria	p__Pseudomonadota	c__Gammaproteobacteria	o__Burkholderiales	f__Neisseriaceae	g__Eikenella	NA
4f5efd25dacb5d639316e7291ff6ff8b	1.1543204856627858	0.002414298205878929	0.5114202494167575	0.004720771632785921	0.9962333831894017	NA	d__Bacteria	p__Pseudomonadota	c__Gammaproteobacteria	o__Burkholderiales	f__Neisseriaceae	g__Neisseria	NA
c3872198144b62ba82c1558586a5ebe3	1.1538942356802422	0.4009251953035968	0.4885523302489394	0.8206392037866391	0.4118518100380692	NA	d__Bacteria	p__Pseudomonadota	c__Gammaproteobacteria	o__Burkholderiales	f__Neisseriaceae	g__Eikenella	NA
d2261d7f1ddc9f5f4c6f971b97f9a517	1.0531791811445184	0.002414296152872495	0.508193209024343	0.004750744618385579	0.9962094684751255	NA	d__Bacteria	p__Pseudomonadota	c__Gammaproteobacteria	o__Burkholderiales	f__Oxalobacteraceae	NA	NA
fec2da4ccc40b9ad85a020553063366b	1.0531791811445184	0.002414296152872495	0.508193209024343	0.004750744618385579	0.9962094684751255	NA	d__Bacteria	p__Pseudomonadota	c__Gammaproteobacteria	o__Burkholderiales	f__Oxalobacteraceae	NA	NA
b600d65ed89ddbd1e326cd0b04be1d7a	1.2708414351780242	0.002414430026581593	0.5255195025722861	0.004594368077233221	0.9963342375408202	0.9979603417267243	d__Bacteria	p__Pseudomonadota	c__Gammaproteobacteria	o__Burkholderiales	f__Oxalobacteraceae	NA	NA
6fe33250c45ddbda2700682431270ddc	1.0242342789738461	0.11789355149951715	0.5206157925642436	0.22645020220927925	0.8208512861043735	NA	d__Bacteria	p__Pseudomonadota	c__Gammaproteobacteria	o__Burkholderiales	f__Sutterellaceae	g__Sutterella	NA
3652788e84d52e1a7133359c67311619	1.4577443992175882	0.0024151125135988103	0.6070806836321235	0.0039782397607338645	0.9968258322883441	0.9979603417267243	d__Bacteria	p__Pseudomonadota	c__Gammaproteobacteria	o__Burkholderiales	f__Sutterellaceae	g__Sutterella	NA
f6cba9b8a57bb49f57a00f18bf1e64b0	3.3408497055988136	0.0024153407055957647	0.8030993773406772	0.0030075240670634587	0.9976003465982055	0.9979603417267243	d__Bacteria	p__Pseudomonadota	c__Gammaproteobacteria	o__Burkholderiales	f__Sutterellaceae	g__Sutterella	NA
8cde5eace37ee2a7ee97a22d324d510b	1.0531791811445184	0.002414296152872495	0.508193209024343	0.004750744618385579	0.9962094684751255	NA	d__Bacteria	p__Pseudomonadota	c__Gammaproteobacteria	o__Burkholderiales	f__Sutterellaceae	g__Sutterella	NA
21401b105dc53b367b8fdc0ec97a9f02	69.88448438306649	-0.33289759571088084	1.0941379735323609	-0.3042555909435629	0.7609331755481952	0.9979603417267243	d__Bacteria	p__Pseudomonadota	c__Gammaproteobacteria	o__Burkholderiales	f__Sutterellaceae	g__Sutterella	NA
eb736939d75ad207f5c1a4f3053d2ee4	1.0242899114153634	0.002414301497609199	0.5076413687254768	0.004755919525768218	0.9962053395430664	NA	d__Bacteria	p__Pseudomonadota	c__Gammaproteobacteria	o__Burkholderiales	f__Sutterellaceae	g__Sutterella	NA
d23a867d55cfafa513f34ea224089f8e	1.0531791811445184	0.002414296152872495	0.508193209024343	0.004750744618385579	0.9962094684751255	NA	d__Bacteria	p__Pseudomonadota	c__Gammaproteobacteria	o__Burkholderiales	f__Sutterellaceae	g__Sutterella	NA
5b7e242f5faf6839260511c704d90a14	1.2119780225815395	-0.8821955219182964	0.4385689045970417	-2.011532310364913	0.04426926105228332	0.16137720528280095	d__Bacteria	p__Pseudomonadota	c__Gammaproteobacteria	o__Burkholderiales	f__Sutterellaceae	g__Sutterella	NA
f179bd107516ffa74815272feed765a8	1.0531791811445184	0.002414296152872495	0.508193209024343	0.004750744618385579	0.9962094684751255	NA	d__Bacteria	p__Pseudomonadota	c__Gammaproteobacteria	o__Burkholderiales	f__Sutterellaceae	g__Sutterella	NA
06c89d0310c1277e6797f95171429317	1.0531791811445184	0.002414296152872495	0.508193209024343	0.004750744618385579	0.9962094684751255	NA	d__Bacteria	p__Pseudomonadota	c__Gammaproteobacteria	o__Burkholderiales	f__Sutterellaceae	g__Sutterella	NA
40c89594b6b2d71ed7ab90eb09c61288	1.1832180012394335	0.002414310148040109	0.513176330878751	0.004704640496388252	0.9962462538311547	NA	d__Bacteria	p__Pseudomonadota	c__Gammaproteobacteria	o__Burkholderiales	f__Sutterellaceae	g__Sutterella	NA
cdef896edca66918c640aeadee6f1809	1.1395063707465674	-0.5450489982099465	0.45855537898801824	-1.188621970617399	0.23458845825166352	NA	d__Bacteria	p__Pseudomonadota	c__Gammaproteobacteria	o__Burkholderiales	f__Sutterellaceae	g__Sutterella	NA
ed0b2c436e0aa37c7501df9927eca476	1.0242962054687381	0.050778919503913986	0.5249257581108983	0.09673543109535539	0.9229365018221265	NA	d__Bacteria	p__Pseudomonadota	c__Gammaproteobacteria	o__Burkholderiales	f__Sutterellaceae	g__Sutterella	NA
aece197f1dcbc89d27c3a60dd4477d52	1.0531791811445184	0.002414296152872495	0.508193209024343	0.004750744618385579	0.9962094684751255	NA	d__Bacteria	p__Pseudomonadota	c__Gammaproteobacteria	o__Burkholderiales	f__Sutterellaceae	g__Sutterella	NA
1748af885d51d419f6f9b79bdcdaa1a9	1.0531791811445184	0.002414296152872495	0.508193209024343	0.004750744618385579	0.9962094684751255	NA	d__Bacteria	p__Pseudomonadota	c__Gammaproteobacteria	o__Burkholderiales	f__Sutterellaceae	g__Sutterella	NA
d86ba22052f74b04328616f924d93032	1.1836378551908306	-0.7567633310644442	0.4446969874862695	-1.7017505230745689	0.08880214497482063	NA	d__Bacteria	p__Pseudomonadota	c__Gammaproteobacteria	o__Burkholderiales	f__Sutterellaceae	g__Sutterella	NA
d37c35f73fc21285f14723633ad2fbcd	78.5811342820422	1.4362089748956697	1.0127137575580871	1.4181785960514037	0.1561386292466878	0.38182958362897357	d__Bacteria	p__Pseudomonadota	c__Gammaproteobacteria	o__Burkholderiales	f__Sutterellaceae	g__Sutterella	NA
6ee91bd06f6e189fe0bf12eafec77e58	1.0387205801281543	-0.06470126560172709	0.5123242661604964	-0.12628967604173183	0.8995026281536531	NA	d__Bacteria	p__Pseudomonadota	c__Gammaproteobacteria	o__Burkholderiales	f__Sutterellaceae	g__Sutterella	NA
0c1f135a432920cdc89f2d08d4946c4d	1.0531791811445184	0.002414296152872495	0.508193209024343	0.004750744618385579	0.9962094684751255	NA	d__Bacteria	p__Pseudomonadota	c__Gammaproteobacteria	o__Burkholderiales	f__Sutterellaceae	g__Sutterella	NA
dbcdaca3ee9e9fe75d8829e87b8551dc	33.546298192130386	-2.898739409176584	1.045599768702098	-2.772322159916683	0.005565792258199937	0.036401345906361626	d__Bacteria	p__Pseudomonadota	c__Gammaproteobacteria	o__Burkholderiales	f__Sutterellaceae	g__Sutterella	NA
8cd3a754b6daeaa0ff3c1bb084886b17	1.038742922832062	0.002414298640146235	0.5079090195957152	0.004753407691141152	0.9962073436744809	NA	d__Bacteria	p__Pseudomonadota	c__Gammaproteobacteria	o__Burkholderiales	f__Sutterellaceae	g__Sutterella	NA
16c0796c006308528e5db2d872fa458b	1.0531791811445184	0.002414296152872495	0.508193209024343	0.004750744618385579	0.9962094684751255	NA	d__Bacteria	p__Pseudomonadota	c__Gammaproteobacteria	o__Burkholderiales	f__Sutterellaceae	g__Sutterella	NA
2bfa557403fda092b8fd1a03217d7f7d	1.038742922832062	0.002414298640146235	0.5079090195957152	0.004753407691141152	0.9962073436744809	NA	d__Bacteria	p__Pseudomonadota	c__Gammaproteobacteria	o__Burkholderiales	f__Sutterellaceae	g__Sutterella	NA
ab2e88891faaeca1271f08a7e208c1b8	1.2123272035557604	0.5874456371362838	0.484131489073429	1.2134010085991018	0.22497654089989755	0.4618923879148993	d__Bacteria	p__Pseudomonadota	c__Gammaproteobacteria	o__Burkholderiales	f__Sutterellaceae	g__Parasutterella	NA
ac26691b1cdabb4d1fba5fc650c1b2d5	1.0387111791071326	-0.06470180310896163	0.5123241122837576	-0.12629076312755247	0.8995017676740831	NA	d__Bacteria	p__Pseudomonadota	c__Gammaproteobacteria	o__Burkholderiales	f__Sutterellaceae	g__Parasutterella	NA
69a11f927915e2a3ba1f7b9c84486527	513.2850416705866	1.2382703938114064	1.023867603984448	1.209404799011704	0.2265073658443263	0.4629949412948203	d__Bacteria	p__Pseudomonadota	c__Gammaproteobacteria	o__Burkholderiales	f__Sutterellaceae	g__Parasutterella	NA
c2fce4d038c0d3e28601144696c09504	1.0531791811445184	0.002414296152872495	0.508193209024343	0.004750744618385579	0.9962094684751255	NA	d__Bacteria	p__Pseudomonadota	c__Gammaproteobacteria	o__Burkholderiales	f__Sutterellaceae	g__Parasutterella	NA
c1a0435d7cc9aee9c98e02da7322bacd	1.1830663935083063	0.0024143100529459153	0.5131686180172833	0.004704711021250723	0.9962461975610786	NA	d__Bacteria	p__Pseudomonadota	c__Gammaproteobacteria	o__Burkholderiales	f__Sutterellaceae	g__Parasutterella	NA
b0b2f7e520da337e3ccdcaf3e0cccb0c	1.1395063707465674	0.0024142947883892592	0.5107380706925048	0.004727070345697434	0.9962283575996911	NA	d__Bacteria	p__Pseudomonadota	c__Gammaproteobacteria	o__Burkholderiales	f__Sutterellaceae	g__Parasutterella	NA
a4a05d57d649b1866bdc41fe852052c7	1.0531791811445184	0.002414296152872495	0.508193209024343	0.004750744618385579	0.9962094684751255	NA	d__Bacteria	p__Pseudomonadota	c__Gammaproteobacteria	o__Burkholderiales	f__Sutterellaceae	g__Parasutterella	NA
c845eda99662b5a88a8c8e979ec07dd0	1.1543204856627858	0.002414298205878929	0.5114202494167575	0.004720771632785921	0.9962333831894017	NA	d__Bacteria	p__Pseudomonadota	c__Gammaproteobacteria	o__Burkholderiales	f__Burkholderiaceae	g__Lautropia	NA
9af5372058f5a2f86b5b945b62f46feb	1.0531791811445184	0.002414296152872495	0.508193209024343	0.004750744618385579	0.9962094684751255	NA	d__Bacteria	p__Pseudomonadota	c__Gammaproteobacteria	o__Burkholderiales	f__Comamonadaceae	NA	NA
9282e20164736c7ada9bd98d04654b5e	1.1975801352671915	-0.06470269067418444	0.5257353726872234	-0.12307083379888559	0.9020510069283918	0.9979603417267243	d__Bacteria	p__Pseudomonadota	c__Gammaproteobacteria	o__Burkholderiales	f__Sutterellaceae	g__Sutterella	NA
4b44a8fdda93baa3c8dba677986a246e	1.0531791811445184	0.002414296152872495	0.508193209024343	0.004750744618385579	0.9962094684751255	NA	d__Bacteria	p__Pseudomonadota	c__Gammaproteobacteria	o__Burkholderiales	f__Nitrosomonadaceae	g__MND1	NA
aa388a5d51a4643cfb007dc0b081257a	1.0531791811445184	0.002414296152872495	0.508193209024343	0.004750744618385579	0.9962094684751255	NA	d__Bacteria	p__Pseudomonadota	c__Gammaproteobacteria	o__Burkholderiales	f__Nitrosomonadaceae	g__GOUTA6	NA
199c1f47723143d72682c4ced6bac9ac	1.0386805954253813	-0.06470354653902072	0.5123236114550498	-0.12629428957071925	0.8994989763292248	NA	d__Bacteria	p__Campylobacterota	c__Campylobacteria	o__Campylobacterales	f__Campylobacteraceae	g__Campylobacter	NA
310ab433faac5fab0765d87127d7578f	1.0531791811445184	0.002414296152872495	0.508193209024343	0.004750744618385579	0.9962094684751255	NA	d__Bacteria	p__Campylobacterota	c__Campylobacteria	o__Campylobacterales	f__Campylobacteraceae	g__Campylobacter	NA
9104e464668ba956eb9de3d3d2f9eb19	98.80331288812305	0.6466141971905232	0.8987125824341349	0.719489422790976	0.47183941700914556	0.8015127618563598	d__Bacteria	p__Campylobacterota	c__Campylobacteria	o__Campylobacterales	f__Campylobacteraceae	g__Campylobacter	NA
c4d97dd6e01de35fd44a216238c03e34	1.0531791811445184	0.002414296152872495	0.508193209024343	0.004750744618385579	0.9962094684751255	NA	d__Bacteria	p__Campylobacterota	c__Campylobacteria	o__Campylobacterales	f__Campylobacteraceae	g__Campylobacter	NA
6df3c15ec9eab9b36fea7edbebb9aa8d	1.2403933139555459	0.0024145352449421176	0.5339354331538555	0.004522148362920803	0.996391859937209	0.9979603417267243	d__Bacteria	p__Campylobacterota	c__Campylobacteria	o__Campylobacterales	f__Campylobacteraceae	g__Campylobacter	NA
50d2bcfe618afef2607f5475a1d512e4	2.8397753679045907	0.0024153982770430925	0.7664182135215967	0.0031515408094813365	0.9974854384079008	0.9979603417267243	d__Bacteria	p__Campylobacterota	c__Campylobacteria	o__Campylobacterales	f__Campylobacteraceae	g__Campylobacter	NA
d3e280b7fc88765c0b66e5bd845d439f	1.0531791811445184	0.002414296152872495	0.508193209024343	0.004750744618385579	0.9962094684751255	NA	d__Bacteria	p__Campylobacterota	c__Campylobacteria	o__Campylobacterales	f__Campylobacteraceae	g__Campylobacter	NA
8365c56e7d1f57079c8821b426206d94	991.3709450714584	-0.5526062503164454	1.0264286507795028	-0.5383776552776255	0.5903163494964329	0.9514615482064862	d__Bacteria	p__Campylobacterota	c__Campylobacteria	o__Campylobacterales	f__Campylobacteraceae	g__Campylobacter	NA
1f8f31872fb44c8c3e8d4116f774a2b4	1.0531791811445184	0.002414296152872495	0.508193209024343	0.004750744618385579	0.9962094684751255	NA	d__Bacteria	p__Campylobacterota	c__Campylobacteria	o__Campylobacterales	f__Campylobacteraceae	g__Campylobacter	NA
a6f150307a48d996f282bab7ffe7405f	1.0531791811445184	0.002414296152872495	0.508193209024343	0.004750744618385579	0.9962094684751255	NA	d__Bacteria	p__Campylobacterota	c__Campylobacteria	o__Campylobacterales	f__Campylobacteraceae	g__Campylobacter	NA
3839eb0c980882d7adf3aa431c4e7910	1.2109776098362992	-0.8818874928323356	0.43850910242838353	-2.0111041890546932	0.04431445280961638	0.16137720528280095	d__Bacteria	p__Campylobacterota	c__Campylobacteria	o__Campylobacterales	f__Campylobacteraceae	g__Campylobacter	NA
2031f98bfcb31c0d0003b9ad0a9de157	1.0531791811445184	0.002414296152872495	0.508193209024343	0.004750744618385579	0.9962094684751255	NA	d__Bacteria	p__Campylobacterota	c__Campylobacteria	o__Campylobacterales	f__Campylobacteraceae	g__Campylobacter	NA
87a7bc7a44c3ce7afdafcdbb020d3d42	1.0531791811445184	0.002414296152872495	0.508193209024343	0.004750744618385579	0.9962094684751255	NA	d__Bacteria	p__Acidobacteriota	c__Acidobacteriae	o__Subgroup_2	f__Incertae_Sedis	g__Incertae_Sedis	NA
96f6ae7bdd6e03adf2e2c2143240384b	1.0531791811445184	0.002414296152872495	0.508193209024343	0.004750744618385579	0.9962094684751255	NA	d__Bacteria	p__Acidobacteriota	c__Acidobacteriae	o__Subgroup_2	f__Incertae_Sedis	g__Incertae_Sedis	NA
421e1ceb06cb5b4c61b2580c7892ffad	1.0531791811445184	0.002414296152872495	0.508193209024343	0.004750744618385579	0.9962094684751255	NA	d__Bacteria	p__Acidobacteriota	c__Acidobacteriae	o__Subgroup_2	f__Incertae_Sedis	g__Incertae_Sedis	NA
da970e482dfe05782437a7463b5c71b7	1.0531791811445184	0.002414296152872495	0.508193209024343	0.004750744618385579	0.9962094684751255	NA	d__Bacteria	p__Acidobacteriota	c__Acidobacteriae	o__Subgroup_2	f__Incertae_Sedis	g__Incertae_Sedis	NA
1fde572bf665afdc27e7e75cd898ac29	1.0531791811445184	0.002414296152872495	0.508193209024343	0.004750744618385579	0.9962094684751255	NA	d__Bacteria	p__Acidobacteriota	c__Acidobacteriae	o__Subgroup_2	f__Incertae_Sedis	g__Incertae_Sedis	NA
7c2a31114b8ebe9ab185f4339d220f57	1.0531791811445184	0.002414296152872495	0.508193209024343	0.004750744618385579	0.9962094684751255	NA	d__Bacteria	p__Acidobacteriota	c__Acidobacteriae	o__Subgroup_2	f__Incertae_Sedis	g__Incertae_Sedis	NA
f0816e1099f91abe999b985664f1efea	1.0531791811445184	0.002414296152872495	0.508193209024343	0.004750744618385579	0.9962094684751255	NA	d__Bacteria	p__Acidobacteriota	c__Acidobacteriae	o__Subgroup_2	f__Incertae_Sedis	g__Incertae_Sedis	NA
548f66148663c88b329bc7d20a2d46a5	1.0531791811445184	0.002414296152872495	0.508193209024343	0.004750744618385579	0.9962094684751255	NA	d__Bacteria	p__Acidobacteriota	c__Acidobacteriae	o__Subgroup_2	f__Incertae_Sedis	g__Incertae_Sedis	NA
eb9e5762c6738498daa59b3d44d43e82	1.0531791811445184	0.002414296152872495	0.508193209024343	0.004750744618385579	0.9962094684751255	NA	d__Bacteria	p__Acidobacteriota	c__Acidobacteriae	o__Terriglobales	f__Incertae_Sedis	g__Incertae_Sedis	NA
202f505123c72e7cf838be7c86ebf7a6	1.0531791811445184	0.002414296152872495	0.508193209024343	0.004750744618385579	0.9962094684751255	NA	d__Bacteria	p__Acidobacteriota	c__Acidobacteriae	o__Terriglobales	f__Incertae_Sedis	g__Incertae_Sedis	NA
d29f5c2276e5c39023b2a73593ed907b	1.0531791811445184	0.002414296152872495	0.508193209024343	0.004750744618385579	0.9962094684751255	NA	d__Bacteria	p__Acidobacteriota	c__Acidobacteriae	o__Terriglobales	f__Incertae_Sedis	g__Incertae_Sedis	NA
84a29877f28a3309c0acba3ff63a32de	1.0531791811445184	0.002414296152872495	0.508193209024343	0.004750744618385579	0.9962094684751255	NA	d__Bacteria	p__Acidobacteriota	c__Acidobacteriae	o__Terriglobales	f__Incertae_Sedis	g__Incertae_Sedis	NA
ceb36da1a26eecc6429aa5cefb368a09	1.0531791811445184	0.002414296152872495	0.508193209024343	0.004750744618385579	0.9962094684751255	NA	d__Bacteria	p__Acidobacteriota	c__Acidobacteriae	o__Terriglobales	f__Incertae_Sedis	g__Incertae_Sedis	NA
2863313205c6e7fe577361c0fce7f94b	1.0531791811445184	0.002414296152872495	0.508193209024343	0.004750744618385579	0.9962094684751255	NA	d__Bacteria	p__Acidobacteriota	c__Acidobacteriae	o__Terriglobales	f__Incertae_Sedis	g__Incertae_Sedis	NA
0c0641127df64e7dbb361a6fc16d34a5	1.0531791811445184	0.002414296152872495	0.508193209024343	0.004750744618385579	0.9962094684751255	NA	d__Bacteria	p__Acidobacteriota	c__Acidobacteriae	o__Terriglobales	f__Incertae_Sedis	g__Incertae_Sedis	NA
4542e210503a0deaa85d8f51bd802105	1.0531791811445184	0.002414296152872495	0.508193209024343	0.004750744618385579	0.9962094684751255	NA	d__Bacteria	p__Acidobacteriota	c__Subgroup_5	o__Incertae_Sedis	f__Incertae_Sedis	g__Incertae_Sedis	NA
73cc351d044ed1f086350eb35945b662	1.0531791811445184	0.002414296152872495	0.508193209024343	0.004750744618385579	0.9962094684751255	NA	d__Bacteria	p__Acidobacteriota	c__Subgroup_5	o__Incertae_Sedis	f__Incertae_Sedis	g__Incertae_Sedis	NA
4a5cf75f959f95005df0c73dc649cae2	1.0531791811445184	0.002414296152872495	0.508193209024343	0.004750744618385579	0.9962094684751255	NA	d__Bacteria	p__Acidobacteriota	c__Holophagae	o__Subgroup_7	f__Incertae_Sedis	g__Incertae_Sedis	NA
76fed0c69c769fe95c07daed890c69b6	1.0531791811445184	0.002414296152872495	0.508193209024343	0.004750744618385579	0.9962094684751255	NA	d__Bacteria	p__Acidobacteriota	c__Holophagae	o__Subgroup_7	f__Incertae_Sedis	g__Incertae_Sedis	NA
0f9bf2d38b92641cc4f869f14a6da831	1.0531791811445184	0.002414296152872495	0.508193209024343	0.004750744618385579	0.9962094684751255	NA	d__Bacteria	p__Acidobacteriota	c__Holophagae	o__Subgroup_7	f__Incertae_Sedis	g__Incertae_Sedis	NA
cf65a38e7a7e0fc7bf6df77a8a4cf68f	1.0531791811445184	0.002414296152872495	0.508193209024343	0.004750744618385579	0.9962094684751255	NA	d__Bacteria	p__Acidobacteriota	c__Holophagae	o__Subgroup_7	f__Incertae_Sedis	g__Incertae_Sedis	NA
ed56f5a06d3ad03cda9c8c992220b7f1	1.0531791811445184	0.002414296152872495	0.508193209024343	0.004750744618385579	0.9962094684751255	NA	d__Bacteria	p__Acidobacteriota	c__Thermoanaerobaculia	o__Thermoanaerobaculales	f__Thermoanaerobaculaceae	g__Subgroup_10	NA
5958fd2b7ec972907e061e8f4d0c49b8	1.0531791811445184	0.002414296152872495	0.508193209024343	0.004750744618385579	0.9962094684751255	NA	d__Bacteria	p__Acidobacteriota	c__Subgroup_22	o__Incertae_Sedis	f__Incertae_Sedis	g__Incertae_Sedis	NA
7625543d02304c6a42e1c6d0dfe96791	1.0531791811445184	0.002414296152872495	0.508193209024343	0.004750744618385579	0.9962094684751255	NA	d__Bacteria	p__Acidobacteriota	c__Subgroup_22	o__Incertae_Sedis	f__Incertae_Sedis	g__Incertae_Sedis	NA
811ef0f05f1341efae2dabdf27a7b79a	1.0531791811445184	0.002414296152872495	0.508193209024343	0.004750744618385579	0.9962094684751255	NA	d__Bacteria	p__Acidobacteriota	c__Vicinamibacteria	o__Subgroup_17	f__Incertae_Sedis	g__Incertae_Sedis	NA
fd29f1993439b22d622c9c0794dc6f07	1.0531791811445184	0.002414296152872495	0.508193209024343	0.004750744618385579	0.9962094684751255	NA	d__Bacteria	p__Acidobacteriota	c__Vicinamibacteria	o__Vicinamibacterales	f__Incertae_Sedis	g__Incertae_Sedis	NA
28c5037a2188505b8ff92bfe42aae505	1.0531791811445184	0.002414296152872495	0.508193209024343	0.004750744618385579	0.9962094684751255	NA	d__Bacteria	p__Acidobacteriota	c__Vicinamibacteria	o__Vicinamibacterales	f__Vicinamibacteraceae	g__Incertae_Sedis	NA
3f48c674bfb96d735ee09bd32ac101da	1.0531791811445184	0.002414296152872495	0.508193209024343	0.004750744618385579	0.9962094684751255	NA	d__Bacteria	p__Acidobacteriota	c__Vicinamibacteria	o__Vicinamibacterales	f__Incertae_Sedis	g__Incertae_Sedis	NA
09aa002a2f42aaa4bce28e5c6737e22a	1.0531791811445184	0.002414296152872495	0.508193209024343	0.004750744618385579	0.9962094684751255	NA	d__Bacteria	p__Acidobacteriota	c__Vicinamibacteria	o__Vicinamibacterales	f__Incertae_Sedis	g__Incertae_Sedis	NA
1da3700384049096a7cf88e23d5e7b4b	1.0531791811445184	0.002414296152872495	0.508193209024343	0.004750744618385579	0.9962094684751255	NA	d__Bacteria	p__Verrucomicrobiota	c__Verrucomicrobiia	o__Pedosphaerales	f__Pedosphaeraceae	g__Incertae_Sedis	NA
1cd2ee92fa127c7f5b53fe414444faea	1.0531791811445184	0.002414296152872495	0.508193209024343	0.004750744618385579	0.9962094684751255	NA	d__Bacteria	p__Verrucomicrobiota	c__Verrucomicrobiia	o__Pedosphaerales	f__Pedosphaeraceae	g__ADurb.Bin063-1	NA
c3ab1b8ef73a270555011875649d0a76	1.0531791811445184	0.002414296152872495	0.508193209024343	0.004750744618385579	0.9962094684751255	NA	d__Bacteria	p__Verrucomicrobiota	c__Verrucomicrobiia	o__Pedosphaerales	f__Pedosphaeraceae	g__Incertae_Sedis	NA
442107b053dcc602e8bdb265f185b79a	1.0531791811445184	0.002414296152872495	0.508193209024343	0.004750744618385579	0.9962094684751255	NA	d__Bacteria	p__Verrucomicrobiota	c__Verrucomicrobiia	o__Pedosphaerales	f__Pedosphaeraceae	g__Incertae_Sedis	NA
b2ed3fe36210d1424e41cfbd5f8049ea	1.0531791811445184	0.002414296152872495	0.508193209024343	0.004750744618385579	0.9962094684751255	NA	d__Bacteria	p__Verrucomicrobiota	c__Verrucomicrobiia	o__Pedosphaerales	f__Pedosphaeraceae	g__ADurb.Bin118	NA
665f31e57ce0e3c9693d87434f81ba80	1.0531791811445184	0.002414296152872495	0.508193209024343	0.004750744618385579	0.9962094684751255	NA	d__Bacteria	p__Verrucomicrobiota	c__Verrucomicrobiia	o__Chthoniobacterales	f__Chthoniobacteraceae	g__Chthoniobacter	NA
b0546a8c6a38415c52d2dc916319d3fd	1.0531791811445184	0.002414296152872495	0.508193209024343	0.004750744618385579	0.9962094684751255	NA	d__Bacteria	p__Verrucomicrobiota	c__Verrucomicrobiia	o__Chthoniobacterales	f__Chthoniobacteraceae	g__Candidatus_Udaeobacter	NA
a3f409a4744ac086bdf72f9ce6d26476	1.0531791811445184	0.002414296152872495	0.508193209024343	0.004750744618385579	0.9962094684751255	NA	d__Bacteria	p__Verrucomicrobiota	c__Verrucomicrobiia	o__Chthoniobacterales	f__Chthoniobacteraceae	g__Candidatus_Udaeobacter	NA
07b148ebe6cc2c05b1faa8d187c51114	1.0531791811445184	0.002414296152872495	0.508193209024343	0.004750744618385579	0.9962094684751255	NA	d__Bacteria	p__Verrucomicrobiota	c__Verrucomicrobiia	o__Verrucomicrobiales	f__Akkermansiaceae	g__Akkermansia	NA
7b28c20e72c6c95b3e604f0849245770	16.609525261920485	1.3527083253945198	0.9360281987803761	1.445157664221087	0.14841360489729563	0.3716028351275998	d__Bacteria	p__Verrucomicrobiota	c__Verrucomicrobiia	o__Verrucomicrobiales	f__Akkermansiaceae	g__Akkermansia	NA
816a2fefa6390f837c349fbfda6eef68	1.2109017738852237	0.002414331478518945	0.5156825236486003	0.004681817528809904	0.9962644637240665	0.9979603417267243	d__Bacteria	p__Verrucomicrobiota	c__Verrucomicrobiia	o__Verrucomicrobiales	f__Akkermansiaceae	g__Akkermansia	NA
f2a24e999503e8addef5c9eed4946a69	1.2256278898600672	0.0024144634884743846	0.527140455992128	0.004580303903881058	0.9963454590095272	0.9979603417267243	d__Bacteria	p__Verrucomicrobiota	c__Verrucomicrobiia	o__Verrucomicrobiales	f__Akkermansiaceae	g__Akkermansia	NA
3b010dbd9eae72a79f11af5d24eb3ca3	2.6078554368100657	-0.05634725954800748	0.6039344841743957	-0.0933002850881029	0.9256650056046957	0.9979603417267243	d__Bacteria	p__Verrucomicrobiota	c__Verrucomicrobiia	o__Verrucomicrobiales	f__Akkermansiaceae	g__Akkermansia	NA
fa2fd8da0b9cfec5c5f9ff58680553b7	1.0531791811445184	0.002414296152872495	0.508193209024343	0.004750744618385579	0.9962094684751255	NA	d__Bacteria	p__Planctomycetota	c__OM190	o__Incertae_Sedis	f__Incertae_Sedis	g__Incertae_Sedis	NA
891f4e188fadbc3661081d172cdc6b0d	1.0531791811445184	0.002414296152872495	0.508193209024343	0.004750744618385579	0.9962094684751255	NA	d__Bacteria	p__Methylomirabilota	c__Methylomirabilia	o__Rokubacteriales	f__Incertae_Sedis	g__Incertae_Sedis	NA
0f700b983207ec336ed4b4679028b514	1.0531791811445184	0.002414296152872495	0.508193209024343	0.004750744618385579	0.9962094684751255	NA	d__Bacteria	p__Methylomirabilota	c__Methylomirabilia	o__Rokubacteriales	f__Incertae_Sedis	g__Incertae_Sedis	NA
a509cecf30ac8a5a81bfb39bb35f037b	1.0531791811445184	0.002414296152872495	0.508193209024343	0.004750744618385579	0.9962094684751255	NA	d__Bacteria	p__Planctomycetota	c__Phycisphaerae	o__Tepidisphaerales	f__WD2101_soil_group	g__Incertae_Sedis	NA
99b463fe81dce53e18aef155d5b56b09	1.0531791811445184	0.002414296152872495	0.508193209024343	0.004750744618385579	0.9962094684751255	NA	d__Bacteria	p__Planctomycetota	c__Planctomycetes	o__Pirellulales	f__Pirellulaceae	g__Incertae_Sedis	NA
5c3adc0e3d4a9ed3b695654b4fee0acd	1.0531791811445184	0.002414296152872495	0.508193209024343	0.004750744618385579	0.9962094684751255	NA	d__Bacteria	p__Planctomycetota	c__Planctomycetes	o__Planctomycetales	f__Incertae_Sedis	g__Incertae_Sedis	NA
b083b0507152640dea2c3af522e34549	1.0531791811445184	0.002414296152872495	0.508193209024343	0.004750744618385579	0.9962094684751255	NA	d__Bacteria	p__Planctomycetota	c__Planctomycetes	o__Gemmatales	f__Gemmataceae	g__Incertae_Sedis	NA
003b7b0615c8f71650829cdf5d8960f6	1.0531791811445184	0.002414296152872495	0.508193209024343	0.004750744618385579	0.9962094684751255	NA	d__Bacteria	p__Planctomycetota	c__Planctomycetes	o__Isosphaerales	f__Isosphaeraceae	g__Aquisphaera	NA
e1afda7647b678ef6678d4b1afe50c90	1.0531791811445184	0.002414296152872495	0.508193209024343	0.004750744618385579	0.9962094684751255	NA	d__Bacteria	p__Latescibacterota	c__Incertae_Sedis	o__Incertae_Sedis	f__Incertae_Sedis	g__Incertae_Sedis	NA
14f7e725b0bff83e39887f3463600df2	1.0531791811445184	0.002414296152872495	0.508193209024343	0.004750744618385579	0.9962094684751255	NA	d__Bacteria	p__Latescibacterota	c__Incertae_Sedis	o__Incertae_Sedis	f__Incertae_Sedis	g__Incertae_Sedis	NA
3db6357039e0f720a4c2812a40be6378	1.0531791811445184	0.002414296152872495	0.508193209024343	0.004750744618385579	0.9962094684751255	NA	d__Bacteria	p__Latescibacterota	c__Incertae_Sedis	o__Incertae_Sedis	f__Incertae_Sedis	g__Incertae_Sedis	NA
143d05008bcf1acad1f6728241660074	1.0531791811445184	0.002414296152872495	0.508193209024343	0.004750744618385579	0.9962094684751255	NA	d__Bacteria	p__Latescibacterota	c__Incertae_Sedis	o__Incertae_Sedis	f__Incertae_Sedis	g__Incertae_Sedis	NA
6ba98911efd5b1fa1cbba9f869562cce	2.115614154658131	-0.6190351468054542	0.6386817307054142	-0.9692388509715776	0.33242603095378503	0.6032288690947085	d__Bacteria	p__Synergistota	c__Synergistia	o__Synergistales	f__Synergistaceae	g__Cloacibacillus	NA
52aaa69ff4a2ce8df78870b820719f48	1.0531791811445184	0.002414296152872495	0.508193209024343	0.004750744618385579	0.9962094684751255	NA	d__Bacteria	p__Synergistota	c__Synergistia	o__Synergistales	f__Synergistaceae	g__Cloacibacillus	NA
65c652b1773b5a68acc8ff445809a9fe	1.3123526348888561	0.8644371001734772	0.5194554950058177	1.6641215820881747	0.09608813491226305	0.2719209325070236	d__Bacteria	p__Synergistota	c__Synergistia	o__Synergistales	f__Synergistaceae	g__Cloacibacillus	NA
877643a6259d1ae9cf9218b8e0900c94	1.0531791811445184	0.002414296152872495	0.508193209024343	0.004750744618385579	0.9962094684751255	NA	d__Bacteria	p__Synergistota	c__Synergistia	o__Synergistales	f__Synergistaceae	g__Jonquetella	NA
7d9c546eb37008639fd589377422a579	1.1397167460748174	0.002414294881756867	0.510745499799897	0.004727001770358729	0.9962284123142838	NA	d__Bacteria	p__Synergistota	c__Synergistia	o__Synergistales	f__Synergistaceae	g__Jonquetella	NA
aa20849f82828d2d6b4647130ba42dc7	1.7733327848579956	1.0970419374137064	0.6237271999101304	1.7588489608466225	0.07860316616988654	0.2349287907654592	d__Bacteria	p__Synergistota	c__Synergistia	o__Synergistales	f__Synergistaceae	g__Jonquetella	NA
eaa8c65cb4ccf4c015caf9728e6e66fb	1.7171509305662709	0.380801885853414	0.5550735775233562	0.686038574475995	0.49268878380327286	0.8252730491649798	d__Bacteria	p__Synergistota	c__Synergistia	o__Synergistales	f__Synergistaceae	g__Rarimicrobium	NA
cb020f55949c3589d9ab4c1d57f9f071	1.1397967310192572	-0.5451009235851052	0.45856262940910236	-1.188716412167112	0.23455128005248838	NA	d__Bacteria	p__Synergistota	c__Synergistia	o__Synergistales	f__Synergistaceae	g__Rarimicrobium	NA
cffbe01a90a30b25cbe5b6d5f1d0a234	1.2398491471011328	0.06650363826538334	0.511877488793264	0.12992100594648867	0.8966289248035197	0.9979603417267243	d__Bacteria	p__Synergistota	c__Synergistia	o__Synergistales	f__Synergistaceae	g__Rarimicrobium	NA
3d01d38846c11d0cfcf2965c94432e0c	1.1395063707465671	0.0024142947883892337	0.5107380706925042	0.00472707034569739	0.9962283575996911	NA	d__Bacteria	p__Synergistota	c__Synergistia	o__Synergistales	f__Synergistaceae	g__Rarimicrobium	NA
e61859187c5041260b401fe638aedf47	1.6443301183360068	1.2148347930454	0.5955153338008002	2.039972313209591	0.04135308341920053	0.15929148017432118	d__Bacteria	p__Synergistota	c__Synergistia	o__Synergistales	f__Synergistaceae	g__Rarimicrobium	NA
8624322ae2483faffff421f46f814fc2	1.3994191511352152	-1.5069156149133436	0.43540058948295923	-3.460986620856014	5.381995591492866e-4	0.0067559874072033975	d__Bacteria	p__Synergistota	c__Synergistia	o__Synergistales	f__Synergistaceae	g__Pyramidobacter	NA
95a236e255a934f05f28d6529a255fee	1.0531791811445184	0.002414296152872495	0.508193209024343	0.004750744618385579	0.9962094684751255	NA	d__Bacteria	p__Acidobacteriota	c__Acidobacteriae	o__Bryobacterales	f__Bryobacteraceae	g__Bryobacter	NA
75cac7ae6fbcbb7817a14f6772f94924	1.0531791811445184	0.002414296152872495	0.508193209024343	0.004750744618385579	0.9962094684751255	NA	d__Bacteria	p__Acidobacteriota	c__Acidobacteriae	o__Bryobacterales	f__Bryobacteraceae	g__Bryobacter	NA
d9facc840701cfa0b07ad05c9d161711	1.0531791811445184	0.002414296152872495	0.508193209024343	0.004750744618385579	0.9962094684751255	NA	d__Bacteria	p__Acidobacteriota	c__Acidobacteriae	o__Bryobacterales	f__Bryobacteraceae	g__Bryobacter	NA
c46b8f7dccf1a699db0ec014c97f5946	1.0531791811445184	0.002414296152872495	0.508193209024343	0.004750744618385579	0.9962094684751255	NA	d__Bacteria	p__Acidobacteriota	c__Acidobacteriae	o__Bryobacterales	f__Bryobacteraceae	g__Bryobacter	NA
c8d288f515d31ccb79baf2286101865e	1.0531791811445184	0.002414296152872495	0.508193209024343	0.004750744618385579	0.9962094684751255	NA	d__Bacteria	p__Acidobacteriota	c__Acidobacteriae	o__Solibacterales	f__Solibacteraceae	g__Candidatus_Solibacter	NA
27cf25602aa5981f49b722300c48b338	1.0531791811445184	0.002414296152872495	0.508193209024343	0.004750744618385579	0.9962094684751255	NA	d__Bacteria	p__Acidobacteriota	c__Acidobacteriae	o__Solibacterales	f__Solibacteraceae	g__Candidatus_Solibacter	NA
b42f9b16bd113bf59ee341eebd6dcdae	1.0531791811445184	0.002414296152872495	0.508193209024343	0.004750744618385579	0.9962094684751255	NA	d__Bacteria	p__Acidobacteriota	c__Acidobacteriae	o__Solibacterales	f__Solibacteraceae	g__Candidatus_Solibacter	NA
da88d8677a4ba67fb2406c91ed1fc1aa	1.0531791811445184	0.002414296152872495	0.508193209024343	0.004750744618385579	0.9962094684751255	NA	d__Bacteria	p__Nitrospirota	c__Nitrospiria	o__Nitrospirales	f__Nitrospiraceae	g__Nitrospira	NA
9094f39bc33a26e3c004e464482fdec1	1.0531791811445184	0.002414296152872495	0.508193209024343	0.004750744618385579	0.9962094684751255	NA	d__Bacteria	p__Actinomycetota	c__Thermoleophilia	o__Gaiellales	f__Incertae_Sedis	g__Incertae_Sedis	NA
b32c31cdf2e8499f2dcf74dc1dca50df	1.0531791811445184	0.002414296152872495	0.508193209024343	0.004750744618385579	0.9962094684751255	NA	d__Bacteria	p__Actinomycetota	c__Thermoleophilia	o__Solirubrobacterales	f__67-14	g__Incertae_Sedis	NA
cb80be4ac2def4c41b4338fe839038be	1.0531791811445184	0.002414296152872495	0.508193209024343	0.004750744618385579	0.9962094684751255	NA	d__Bacteria	p__Actinomycetota	c__Thermoleophilia	o__Solirubrobacterales	f__Solirubrobacteraceae	g__Incertae_Sedis	NA
6be01b304ffd87213eb490e18acdcec4	1.0531791811445184	0.002414296152872495	0.508193209024343	0.004750744618385579	0.9962094684751255	NA	d__Bacteria	p__Actinomycetota	c__Thermoleophilia	o__Solirubrobacterales	f__Solirubrobacteraceae	g__Solirubrobacter	NA
9283c7fcf595c5a15d33919d657cc638	1.0531791811445184	0.002414296152872495	0.508193209024343	0.004750744618385579	0.9962094684751255	NA	d__Bacteria	p__Actinomycetota	c__Acidimicrobiia	o__Acidimicrobiales	f__Acidimicrobiaceae	g__Acidiferrimicrobium	NA
756139c0f07d2832f8a021becbc33572	1.0531791811445184	0.002414296152872495	0.508193209024343	0.004750744618385579	0.9962094684751255	NA	d__Bacteria	p__Actinomycetota	c__Acidimicrobiia	o__Microtrichales	f__Incertae_Sedis	g__Incertae_Sedis	NA
29193d83ac633000f3668b2053d8eff3	1.0531791811445184	0.002414296152872495	0.508193209024343	0.004750744618385579	0.9962094684751255	NA	d__Bacteria	p__Actinomycetota	c__Actinobacteria	o__Micromonosporales	f__Micromonosporaceae	g__Luedemannella	NA
14020b599754b2bb4b363aa72f0c7ae2	1.0531791811445184	0.002414296152872495	0.508193209024343	0.004750744618385579	0.9962094684751255	NA	d__Bacteria	p__Actinomycetota	c__Actinobacteria	o__Mycobacteriales	f__Mycobacteriaceae	g__Mycobacterium	NA
44bb9c5d36f698cdcdc9adde20c63610	1.1542329893317134	0.0024142981627999173	0.511416802219999	0.004720803368836805	0.9962333578679788	NA	d__Bacteria	p__Actinomycetota	c__Actinobacteria	o__Mycobacteriales	f__Corynebacteriaceae	g__Lawsonella	NA
820f6693f569e339f183638cd73a7fe6	39.693255153636656	0.26674422784934615	0.8366038097485929	0.31884175608703624	0.7498465126903199	0.9979603417267243	d__Bacteria	p__Actinomycetota	c__Actinobacteria	o__Mycobacteriales	f__Corynebacteriaceae	g__Lawsonella	NA
6ea4237388f704e8bcafe64e57e42c46	1.1394035355022927	0.0024142947427769766	0.5107344413368646	0.004727103847661965	0.9962283308692895	NA	d__Bacteria	p__Actinomycetota	c__Actinobacteria	o__Mycobacteriales	f__Corynebacteriaceae	g__Lawsonella	NA
814ae1c84cb87b7f8b7239f9353bec49	1.1538942356802422	-0.6190426372627186	0.45327553119889047	-1.36570936363007	0.172030204178794	NA	d__Bacteria	p__Actinomycetota	c__Actinobacteria	o__Mycobacteriales	f__Corynebacteriaceae	g__Corynebacterium	NA
0fc1b4b38c76ff1d5614d73496426a3e	6.41991639754278	-0.8110393791707154	0.7641954462111044	-1.06129836704977	0.28855432762202365	0.5382648034487749	d__Bacteria	p__Actinomycetota	c__Actinobacteria	o__Mycobacteriales	f__Corynebacteriaceae	g__Corynebacterium	NA
dee632b7432fc9dd0f5077f1f879363f	1.2546092902159658	0.7125760252487984	0.5026314614752623	1.4176908527717953	0.1562810418379824	0.38182958362897357	d__Bacteria	p__Actinomycetota	c__Actinobacteria	o__Mycobacteriales	f__Corynebacteriaceae	g__Corynebacterium	NA
7f4b4de1ecd4e8e6082da402c8de097d	1.2839460209586495	-1.155241589572192	0.43512446367513424	-2.654968143631428	0.007931589847003238	0.046836736855934584	d__Bacteria	p__Actinomycetota	c__Actinobacteria	o__Mycobacteriales	f__Corynebacteriaceae	g__Corynebacterium	NA
43904939ba355dce37c93c12823b71e2	3.2486659370879076	0.8656750300351326	0.7469550062805889	1.158938654612815	0.24648119124255402	0.49326775905483916	d__Bacteria	p__Actinomycetota	c__Actinobacteria	o__Mycobacteriales	f__Corynebacteriaceae	g__Corynebacterium	NA
ffef4c02adc80b91aab3a5f338357160	1.0531791811445184	0.002414296152872495	0.508193209024343	0.004750744618385579	0.9962094684751255	NA	d__Bacteria	p__Actinomycetota	c__Actinobacteria	o__Mycobacteriales	f__Corynebacteriaceae	g__Corynebacterium	NA
3f651458e69ac13bba8f8dc34f61a86a	1.0531791811445184	0.002414296152872495	0.508193209024343	0.004750744618385579	0.9962094684751255	NA	d__Bacteria	p__Actinomycetota	c__Actinobacteria	o__Mycobacteriales	f__Corynebacteriaceae	g__Corynebacterium	NA
685a1812a6e46f72d7cf1f4a060b8e96	1.5567659284878552	1.3744202164430968	0.545901632371084	2.517706734954066	0.011812162634902652	0.06178224280118201	d__Bacteria	p__Actinomycetota	c__Actinobacteria	o__Mycobacteriales	f__Corynebacteriaceae	g__Corynebacterium	NA
b5afd4c41a7b8c999cd54a3e0f9e8a65	1.0531791811445184	0.002414296152872495	0.508193209024343	0.004750744618385579	0.9962094684751255	NA	d__Bacteria	p__Actinomycetota	c__Actinobacteria	o__Mycobacteriales	f__Corynebacteriaceae	g__Corynebacterium	NA
4eec998cdc9da9bd11fac62e8d42dbcb	1.0531791811445184	0.002414296152872495	0.508193209024343	0.004750744618385579	0.9962094684751255	NA	d__Bacteria	p__Actinomycetota	c__Actinobacteria	o__Mycobacteriales	f__Corynebacteriaceae	g__Corynebacterium	NA
886813d6c66ef41ef648c9b92ffde619	1.0531791811445184	0.002414296152872495	0.508193209024343	0.004750744618385579	0.9962094684751255	NA	d__Bacteria	p__Actinomycetota	c__Actinobacteria	o__Mycobacteriales	f__Corynebacteriaceae	g__Corynebacterium	NA
6f2293344b118709ac45a2ece02a95e2	1.0531791811445184	0.002414296152872495	0.508193209024343	0.004750744618385579	0.9962094684751255	NA	d__Bacteria	p__Actinomycetota	c__Actinobacteria	o__Mycobacteriales	f__Corynebacteriaceae	g__Corynebacterium	NA
64c9f7286064d09ca06b592efe285406	1.2833850200833152	0.0024144632946383666	0.5288228620658018	0.004565731680371136	0.9963570858401086	0.9979603417267243	d__Bacteria	p__Actinomycetota	c__Actinobacteria	o__Mycobacteriales	f__Corynebacteriaceae	g__Corynebacterium	NA
162dcb3929e23b071e65fda88174be74	1.458061411426986	1.187429968583542	0.5304432971204698	2.238561548481332	0.02518445848758313	0.10879278221154332	d__Bacteria	p__Actinomycetota	c__Actinobacteria	o__Mycobacteriales	f__Corynebacteriaceae	g__Corynebacterium	NA
cc02d8e02665dcb672be926e61f5d0ec	1.0531791811445184	0.002414296152872495	0.508193209024343	0.004750744618385579	0.9962094684751255	NA	d__Bacteria	p__Actinomycetota	c__Actinobacteria	o__Mycobacteriales	f__Corynebacteriaceae	g__Corynebacterium	NA
68a9a8d8da1080f31a76648ced142371	1.7178564332705442	-1.7252505177549664	0.5099546094257191	-3.38314525619808	7.166071953259118e-4	0.00840241623530492	d__Bacteria	p__Actinomycetota	c__Actinobacteria	o__Mycobacteriales	f__Corynebacteriaceae	g__Corynebacterium	NA
0e2d370f860f8262fe2d1fd778dd030f	2.526972958256776	1.4978853288245226	0.6875054130508603	2.1787251422174796	0.02935209284376556	0.12378926112370693	d__Bacteria	p__Actinomycetota	c__Actinobacteria	o__Mycobacteriales	f__Corynebacteriaceae	g__Corynebacterium	NA
c8f6d9674494e380ed46082a08f1732e	1.1396010783031916	0.35031783351758955	0.4904852267555315	0.7142270845441703	0.47508677152620704	NA	d__Bacteria	p__Actinomycetota	c__Actinobacteria	o__Mycobacteriales	f__Corynebacteriaceae	g__Corynebacterium	NA
15c6199023bc6e28cf83f14b19720efc	1.1254721862263375	0.29788174528585676	0.4927028417115624	0.6045870250130247	0.5454534299518788	NA	d__Bacteria	p__Actinomycetota	c__Actinobacteria	o__Mycobacteriales	f__Corynebacteriaceae	g__Corynebacterium	NA
c7389f69e315b9711c476037ff272192	1.3273115375999838	-0.7567942595154914	0.477772699192196	-1.5840048223664869	0.11319262169983843	0.3112797096745557	d__Bacteria	p__Actinomycetota	c__Actinobacteria	o__Mycobacteriales	f__Corynebacteriaceae	g__Corynebacterium	NA
d4263873dfde10ee5059a11b5fb34d40	1.283224812923218	-0.06471466163419652	0.5394004093902331	-0.11997518078889374	0.9045028087848912	0.9979603417267243	d__Bacteria	p__Actinomycetota	c__Actinobacteria	o__Mycobacteriales	f__Corynebacteriaceae	g__Corynebacterium	NA
8f8f9102efdabfa644b9c246c18c898f	1.2683588566333104	-1.1040002433067577	0.4343224560490446	-2.5418907724681215	0.011025462264202646	0.058528200178627976	d__Bacteria	p__Actinomycetota	c__Actinobacteria	o__Mycobacteriales	f__Corynebacteriaceae	g__Corynebacterium	NA
aa9b3a1418d146c262ec63305292065a	2.5657583329462406	-1.9378611537928134	0.6481890979130046	-2.9896540377371474	0.0027929358413317134	0.02191222457868337	d__Bacteria	p__Actinomycetota	c__Actinobacteria	o__Mycobacteriales	f__Corynebacteriaceae	g__Corynebacterium	NA
6a4c0e5943a7eb8c9f0b5b5e69171828	1.8319077249435813	0.002415262463967497	0.6509830369812819	0.0037101772653976915	0.9970397136336941	0.9979603417267243	d__Bacteria	p__Actinomycetota	c__Actinobacteria	o__Mycobacteriales	f__Corynebacteriaceae	g__Corynebacterium	NA
eb1989e33f64c3dd787f02779df7f2b0	1.0531791811445184	0.002414296152872495	0.508193209024343	0.004750744618385579	0.9962094684751255	NA	d__Bacteria	p__Actinomycetota	c__Actinobacteria	o__Mycobacteriales	f__Corynebacteriaceae	g__Corynebacterium	NA
9207bf5e78e77c8ecb9d079b8ce7dc8b	1.0531791811445184	0.002414296152872495	0.508193209024343	0.004750744618385579	0.9962094684751255	NA	d__Bacteria	p__Actinomycetota	c__Actinobacteria	o__Mycobacteriales	f__Corynebacteriaceae	g__Corynebacterium	NA
c7a0e0fc9343afc90e85d8fa29fcaa37	1.0531791811445184	0.002414296152872495	0.508193209024343	0.004750744618385579	0.9962094684751255	NA	d__Bacteria	p__Actinomycetota	c__Actinobacteria	o__Micrococcales	f__Brevibacteriaceae	g__Brevibacterium	NA
2f49affea1aa1db3f453ce4b3066a63f	1.0531791811445184	0.002414296152872495	0.508193209024343	0.004750744618385579	0.9962094684751255	NA	d__Bacteria	p__Actinomycetota	c__Actinobacteria	o__Micrococcales	f__Brevibacteriaceae	g__Brevibacterium	NA
098db241728e041aa7ef9d2116efcefa	1.2401646129894972	0.6719085396700241	0.5066079894210669	1.326288873647367	0.1847440308507999	0.4248316399090593	d__Bacteria	p__Actinomycetota	c__Actinobacteria	o__Actinomycetales	f__Actinomycetaceae	g__Pauljensenia	NA
ca0fbd0cecc5463df736672031eb554e	1.3272148034237992	-1.2973281170049351	0.4400117106183304	-2.9483945215500134	0.003194291251412866	0.0233820501266853	d__Bacteria	p__Actinomycetota	c__Actinobacteria	o__Actinomycetales	f__Actinomycetaceae	g__Incertae_Sedis	NA
74d852d0838dc88b0c653a7955770ed3	7.504641143594999	0.002414694250343834	0.9070284501111107	0.0026622034292838716	0.9978758714951238	0.9979603417267243	d__Bacteria	p__Actinomycetota	c__Actinobacteria	o__Actinomycetales	f__Actinomycetaceae	g__Varibaculum	NA
783f42006cae3206609d789fdf05378f	1.1402440827579208	0.002414295116129301	0.5107641476767504	0.004726829647521084	0.9962285496469042	NA	d__Bacteria	p__Actinomycetota	c__Actinobacteria	o__Actinomycetales	f__Actinomycetaceae	g__Varibaculum	NA
44fc966d911d63e380eddb9f328f7e20	1.226414280893996	-0.9411098680981308	0.4364948784386651	-2.156061650630278	0.03107885149613245	0.1257018554875982	d__Bacteria	p__Actinomycetota	c__Actinobacteria	o__Actinomycetales	f__Actinomycetaceae	g__Varibaculum	NA
2359b6a4d6a1188eac7ed4daae3e165f	91.59886478935711	0.2897161745481675	0.9511977311204222	0.3045803885664329	0.7606857583986552	0.9979603417267243	d__Bacteria	p__Actinomycetota	c__Actinobacteria	o__Actinomycetales	f__Actinomycetaceae	g__Varibaculum	NA
8dbd84f5836dcae2eedeefd923e3b94b	1.0387264241175567	-0.06470093108887286	0.5123243617984352	-0.12628899953488504	0.8995031636407089	NA	d__Bacteria	p__Actinomycetota	c__Actinobacteria	o__Actinomycetales	f__Actinomycetaceae	g__Varibaculum	NA
a814e18dc6c018749b8c0e8f314a63aa	5.249253808581557	-0.2513407509709083	0.7131808960884961	-0.3524221587389805	0.7245216863543571	0.9979603417267243	d__Bacteria	p__Actinomycetota	c__Actinobacteria	o__Actinomycetales	f__Actinomycetaceae	g__Winkia	NA
a553a33230e324c88c51d9bfb08d062f	1.8188127067866295	0.0024153413967016465	0.665970448828324	0.0036267996589804856	0.9971062388909083	0.9979603417267243	d__Bacteria	p__Actinomycetota	c__Actinobacteria	o__Actinomycetales	f__Actinomycetaceae	g__Schaalia	NA
0ed3a6836e138f14044f6950ad7280d2	1.1392910328142791	0.3502847574615234	0.49047552287592333	0.7141737785559906	0.4751197289385362	NA	d__Bacteria	p__Actinomycetota	c__Actinobacteria	o__Actinomycetales	f__Actinomycetaceae	g__Actinomyces	NA
df8456a1abbfb4c8a2c450b44378d4cb	1.8603111159989405	-0.9039393200245545	0.510294915284189	-1.7714056968824399	0.07649326193451135	0.22991073375809468	d__Bacteria	p__Actinomycetota	c__Actinobacteria	o__Actinomycetales	f__Actinomycetaceae	g__Schaalia	NA
09ecf5a6ae593fbc03199102562aeb4b	19.763698913256345	1.0180769208201539	0.8669676632683546	1.1742963018737482	0.24027636405654934	0.48326336653669827	d__Bacteria	p__Actinomycetota	c__Actinobacteria	o__Actinomycetales	f__Actinomycetaceae	g__Schaalia	NA
69781875067ad8281d038dba6a154509	1.0387264241175567	0.002414298635782492	0.5079086832146646	0.004753410830667179	0.9962073411695299	NA	d__Bacteria	p__Actinomycetota	c__Actinobacteria	o__Actinomycetales	f__Actinomycetaceae	g__Schaalia	NA
f998b55dc9b150b36030120a29c2f1f3	1.470980434980707	0.07653336898114407	0.48220430163117045	0.1587156496162556	0.8738929078619737	0.9979603417267243	d__Bacteria	p__Actinomycetota	c__Actinobacteria	o__Actinomycetales	f__Actinomycetaceae	g__Gleimia	NA
a4880d08bdaee32b18e27f365e1bea71	1.2836375735676469	0.0024144636650329948	0.5288563709723937	0.004565443091086502	0.9963573160986434	0.9979603417267243	d__Bacteria	p__Actinomycetota	c__Actinobacteria	o__Actinomycetales	f__Actinomycetaceae	g__Mobiluncus	NA
c5e48d33cc9cb2091f9867c5937315dd	213.74107110202314	1.157140769645379	0.9992600985698622	1.1579975737062604	0.24686502655603007	0.49326775905483916	d__Bacteria	p__Actinomycetota	c__Actinobacteria	o__Actinomycetales	f__Actinomycetaceae	g__Mobiluncus	NA
99cb3943ec9821ba3f4098ce8d8cd7bf	1.0531791811445184	0.002414296152872495	0.508193209024343	0.004750744618385579	0.9962094684751255	NA	d__Bacteria	p__Actinomycetota	c__Actinobacteria	o__Actinomycetales	f__Actinomycetaceae	g__Mobiluncus	NA
c153805ddb52c233ddbf21861e3cea4c	1.2126636240550261	0.5875086032688086	0.48415334453042513	1.2134762878455927	0.2249477748330858	0.4618923879148993	d__Bacteria	p__Actinomycetota	c__Actinobacteria	o__Actinomycetales	f__Actinomycetaceae	g__Mobiluncus	NA
96301d3fcd5dbf689f9ec44e03ccbb99	1.1397706560537104	0.002414294905695041	0.5107474044957512	0.004726984189138694	0.9962284263419111	NA	d__Bacteria	p__Actinomycetota	c__Actinobacteria	o__Actinomycetales	f__Actinomycetaceae	g__Mobiluncus	NA
522737fb17597e7b5d12df50d64d91f1	1.1542177777902547	-0.6191064221562077	0.45328499491283497	-1.3658215672355525	0.17199497530158542	NA	d__Bacteria	p__Actinomycetota	c__Actinobacteria	o__Actinomycetales	f__Actinomycetaceae	g__Mobiluncus	NA
da01cb1cde6679efdb2aa2b404997b32	1.0531791811445184	0.002414296152872495	0.508193209024343	0.004750744618385579	0.9962094684751255	NA	d__Bacteria	p__Actinomycetota	c__Actinobacteria	o__Micrococcales	f__Microbacteriaceae	g__Pseudoclavibacter	NA
f94e9a8cccfb09a1b81ee34db880a1d5	1.0531791811445184	0.002414296152872495	0.508193209024343	0.004750744618385579	0.9962094684751255	NA	d__Bacteria	p__Actinomycetota	c__Actinobacteria	o__Micrococcales	f__Intrasporangiaceae	NA	NA
7d135dfbf857c62673695ef24332b100	1.341252171673429	0.002414881935060889	0.5727112016667567	0.0042165788411906	0.9966356668125901	0.9979603417267243	d__Bacteria	p__Actinomycetota	c__Actinobacteria	o__Micrococcales	f__Micrococcaceae	g__Rothia	NA
2721fd42d5373667f111c60faaf21eac	1.2689138865380987	-1.104284114959392	0.43438506152141143	-2.5421779264040376	0.011016407801220882	0.058528200178627976	d__Bacteria	p__Actinomycetota	c__Actinobacteria	o__Micrococcales	f__Micrococcaceae	g__Rothia	NA
36ce67b3fecce277df99829617975495	1.1398342294468595	-0.2971592755573585	0.48021770584953377	-0.6188011644253433	0.536047355032398	NA	d__Bacteria	p__Actinomycetota	c__Actinobacteria	o__Micrococcales	f__Micrococcaceae	g__Rothia	NA
73ddef4c71b516586e803b622be15dd0	8.296257629585348	0.19795437582571968	0.7973738494885655	0.24825792312186729	0.8039348525348632	0.9979603417267243	d__Bacteria	p__Actinomycetota	c__Actinobacteria	o__Actinomycetales	f__Actinomycetaceae	g__Arcanobacterium	NA
222391ff48fdfdcd3e9fe543b7276630	1.0531791811445184	0.002414296152872495	0.508193209024343	0.004750744618385579	0.9962094684751255	NA	d__Bacteria	p__Actinomycetota	c__Actinobacteria	o__Actinomycetales	f__Actinomycetaceae	g__Arcanobacterium	NA
e72dc9742a0edbd346f05a0481998d3e	1.0531791811445184	0.002414296152872495	0.508193209024343	0.004750744618385579	0.9962094684751255	NA	d__Bacteria	p__Actinomycetota	c__Actinobacteria	o__Actinomycetales	f__Actinomycetaceae	g__Arcanobacterium	NA
53e3a7d0830e15c8da2eaa66c65f55b6	1.0963901297238552	0.186831356287976	0.49796538746777924	0.37518944286075484	0.7075195810742478	NA	d__Bacteria	p__Actinomycetota	c__Actinobacteria	o__Actinomycetales	f__Actinomycetaceae	g__Trueperella	NA
2a8b072fb29a41c14306e447f2612712	1.1833065902917927	0.4972106011259435	0.48563820533625773	1.0238292532641105	0.30591593060589084	NA	d__Bacteria	p__Actinomycetota	c__Actinobacteria	o__Actinomycetales	f__Actinomycetaceae	NA	NA
6cb84d89628deb90155586631bf75655	3.3355768291848755	2.098774555693608	0.7324056071042852	2.865590507958481	0.004162322707597783	0.0290274400588682	d__Bacteria	p__Actinomycetota	c__Actinobacteria	o__Actinomycetales	f__Actinomycetaceae	g__Actinotignum	NA
4c7410caa455e2490e912dd381cb0eac	1.0531791811445184	0.002414296152872495	0.508193209024343	0.004750744618385579	0.9962094684751255	NA	d__Bacteria	p__Actinomycetota	c__Actinobacteria	o__Micrococcales	f__Micrococcaceae	g__Pseudoglutamicibacter	NA
92343ddcff9b3b470e6961e7adcc7938	1.1396010783031916	0.35031783351758955	0.4904852267555315	0.7142270845441703	0.47508677152620704	NA	d__Bacteria	p__Actinomycetota	c__Actinobacteria	o__Micrococcales	f__Micrococcaceae	g__Pseudoglutamicibacter	NA
b7adcb2100790250a08c68c65e1ac793	1.2412150536364095	0.6724321269060666	0.4980219919572669	1.3502056892374446	0.17695001378625738	0.4100365221935781	d__Bacteria	p__Actinomycetota	c__Actinobacteria	o__Bifidobacteriales	f__Bifidobacteriaceae	g__Gardnerella	NA
0b922e921dda6b4874f4f33ce8afeef9	1.0531791811445184	0.002414296152872495	0.508193209024343	0.004750744618385579	0.9962094684751255	NA	d__Bacteria	p__Actinomycetota	c__Actinobacteria	o__Bifidobacteriales	f__Bifidobacteriaceae	g__Gardnerella	NA
f6db88de2de2cc9c70a0fad702c78246	4.279053519063904	2.914180983891745	0.7992442503730013	3.6461707200667615	2.6617717426101066e-4	0.0038905622594040874	d__Bacteria	p__Actinomycetota	c__Actinobacteria	o__Bifidobacteriales	f__Bifidobacteriaceae	g__Gardnerella	NA
16d727e4303275d6c585035f380f0bac	1.0531791811445184	0.002414296152872495	0.508193209024343	0.004750744618385579	0.9962094684751255	NA	d__Bacteria	p__Actinomycetota	c__Actinobacteria	o__Bifidobacteriales	f__Bifidobacteriaceae	g__Gardnerella	NA
23bd044024010c3ba28e2542b98a22e1	13.845241403503715	-3.7130720554291323	0.8913349853353462	-4.165742528362854	3.1034079974851e-5	6.367954487147312e-4	d__Bacteria	p__Actinomycetota	c__Actinobacteria	o__Bifidobacteriales	f__Bifidobacteriaceae	g__Gardnerella	NA
282dd7867741c58a5b4084ad8dcf416e	1.0531791811445184	0.002414296152872495	0.508193209024343	0.004750744618385579	0.9962094684751255	NA	d__Bacteria	p__Actinomycetota	c__Actinobacteria	o__Bifidobacteriales	f__Bifidobacteriaceae	g__Gardnerella	NA
51f600c5b8221ceec71b58a89e76f628	1.0531791811445184	0.002414296152872495	0.508193209024343	0.004750744618385579	0.9962094684751255	NA	d__Bacteria	p__Actinomycetota	c__Actinobacteria	o__Bifidobacteriales	f__Bifidobacteriaceae	g__Gardnerella	NA
01f38fa800a7fd407b51470dc0693ac0	1.0531791811445184	0.002414296152872495	0.508193209024343	0.004750744618385579	0.9962094684751255	NA	d__Bacteria	p__Actinomycetota	c__Actinobacteria	o__Bifidobacteriales	f__Bifidobacteriaceae	g__Gardnerella	NA
668e458764cab40f83a216e41dd5b5e2	1.0531791811445184	0.002414296152872495	0.508193209024343	0.004750744618385579	0.9962094684751255	NA	d__Bacteria	p__Actinomycetota	c__Actinobacteria	o__Bifidobacteriales	f__Bifidobacteriaceae	g__Gardnerella	NA
a8e53bd66879cd51ecb4e7daf552accb	81.73665968063902	-0.20012678370418518	0.9657835153611505	-0.20721702174565348	0.8358403743784879	0.9979603417267243	d__Bacteria	p__Actinomycetota	c__Actinobacteria	o__Bifidobacteriales	f__Bifidobacteriaceae	g__Gardnerella	NA
1de2e512028881b7a86c5aa9253def9d	1.0531791811445184	0.002414296152872495	0.508193209024343	0.004750744618385579	0.9962094684751255	NA	d__Bacteria	p__Actinomycetota	c__Actinobacteria	o__Bifidobacteriales	f__Bifidobacteriaceae	g__Gardnerella	NA
502417a975f52e88a31cf5254b2e04c8	1.0531791811445184	0.002414296152872495	0.508193209024343	0.004750744618385579	0.9962094684751255	NA	d__Bacteria	p__Actinomycetota	c__Actinobacteria	o__Bifidobacteriales	f__Bifidobacteriaceae	g__Gardnerella	NA
5509728c192071867b52bc7165eda7f3	1.3555482105129126	0.9686151852567797	0.5304512373116222	1.8260211629740264	0.067847074126785	0.21240962235251043	d__Bacteria	p__Actinomycetota	c__Actinobacteria	o__Bifidobacteriales	f__Bifidobacteriaceae	g__Bifidobacterium	NA
35ffcc3b809d667286737d79670b8de5	49.20081536836813	0.3624067127174065	0.9482404720704546	0.3821886150103911	0.7023214659368784	0.9979603417267243	d__Bacteria	p__Actinomycetota	c__Actinobacteria	o__Bifidobacteriales	f__Bifidobacteriaceae	g__Bifidobacterium	NA
5a6c87d6a4eb5e114959f6192f29b641	122.90650187663985	0.14282012020665136	1.1146722026978968	0.12812746192196836	0.898048103687266	0.9979603417267243	d__Bacteria	p__Actinomycetota	c__Actinobacteria	o__Bifidobacteriales	f__Bifidobacteriaceae	g__Bifidobacterium	NA
d131eed1a0c629350e24e1f52a5efd6d	1.1968864384074758	0.0024143191119962394	0.5142906773373617	0.004694464081083288	0.9962543733461474	0.9979603417267243	d__Bacteria	p__Actinomycetota	c__Actinobacteria	o__Bifidobacteriales	f__Bifidobacteriaceae	g__Bifidobacterium	NA
33ba975cdb88b5073a2355ffdf01e9cb	1.0387075420010625	-0.06470201085979968	0.5123240527422646	-0.1262911833115698	0.8995014350786971	NA	d__Bacteria	p__Actinomycetota	c__Actinobacteria	o__Bifidobacteriales	f__Bifidobacteriaceae	g__Bifidobacterium	NA
43713459a110c4089d11452e89ac4fb6	1.2702537682963542	0.7527553244671991	0.5072582143444115	1.483968722793522	0.13781721841626562	0.35960153981584003	d__Bacteria	p__Actinomycetota	c__Actinobacteria	o__Bifidobacteriales	f__Bifidobacteriaceae	g__Bifidobacterium	NA
2c5e87b291147c04e1b8d1c808b1aee0	26.774412629915773	-3.3991419334269697	0.9506825017366269	-3.5754754370862014	3.495919993582846e-4	0.00490808767520118	d__Bacteria	p__Actinomycetota	c__Actinobacteria	o__Bifidobacteriales	f__Bifidobacteriaceae	g__Bifidobacterium	NA
81a0ecf2f6e7580667fbf3ed807a2857	1.1252665418180765	0.11789578563759183	0.5232162851106972	0.22532896813914832	0.8217233657455232	NA	d__Bacteria	p__Actinomycetota	c__Actinobacteria	o__Bifidobacteriales	f__Bifidobacteriaceae	g__Bifidobacterium	NA
315ca0a729f126b941ba111a16d4d97a	33.97441858310239	-3.0517213770586302	0.9547457285087164	-3.196370809456593	0.0013916813311636474	0.01329779346514736	d__Bacteria	p__Actinomycetota	c__Actinobacteria	o__Bifidobacteriales	f__Bifidobacteriaceae	g__Bifidobacterium	NA
689a7bbbb932d7be2fa6b6f63dd0870e	1.6141119275380602	1.4951515584201163	0.5909757419072512	2.529971117925798	0.011407191624695102	0.059957997357387556	d__Bacteria	p__Actinomycetota	c__Actinobacteria	o__Bifidobacteriales	f__Bifidobacteriaceae	g__Alloscardovia	NA
e28aa253bc2dceaafb880d07d26119ab	1.1397167460748179	-0.5450866359153479	0.4585606293705677	-1.1886904391760542	0.23456150425722863	NA	d__Bacteria	p__Actinomycetota	c__Actinobacteria	o__Bifidobacteriales	f__Bifidobacteriaceae	g__Alloscardovia	NA
1975f0f2b6531e29f1c84e99f1b51ef8	1.0531791811445184	0.002414296152872495	0.508193209024343	0.004750744618385579	0.9962094684751255	NA	d__Bacteria	p__Actinomycetota	c__Actinobacteria	o__Frankiales	f__Acidothermaceae	g__Acidothermus	NA
68c56896f754db932a51a88ebad5bc6a	1.0531791811445184	0.002414296152872495	0.508193209024343	0.004750744618385579	0.9962094684751255	NA	d__Bacteria	p__Actinomycetota	c__Actinobacteria	o__Propionibacteriales	f__Nocardioidaceae	g__Nocardioides	NA
c070d17ea9249b3a012c4e1354e1b027	1.0531791811445184	0.002414296152872495	0.508193209024343	0.004750744618385579	0.9962094684751255	NA	d__Bacteria	p__Chloroflexota	c__TK10	o__Incertae_Sedis	f__Incertae_Sedis	g__Incertae_Sedis	NA
bb6cb69f08dfe2398860ed18e1a58f3a	1.0531791811445184	0.002414296152872495	0.508193209024343	0.004750744618385579	0.9962094684751255	NA	d__Bacteria	p__Chloroflexota	c__TK10	o__Incertae_Sedis	f__Incertae_Sedis	g__Incertae_Sedis	NA
5b2529faa44a3679b887ecd91b6b4149	1.0531791811445184	0.002414296152872495	0.508193209024343	0.004750744618385579	0.9962094684751255	NA	d__Bacteria	p__Chloroflexota	c__KD4-96	o__Incertae_Sedis	f__Incertae_Sedis	g__Incertae_Sedis	NA
ea83911b09160d6ded7f7e31d63027de	1.0531791811445184	0.002414296152872495	0.508193209024343	0.004750744618385579	0.9962094684751255	NA	d__Bacteria	p__Chloroflexota	c__Ktedonobacteria	o__Ktedonobacterales	f__JG30-KF-AS9	g__Incertae_Sedis	NA
cc40b03f4e9d74ac9bc80407a1c35c0e	1.0531791811445184	0.002414296152872495	0.508193209024343	0.004750744618385579	0.9962094684751255	NA	d__Bacteria	p__Chloroflexota	c__Ktedonobacteria	o__Ktedonobacterales	f__Ktedonobacteraceae	g__HSB_OF53-F07	NA
a66e729da5593cc36dc621e84ed68588	1.0531791811445184	0.002414296152872495	0.508193209024343	0.004750744618385579	0.9962094684751255	NA	d__Bacteria	p__Chloroflexota	c__JG30-KF-CM66	o__Incertae_Sedis	f__Incertae_Sedis	g__Incertae_Sedis	NA
623b51d2582de036b3fe6ca38c41b9e5	1.0531791811445184	0.002414296152872495	0.508193209024343	0.004750744618385579	0.9962094684751255	NA	d__Bacteria	p__Chloroflexota	c__Anaerolineae	o__Aggregatilineales	f__A4b	g__Incertae_Sedis	NA
636b8291108f765220c716517342c27f	1.0531791811445184	0.002414296152872495	0.508193209024343	0.004750744618385579	0.9962094684751255	NA	d__Bacteria	p__Chloroflexota	c__Anaerolineae	o__Aggregatilineales	f__Aggregatilineaceae	g__Incertae_Sedis	NA
9ce0086d44b41a642d0d7740c5a6a7c0	1.0531791811445184	0.002414296152872495	0.508193209024343	0.004750744618385579	0.9962094684751255	NA	d__Bacteria	p__Chloroflexota	c__Anaerolineae	o__Aggregatilineales	f__A4b	g__Incertae_Sedis	NA
fd24b747799680c987af5c5132286ed6	1.0531791811445184	0.002414296152872495	0.508193209024343	0.004750744618385579	0.9962094684751255	NA	d__Bacteria	p__Chloroflexota	c__OLB14	o__Incertae_Sedis	f__Incertae_Sedis	g__Incertae_Sedis	NA
74aaeb93ba19830fa0e2cc55966371bd	1.3549644213967287	0.0024149495621868817	0.5812266037357087	0.004154919177245697	0.9966848636754896	0.9979603417267243	d__Bacteria	p__Bacillota	c__Incertae_Sedis	o__DTU014	f__Incertae_Sedis	g__Incertae_Sedis	NA
625f65a4c1b795150143c1c3a4442e25	1.154056761867121	0.0024142980760780545	0.5114098627623656	0.004720867257110165	0.9962333068930799	NA	d__Bacteria	p__Bacillota	c__Incertae_Sedis	o__DTU014	f__Incertae_Sedis	g__Incertae_Sedis	NA
de68af3f62b2b04e42f894e18839bb57	23.387662440458772	1.184493545921496	0.8459434863489578	1.4002041094183495	0.16145220562813287	0.3906337945696548	d__Bacteria	p__Bacillota	c__Bacilli	o__Erysipelotrichales	f__Erysipelotrichaceae	g__Dielma	NA
5edad5fe169fa3d414d60cf1f00af012	1.0387111791071326	0.0024142986317507373	0.5079083724409144	0.004753413731197345	0.9962073388552678	NA	d__Bacteria	p__Bacillota	c__Bacilli	o__Erysipelotrichales	f__Erysipelotrichaceae	g__Dielma	NA
850cd943df43949eb6f9b3d608b92b87	1.372551558293973	-0.06471485190790247	0.5996620648020969	-0.10791886915384574	0.9140600491175744	0.9979603417267243	d__Bacteria	p__Bacillota	c__Bacilli	o__Erysipelotrichales	f__Erysipelotrichaceae	g__Faecalitalea	NA
04ca162b3dd2dc7f483ab3503bc605c3	1.0531791811445184	0.002414296152872495	0.508193209024343	0.004750744618385579	0.9962094684751255	NA	d__Bacteria	p__Bacillota	c__Bacilli	o__Erysipelotrichales	f__Erysipelotrichaceae	g__[Clostridium]_innocuum_group	NA
b5e0a6477e69e223d49eedc2c7c1b138	1.8044963121327204	1.753061761527746	0.5728968768515407	3.059995319161132	0.0022134045077174037	0.018893620877875758	d__Bacteria	p__Bacillota	c__Bacilli	o__Erysipelotrichales	f__Erysipelotrichaceae	g__[Clostridium]_innocuum_group	NA
5f8d35126b0a7321413d21487ec72b73	27.718133978958253	1.090914044088397	0.8274229299780987	1.31844792374472	0.18735374700518845	0.42778501346518816	d__Bacteria	p__Bacillota	c__Bacilli	o__Erysipelotrichales	f__Erysipelotrichaceae	g__[Clostridium]_innocuum_group	NA
79fa3dc8c1e23627e0313050a5403b91	1.2119780225815393	0.002414332369935458	0.5157561488964731	0.00468115091812523	0.9962649955966115	0.9979603417267243	d__Bacteria	p__Bacillota	c__Bacilli	o__Erysipelotrichales	f__Erysipelotrichaceae	g__[Clostridium]_innocuum_group	NA
517b36b986012394a442af4336b89612	1.2408505392064524	0.002414535222753595	0.5339354331515498	0.004522148321383766	0.9963918599703504	0.9979603417267243	d__Bacteria	p__Bacillota	c__Bacilli	o__Erysipelotrichales	f__Erysipelotrichaceae	g__Absiella	NA
090a2700078857f3d9c8272d7949b0b6	1.0531791811445184	0.002414296152872495	0.508193209024343	0.004750744618385579	0.9962094684751255	NA	d__Bacteria	p__Bacillota	c__Bacilli	o__Erysipelotrichales	f__Erysipelotrichaceae	g__Absiella	NA
f7870a4e6cccb8a029cf6f0091c106f5	1.3568517739010848	0.6305605927703036	0.5072821435141242	1.2430175215752435	0.21386137684452075	0.4600606634941606	d__Bacteria	p__Bacillota	c__Bacilli	o__Erysipelotrichales	f__Erysipelotrichaceae	g__Amedibacillus	NA
dc0990f1635527c8d57f34a09fd6975a	1.038742922832062	0.00241429864014624	0.5079090195957152	0.004753407691141162	0.9962073436744809	NA	d__Bacteria	p__Bacillota	c__Bacilli	o__Erysipelotrichales	f__Erysipelotrichaceae	g__Amedibacillus	NA
db30710da37e69642cc4285ba7316773	1.2258335603486163	0.6303257179622371	0.4839560898063106	1.3024440258919083	0.19276464076136918	0.42950964312767165	d__Bacteria	p__Bacillota	c__Bacilli	o__Erysipelotrichales	f__Erysipelotrichaceae	g__Merdibacter	NA
ee5b57a629da222ad236b5d4bc329d71	1.5432176332695058	0.3506181550279002	0.6029283916998625	0.5815253682769642	0.5608864259108087	0.91508534624898	d__Bacteria	p__Bacillota	c__Bacilli	o__Erysipelotrichales	f__Erysipelotrichaceae	g__Merdibacter	NA
25394a604bbcd078c80186b300dab8ee	1.97060934823206	1.9636845119505812	0.6138216894808842	3.199112292058775	0.0013785146409397916	0.01329779346514736	d__Bacteria	p__Bacillota	c__Bacilli	o__Erysipelotrichales	f__Erysipelotrichaceae	g__Holdemanella	NA
b32f7f224c7c13fc104a6c85c344485d	1.0531791811445184	0.002414296152872495	0.508193209024343	0.004750744618385579	0.9962094684751255	NA	d__Bacteria	p__Bacillota	c__Bacilli	o__Erysipelotrichales	f__Erysipelotrichaceae	g__Holdemanella	NA
782a79a0725adc6ac22fc1fd15933a12	1.8168322582343472	0.49668845296163	0.6214920992900564	0.7991870749909897	0.42418194531782694	0.7427712819914412	d__Bacteria	p__Bacillota	c__Bacilli	o__Erysipelotrichales	f__Erysipelotrichaceae	g__Holdemanella	NA
6dfb118aa8b73ede1bdb71dedc23838c	1.154320485662786	-0.6191266388095494	0.45328800618919624	-1.365857093847602	0.1719838220379276	NA	d__Bacteria	p__Bacillota	c__Bacilli	o__Erysipelotrichales	f__Erysipelotrichaceae	g__Holdemanella	NA
b54d7ff733e379a247675f613c934cf5	1.1395063707465674	0.0024142947883892558	0.5107380706925071	0.004727070345697406	0.9962283575996911	NA	d__Bacteria	p__Bacillota	c__Bacilli	o__Erysipelotrichales	f__Erysipelotrichaceae	g__Merdibacter	NA
cb3bfa7ac2b500c6a49d88ce9412dbea	2.664421967470263	0.038139594916391725	0.6966112349957517	0.054750186331152584	0.956337486381632	0.9979603417267243	d__Bacteria	p__Bacillota	c__Bacilli	o__Erysipelotrichales	f__Erysipelotrichaceae	NA	NA
7a3090aa682623800304aca0da51c22c	37.46585367153879	2.8603517521339534	0.8698986495851835	3.288143686046564	0.001008503539262348	0.010654190855375499	d__Bacteria	p__Bacillota	c__Bacilli	o__Erysipelotrichales	f__Erysipelotrichaceae	g__Faecalitalea	NA
7f4767d01227d691b8e5125a2a7d997f	1.0531791811445184	0.002414296152872495	0.508193209024343	0.004750744618385579	0.9962094684751255	NA	d__Bacteria	p__Bacillota	c__Bacilli	o__Erysipelotrichales	f__Erysipelotrichaceae	g__Catenisphaera	NA
419af6db3c0709d63ffc1933ab11b24c	1.2119780225815395	0.0024143323699357066	0.5157561488964751	0.004681150918125694	0.9962649955966112	0.9979603417267243	d__Bacteria	p__Bacillota	c__Bacilli	o__Erysipelotrichales	f__Erysipelotrichaceae	g__Faecalicoccus	NA
a01b3da2645cda5a1311bca65b756fb2	3.197561152503376	0.0024153511251701286	0.7860623344307975	0.003072722123136875	0.9975483263162747	0.9979603417267243	d__Bacteria	p__Bacillota	c__Bacilli	o__Erysipelotrichales	f__Erysipelotrichaceae	g__Dielma	NA
a1c8a4289a5c93d48a8c7cc17815ba8a	1.0531791811445184	0.002414296152872495	0.508193209024343	0.004750744618385579	0.9962094684751255	NA	d__Bacteria	p__Bacillota	c__Bacilli	o__Erysipelotrichales	f__Erysipelotrichaceae	g__Solobacterium	NA
6412ab154c6964a9aecd4261cdfbbcd4	1.87424945178731	1.0650945699908116	0.6189946435019854	1.720684631396807	0.08530806667778787	0.24842044615113526	d__Bacteria	p__Bacillota	c__Bacilli	o__Erysipelotrichales	f__Erysipelotrichaceae	g__Bulleidia	NA
ceea2487869e64d181f4153068628882	1.0531791811445184	0.002414296152872495	0.508193209024343	0.004750744618385579	0.9962094684751255	NA	d__Bacteria	p__Bacillota	c__Bacilli	o__Erysipelotrichales	f__Erysipelotrichaceae	NA	NA
8e493df449e84acb4e24f5811ff3599b	11.38825821057622	4.3176731285182495	0.9535539629672614	4.5279798482327624	5.955025915020886e-6	1.717300716574942e-4	d__Bacteria	p__Bacillota	c__Bacilli	o__Erysipelotrichales	f__Erysipelotrichaceae	g__Solobacterium	NA
c6d8e1d8298539bc261c4880b684c882	1.1829855285399673	-0.7566046239714291	0.44466993979800185	-1.7014971246204058	0.08884967729958611	NA	d__Bacteria	p__Bacillota	c__Bacilli	o__Erysipelotrichales	f__Erysipelotrichaceae	g__Solobacterium	NA
2fb5a4a7d5e419920ec9257327a118ca	1.6874346351641965	-0.6519608397551688	0.5298435012645274	-1.2304781283514765	0.21851811237225563	0.4618923879148993	d__Bacteria	p__Bacillota	c__Bacilli	o__Erysipelotrichales	f__Erysipelotrichaceae	g__Holdemania	NA
aa052f6ed7696840ff494c82879d3e1a	1.7417575438097235	-0.07895979409166912	0.589864362550164	-0.13386093330049945	0.8935125428989168	0.9979603417267243	d__Bacteria	p__Bacillota	c__Bacilli	o__Erysipelotrichales	f__Erysipelotrichaceae	g__Holdemania	NA
50c6b94dfbe5aeb899b25d4f5f37ddf4	1.1977067514141364	0.5430126586709216	0.48467458554815973	1.1203654469664062	0.26255806300831624	0.5013367405115677	d__Bacteria	p__Bacillota	c__Bacilli	o__Erysipelotrichales	f__Erysipelotrichaceae	g__Holdemania	NA
6f980c6f3f2ffefd2013c721461cc1c6	8.084389093315263	0.5720550465195912	0.7165037048135872	0.7983978905851196	0.42463962700541624	0.7427712819914412	d__Bacteria	p__Bacillota	c__Bacilli	o__Erysipelotrichales	f__Erysipelotrichaceae	g__Holdemania	NA
f484c995c0321753b4a7a37bc48d454a	1.1974983059931716	0.0024143195510409185	0.5143265825457868	0.004694137213539782	0.9962546341458403	0.9979603417267243	d__Bacteria	p__Bacillota	c__Bacilli	o__Erysipelotrichales	f__Erysipelotrichaceae	g__Holdemania	NA
e865f29a716e8d51f83931befa951240	63.249294062797944	-3.4227807953537615	0.9810941314540433	-3.488738425415902	4.853057996478591e-4	0.006362476280230291	d__Bacteria	p__Bacillota	c__Bacilli	o__Erysipelotrichales	f__Erysipelatoclostridiaceae	g__Erysipelotrichaceae_UCG-003	NA
281d1d3fcec26d4fb13e9dcc637c143d	1.0531791811445184	0.002414296152872495	0.508193209024343	0.004750744618385579	0.9962094684751255	NA	d__Bacteria	p__Bacillota	c__Bacilli	o__Erysipelotrichales	f__Erysipelatoclostridiaceae	g__Erysipelotrichaceae_UCG-003	NA
e9f900358bb9297e10b9fbb1321b1e6e	9.349894708344829	-1.9189768778152387	0.8138295305461172	-2.3579592602489083	0.01837570948944828	0.0871416978899614	d__Bacteria	p__Bacillota	c__Bacilli	o__Erysipelotrichales	f__Erysipelatoclostridiaceae	g__Thomasclavelia	NA
200af66382877237f566d2bd8b55fc07	1.197584300552829	0.0024143196128365856	0.514331636628899	0.0046940912067179865	0.9962546708535687	0.9979603417267243	d__Bacteria	p__Bacillota	c__Bacilli	o__Erysipelotrichales	f__Erysipelatoclostridiaceae	g__Thomasclavelia	NA
bd5ab72117a5582f67a888c1f7e57ca7	1.2697230558313652	0.002414428501006894	0.5253847226879697	0.004595543792469282	0.9963332994656885	0.9979603417267243	d__Bacteria	p__Bacillota	c__Bacilli	o__Erysipelotrichales	f__Erysipelatoclostridiaceae	g__Thomasclavelia	NA
8f4dea09ecd34aac65b4fdf5d1c37ff1	1.1826699655475916	0.002414309804574368	0.5131484740648459	0.004704895223500704	0.9962460505905739	NA	d__Bacteria	p__Bacillota	c__Bacilli	o__Erysipelotrichales	f__Erysipelatoclostridiaceae	g__Thomasclavelia	NA
a663a01aeb4dbb88bbe0a9840e8f64dc	23.568211869146598	0.4097282112801342	0.8647042177699328	0.47383625852643685	0.6356166762986019	0.9979603417267243	d__Bacteria	p__Bacillota	c__Bacilli	o__Erysipelotrichales	f__Erysipelatoclostridiaceae	g__Thomasclavelia	NA
38a54077b88e4a2c2eb7f723da920bd1	1.1826699655475919	0.002414309804574075	0.5131484740648462	0.004704895223500129	0.9962460505905744	NA	d__Bacteria	p__Bacillota	c__Bacilli	o__Erysipelotrichales	f__Erysipelatoclostridiaceae	g__Thomasclavelia	NA
075de4b64188bb21f1eab54a2bc06fc0	1.038742922832062	0.11789394942079302	0.5208775888265549	0.22633715089640782	0.8209392057615048	NA	d__Bacteria	p__Bacillota	c__Bacilli	o__Erysipelotrichales	f__Erysipelatoclostridiaceae	g__Thomasclavelia	NA
c0f9afc03ac59992eccc5e6fc3a38ec6	1.16866924764417	0.002414303082122018	0.5122126735817414	0.004713477831853631	0.9962392027358086	NA	d__Bacteria	p__Bacillota	c__Bacilli	o__Erysipelotrichales	f__Erysipelatoclostridiaceae	g__Massiliomicrobiota	NA
a333ee090a52b582e1a0e2dd776eb937	6.136935342935788	3.747033388103711	0.8254116967892942	4.5395932753061405	5.636284317019085e-6	1.6705320461831566e-4	d__Bacteria	p__Bacillota	c__Bacilli	o__Erysipelotrichales	f__Erysipelatoclostridiaceae	g__Coprobacillus	NA
31e3f64d5d2212f7d32e2dc3e2142ff3	1.0531791811445184	0.002414296152872495	0.508193209024343	0.004750744618385579	0.9962094684751255	NA	d__Bacteria	p__Bacillota	c__Bacilli	o__Erysipelotrichales	f__Erysipelatoclostridiaceae	g__Catenibacterium	NA
1541faf3a457cc8cc05b01ce30983449	1.0386837729171505	0.11789966199438341	0.5208770736522577	0.2263483419757774	0.8209305023932715	NA	d__Bacteria	p__Bacillota	c__Bacilli	o__Erysipelotrichales	f__Erysipelatoclostridiaceae	g__Catenibacterium	NA
533b6c05a74b2c25a94f884d6fe42f9d	12.321984022742425	-3.460867028723767	0.8559233306162686	-4.043431116934185	5.2674636519083614e-5	0.0010036399493903966	d__Bacteria	p__Bacillota	c__Bacilli	o__Erysipelotrichales	f__Erysipelatoclostridiaceae	g__Catenibacterium	NA
a39090b6ec547ca876f6583c79c7f963	1.0531791811445184	0.002414296152872495	0.508193209024343	0.004750744618385579	0.9962094684751255	NA	d__Bacteria	p__Bacillota	c__Bacilli	o__Erysipelotrichales	f__Erysipelatoclostridiaceae	g__Catenibacterium	NA
ba64f4fa502258a89d2b7468af3cbb28	2.987766038841654	2.4860337379463973	0.7131646103386629	3.485918540974497	4.904503272871666e-4	0.006362476280230291	d__Bacteria	p__Bacillota	c__Bacilli	o__Erysipelotrichales	f__Erysipelatoclostridiaceae	g__Longibaculum	NA
6cce9922d65c4b649c6b35a233bd7dc2	1.1833911994809885	0.0024143102567504024	0.5131851483122052	0.004704559874132629	0.9962463181576959	NA	d__Bacteria	p__Bacillota	c__Bacilli	o__Erysipelotrichales	f__Erysipelatoclostridiaceae	g__Longibaculum	NA
2e81e4d1a54e1636af43e46fa332ab11	1.3559245112223022	0.8281785520359625	0.5218112916901089	1.5871227112651247	0.1124848550505127	0.31093611486760897	d__Bacteria	p__Bacillota	c__Bacilli	o__Erysipelotrichales	f__Erysipelatoclostridiaceae	g__Massiliomicrobiota	NA
51ea85f428a5daaaf348c94671af386e	1.3408129880352035	-0.9402170767383551	0.4711388649050138	-1.9956262299182472	0.04597462224486087	0.16628787096700523	d__Bacteria	p__Bacillota	c__Bacilli	o__Erysipelotrichales	f__Erysipelatoclostridiaceae	g__Massiliomicrobiota	NA
44d7de38545dc197783053e56c9d6933	1.096489888013007	0.24342566773083166	0.49480662148023274	0.4919612170965185	0.6227467606084351	NA	d__Bacteria	p__Bacillota	c__Clostridia	o__Peptostreptococcales-Tissierellales	f__Family_XI	g__Helcococcus	NA
a1b31da3a50890aadc04fca003e3e007	1.7443083911294188	1.6705928414376743	0.5964086130028597	2.801087719083064	0.005093067284252535	0.033918270422357996	d__Bacteria	p__Bacillota	c__Bacilli	o__Lactobacillales	f__Streptococcaceae	g__Streptococcus	NA
b4e5ceb47185c8dc0d6f6b2d9d5d108f	1.1976667590277579	-0.8208121159769333	0.4413042492820842	-1.8599687569567576	0.06288994638028682	0.2010762225163025	d__Bacteria	p__Bacillota	c__Bacilli	o__Lactobacillales	f__Streptococcaceae	g__Streptococcus	NA
393625590ff2fa81911647ff974e2047	1.1396010783031916	0.0024142948304125005	0.5107414144327037	0.0047270394806227575	0.9962283822261825	NA	d__Bacteria	p__Bacillota	c__Bacilli	o__Lactobacillales	f__Streptococcaceae	g__Streptococcus	NA
5ae6c57554c708cdfa18bcdf68b3bc4b	1.1823469586491595	0.4970701447809135	0.48559320301414616	1.023634889647401	0.30600775937963864	NA	d__Bacteria	p__Bacillota	c__Bacilli	o__Lactobacillales	f__Streptococcaceae	g__Streptococcus	NA
fd2eb1fe2266eed160a855f715f7c77e	545.5524678129934	-2.3544250328703185	1.062999257913093	-2.2148886890970982	0.0267677056605034	0.1137894101185543	d__Bacteria	p__Bacillota	c__Bacilli	o__Lactobacillales	f__Streptococcaceae	g__Streptococcus	NA
205f8255db56fbbc2c5999ed97063cab	1.0242486829405157	-0.06470324257447535	0.5120589521929219	-0.12635897155470088	0.899447777731349	NA	d__Bacteria	p__Bacillota	c__Bacilli	o__Lactobacillales	f__Streptococcaceae	g__Streptococcus	NA
3e54e2e7fb35c65339f6304a96609bd6	1.154004727829637	0.4009382014790953	0.48855623940556975	0.8206592591406058	0.4118403831153211	NA	d__Bacteria	p__Bacillota	c__Bacilli	o__Lactobacillales	f__Streptococcaceae	g__Streptococcus	NA
8a4d2ed84fa8862ba688b236ad9532a2	1.0386774672947785	-0.06470372441136593	0.5123235602098086	-0.12629464939084242	0.8994986915148221	NA	d__Bacteria	p__Bacillota	c__Bacilli	o__Lactobacillales	f__Streptococcaceae	g__Streptococcus	NA
edc9e5c16e40aff1eadce6597940f08f	1.7434027324858152	-0.06482306416509784	0.6557215404231782	-0.09885760977634417	0.9212513264741216	0.9979603417267243	d__Bacteria	p__Bacillota	c__Bacilli	o__Lactobacillales	f__Streptococcaceae	g__Streptococcus	NA
a8a9a05f11ee2bad8fa87bdfb414b594	1.3112064156378893	0.8635990007168929	0.519332192113215	1.662902885343621	0.09633187674569345	0.2719209325070236	d__Bacteria	p__Bacillota	c__Bacilli	o__Lactobacillales	f__Streptococcaceae	g__Streptococcus	NA
6b0ad7f7a533a2b9479cc58d760b69b1	1.1538942356802422	0.0024142979961525057	0.51140346707478	0.004720926140689372	0.9962332599113047	NA	d__Bacteria	p__Bacillota	c__Bacilli	o__Lactobacillales	f__Streptococcaceae	g__Streptococcus	NA
06f825b512d903b9230e1a55d87359ee	34.1785062210176	-1.8685360044773456	0.938751839093395	-1.9904472371333994	0.0465416907584577	0.1677702163488999	d__Bacteria	p__Bacillota	c__Bacilli	o__Lactobacillales	f__Streptococcaceae	g__Streptococcus	NA
6e6bf831e6f7e98cffe6824ba27a738e	1.0387304233561943	0.11789516080302624	0.5208774803910823	0.22633952367168736	0.8209373604383756	NA	d__Bacteria	p__Bacillota	c__Bacilli	o__Lactobacillales	f__Streptococcaceae	g__Streptococcus	NA
48d5ac89b4bda862faac90161aff5a86	1.0387264241175567	-0.06470093108887286	0.5123243617984352	-0.12628899953488504	0.8995031636407089	NA	d__Bacteria	p__Bacillota	c__Bacilli	o__Lactobacillales	f__Streptococcaceae	g__Streptococcus	NA
fd496fd32dc8c08ade2e8b6c9d8ee13d	7.459391107421917	1.1008902921355879	0.8049640867098052	1.3676265939209111	0.17142898776162566	0.40920521239743757	d__Bacteria	p__Bacillota	c__Bacilli	o__Lactobacillales	f__Streptococcaceae	g__Streptococcus	NA
735cb9abbbc8ff2b5b354be608a3a869	13.78093181673536	3.8692075238489174	0.8945082502853852	4.325513512719955	1.5217693929138137e-5	3.6579211441522034e-4	d__Bacteria	p__Bacillota	c__Bacilli	o__Lactobacillales	f__Streptococcaceae	g__Streptococcus	NA
9fec7bdd6bd88e710bd69b15692e54a0	1.328652309808123	-0.06476468439171751	0.5766348299179841	-0.11231490196478267	0.9105737265050835	0.9979603417267243	d__Bacteria	p__Bacillota	c__Bacilli	o__Lactobacillales	f__Streptococcaceae	g__Streptococcus	NA
2f590cb63f9311c157ef8aee6b18b188	1.0387264241175567	-0.06470093108887286	0.5123243617984352	-0.12628899953488504	0.8995031636407089	NA	d__Bacteria	p__Bacillota	c__Bacilli	o__Lactobacillales	f__Streptococcaceae	g__Streptococcus	NA
a140d9cb4a810eab90930f0ac2bbbd84	1.1689522942921644	0.002414303238562144	0.5122252712920058	0.0047133622136066285	0.9962392949847981	NA	d__Bacteria	p__Bacillota	c__Bacilli	o__Lactobacillales	f__Streptococcaceae	g__Streptococcus	NA
a50e77cfb93d3d562a352bc70bcd47e9	1.2115051084836677	0.002414331977829136	0.515723760055211	0.004681444146708828	0.9962647616366155	0.9979603417267243	d__Bacteria	p__Bacillota	c__Bacilli	o__Lactobacillales	f__Streptococcaceae	g__Streptococcus	NA
e3055f1b3a2ef5ffe239567f02e0e758	2.59539546540884	0.4016189406281761	0.5752837481550325	0.6981232164409142	0.48510014009150426	0.816406702646112	d__Bacteria	p__Bacillota	c__Bacilli	o__Lactobacillales	f__Streptococcaceae	g__Streptococcus	NA
f205db64334376cebee550bcc6276cb1	1.0531791811445184	0.002414296152872495	0.508193209024343	0.004750744618385579	0.9962094684751255	NA	d__Bacteria	p__Bacillota	c__Bacilli	o__Lactobacillales	f__Streptococcaceae	g__Streptococcus	NA
390ca9f4841e42ba2e0088023131f7c4	1.0531791811445184	0.002414296152872495	0.508193209024343	0.004750744618385579	0.9962094684751255	NA	d__Bacteria	p__Bacillota	c__Bacilli	o__Lactobacillales	f__Streptococcaceae	g__Streptococcus	NA
b3d2cc3b9f0184830bec2ef73bcc6166	1.0531791811445184	0.002414296152872495	0.508193209024343	0.004750744618385579	0.9962094684751255	NA	d__Bacteria	p__Bacillota	c__Bacilli	o__Lactobacillales	f__Streptococcaceae	g__Lactococcus	NA
d114fb4c335125128be28401522dd41a	1.4281958094082767	0.0024148814501293438	0.5760773803198218	0.004191939368958854	0.9966553260933222	0.9979603417267243	d__Bacteria	p__Bacillota	c__Bacilli	o__Lactobacillales	f__Streptococcaceae	g__Lactococcus	NA
be1aa9c7efbdbcf5331f7c8a9487c845	1.1543484803332507	0.40097859518329126	0.48856841822670155	0.8207214797851147	0.4118049329060584	NA	d__Bacteria	p__Bacillota	c__Bacilli	o__Lactobacillales	f__Streptococcaceae	g__Streptococcus	NA
be62709da7b40d14392016ea7a3ae843	1.0531791811445184	0.002414296152872495	0.508193209024343	0.004750744618385579	0.9962094684751255	NA	d__Bacteria	p__Bacillota	c__Bacilli	o__Paenibacillales	f__Paenibacillaceae	g__Fontibacillus	NA
bd2ad00d586fbb853586dae6812f7b24	1.4733017465002276	1.2166694035541807	0.5310317535322727	2.2911424702218666	0.02195517499942823	0.097204032051410455	d__Bacteria	p__Bacillota	c__Bacilli	o__Lactobacillales	f__Lactobacillaceae	g__Pediococcus	NA
bd7bb5b11e9ccba1afbf45d9e0d5808a	1.0531791811445184	0.002414296152872495	0.508193209024343	0.004750744618385579	0.9962094684751255	NA	d__Bacteria	p__Bacillota	c__Bacilli	o__Lactobacillales	f__Lactobacillaceae	g__Limosilactobacillus	NA
7bf8bd74563c4e9d340cbbdcbec06524	1.0531791811445184	0.002414296152872495	0.508193209024343	0.004750744618385579	0.9962094684751255	NA	d__Bacteria	p__Bacillota	c__Bacilli	o__Lactobacillales	f__Lactobacillaceae	g__HT002	NA
1a069ea36017c7efc95d851374fa7382	1.0531791811445184	0.002414296152872495	0.508193209024343	0.004750744618385579	0.9962094684751255	NA	d__Bacteria	p__Bacillota	c__Bacilli	o__Lactobacillales	f__Lactobacillaceae	g__Limosilactobacillus	NA
2ef1e51ab1cf99a3c6417b05a060830e	1.2695637976650758	-0.6190685738899636	0.46197863534030703	-1.3400372366439404	0.18023323922150586	0.41625295724966827	d__Bacteria	p__Bacillota	c__Bacilli	o__Lactobacillales	f__Lactobacillaceae	NA	NA
66ae4257e6338ac409fd953c0ab441d5	1.0531791811445184	0.002414296152872495	0.508193209024343	0.004750744618385579	0.9962094684751255	NA	d__Bacteria	p__Bacillota	c__Bacilli	o__Lactobacillales	f__Lactobacillaceae	NA	NA
814bfbcbcb52ced93388ec7c6a771752	1.0531791811445184	0.002414296152872495	0.508193209024343	0.004750744618385579	0.9962094684751255	NA	d__Bacteria	p__Bacillota	c__Bacilli	o__Lactobacillales	f__Lactobacillaceae	NA	NA
eb9529f0c886343a7359dc1a014da203	1.0531791811445184	0.002414296152872495	0.508193209024343	0.004750744618385579	0.9962094684751255	NA	d__Bacteria	p__Bacillota	c__Bacilli	o__Lactobacillales	f__Lactobacillaceae	g__Limosilactobacillus	NA
20c93503da260c528c1b59f783184b6d	1.0531791811445184	0.002414296152872495	0.508193209024343	0.004750744618385579	0.9962094684751255	NA	d__Bacteria	p__Bacillota	c__Bacilli	o__Lactobacillales	f__Lactobacillaceae	g__Limosilactobacillus	NA
95b3524e555cc42a09f7b09ef63189fa	1.0531791811445184	0.002414296152872495	0.508193209024343	0.004750744618385579	0.9962094684751255	NA	d__Bacteria	p__Bacillota	c__Bacilli	o__Lactobacillales	f__Lactobacillaceae	NA	NA
9a075c19908c02c511f36816e2237d72	1.0531791811445184	0.002414296152872495	0.508193209024343	0.004750744618385579	0.9962094684751255	NA	d__Bacteria	p__Bacillota	c__Bacilli	o__Lactobacillales	f__Lactobacillaceae	g__Limosilactobacillus	NA
d25415ae2df908f2bd472a1ccf16ee51	1.0531791811445184	0.002414296152872495	0.508193209024343	0.004750744618385579	0.9962094684751255	NA	d__Bacteria	p__Bacillota	c__Bacilli	o__Lactobacillales	f__Lactobacillaceae	g__HT002	NA
581a55014641e1cd55cdc272c0365a28	1.0531791811445184	0.002414296152872495	0.508193209024343	0.004750744618385579	0.9962094684751255	NA	d__Bacteria	p__Bacillota	c__Bacilli	o__Lactobacillales	f__Lactobacillaceae	g__Limosilactobacillus	NA
ff3739dd5a3c35cf09f01a391ce07570	1.0531791811445184	0.002414296152872495	0.508193209024343	0.004750744618385579	0.9962094684751255	NA	d__Bacteria	p__Bacillota	c__Bacilli	o__Lactobacillales	f__Lactobacillaceae	g__Limosilactobacillus	NA
149e4854b7b2f3c7c6a175482ffab23e	1.0531791811445184	0.002414296152872495	0.508193209024343	0.004750744618385579	0.9962094684751255	NA	d__Bacteria	p__Bacillota	c__Bacilli	o__Lactobacillales	f__Lactobacillaceae	g__Limosilactobacillus	NA
18916ff01c5cc30f13e73cab657abe0e	1.8880665095363165	-0.6813568787428383	0.5403472472851837	-1.2609611359475157	0.20732284973931386	0.44962089567448754	d__Bacteria	p__Bacillota	c__Bacilli	o__Lactobacillales	f__Lactobacillaceae	g__Lactobacillus	NA
53dc403fe18d6241b8b05a0853471556	1.0531791811445184	0.002414296152872495	0.508193209024343	0.004750744618385579	0.9962094684751255	NA	d__Bacteria	p__Bacillota	c__Bacilli	o__Lactobacillales	f__Lactobacillaceae	g__Lactobacillus	NA
797be95b1577a87d579b6bee98485d87	1.0387304233561943	0.11789516080302624	0.5208774803910823	0.22633952367168736	0.8209373604383756	NA	d__Bacteria	p__Bacillota	c__Bacilli	o__Lactobacillales	f__Lactobacillaceae	g__Lactobacillus	NA
0640e9dab39f8ff89a9bdef119e0fe6f	1.0531791811445184	0.002414296152872495	0.508193209024343	0.004750744618385579	0.9962094684751255	NA	d__Bacteria	p__Bacillota	c__Bacilli	o__Lactobacillales	f__Lactobacillaceae	g__Lactobacillus	NA
f7447c8e079023f4f2579d8580575dd3	332.4756119363622	0.6930981183617803	0.7069777847713715	0.9803676060145514	0.3269046940345347	0.5979675981622303	d__Bacteria	p__Bacillota	c__Bacilli	o__Lactobacillales	f__Lactobacillaceae	g__Lactobacillus	NA
cb9d64ad78fab4cdb5b990e951460a2c	1.0531791811445184	0.002414296152872495	0.508193209024343	0.004750744618385579	0.9962094684751255	NA	d__Bacteria	p__Bacillota	c__Bacilli	o__Lactobacillales	f__Lactobacillaceae	g__Lactobacillus	NA
29314436954b65ebdb30b273a9c40043	1.0387186569978308	-0.06470137561885686	0.5123242346852679	-0.12628989854170056	0.8995024520344506	NA	d__Bacteria	p__Bacillota	c__Bacilli	o__Lactobacillales	f__Lactobacillaceae	g__Lactobacillus	NA
e7ce00b0e59f5a4a080ac984080d8dee	1.0531791811445184	0.002414296152872495	0.508193209024343	0.004750744618385579	0.9962094684751255	NA	d__Bacteria	p__Bacillota	c__Bacilli	o__Lactobacillales	f__Lactobacillaceae	g__Lactobacillus	NA
fcf550b93132029d88ab8865dad8ed66	1.0531791811445184	0.002414296152872495	0.508193209024343	0.004750744618385579	0.9962094684751255	NA	d__Bacteria	p__Bacillota	c__Bacilli	o__Lactobacillales	f__Lactobacillaceae	g__Lactobacillus	NA
3a5632d9c409049eb130a69aadbb0f22	1.0531791811445184	0.002414296152872495	0.508193209024343	0.004750744618385579	0.9962094684751255	NA	d__Bacteria	p__Bacillota	c__Bacilli	o__Lactobacillales	f__Lactobacillaceae	g__Lactobacillus	NA
3740da8e2b75174ae1fa2531a5c50fab	1.0531791811445184	0.002414296152872495	0.508193209024343	0.004750744618385579	0.9962094684751255	NA	d__Bacteria	p__Bacillota	c__Bacilli	o__Lactobacillales	f__Lactobacillaceae	g__Lactobacillus	NA
232aa5d7540fb57bd4f9cf8be191c9a8	1.0531791811445184	0.002414296152872495	0.508193209024343	0.004750744618385579	0.9962094684751255	NA	d__Bacteria	p__Bacillota	c__Bacilli	o__Lactobacillales	f__Lactobacillaceae	g__Lactobacillus	NA
73133b45b140eb6dd888998e03250e84	1.0531791811445184	0.002414296152872495	0.508193209024343	0.004750744618385579	0.9962094684751255	NA	d__Bacteria	p__Bacillota	c__Bacilli	o__Lactobacillales	f__Lactobacillaceae	g__Lactobacillus	NA
7656df7fd630620c3e31f81604a67bac	1.0531791811445184	0.002414296152872495	0.508193209024343	0.004750744618385579	0.9962094684751255	NA	d__Bacteria	p__Bacillota	c__Bacilli	o__Lactobacillales	f__Lactobacillaceae	g__Lactobacillus	NA
ab331fff290777ec31cb379b7258fc9e	1.0531791811445184	0.002414296152872495	0.508193209024343	0.004750744618385579	0.9962094684751255	NA	d__Bacteria	p__Bacillota	c__Bacilli	o__Lactobacillales	f__Lactobacillaceae	g__Lactobacillus	NA
1a537ff77f046aaacf7588f1a0687cc4	1.0531791811445184	0.002414296152872495	0.508193209024343	0.004750744618385579	0.9962094684751255	NA	d__Bacteria	p__Bacillota	c__Bacilli	o__Lactobacillales	f__Lactobacillaceae	g__Lactobacillus	NA
0df6c802966e8670279671824da4f10a	14.227062805570213	-0.0649157648286347	0.9565591321675989	-0.06786382843006594	0.9458940330739829	0.9979603417267243	d__Bacteria	p__Bacillota	c__Bacilli	o__Lactobacillales	f__Lactobacillaceae	g__Lactobacillus	NA
dd2e6b7323c370b05ba4d9a0568f99e9	1.0531791811445184	0.002414296152872495	0.508193209024343	0.004750744618385579	0.9962094684751255	NA	d__Bacteria	p__Bacillota	c__Bacilli	o__Lactobacillales	f__Lactobacillaceae	g__Lactobacillus	NA
5bbd680b1ac82cec54b4f2897f339639	1.0531791811445184	0.002414296152872495	0.508193209024343	0.004750744618385579	0.9962094684751255	NA	d__Bacteria	p__Bacillota	c__Bacilli	o__Lactobacillales	f__Lactobacillaceae	g__Lactobacillus	NA
2858fb0d985caf63ed6f75ab7b85482e	1.0531791811445184	0.002414296152872495	0.508193209024343	0.004750744618385579	0.9962094684751255	NA	d__Bacteria	p__Bacillota	c__Bacilli	o__Lactobacillales	f__Lactobacillaceae	NA	NA
270296d9e9385f6ff7c5aa4302ba38d6	1.0531791811445184	0.002414296152872495	0.508193209024343	0.004750744618385579	0.9962094684751255	NA	d__Bacteria	p__Bacillota	c__Bacilli	o__Lactobacillales	f__Lactobacillaceae	NA	NA
8d01ff094cd1dbccba56575774169322	1.1395063707465674	0.0024142947883892592	0.5107380706925048	0.004727070345697434	0.9962283575996911	NA	d__Bacteria	p__Bacillota	c__Bacilli	o__Lactobacillales	f__Lactobacillaceae	g__Incertae_Sedis	NA
3bac14d2805bf995afe9d316a5777b1e	34.37170716347951	0.024182349314026956	0.8339250075489368	0.028998230170724164	0.9768660021211978	0.9979603417267243	d__Bacteria	p__Bacillota	c__Bacilli	o__Lactobacillales	f__Lactobacillaceae	g__Lactobacillus	NA
78500c826f22cac8943b1e6a24736ddf	1.0387205801281543	-0.06470126560172709	0.5123242661604964	-0.12628967604173183	0.8995026281536531	NA	d__Bacteria	p__Bacillota	c__Bacilli	o__Lactobacillales	f__Lactobacillaceae	g__Lactobacillus	NA
67712faac9e2fae22c08613a11104b10	1.0531791811445184	0.002414296152872495	0.508193209024343	0.004750744618385579	0.9962094684751255	NA	d__Bacteria	p__Bacillota	c__Bacilli	o__Lactobacillales	f__Lactobacillaceae	g__Lactobacillus	NA
e55126d48e57348ad1410ca3c987d5a7	1.0531791811445184	0.002414296152872495	0.508193209024343	0.004750744618385579	0.9962094684751255	NA	d__Bacteria	p__Bacillota	c__Bacilli	o__Lactobacillales	f__Lactobacillaceae	g__Lactobacillus	NA
4c8e9e9625bae27df7fdc81da666be14	1.0387205801281543	-0.06470126560172709	0.5123242661604964	-0.12628967604173183	0.8995026281536531	NA	d__Bacteria	p__Bacillota	c__Bacilli	o__Lactobacillales	f__Lactobacillaceae	g__Lactobacillus	NA
c2ce9ab4dfd49adefe174ba650b84aae	1.0531791811445184	0.002414296152872495	0.508193209024343	0.004750744618385579	0.9962094684751255	NA	d__Bacteria	p__Bacillota	c__Bacilli	o__Lactobacillales	f__Lactobacillaceae	g__Lactobacillus	NA
05b07ca026c6d57a6d11a453a16f59c8	1.0531791811445184	0.002414296152872495	0.508193209024343	0.004750744618385579	0.9962094684751255	NA	d__Bacteria	p__Bacillota	c__Bacilli	o__Lactobacillales	f__Lactobacillaceae	g__Lactobacillus	NA
5513af247a74e9450c886a68765a8f6e	1.0531791811445184	0.002414296152872495	0.508193209024343	0.004750744618385579	0.9962094684751255	NA	d__Bacteria	p__Bacillota	c__Bacilli	o__Lactobacillales	f__Lactobacillaceae	g__Lactobacillus	NA
0cf9119c9d8e440d5dd731e22ce0f537	1.0531791811445184	0.002414296152872495	0.508193209024343	0.004750744618385579	0.9962094684751255	NA	d__Bacteria	p__Bacillota	c__Bacilli	o__Lactobacillales	f__Lactobacillaceae	g__Lactobacillus	NA
456d174dbfd7362d3148d338ba43b555	1.0531791811445184	0.002414296152872495	0.508193209024343	0.004750744618385579	0.9962094684751255	NA	d__Bacteria	p__Bacillota	c__Bacilli	o__Lactobacillales	f__Lactobacillaceae	g__Lactobacillus	NA
abacccb67bb672221511c894fffbe89c	1.0531791811445184	0.002414296152872495	0.508193209024343	0.004750744618385579	0.9962094684751255	NA	d__Bacteria	p__Bacillota	c__Bacilli	o__Lactobacillales	f__Lactobacillaceae	g__Lactobacillus	NA
8961809ef142e965d189908690f2a529	1.0531791811445184	0.002414296152872495	0.508193209024343	0.004750744618385579	0.9962094684751255	NA	d__Bacteria	p__Bacillota	c__Bacilli	o__Lactobacillales	f__Lactobacillaceae	g__Lactobacillus	NA
2fb128b23cc1639587e021767929870b	1.0531791811445184	0.002414296152872495	0.508193209024343	0.004750744618385579	0.9962094684751255	NA	d__Bacteria	p__Bacillota	c__Bacilli	o__Lactobacillales	f__Lactobacillaceae	g__Lactobacillus	NA
4c7c8a67174a7941f39d5d65650afd49	1.0531791811445184	0.002414296152872495	0.508193209024343	0.004750744618385579	0.9962094684751255	NA	d__Bacteria	p__Bacillota	c__Bacilli	o__Lactobacillales	f__Lactobacillaceae	g__Lactobacillus	NA
73474e650064fb16464d1260150f3769	1.0531791811445184	0.002414296152872495	0.508193209024343	0.004750744618385579	0.9962094684751255	NA	d__Bacteria	p__Bacillota	c__Bacilli	o__Lactobacillales	f__Lactobacillaceae	g__Lactobacillus	NA
e24b5776f2060d8778c92a3aece918f0	1.0531791811445184	0.002414296152872495	0.508193209024343	0.004750744618385579	0.9962094684751255	NA	d__Bacteria	p__Bacillota	c__Bacilli	o__Lactobacillales	f__Lactobacillaceae	g__Lactobacillus	NA
a5345e64cc834b8bf890c20bf7d33c1d	1.0531791811445184	0.002414296152872495	0.508193209024343	0.004750744618385579	0.9962094684751255	NA	d__Bacteria	p__Bacillota	c__Bacilli	o__Lactobacillales	f__Lactobacillaceae	g__Lactobacillus	NA
fcebaf004ffa8c7c5361fe6187b36fa0	1.0531791811445184	0.002414296152872495	0.508193209024343	0.004750744618385579	0.9962094684751255	NA	d__Bacteria	p__Bacillota	c__Bacilli	o__Lactobacillales	f__Lactobacillaceae	g__Lactobacillus	NA
4e84421257e93a402a6fbabc5d34b821	1.0531791811445184	0.002414296152872495	0.508193209024343	0.004750744618385579	0.9962094684751255	NA	d__Bacteria	p__Bacillota	c__Bacilli	o__Lactobacillales	f__Lactobacillaceae	g__Lactobacillus	NA
638c1cbbe0a8cc58647e7647a603ab72	1.0531791811445184	0.002414296152872495	0.508193209024343	0.004750744618385579	0.9962094684751255	NA	d__Bacteria	p__Bacillota	c__Bacilli	o__Lactobacillales	f__Lactobacillaceae	g__Lactobacillus	NA
fb03fb05600615d16bb9610567eaeea1	1.0531791811445184	0.002414296152872495	0.508193209024343	0.004750744618385579	0.9962094684751255	NA	d__Bacteria	p__Bacillota	c__Bacilli	o__Lactobacillales	f__Lactobacillaceae	g__Lactobacillus	NA
92f2765bbf5d4ed177550e18bbed87f0	1.0531791811445184	0.002414296152872495	0.508193209024343	0.004750744618385579	0.9962094684751255	NA	d__Bacteria	p__Bacillota	c__Bacilli	o__Lactobacillales	f__Lactobacillaceae	g__Lactobacillus	NA
3255441a73c39b554397196c0c880abd	1.0531791811445184	0.002414296152872495	0.508193209024343	0.004750744618385579	0.9962094684751255	NA	d__Bacteria	p__Bacillota	c__Bacilli	o__Lactobacillales	f__Lactobacillaceae	g__Lactobacillus	NA
7a481ad1c7ea583122e37c20f6d48a09	1.0531791811445184	0.002414296152872495	0.508193209024343	0.004750744618385579	0.9962094684751255	NA	d__Bacteria	p__Bacillota	c__Bacilli	o__Lactobacillales	f__Lactobacillaceae	g__Lactobacillus	NA
4844f543bf025f816deceb10130f0cb6	1.0531791811445184	0.002414296152872495	0.508193209024343	0.004750744618385579	0.9962094684751255	NA	d__Bacteria	p__Bacillota	c__Bacilli	o__Lactobacillales	f__Lactobacillaceae	g__Lactobacillus	NA
f805b4e18d0fd74a157b519414a2ba3e	1.0531791811445184	0.002414296152872495	0.508193209024343	0.004750744618385579	0.9962094684751255	NA	d__Bacteria	p__Bacillota	c__Bacilli	o__Lactobacillales	f__Lactobacillaceae	g__Lactobacillus	NA
09e996f449e880d1fd8f27d59e8d8b11	1.0531791811445184	0.002414296152872495	0.508193209024343	0.004750744618385579	0.9962094684751255	NA	d__Bacteria	p__Bacillota	c__Bacilli	o__Lactobacillales	f__Lactobacillaceae	g__Lacticaseibacillus	NA
29daaf94c6c9c41e5044aa321d18a306	1.0531791811445184	0.002414296152872495	0.508193209024343	0.004750744618385579	0.9962094684751255	NA	d__Bacteria	p__Bacillota	c__Bacilli	o__Lactobacillales	f__Lactobacillaceae	g__Lacticaseibacillus	NA
6f899e58ffc768754891187809557d7d	1.0531791811445184	0.002414296152872495	0.508193209024343	0.004750744618385579	0.9962094684751255	NA	d__Bacteria	p__Bacillota	c__Bacilli	o__Lactobacillales	f__Lactobacillaceae	g__Ligilactobacillus	NA
9e9c4270966cf507485654eb33a69880	1.3562779851136206	-1.2045124220403103	0.46634367029821466	-2.5828857530543	0.009797776191369451	0.05531337140841907	d__Bacteria	p__Bacillota	c__Bacilli	o__Lactobacillales	f__Lactobacillaceae	g__Weissella	NA
c8364ffd28638c0516d23fb9cbe39cec	3.8853929876251607	1.303632405825418	0.7855284414835069	1.6595610508557117	0.09700278931094067	0.2730922854743369	d__Bacteria	p__Bacillota	c__Bacilli	o__Mycoplasmatales	f__Mycoplasmataceae	g__Ureaplasma	NA
e6c740ca4ed284182c87d52ca3c601b6	1.1392510513400353	-0.5450032050135168	0.45854902662570746	-1.1885385713802374	0.23462129296469034	NA	d__Bacteria	p__Bacillota	c__Bacilli	o__Lactobacillales	f__Aerococcaceae	g__Aerococcus	NA
484286e56b8b56172aeda79c4e056809	1.0531791811445184	0.002414296152872495	0.508193209024343	0.004750744618385579	0.9962094684751255	NA	d__Bacteria	p__Bacillota	c__Bacilli	o__Lactobacillales	f__Aerococcaceae	g__Aerococcus	NA
c45a3b1ba3c7be52bf6cfd79c71d1286	3.9000315786178374	3.0602522276582333	0.7187099337954111	4.257979587811525	2.062827789830716e-5	4.491912758672192e-4	d__Bacteria	p__Bacillota	c__Bacilli	o__Lactobacillales	f__Aerococcaceae	g__Aerococcus	NA
e68712d76951fcc660c7df2d1116d320	1.1683632690942043	0.1179004357364212	0.5254159261357287	0.22439448420138758	0.822450362238497	NA	d__Bacteria	p__Bacillota	c__Bacilli	o__Lactobacillales	f__Aerococcaceae	g__Aerococcus	NA
851f12ea182c1ef77241b94d46b94306	1.0531791811445184	0.002414296152872495	0.508193209024343	0.004750744618385579	0.9962094684751255	NA	d__Bacteria	p__Bacillota	c__Bacilli	o__Lactobacillales	f__Aerococcaceae	g__Aerococcus	NA
5efc6c4d12513b5dd110edd3a8524b91	1.0531791811445184	0.002414296152872495	0.508193209024343	0.004750744618385579	0.9962094684751255	NA	d__Bacteria	p__Bacillota	c__Bacilli	o__Lactobacillales	f__Carnobacteriaceae	g__Trichococcus	NA
23b8b65acb9ae8dc5a89b6160b056fa5	1.4446409955612194	0.0024151174117871183	0.6070806840798239	0.003978247826230556	0.9968258258530598	0.9979603417267243	d__Bacteria	p__Bacillota	c__Bacilli	o__Lactobacillales	f__Enterococcaceae	g__Enterococcus	NA
9908fffab7ed4f3bec44cda2f5084d49	5.100777872357959	-1.1387582136822587	0.7864372264273125	-1.4479963249647998	0.14761807839351007	0.3711613793266642	d__Bacteria	p__Bacillota	c__Bacilli	o__Lactobacillales	f__Enterococcaceae	g__Enterococcus	NA
a443e786f67086749ef29ce0ab494c9e	1.675350257487453	1.4146651219575772	0.6164132409206448	2.2949947016788648	0.021733427938098692	0.097204032051410455	d__Bacteria	p__Bacillota	c__Bacilli	o__Lactobacillales	f__Enterococcaceae	g__Enterococcus	NA
569653b1659271a290facfcedd0de061	1.2120248124936601	0.0024143324087662885	0.5157593566642286	0.0046811218789736386	0.9962650187662484	0.9979603417267243	d__Bacteria	p__Bacillota	c__Bacilli	o__Lactobacillales	f__Enterococcaceae	g__Enterococcus	NA
c5031390a5fabd8e9ca73b98b0fe5a3d	1.0386683642089511	0.0024142986204299913	0.5079074998849733	0.004753421875000392	0.9962073323575266	NA	d__Bacteria	p__Bacillota	c__Bacilli	o__Lactobacillales	f__Enterococcaceae	g__Enterococcus	NA
31903fea91c7cdb500a0dd9c862f4621	1.0531791811445184	0.002414296152872495	0.508193209024343	0.004750744618385579	0.9962094684751255	NA	d__Bacteria	p__Bacillota	c__Bacilli	o__Bacillales	f__Bacillaceae	NA	NA
a4cbe987942964b584e95e4efab6a176	1.038742922832062	0.00241429864014624	0.5079090195957152	0.004753407691141162	0.9962073436744809	NA	d__Bacteria	p__Bacillota	c__Bacilli	o__Bacillales	f__Bacillaceae	NA	NA
8ae518dbb29595b3f79214be0b589066	1.2408505392064524	0.002414535222753531	0.5339354331515498	0.004522148321383646	0.9963918599703505	0.9979603417267243	d__Bacteria	p__Bacillota	c__Bacilli	o__Lactobacillales	f__Listeriaceae	g__Listeria	NA
9ab201405ef4c6cce6fdd3dc77c4279a	1.1399192499953223	0.0024142949717024034	0.5107526564645885	0.004726935711727995	0.9962284650208565	NA	d__Bacteria	p__Bacillota	c__Bacilli	o__Lactobacillales	f__Listeriaceae	g__Listeria	NA
942ec60e75a4f9183b9b69cbf8960379	1.0387075420010623	0.002414298630789	0.5079082983040794	0.004753414423135857	0.996207338303187	NA	d__Bacteria	p__Bacillota	c__Bacilli	o__Lactobacillales	f__Carnobacteriaceae	g__Granulicatella	NA
2bd9309f2f97cae51d18d06ea1ca519a	1.5153921895528688	-0.9502722605362334	0.5473754803832723	-1.7360519325250972	0.08255465241771984	0.2446828170269641	d__Bacteria	p__Bacillota	c__Bacilli	o__Lactobacillales	f__Carnobacteriaceae	g__Granulicatella	NA
e3071eccbbbd1ee2c34f2f169c488e5e	4.5340738144865655	-1.600241116471808	0.736947585172844	-2.1714449557446978	0.029897553760965107	0.1255932671769676	d__Bacteria	p__Bacillota	c__Bacilli	o__Lactobacillales	f__Aerococcaceae	NA	NA
5f0622cb76057f6b76d4eb82008097e5	1.0386683642089511	0.002414298620429986	0.5079074998849733	0.004753421875000382	0.9962073323575266	NA	d__Bacteria	p__Bacillota	c__Bacilli	o__Lactobacillales	f__Aerococcaceae	NA	NA
c5b6ff634ad3c513e3df8031f16fcda0	1.0531791811445184	0.002414296152872495	0.508193209024343	0.004750744618385579	0.9962094684751255	NA	d__Bacteria	p__Bacillota	c__Bacilli	o__Lactobacillales	f__Aerococcaceae	NA	NA
775e2682fb80883eb7a018b8d363387d	1.1538553769948559	-0.6190349661687591	0.4532743968364982	-1.36569585771696	0.1720344450318211	NA	d__Bacteria	p__Bacillota	c__Bacilli	o__Lactobacillales	f__Aerococcaceae	NA	NA
7fd072aff74564746d11ca0c54ee6ae2	1.2109017738852237	0.002414331478518945	0.5156825236486003	0.004681817528809904	0.9962644637240665	0.9979603417267243	d__Bacteria	p__Bacillota	c__Bacilli	o__Izemoplasmatales	f__Incertae_Sedis	g__Incertae_Sedis	NA
ec77511ed0d1b26f5e5906fe73dff013	1.1966989339274532	0.5428465182618081	0.48461934559320913	1.1201503266389927	0.26264970754073674	0.5013367405115677	d__Bacteria	p__Bacillota	c__Bacilli	o__Izemoplasmatales	f__Incertae_Sedis	g__Incertae_Sedis	NA
3aad083a4c822d27071d1ff6163cbfb2	1.1971644332247062	0.5429232830996683	0.4846448211847248	1.1202498394029685	0.2626073108440208	0.5013367405115677	d__Bacteria	p__Bacillota	c__Bacilli	o__Izemoplasmatales	f__Incertae_Sedis	g__Incertae_Sedis	NA
fb466b8ed3e9b801793c7cff0ad0bfa3	1.0531791811445184	0.002414296152872495	0.508193209024343	0.004750744618385579	0.9962094684751255	NA	d__Bacteria	p__Bacillota	c__Bacilli	o__Staphylococcales	f__Staphylococcaceae	g__Nosocomiicoccus	NA
5b5162062395b1f074a47905bde9cb9a	1.1687365989562668	0.44988381435059605	0.4869390687491991	0.9239016608509419	0.3555375182945948	NA	d__Bacteria	p__Bacillota	c__Bacilli	o__Staphylococcales	f__Staphylococcaceae	g__Nosocomiicoccus	NA
a985f0b427eead7e8c11f3de0a3c1254	1.0531791811445184	0.002414296152872495	0.508193209024343	0.004750744618385579	0.9962094684751255	NA	d__Bacteria	p__Bacillota	c__Bacilli	o__Staphylococcales	f__Staphylococcaceae	g__Staphylococcus	NA
cd24a0915f66d42f295b507570c0c4b1	1.1966322981370465	-0.8205297467744767	0.4412530056472382	-1.8595448331754891	0.06294995058721789	NA	d__Bacteria	p__Bacillota	c__Bacilli	o__Staphylococcales	f__Staphylococcaceae	g__Staphylococcus	NA
f04a30e7186b66662a7a3469f04033b1	1.2122449467580807	0.5874302422860604	0.48412615058330183	1.213382589596311	0.22498357965773008	0.4618923879148993	d__Bacteria	p__Bacillota	c__Bacilli	o__Staphylococcales	f__Staphylococcaceae	g__Staphylococcus	NA
65d43491988bfe557da4d86a5ba25dae	3.519381960461354	-0.9877864210757387	0.6825458243712916	-1.4472089430561106	0.14783841257153915	0.3711613793266642	d__Bacteria	p__Bacillota	c__Bacilli	o__Staphylococcales	f__Staphylococcaceae	g__Staphylococcus	NA
1a26d1576717130f01d04c5e35e90713	1.0531791811445184	0.002414296152872495	0.508193209024343	0.004750744618385579	0.9962094684751255	NA	d__Bacteria	p__Bacillota	c__Bacilli	o__Staphylococcales	f__Staphylococcaceae	g__Staphylococcus	NA
26c6e3ed14694582e207478c1f23c21f	6.182431347873997	1.0317583394444174	0.8239295104381045	1.2522410307840595	0.21048204913113033	0.45554634162863294	d__Bacteria	p__Bacillota	c__Bacilli	o__Erysipelotrichales	f__Erysipelotrichaceae	g__Turicibacter	NA
be5cc85bd2ac16b6ae446fd24b1e2308	1.226414280893996	0.0024144643265927943	0.5272156336534524	0.004579652370816951	0.9963459788522477	0.9979603417267243	d__Bacteria	p__Bacillota	c__Bacilli	o__Erysipelotrichales	f__Erysipelotrichaceae	g__Turicibacter	NA
70ccde8ba36f6355483b86ee336e82c2	2.3070517547716833	0.3579516217753531	0.730337697279089	0.4901179592795503	0.6240504303425995	0.9885611330939876	d__Bacteria	p__Bacillota	c__Bacilli	o__Staphylococcales	f__Gemellaceae	g__Gemella	NA
566ff3542af7a37670c308327c3c782c	1.0242817468910879	-0.06470041746878748	0.5120593895465132	-0.12635334648601415	0.8994522302007636	NA	d__Bacteria	p__Bacillota	c__Bacilli	o__Staphylococcales	f__Gemellaceae	g__Gemella	NA
a26e0af7a0a6347cc7c9b1a361116f27	1.0531791811445184	0.002414296152872495	0.508193209024343	0.004750744618385579	0.9962094684751255	NA	d__Bacteria	p__Bacillota	c__Bacilli	o__Staphylococcales	f__Gemellaceae	g__Gemella	NA
85c44c83eddc5d3028261a1000b7d0e1	4.998751469361644	2.262429945784135	0.6816732195780032	3.3189362304488292	9.036106216879894e-4	0.0100432555556363	d__Bacteria	p__Bacillota	c__Bacilli	o__Staphylococcales	f__Gemellaceae	g__Gemella	NA
f4a51f5ce43b3761a9cddd0b3e0b6731	1.1826699655475916	0.0024143098045745167	0.5131484740648478	0.004704895223500976	0.9962460505905737	NA	d__Bacteria	p__Bacillota	c__Bacilli	o__Staphylococcales	f__Gemellaceae	g__Gemella	NA
8c34fcb68ccd5fd5855d173e5486df4b	1.038745095909413	0.11789373858663973	0.5208776076547936	0.22633673794779946	0.8209395269144876	NA	d__Bacteria	p__Bacillota	c__Bacilli	o__RF39	f__Incertae_Sedis	g__Incertae_Sedis	NA
07cc0347d6ef242f7de0e364092fc19a	1.4124473243019113	0.0024150457939990217	0.5958929414403691	0.004052818259873104	0.9967663277350686	0.9979603417267243	d__Bacteria	p__Bacillota	c__Bacilli	o__RF39	f__Incertae_Sedis	g__Incertae_Sedis	NA
bb518fecd8ffb68f2c76deb00d50f592	1.0531791811445184	0.002414296152872495	0.508193209024343	0.004750744618385579	0.9962094684751255	NA	d__Bacteria	p__Bacillota	c__Bacilli	o__RF39	f__Incertae_Sedis	g__Incertae_Sedis	NA
fafabb1c20c5f8873c3726e4485e3352	1.2695230934702666	-1.1045962622198078	0.4344539269545764	-2.5424934468029265	0.011006466512781166	0.058528200178627976	d__Bacteria	p__Bacillota	c__Bacilli	o__RF39	f__Incertae_Sedis	g__Incertae_Sedis	NA
5f974f9e9c4d789f6a052bab4674e890	1.3268485221469832	0.9000823073148242	0.5232842025886254	1.7200639783548268	0.08542081262373367	0.24842044615113526	d__Bacteria	p__Bacillota	c__Bacilli	o__RF39	f__Incertae_Sedis	g__Incertae_Sedis	NA
f646c254e568a1126ec17324cc80ad69	1.0531791811445184	0.002414296152872495	0.508193209024343	0.004750744618385579	0.9962094684751255	NA	d__Bacteria	p__Bacillota	c__Bacilli	o__RF39	f__Incertae_Sedis	g__Incertae_Sedis	NA
3de9c74cb0cb995a1c311ee7bdf36fd7	1.0531791811445184	0.002414296152872495	0.508193209024343	0.004750744618385579	0.9962094684751255	NA	d__Bacteria	p__Bacillota	c__Bacilli	o__RF39	f__Incertae_Sedis	g__Incertae_Sedis	NA
7fe14e1289665c68e6f36d5ed763cfa8	1.197215676408974	-0.820689023355941	0.4412818528979401	-1.8597842126667974	0.06291606185057612	0.2010762225163025	d__Bacteria	p__Bacillota	c__Bacilli	o__RF39	f__Incertae_Sedis	g__Incertae_Sedis	NA
bd6cf3f5a66cefd7b96fb6cf75d23cd2	1.0820666317319065	0.1178944279940427	0.5218381815055781	0.22592142961617018	0.821262530256972	NA	d__Bacteria	p__Bacillota	c__Bacilli	o__RF39	f__Incertae_Sedis	g__Incertae_Sedis	NA
177db53ded58fcf2915778bff9a04f2c	1.0531791811445184	0.002414296152872495	0.508193209024343	0.004750744618385579	0.9962094684751255	NA	d__Bacteria	p__Bacillota	c__Bacilli	o__RF39	f__Incertae_Sedis	g__Incertae_Sedis	NA
c7cf8a8f75d27cb64693299761833b87	1.0531791811445184	0.002414296152872495	0.508193209024343	0.004750744618385579	0.9962094684751255	NA	d__Bacteria	p__Bacillota	c__Bacilli	o__RF39	f__Incertae_Sedis	g__Incertae_Sedis	NA
c7710d6f144476667c42e65e2ec71053	1.0531791811445184	0.002414296152872495	0.508193209024343	0.004750744618385579	0.9962094684751255	NA	d__Bacteria	p__Actinomycetota	c__Coriobacteriia	o__Coriobacteriales	f__Eggerthellaceae	g__Incertae_Sedis	NA
df1e6d1f962b2d50683e9c049e77d49a	1.1394730633019505	-0.5450430314579541	0.45855454907010107	-1.1886111097648955	0.23459273404139724	NA	d__Bacteria	p__Actinomycetota	c__Coriobacteriia	o__Coriobacteriales	f__Eggerthellaceae	g__Incertae_Sedis	NA
ad71b192343facecd54843bccb0470da	1.8864820804594755	0.789510083599916	0.6122281133667574	1.2895684898529924	0.19720052206398123	0.43654140465200825	d__Bacteria	p__Actinomycetota	c__Coriobacteriia	o__Coriobacteriales	f__Eggerthellaceae	g__Adlercreutzia	NA
dffd7d5e83db17c6c0bce2832d77bec0	1.3255412619986322	0.8990746321416909	0.5231286682872234	1.718649132889912	0.08567827945981048	0.24842044615113526	d__Bacteria	p__Actinomycetota	c__Coriobacteriia	o__Coriobacteriales	f__Eggerthellaceae	g__Adlercreutzia	NA
557b236b805bd4ec867cc86bd78e4dd6	2.2514932927260336	-1.791542634372087	0.6147937353040943	-2.914054798372237	0.003567672755110121	0.02554836798458053	d__Bacteria	p__Actinomycetota	c__Coriobacteriia	o__Coriobacteriales	f__Eggerthellaceae	g__Berryella	NA
4f1ddb6e7d5befadf0b9ab146d9d037b	4.683269784360606	2.3468078535207284	0.8163557724270373	2.874736643980155	0.0040436462229569425	0.028573314701291774	d__Bacteria	p__Actinomycetota	c__Coriobacteriia	o__Coriobacteriales	f__Eggerthellaceae	g__Berryella	NA
4bcbefafa048c06a56a0d5196d864e14	1.153596363039288	-0.6189837774476367	0.4532668481491038	-1.3656056691002905	0.17206276623808411	NA	d__Bacteria	p__Actinomycetota	c__Coriobacteriia	o__Coriobacteriales	f__Eggerthellaceae	g__Adlercreutzia	NA
1b9ab7ba8573cbfe5f1a9f59f0b38ff4	8.450218041013077	0.2474159421723174	0.7672430239058705	0.32247401991715174	0.747093616515065	0.9979603417267243	d__Bacteria	p__Actinomycetota	c__Coriobacteriia	o__Coriobacteriales	f__Eggerthellaceae	g__Asaccharobacter	NA
0ef1d7890dcde5ea0b4f12dbc7cbaf9c	1.3266512374575938	0.002414818893573866	0.5650961226597875	0.004273288732203339	0.9965904192737822	0.9979603417267243	d__Bacteria	p__Actinomycetota	c__Coriobacteriia	o__Coriobacteriales	f__Eggerthellaceae	g__Adlercreutzia	NA
3114d42cc9f862a2a18d7e5efde7fa9b	2.3746986472666465	-0.3864283840632733	0.6035643302092546	-0.6402439056153291	0.5220140427398481	0.8675840866096852	d__Bacteria	p__Actinomycetota	c__Coriobacteriia	o__Coriobacteriales	f__Eggerthellaceae	g__Slackia	NA
ef07177917eb453f28d1d7fbc847fa52	1.1396456789067493	0.0024142948502077904	0.5107429895095299	0.004727024941695734	0.9962283938264382	NA	d__Bacteria	p__Actinomycetota	c__Coriobacteriia	o__Coriobacteriales	f__Eggerthellaceae	g__Slackia	NA
e673dc964cf400af5e4dbeb2991f4b11	7.4974243398517	0.3871021090407795	0.739274931880817	0.5236240163803992	0.6005400739721496	0.9635733216966671	d__Bacteria	p__Actinomycetota	c__Coriobacteriia	o__Coriobacteriales	f__Eggerthellaceae	g__Slackia	NA
a1a2a4326524ddcb86d54831586052d2	1.0963245241882698	0.24341058285429953	0.4948027479151105	0.49193458177006655	0.6227655904075876	NA	d__Bacteria	p__Actinomycetota	c__Coriobacteriia	o__Coriobacteriales	f__Eggerthellaceae	g__Slackia	NA
5630abcf2a0751973b520c34da2efded	1.0387304233561943	0.0024142986368403084	0.5079087647476208	0.004753410069700156	0.9962073417766869	NA	d__Bacteria	p__Actinomycetota	c__Coriobacteriia	o__Coriobacteriales	f__Eggerthellaceae	g__Slackia	NA
7465575a890dbec96aa2ef02b9b33c19	1.356060658400565	0.002414949429154467	0.5812266037230082	0.0041549189484543034	0.9966848638580372	0.9979603417267243	d__Bacteria	p__Actinomycetota	c__Coriobacteriia	o__Coriobacteriales	f__Eggerthellaceae	g__Senegalimassilia	NA
35195a80f6fb69ef8bd6827d1b045aad	5.62515750536593	-2.4023633768252854	0.7274342034720304	-3.3025163861677775	9.582148923729533e-4	0.010224152901619411	d__Bacteria	p__Actinomycetota	c__Coriobacteriia	o__Coriobacteriales	f__Eggerthellaceae	g__Senegalimassilia	NA
1e0296c7b89d1cd0d4d0bc8bf16822fc	1.0531791811445184	0.002414296152872495	0.508193209024343	0.004750744618385579	0.9962094684751255	NA	d__Bacteria	p__Actinomycetota	c__Coriobacteriia	o__Coriobacteriales	f__Eggerthellaceae	g__Senegalimassilia	NA
d8f492f56455891fe640d83e99eebe43	1.0531791811445184	0.002414296152872495	0.508193209024343	0.004750744618385579	0.9962094684751255	NA	d__Bacteria	p__Actinomycetota	c__Coriobacteriia	o__Coriobacteriales	f__Eggerthellaceae	g__Adlercreutzia	NA
b8f3e25d11280a9e2189700e107de07c	1.2264653244344912	0.0024144644182325296	0.5272237421147562	0.0045795821116625555	0.99634603491035445	0.9979603417267243	d__Bacteria	p__Actinomycetota	c__Coriobacteriia	o__Coriobacteriales	f__Eggerthellaceae	g__Adlercreutzia	NA
e1f30b1b47f80404147cdeb7df90687b	1.7027499636187822	0.002415242608543047	0.6402001217912722	0.0037726369088859706	0.9969898783972909	0.9979603417267243	d__Bacteria	p__Actinomycetota	c__Coriobacteriia	o__Coriobacteriales	f__Eggerthellaceae	g__Gordonibacter	NA
ca72a089674006d2e9cade617df3d5d7	1.8000705341567824	0.6135667308517374	0.5616846346112204	1.0923687297880742	0.27467106179848555	0.5187150848477594	d__Bacteria	p__Actinomycetota	c__Coriobacteriia	o__Coriobacteriales	f__Eggerthellaceae	g__Gordonibacter	NA
3a579525f44db2e200d4bb4391842139	1.1394035355022927	0.0024142947427769766	0.5107344413368646	0.004727103847661965	0.9962283308692895	NA	d__Bacteria	p__Actinomycetota	c__Coriobacteriia	o__Coriobacteriales	f__Eggerthellaceae	g__Gordonibacter	NA
7fbd34fbe0bb06c8ad8108a17c73bf3f	1.0531791811445184	0.002414296152872495	0.508193209024343	0.004750744618385579	0.9962094684751255	NA	d__Bacteria	p__Actinomycetota	c__Coriobacteriia	o__Coriobacteriales	f__Eggerthellaceae	g__Eggerthella	NA
fc063306a5517411b5a8ff299dc4d7ab	1.0387111791071326	0.0024142986317507334	0.5079083724409144	0.004753413731197337	0.9962073388552678	NA	d__Bacteria	p__Actinomycetota	c__Coriobacteriia	o__Coriobacteriales	f__Eggerthellaceae	g__Eggerthella	NA
2777193159876da0512cd81cdda506bc	1.1544292663324598	0.002414298259458398	0.5114245368259605	0.004720732162055009	0.9962334146821376	NA	d__Bacteria	p__Actinomycetota	c__Coriobacteriia	o__Coriobacteriales	f__Eggerthellaceae	g__Eggerthella	NA
42b57c0489629d2eaa592473f747682e	1.0387264241175567	0.002414298635782492	0.5079086832146646	0.004753410830667179	0.9962073411695299	NA	d__Bacteria	p__Actinomycetota	c__Coriobacteriia	o__Coriobacteriales	f__Eggerthellaceae	g__Eggerthella	NA
ac11726e4c3f29d2e1beb38dc31eb68e	5.264961932794773	3.8412424425941896	0.6956728615789771	5.5216218063698435	3.358848420451048e-8	2.7568394343240525e-6	d__Bacteria	p__Actinomycetota	c__Coriobacteriia	o__Coriobacteriales	f__Eggerthellaceae	g__Eggerthella	NA
629f41c0de31ba20f5d2b3f4c69e09c1	92.24441773941338	-0.2990698832264309	0.8395002459956933	-0.35624752303880225	0.7216552051137912	0.9979603417267243	d__Bacteria	p__Actinomycetota	c__Coriobacteriia	o__Coriobacteriales	f__Eggerthellaceae	g__Eggerthella	NA
871b99772b7ead3ed8a217f566729af6	4.463015944439175	0.9084542201710852	0.7409893316293258	1.2260017538626757	0.22019801502746006	0.4618923879148993	d__Bacteria	p__Actinomycetota	c__Coriobacteriia	o__Coriobacteriales	f__Coriobacteriales_Incertae_Sedis	g__Incertae_Sedis	NA
a2b9b9deddf3af6663a2c624e9cde107	2.0503654273877068	0.7904251018360858	0.6523935593253711	1.2115771079246256	0.2256743018520555	0.46217750494461274	d__Bacteria	p__Actinomycetota	c__Coriobacteriia	o__Coriobacteriales	f__Atopobiaceae	g__Olsenella	NA
2a394342d2a01c6285efc00378091b6d	1.1967634139867829	-0.8205655530440459	0.44125947758430134	-1.8595987049077698	0.06294232269957244	0.2010762225163025	d__Bacteria	p__Actinomycetota	c__Coriobacteriia	o__Coriobacteriales	f__Atopobiaceae	g__Parolsenella	NA
9a67e1965fe9ce8fed8d8fbe40c3ec36	3.5287061725278344	0.0024152950005334193	0.7943241406518294	0.003040691925278019	0.9975738825972323	0.9979603417267243	d__Bacteria	p__Actinomycetota	c__Coriobacteriia	o__Coriobacteriales	f__Coriobacteriaceae	g__Collinsella	NA
35cbb315e019e0a8768d4b73862df415	133.60086059260672	-1.2861715346838472	0.9472417695640659	-1.3578070309080241	0.174524923368508	0.4100365221935781	d__Bacteria	p__Actinomycetota	c__Coriobacteriia	o__Coriobacteriales	f__Coriobacteriaceae	g__Collinsella	NA
69659d7edd60cd37bbdc9e3bb7f77431	2.786286565427606	-2.4954619613463276	0.6939493927098622	-3.596028741521893	3.231121158751454e-4	0.004596808368517068	d__Bacteria	p__Actinomycetota	c__Coriobacteriia	o__Coriobacteriales	f__Coriobacteriaceae	g__Collinsella	NA
f99ab34daac23c1ed229622264a46113	1.327468089081191	0.0024148188141843155	0.5650961226519918	0.004273288591773713	0.9965904193858278	0.9979603417267243	d__Bacteria	p__Actinomycetota	c__Coriobacteriia	o__Coriobacteriales	f__Atopobiaceae	g__Incertae_Sedis	NA
a8778404029555f979afd941e00ddbb2	1.1966989339274532	0.5428465182618079	0.4846193455932092	1.120150326638992	0.262649707540737	0.5013367405115677	d__Bacteria	p__Actinomycetota	c__Coriobacteriia	o__Coriobacteriales	f__Atopobiaceae	g__Incertae_Sedis	NA
0c786d6e45f507c4b2a45db58952b19d	1.2697230558313652	0.002414428501006894	0.5253847226879697	0.004595543792469282	0.9963332994656885	0.9979603417267243	d__Bacteria	p__Actinomycetota	c__Coriobacteriia	o__Coriobacteriales	f__Atopobiaceae	g__Parolsenella	NA
5c8ab304c9598e43323adcc4607c798a	1.0531791811445184	0.002414296152872495	0.508193209024343	0.004750744618385579	0.9962094684751255	NA	d__Bacteria	p__Actinomycetota	c__Coriobacteriia	o__Coriobacteriales	f__Atopobiaceae	g__Lancefieldella	NA
1386a57247e2d8cf692503afab3209a5	1.1400090160052527	0.3503611823941721	0.49049802484680066	0.7142968261770307	0.47504365436751717	NA	d__Bacteria	p__Actinomycetota	c__Coriobacteriia	o__Coriobacteriales	f__Atopobiaceae	g__Lancefieldella	NA
f9612c98d79c37a803a973724113cef6	1.3862179972215465	1.0356499297146728	0.5237624498076098	1.977327565378334	0.048004615758913974	0.1709443277213002	d__Bacteria	p__Actinomycetota	c__Coriobacteriia	o__Coriobacteriales	f__Atopobiaceae	g__Lancefieldella	NA
5ab3a059593c2ae420d4f4ee3c3b18c8	1.0531791811445184	0.002414296152872495	0.508193209024343	0.004750744618385579	0.9962094684751255	NA	d__Bacteria	p__Actinomycetota	c__Coriobacteriia	o__Coriobacteriales	f__Atopobiaceae	g__Atopobium	NA
5cae10424570f575a812a5a31f5f1483	3.82732538780909	1.5521497086387734	0.6532791569716627	2.375936369734969	0.017504481086281394	0.08338072017438503	d__Bacteria	p__Actinomycetota	c__Coriobacteriia	o__Coriobacteriales	f__Atopobiaceae	g__Atopobium	NA
d80ecd40c3ec6b9051c0011e0d666990	5.778126697275897	-0.6762720036085119	0.7491722486360872	-0.9026922778302392	0.36668923599506614	0.6564721724945227	d__Bacteria	p__Actinomycetota	c__Coriobacteriia	o__Coriobacteriales	f__Atopobiaceae	g__Atopobium	NA
78f1224136a594084b29c27221ef08b9	1.3724171537269934	0.0024149440489307596	0.581226603209374	0.004154909695454579	0.9966848712407991	0.9979603417267243	d__Bacteria	p__Actinomycetota	c__Coriobacteriia	o__Coriobacteriales	f__Atopobiaceae	g__Lancefieldella	NA
f8a1fba13fea6294ac6a4f4071785e8a	13.637586437443476	1.6334458694435277	0.8352943960191933	1.9555331356562753	0.05052017626153705	0.17616022245444454	d__Bacteria	p__Actinomycetota	c__Coriobacteriia	o__Coriobacteriales	f__Atopobiaceae	NA	NA
5bcd2802f3d0f4991ce5bc148b25eb71	1.1682376906877614	-0.6894139033244315	0.44864933429568254	-1.5366430987950002	0.12438073228634584	NA	d__Bacteria	p__Actinomycetota	c__Coriobacteriia	o__Coriobacteriales	f__Atopobiaceae	NA	NA
ea61f39afc44bcb7887ad9b4fb0ab3ff	1.1399192499953223	0.0024142949717024034	0.5107526564645885	0.004726935711727995	0.9962284650208565	NA	d__Bacteria	p__Actinomycetota	c__Coriobacteriia	o__Coriobacteriales	f__Atopobiaceae	NA	NA
5f69e7570cbc0562106258b3252493c0	1.0387148832605266	-0.06470159141249184	0.5123241729176844	-0.1262903349729069	0.8995021065786138	NA	d__Bacteria	p__Actinomycetota	c__Coriobacteriia	o__Coriobacteriales	f__Atopobiaceae	g__Fannyhessea	NA
e09d949d7cec463caece6ea299532d89	1.0531791811445184	0.002414296152872495	0.508193209024343	0.004750744618385579	0.9962094684751255	NA	d__Bacteria	p__Actinomycetota	c__Coriobacteriia	o__Coriobacteriales	f__Atopobiaceae	g__Fannyhessea	NA
75995d3da38bc53cbe45c518f11ceae5	1.0531791811445184	0.002414296152872495	0.508193209024343	0.004750744618385579	0.9962094684751255	NA	d__Bacteria	p__Actinomycetota	c__Coriobacteriia	o__Coriobacteriales	f__Atopobiaceae	g__Fannyhessea	NA
0e1576434ee32820684481cac317c2c6	1.0531791811445184	0.002414296152872495	0.508193209024343	0.004750744618385579	0.9962094684751255	NA	d__Bacteria	p__Actinomycetota	c__Coriobacteriia	o__Coriobacteriales	f__Atopobiaceae	g__Fannyhessea	NA
80bbb02fb4e9ea0e27e3d4c776f8ad51	1.0531791811445184	0.002414296152872495	0.508193209024343	0.004750744618385579	0.9962094684751255	NA	d__Bacteria	p__Actinomycetota	c__Coriobacteriia	o__Coriobacteriales	f__Atopobiaceae	g__Fannyhessea	NA
a22c8ef72659b99e76dd5d4ec6b37843	36.4241991647034	-1.0718684015069713	0.969426138620219	-1.1056730975219609	0.2688680382785326	0.5104665424256126	d__Bacteria	p__Actinomycetota	c__Coriobacteriia	o__Coriobacteriales	f__Atopobiaceae	g__Fannyhessea	NA
79782755a18c72d86cf07428121c811d	1.615487525362901	-0.06474725060651793	0.6309980665765031	-0.10261085419453955	0.9182718279146358	0.9979603417267243	d__Bacteria	p__Actinomycetota	c__Coriobacteriia	o__Coriobacteriales	f__Atopobiaceae	g__Fannyhessea	NA
7427cc5ba277f690df113d56e5c6b538	1.0531791811445184	0.002414296152872495	0.508193209024343	0.004750744618385579	0.9962094684751255	NA	d__Bacteria	p__Actinomycetota	c__Coriobacteriia	o__Coriobacteriales	f__Incertae_Sedis	g__Incertae_Sedis	NA
7ec0dd1971b9aa3f61c5b3a5c3f5d3ca	1.1828001610626064	0.3503055752431312	0.4918505002243904	0.7122196177157815	0.47632879071514145	NA	d__Bacteria	p__Actinomycetota	c__Coriobacteriia	o__Coriobacteriales	f__Incertae_Sedis	g__Incertae_Sedis	NA
946a5449049244c3ee2bad73b5d83547	1.0531791811445184	0.002414296152872495	0.508193209024343	0.004750744618385579	0.9962094684751255	NA	d__Bacteria	p__Bacillota	c__Bacilli	o__Mycoplasmatales	f__Mycoplasmataceae	g__Mycoplasmopsis	NA
3ee2737f18047cff2f0d8eb20c8385c3	1.4141608524626699	0.002415128106166249	0.607080685057305	0.00397826543590046	0.9968258118026871	0.9979603417267243	d__Bacteria	p__Bacillota	c__Bacilli	o__Mycoplasmatales	f__Mycoplasmataceae	g__Mycoplasma	NA
58d48f7fae77eb29ab6dc15fd07b5dfc	1.1971900525376165	0.002414319329712939	0.5143084816507733	0.004694301991605721	0.996254502673414	0.9979603417267243	d__Bacteria	p__Verrucomicrobiota	c__Lentisphaeria	o__Victivallales	f__vadinBE97	g__Incertae_Sedis	NA
dc8b0b246ab81bc82c56543dd2d18b84	1.2969322790165172	0.002414501002203661	0.5325975392401406	0.004533443781299554	0.9963828475896581	0.9979603417267243	d__Bacteria	p__Verrucomicrobiota	c__Lentisphaeria	o__Victivallales	f__Victivallaceae	g__Victivallis	NA
822a0ee849989f75cc532cb3540de19a	1.6427710229360388	-1.618760276331847	0.49430289160207436	-3.274834729542686	0.0010572380557560181	0.010846855822035302	d__Bacteria	p__Verrucomicrobiota	c__Lentisphaeria	o__Victivallales	f__Victivallaceae	g__Victivallis	NA
16d139ad0f5d3f9e3b84cb43b9528b45	3.036912607414439	0.8779431082195537	0.6832159566928826	1.2850155205233362	0.19878686048657243	0.43733109307045936	d__Bacteria	p__Bacillota	c__Clostridia	o__Peptostreptococcales-Tissierellales	f__Family_XI	g__Ezakiella	NA
7960f9a6786b951809d1468b0f889a02	1.0531791811445184	0.002414296152872495	0.508193209024343	0.004750744618385579	0.9962094684751255	NA	d__Bacteria	p__Bacillota	c__Clostridia	o__Peptostreptococcales-Tissierellales	f__Family_XI	g__Ezakiella	NA
7172e3ecad730ff45cd546d57bf99510	1.1974084560283507	-0.8207416361891274	0.44129141475479255	-1.8598631397467356	0.06290489152251878	0.2010762225163025	d__Bacteria	p__Bacillota	c__Clostridia	o__Peptostreptococcales-Tissierellales	f__Family_XI	g__Ezakiella	NA
7fae613f7cc102eb5599d1caa6893bb9	386.61194940361634	0.08058444324360635	0.9573297331665003	0.08417626701832626	0.9329162873818427	0.9979603417267243	d__Bacteria	p__Bacillota	c__Clostridia	o__Peptostreptococcales-Tissierellales	f__Family_XI	g__Ezakiella	NA
f913d0daa2b8a949ecf86d443bce603d	1.0531791811445184	0.002414296152872495	0.508193209024343	0.004750744618385579	0.9962094684751255	NA	d__Bacteria	p__Bacillota	c__Clostridia	o__Peptostreptococcales-Tissierellales	f__Family_XI	g__Ezakiella	NA
c3270205a4f08b936a121ced76a19e3e	1.2402214252822914	0.002414535253307438	0.5339354331547242	0.004522148378580734	0.9963918599247144	0.9979603417267243	d__Bacteria	p__Bacillota	c__Clostridia	o__Peptostreptococcales-Tissierellales	f__Family_XI	g__Ezakiella	NA
e9622da5cb92d2ab6bf19953447a7ff5	1.2696578684174982	0.0024144284121529335	0.5253768762262937	0.004595612257424469	0.9963332448391347	0.9979603417267243	d__Bacteria	p__Bacillota	c__Clostridia	o__Peptostreptococcales-Tissierellales	f__Family_XI	g__Ezakiella	NA
14d0d57ff9ee90927a8c2ea4bc946ba0	2.5502199552190845	-0.2319313220541632	0.589002130952247	-0.39376992011760126	0.6937509141764353	0.9979603417267243	d__Bacteria	p__Bacillota	c__Clostridia	o__Peptostreptococcales-Tissierellales	f__Family_XI	g__Fenollaria	NA
24765397c72c219356beaf671e3aaad8	1.1397167460748174	0.002414294881756867	0.510745499799897	0.004727001770358729	0.9962284123142838	NA	d__Bacteria	p__Bacillota	c__Clostridia	o__Peptostreptococcales-Tissierellales	f__Family_XI	g__Fenollaria	NA
3abe55788097bd9e5b181f0fd50bedff	1.1544806551487083	0.40099409886744597	0.4885731079104317	0.8207453344750173	0.41179134217766894	NA	d__Bacteria	p__Bacillota	c__Clostridia	o__Peptostreptococcales-Tissierellales	f__Family_XI	g__Fenollaria	NA
1ae9f0a22044e47d735c9f56d4eabe7c	1.2406772384935	-0.9976496599961585	0.4351062683917184	-2.292887352976474	0.021854491124965004	0.097204032051410455	d__Bacteria	p__Bacillota	c__Clostridia	o__Peptostreptococcales-Tissierellales	f__Family_XI	g__Fenollaria	NA
cea8e1a84a635bb445ef1b9240ca0288	1.1396310562821548	0.0024142948437172714	0.5107424730804602	0.0047270297086432714	0.9962283900230069	NA	d__Bacteria	p__Bacillota	c__Clostridia	o__Peptostreptococcales-Tissierellales	f__Family_XI	g__Fenollaria	NA
4412be52a441ed1fc13bfc8f6a7262f5	1.1400090160052527	0.3503611823941721	0.49049802484680066	0.7142968261770307	0.47504365436751717	NA	d__Bacteria	p__Bacillota	c__Clostridia	o__Peptostreptococcales-Tissierellales	f__Family_XI	g__Fenollaria	NA
a0d739c6c1b016cb7e8a0eb07ffa4d88	1.2698493395415469	0.7525232208123256	0.5072115766735338	1.4836475652776482	0.1379024436068949	0.35960153981584003	d__Bacteria	p__Bacillota	c__Clostridia	o__Peptostreptococcales-Tissierellales	f__Family_XI	g__Fenollaria	NA
052ed87a5bce8789c20b59effda065d6	1106.3020234800276	0.23187406236153774	1.0330078223806929	0.22446496274070374	0.8223955270258918	0.9979603417267243	d__Bacteria	p__Bacillota	c__Clostridia	o__Peptostreptococcales-Tissierellales	f__Family_XI	g__Fenollaria	NA
603c708a04bad70ea8e5099a5197c62a	1.0531791811445184	0.002414296152872495	0.508193209024343	0.004750744618385579	0.9962094684751255	NA	d__Bacteria	p__Bacillota	c__Clostridia	o__Peptostreptococcales-Tissierellales	f__Family_XI	g__Fenollaria	NA
6f824b7c90f7e6f9f761b446247e9ec5	1.0531791811445184	0.002414296152872495	0.508193209024343	0.004750744618385579	0.9962094684751255	NA	d__Bacteria	p__Bacillota	c__Clostridia	o__Peptostreptococcales-Tissierellales	f__Family_XI	g__Fenollaria	NA
b79da6351eafa397e464a8aaa687a970	3.0825392044022504	-0.06472668477746135	0.800981672864196	-0.08080919572854642	0.9355936948557995	0.9979603417267243	d__Bacteria	p__Bacillota	c__Clostridia	o__Peptostreptococcales-Tissierellales	f__Family_XI	g__Fenollaria	NA
430717e69510d86450e1111e1d25744b	1.1395063707465674	0.3503077419411993	0.490482260459187	0.714210829181147	0.4750968215718361	NA	d__Bacteria	p__Bacillota	c__Clostridia	o__Peptostreptococcales-Tissierellales	f__Family_XI	g__Fenollaria	NA
6e40593253a55e1ea76004b6e99f2345	1.2829139536921412	-1.1546462450777706	0.43499447665103463	-2.654392887852831	0.007945125933387216	0.046836736855934584	d__Bacteria	p__Bacillota	c__Clostridia	o__Peptostreptococcales-Tissierellales	f__Family_XI	g__Fenollaria	NA
9f6ab14a559dfaa21b2cd4899b691e56	1.2408222892008858	-0.997707295907942	0.435118574830538	-2.292954963590122	0.021850597930941493	0.097204032051410455	d__Bacteria	p__Bacillota	c__Clostridia	o__Peptostreptococcales-Tissierellales	f__Family_XI	g__Fenollaria	NA
eebdf542c58b46b9406e8329ec3c4637	2.526845377458356	-0.06472280823737543	0.729355636669237	-0.08873971075749326	0.9292887723897368	0.9979603417267243	d__Bacteria	p__Bacillota	c__Clostridia	o__Peptostreptococcales-Tissierellales	f__Family_XI	g__Anaerococcus	NA
9287624e38c5245c85f53198acc6a7f3	1.0386805954253815	0.0024142986236636763	0.5079077491181309	0.004753419548836517	0.9962073342135158	NA	d__Bacteria	p__Bacillota	c__Clostridia	o__Peptostreptococcales-Tissierellales	f__Family_XI	g__Anaerococcus	NA
788d568979c4dff8ffc0dd1a378be1d4	7.351506256378062	-1.715637278756748	0.8503315888177756	-2.017609719923513	0.04363192377608482	0.16137720528280095	d__Bacteria	p__Bacillota	c__Clostridia	o__Peptostreptococcales-Tissierellales	f__Family_XI	g__Anaerococcus	NA
f230bdda6982543843a76e67de7a65c2	1.2412150536364093	0.0024145352051295832	0.5339354331497179	0.004522148288391523	0.9963918599966742	0.9979603417267243	d__Bacteria	p__Bacillota	c__Clostridia	o__Peptostreptococcales-Tissierellales	f__Family_XI	g__Anaerococcus	NA
f42309a74e8f72143785a7207584b6f7	1.5297493974770435	0.4499752578550377	0.5859295617324385	0.7679681778208631	0.4425060907627944	0.7689804541431623	d__Bacteria	p__Bacillota	c__Clostridia	o__Peptostreptococcales-Tissierellales	f__Family_XI	g__Anaerococcus	NA
9e3e61ab8f8501e49dfd6f9a0af91d14	1.1542627647303358	0.002414298177457794	0.5114179751840832	0.004720792570086681	0.9962333664840388	NA	d__Bacteria	p__Bacillota	c__Clostridia	o__Peptostreptococcales-Tissierellales	f__Family_XI	g__Anaerococcus	NA
47a42cdd96afc4578f7d8f074330189c	1.2839460209586495	-1.155241589572192	0.43512446367513424	-2.654968143631428	0.007931589847003238	0.046836736855934584	d__Bacteria	p__Bacillota	c__Clostridia	o__Peptostreptococcales-Tissierellales	f__Family_XI	g__Anaerococcus	NA
c67ba62f34a05261ea7a810ff643a52c	1.6584382408889171	-1.297231922252142	0.49097505180287265	-2.642154458742199	0.008238047727104212	0.04777172241750106	d__Bacteria	p__Bacillota	c__Clostridia	o__Peptostreptococcales-Tissierellales	f__Family_XI	g__Anaerococcus	NA
304a8d1fb0f5543cf1c23064bfe3691c	1.3560981701725008	-0.7565277943451005	0.4705517010027186	-1.6077463809672419	0.10789073601888848	0.3013597260004031	d__Bacteria	p__Bacillota	c__Clostridia	o__Peptostreptococcales-Tissierellales	f__Family_XI	g__Anaerococcus	NA
715ccce623a963888d484f969b745fb4	1.1399871933688324	0.35035886830268415	0.4904973393405893	0.7142931066123552	0.47504595390184584	NA	d__Bacteria	p__Bacillota	c__Clostridia	o__Peptostreptococcales-Tissierellales	f__Family_XI	g__Anaerococcus	NA
c87a2ef0523bf10d944f583fa016f47c	2.1037954922667983	-0.5927488647278548	0.5850040341617723	-1.01323893531295	0.3109460471539714	0.5740128586735077	d__Bacteria	p__Bacillota	c__Clostridia	o__Peptostreptococcales-Tissierellales	f__Family_XI	g__Anaerococcus	NA
528ab10d1f4195ae040d8149f1be1af4	1.3123128213566124	0.29783924566556136	0.5108773965251496	0.5829955439238135	0.5598962999890391	0.9148688393389047	d__Bacteria	p__Bacillota	c__Clostridia	o__Peptostreptococcales-Tissierellales	f__Family_XI	g__Anaerococcus	NA
8e851827f73a9f45b0e5eb402d1c6dd6	1.0531791811445184	0.002414296152872495	0.508193209024343	0.004750744618385579	0.9962094684751255	NA	d__Bacteria	p__Bacillota	c__Clostridia	o__Peptostreptococcales-Tissierellales	f__Family_XI	g__Anaerococcus	NA
9b635c4f805812ff3e6832bb0d935664	1.1679416747385407	-0.6893491160702484	0.4486391258518825	-1.5365336555551241	0.12440755000425709	NA	d__Bacteria	p__Bacillota	c__Clostridia	o__Peptostreptococcales-Tissierellales	f__Family_XI	g__Anaerococcus	NA
9bd1761724db49a597b265155c67be67	1.1538942356802422	0.0024142979961525057	0.51140346707478	0.004720926140689372	0.9962332599113047	NA	d__Bacteria	p__Bacillota	c__Clostridia	o__Peptostreptococcales-Tissierellales	f__Family_XI	g__Anaerococcus	NA
d15c69c018176668bebdf9675ee30a97	1.2402214252822914	0.0024145352533073965	0.5339354331547242	0.004522148378580656	0.9963918599247144	0.9979603417267243	d__Bacteria	p__Bacillota	c__Clostridia	o__Peptostreptococcales-Tissierellales	f__Family_XI	g__Anaerococcus	NA
f078b805ae7ae7d060ca5a646764a066	1.1397167460748179	-0.5450866359153479	0.4585606293705677	-1.1886904391760542	0.23456150425722863	NA	d__Bacteria	p__Bacillota	c__Clostridia	o__Peptostreptococcales-Tissierellales	f__Family_XI	g__Anaerococcus	NA
4245fe74d6dc62e222f933d3dc8502f5	4.7281247568322184	-0.8221381912817833	0.8221472096744148	-0.9999890306838906	0.3173158163987624	0.5837516829266887	d__Bacteria	p__Bacillota	c__Clostridia	o__Peptostreptococcales-Tissierellales	f__Family_XI	g__Anaerococcus	NA
47dd73619a45151ac47a3f6b6958806a	1.0387111791071328	-0.06470180310896166	0.5123241122837631	-0.1262907631275512	0.8995017676740841	NA	d__Bacteria	p__Bacillota	c__Clostridia	o__Peptostreptococcales-Tissierellales	f__Family_XI	g__Anaerococcus	NA
00250e4a9d4f542d986024e1d3f39698	2.749141943746574	-3.326380384970132	0.5857752273548048	-5.678595184011322	1.3580545555641737e-8	1.3173129188972484e-6	d__Bacteria	p__Bacillota	c__Clostridia	o__Peptostreptococcales-Tissierellales	f__Family_XI	g__Anaerococcus	NA
d27e69147b6544e42209d95079709ad0	1.0531791811445184	0.002414296152872495	0.508193209024343	0.004750744618385579	0.9962094684751255	NA	d__Bacteria	p__Bacillota	c__Clostridia	o__Peptostreptococcales-Tissierellales	f__Family_XI	g__Anaerococcus	NA
98a53a418e0d1e1de9c6dad84fa74ea6	1.4301424098420827	0.002415040267409762	0.5958929409257481	0.004052808988906433	0.996766335132169	0.9979603417267243	d__Bacteria	p__Bacillota	c__Clostridia	o__Peptostreptococcales-Tissierellales	f__Family_XI	g__Anaerococcus	NA
ffed48f6d64de2ee1ab14eddbed19a25	1.4141919796652946	0.002415045549319096	0.5958929414175856	0.004052817849417514	0.996766328062562	0.9979603417267243	d__Bacteria	p__Bacillota	c__Clostridia	o__Peptostreptococcales-Tissierellales	f__Family_XI	g__Anaerococcus	NA
ffd4ea9badc36f6b52beeeb679539fea	1.2416607954933006	0.002414371340007296	0.5197465908080373	0.004645285573213154	0.9962936116904444	0.9979603417267243	d__Bacteria	p__Bacillota	c__Clostridia	o__Peptostreptococcales-Tissierellales	f__Family_XI	g__Anaerococcus	NA
a63aaf1c1a9cfb4676d4db578720075d	2.6866200926894668	-2.759460306405215	0.6444642390656031	-4.281789646553711	1.8539619943832492e-5	4.208888187248781e-4	d__Bacteria	p__Bacillota	c__Clostridia	o__Peptostreptococcales-Tissierellales	f__Family_XI	g__Anaerococcus	NA
fba8de101f066a8890971d3249317685	2.4106582865769455	0.9363587028290669	0.691686653812814	1.3537324996333768	0.17582173558819714	0.4100365221935781	d__Bacteria	p__Bacillota	c__Clostridia	o__Peptostreptococcales-Tissierellales	f__Family_XI	g__Anaerococcus	NA
b246a8c4be47f5eaeb15c5791494436e	1.0387111791071328	0.0024142986317507533	0.507908372440913	0.004753413731197389	0.9962073388552678	NA	d__Bacteria	p__Bacillota	c__Clostridia	o__Peptostreptococcales-Tissierellales	f__Family_XI	g__Anaerococcus	NA
72ae78c3cce8ad073a58287a92160f34	1.0531791811445184	0.002414296152872495	0.508193209024343	0.004750744618385579	0.9962094684751255	NA	d__Bacteria	p__Bacillota	c__Clostridia	o__Peptostreptococcales-Tissierellales	f__Family_XI	g__Anaerococcus	NA
49558ae4f9539ab4bd70a10f555aa675	1.0387186569978308	-0.06470137561885686	0.5123242346852679	-0.12628989854170056	0.8995024520344506	NA	d__Bacteria	p__Bacillota	c__Clostridia	o__Peptostreptococcales-Tissierellales	f__Family_XI	g__Anaerococcus	NA
732cc7b3829202576424e8d3c65f0036	1.0531791811445184	0.002414296152872495	0.508193209024343	0.004750744618385579	0.9962094684751255	NA	d__Bacteria	p__Bacillota	c__Clostridia	o__Peptostreptococcales-Tissierellales	f__Family_XI	g__Anaerococcus	NA
9ee9d7f1e7a96963f1ee2668f858fced	538.7027549259298	-1.2331784847480514	0.8508026947271666	-1.4494294533746206	0.14721768831961507	0.3711613793266642	d__Bacteria	p__Bacillota	c__Clostridia	o__Peptostreptococcales-Tissierellales	f__Family_XI	g__Anaerococcus	NA
3b033258840679f74d766028fa8e4444	1.0531791811445184	0.002414296152872495	0.508193209024343	0.004750744618385579	0.9962094684751255	NA	d__Bacteria	p__Bacillota	c__Clostridia	o__Peptostreptococcales-Tissierellales	f__Family_XI	g__Anaerococcus	NA
2befe06b9ecba8d514ca6df80d9063c0	1.0531791811445184	0.002414296152872495	0.508193209024343	0.004750744618385579	0.9962094684751255	NA	d__Bacteria	p__Bacillota	c__Clostridia	o__Peptostreptococcales-Tissierellales	f__Family_XI	g__Anaerococcus	NA
5c00c5392eb1579c10484810f2494077	1.1402440827579208	0.002414295116129301	0.5107641476767504	0.004726829647521084	0.9962285496469042	NA	d__Bacteria	p__Bacillota	c__Clostridia	o__Peptostreptococcales-Tissierellales	f__Family_XI	g__Anaerococcus	NA
13c1b2a8c491cf3fba2fa50e45717450	122.45634127805815	-1.075381447788391	0.8791984335757252	-1.2231384937923329	0.22127739166205965	0.4618923879148993	d__Bacteria	p__Bacillota	c__Clostridia	o__Peptostreptococcales-Tissierellales	f__Family_XI	g__Anaerococcus	NA
8b347740b250e572d99f77d9442388ce	2.3223621666622325	-0.19245591649508315	0.5754793040550118	-0.3344271725133763	0.7380572379001598	0.9979603417267243	d__Bacteria	p__Bacillota	c__Clostridia	o__Peptostreptococcales-Tissierellales	f__Family_XI	g__Anaerococcus	NA
8801f26a5b321b116087b50306effdaf	1.0531791811445184	0.002414296152872495	0.508193209024343	0.004750744618385579	0.9962094684751255	NA	d__Bacteria	p__Bacillota	c__Clostridia	o__Peptostreptococcales-Tissierellales	f__Family_XI	g__Anaerococcus	NA
6cf458010f9f1a3339b81aeb41dc5819	1.0531791811445184	0.002414296152872495	0.508193209024343	0.004750744618385579	0.9962094684751255	NA	d__Bacteria	p__Bacillota	c__Clostridia	o__Peptostreptococcales-Tissierellales	f__Family_XI	g__Anaerococcus	NA
73c6f4b96520abb5610c7fd0043dec65	1.1396310562821548	0.002414294843717261	0.5107424730804602	0.004727029708643251	0.996228390023007	NA	d__Bacteria	p__Bacillota	c__Clostridia	o__Peptostreptococcales-Tissierellales	f__Family_XI	g__Anaerococcus	NA
2ddd42722497082a323c3317657ae6c0	12.326294376158465	-2.389270281000085	0.8630423000491204	-2.7684277825827297	0.005632746753055008	0.036401345906361626	d__Bacteria	p__Bacillota	c__Clostridia	o__Peptostreptococcales-Tissierellales	f__Family_XI	g__Anaerococcus	NA
46e9544e9c5e7ed6d90a7b50a8a9c990	33.753662747421586	-3.0130907126761386	0.9674640312396966	-3.114421431063645	0.0018430603525617676	0.016401767488835733	d__Bacteria	p__Bacillota	c__Clostridia	o__Peptostreptococcales-Tissierellales	f__Family_XI	g__Anaerococcus	NA
1f1ce81caa3ef7500d4a91b484de8bfd	2.348936317147033	-1.3575223727698316	0.5588896221075104	-2.428963285542441	0.01514206560715123	0.07492945174666904	d__Bacteria	p__Bacillota	c__Clostridia	o__Peptostreptococcales-Tissierellales	f__Family_XI	g__Anaerococcus	NA
665cdf4f926f0d35ee50f8a7aa7f8864	1.0386805954253813	-0.06470354653902072	0.5123236114550498	-0.12629428957071925	0.8994989763292248	NA	d__Bacteria	p__Bacillota	c__Clostridia	o__Peptostreptococcales-Tissierellales	f__Family_XI	g__Anaerococcus	NA
8142e3d90b86f98cd298120b2451382e	1.0387075420010623	0.002414298630789	0.5079082983040794	0.004753414423135857	0.996207338303187	NA	d__Bacteria	p__Bacillota	c__Clostridia	o__Peptostreptococcales-Tissierellales	f__Family_XI	g__Anaerococcus	NA
c94824cf26ea1b773e01944b5cbc567e	1.3272148034237992	-1.2973281170049351	0.4400117106183304	-2.9483945215500134	0.003194291251412866	0.0233820501266853	d__Bacteria	p__Bacillota	c__Clostridia	o__Peptostreptococcales-Tissierellales	f__Family_XI	g__Anaerococcus	NA
21e80ad562b3b4707c7d6dd7a922fd92	1.1395063707465674	0.0024142947883892592	0.5107380706925048	0.004727070345697434	0.9962283575996911	NA	d__Bacteria	p__Bacillota	c__Clostridia	o__Peptostreptococcales-Tissierellales	f__Family_XI	g__Anaerococcus	NA
e90fc6f2d0779677454c887c9ca6c93b	1.0387075420010623	0.002414298630789	0.5079082983040794	0.004753414423135857	0.996207338303187	NA	d__Bacteria	p__Bacillota	c__Clostridia	o__Peptostreptococcales-Tissierellales	f__Family_XI	g__Peptoniphilus	NA
e8f506b37852bebb7e958b1fb38be050	6.218739955078984	-1.4533197158786526	0.779763406126476	-1.863795741708514	0.062350393984888466	0.2010762225163025	d__Bacteria	p__Bacillota	c__Clostridia	o__Peptostreptococcales-Tissierellales	f__Family_XI	g__Peptoniphilus	NA
c2e73478ff744a3b76d4b751dcf209f7	1.1682821006139168	0.44982440011265795	0.48692065417623387	0.9238145809888987	0.3555828622729257	NA	d__Bacteria	p__Bacillota	c__Clostridia	o__Peptostreptococcales-Tissierellales	f__Family_XI	g__Peptoniphilus	NA
bbb8d1631aaa8c5aea559ef512d52027	1.2549002231323367	0.002414396548381731	0.5222546658314873	0.0046230253291040385	0.996311372604826	0.9979603417267243	d__Bacteria	p__Bacillota	c__Clostridia	o__Peptostreptococcales-Tissierellales	f__Family_XI	g__Peptoniphilus	NA
19a779b06d85c489c23dcd3d3817226b	447.3891853922426	1.143591874782821	1.0678201048415745	1.0709593025994657	0.2841877291523086	0.5319794859745848	d__Bacteria	p__Bacillota	c__Clostridia	o__Peptostreptococcales-Tissierellales	f__Family_XI	g__Peptoniphilus	NA
49f8a2deb917a11a9db91dba69b14ef8	1.0531791811445184	0.002414296152872495	0.508193209024343	0.004750744618385579	0.9962094684751255	NA	d__Bacteria	p__Bacillota	c__Clostridia	o__Peptostreptococcales-Tissierellales	f__Family_XI	g__Peptoniphilus	NA
e595115ea036045e11142e00a5650d2e	5.4188162850982495	1.2424517121665855	0.7352264889983052	1.6898897560931723	0.0910490477657963	0.26115412356479745	d__Bacteria	p__Bacillota	c__Clostridia	o__Peptostreptococcales-Tissierellales	f__Family_XI	g__Peptoniphilus	NA
625305f2606f4b51ae832a2a1ec34c06	2.17722402253264	1.8818083025985692	0.6429560328362203	2.926807132203892	0.0034246118099122516	0.024689600007948464	d__Bacteria	p__Bacillota	c__Clostridia	o__Peptostreptococcales-Tissierellales	f__Family_XI	g__Peptoniphilus	NA
bb45c5b15adb459a9c8865d055cc3170	1.2851565526507118	0.0024144658939595732	0.5290581720571158	0.00456370588620057	0.9963587021731611	0.9979603417267243	d__Bacteria	p__Bacillota	c__Clostridia	o__Peptostreptococcales-Tissierellales	f__Family_XI	g__Peptoniphilus	NA
f8f8263590c6b2a3b8000d05647efdae	1.0531791811445184	0.002414296152872495	0.508193209024343	0.004750744618385579	0.9962094684751255	NA	d__Bacteria	p__Bacillota	c__Clostridia	o__Peptostreptococcales-Tissierellales	f__Family_XI	g__Peptoniphilus	NA
90a9fb8aa0250e153dcc950cef478ff0	1.5253461983490548	-0.06473991154565836	0.6398200010109217	-0.10118456979051715	0.9194039453722438	0.9979603417267243	d__Bacteria	p__Bacillota	c__Clostridia	o__Peptostreptococcales-Tissierellales	f__Family_XI	g__Peptoniphilus	NA
a1f9cfde6161fd628689e6a401f94f26	9.320666629883043	2.417719303228254	0.8626249907305332	2.802746650292098	0.005066945534216598	0.033918270422357996	d__Bacteria	p__Bacillota	c__Clostridia	o__Peptostreptococcales-Tissierellales	f__Family_XI	g__Peptoniphilus	NA
2a0ebf193a933caf68cbbc0d3b4b7fb5	1.0531791811445184	0.002414296152872495	0.508193209024343	0.004750744618385579	0.9962094684751255	NA	d__Bacteria	p__Bacillota	c__Clostridia	o__Peptostreptococcales-Tissierellales	f__Family_XI	g__Peptoniphilus	NA
d0b09c7277dcd988f49c2aa01c992225	1.1682821006139166	0.0024143028684354088	0.512195466383615	0.0047136357638651715	0.9962390767256948	NA	d__Bacteria	p__Bacillota	c__Clostridia	o__Peptostreptococcales-Tissierellales	f__Family_XI	g__Peptoniphilus	NA
8dcd9a05c4d622f52849288b5f39e0cf	1.1976667590277579	-0.8208121159769333	0.4413042492820842	-1.8599687569567576	0.06288994638028682	0.2010762225163025	d__Bacteria	p__Bacillota	c__Clostridia	o__Peptostreptococcales-Tissierellales	f__Family_XI	g__Peptoniphilus	NA
a4bed684456f31629915b161545404c7	1.2557312096679165	0.002414397576824849	0.5223435571791274	0.004622240561104268	0.9963119987524068	0.9979603417267243	d__Bacteria	p__Bacillota	c__Clostridia	o__Peptostreptococcales-Tissierellales	f__Family_XI	g__Peptoniphilus	NA
9398ad242a77ae05cc0f9215b14d0c83	1.1397836925551494	-0.5450985953632415	0.45856230323585856	-1.188712180475231	0.23455294582617675	NA	d__Bacteria	p__Bacillota	c__Clostridia	o__Peptostreptococcales-Tissierellales	f__Family_XI	g__Peptoniphilus	NA
09ded90ea9850eb8dd5be29f6ea5a490	1.0531791811445184	0.002414296152872495	0.508193209024343	0.004750744618385579	0.9962094684751255	NA	d__Bacteria	p__Bacillota	c__Clostridia	o__Peptostreptococcales-Tissierellales	f__Family_XI	g__Peptoniphilus	NA
f7e320ededd055705b5f95b915ce3327	1.3560606584005657	-1.3848392860403633	0.4446515145232072	-3.114437353317698	0.0018429608835194176	0.016401767488835733	d__Bacteria	p__Bacillota	c__Clostridia	o__Peptostreptococcales-Tissierellales	f__Family_XI	g__Peptoniphilus	NA
d2fade2384e876f54ba4056ee01e09a1	1.0531791811445184	0.002414296152872495	0.508193209024343	0.004750744618385579	0.9962094684751255	NA	d__Bacteria	p__Bacillota	c__Clostridia	o__Peptostreptococcales-Tissierellales	f__Family_XI	g__Peptoniphilus	NA
e7654dc47ae14f609d0131e15f2bfaf2	1.0387345039180496	-0.06470046811600559	0.5123244940043232	-0.12628806327471748	0.8995039047348368	NA	d__Bacteria	p__Bacillota	c__Clostridia	o__Peptostreptococcales-Tissierellales	f__Family_XI	g__Peptoniphilus	NA
aa22fecd7d0e82e1a3dd1edc401debf1	1.212286457868426	0.5874380113030226	0.4841288444062628	1.2133918854255803	0.22498002726925487	0.4618923879148993	d__Bacteria	p__Bacillota	c__Clostridia	o__Peptostreptococcales-Tissierellales	f__Family_XI	g__Peptoniphilus	NA
ad00ae04ff50b034db76204ce8908655	1.1397706560537104	0.002414294905695041	0.5107474044957512	0.004726984189138694	0.9962284263419111	NA	d__Bacteria	p__Bacillota	c__Clostridia	o__Peptostreptococcales-Tissierellales	f__Family_XI	g__Peptoniphilus	NA
b407c0316dbd17ba50708ee7a6bb48e6	493.725420066743	0.25773350619190516	0.8798690286420374	0.29292258029548224	0.7695813289208766	0.9979603417267243	d__Bacteria	p__Bacillota	c__Clostridia	o__Peptostreptococcales-Tissierellales	f__Family_XI	g__Peptoniphilus	NA
e9c67e1d1c6da1b7579341310d0aa5d3	1.1836664526167522	0.0024143104296782225	0.5131991748813117	0.004704431627811138	0.9962464204823235	NA	d__Bacteria	p__Bacillota	c__Clostridia	o__Peptostreptococcales-Tissierellales	f__Family_XI	g__Peptoniphilus	NA
7fb08fa9b7b2eef6a3db57d0de769227	195.51276187797794	1.517209128104886	0.9741010825479136	1.5575479334612672	0.11934044940114587	0.3224395888154292	d__Bacteria	p__Bacillota	c__Clostridia	o__Peptostreptococcales-Tissierellales	f__Family_XI	g__Peptoniphilus	NA
b2574632cd105083065793a728d40c81	1405.061961097538	-0.6832493990296861	0.8114951716428384	-0.8419636036114374	0.3998083264730908	0.7109924739113131	d__Bacteria	p__Bacillota	c__Clostridia	o__Peptostreptococcales-Tissierellales	f__Family_XI	g__Peptoniphilus	NA
2899243bc8281851532fdb9d22e646ea	1.0531791811445184	0.002414296152872495	0.508193209024343	0.004750744618385579	0.9962094684751255	NA	d__Bacteria	p__Bacillota	c__Clostridia	o__Peptostreptococcales-Tissierellales	f__Family_XI	g__Peptoniphilus	NA
dddc3b9b23ab1e5901e392b65a023846	1.0387264241175567	-0.06470093108887286	0.5123243617984352	-0.12628899953488504	0.8995031636407089	NA	d__Bacteria	p__Bacillota	c__Clostridia	o__Peptostreptococcales-Tissierellales	f__Family_XI	g__Peptoniphilus	NA
2e0153baf73c39ef129e2b1f30eec231	1.0531791811445184	0.002414296152872495	0.508193209024343	0.004750744618385579	0.9962094684751255	NA	d__Bacteria	p__Bacillota	c__Clostridia	o__Peptostreptococcales-Tissierellales	f__Family_XI	g__Peptoniphilus	NA
c1c7e161e750636f4e9fe462583252c1	2.0681111124622262	0.05106408524122219	0.7291159337072484	0.07003561831598269	0.9441653099119733	0.9979603417267243	d__Bacteria	p__Bacillota	c__Clostridia	o__Peptostreptococcales-Tissierellales	f__Family_XI	g__Peptoniphilus	NA
49335daf329096054e8f188cdb2b10a8	1.0531791811445184	0.002414296152872495	0.508193209024343	0.004750744618385579	0.9962094684751255	NA	d__Bacteria	p__Bacillota	c__Clostridia	o__Peptostreptococcales-Tissierellales	f__Family_XI	g__Peptoniphilus	NA
9b10f503dda70720d0983a89341fcd03	1.2410650224950215	0.002414535212376542	0.5339354331504718	0.0045221483019578625	0.9963918599858499	0.9979603417267243	d__Bacteria	p__Bacillota	c__Clostridia	o__Peptostreptococcales-Tissierellales	f__Family_XI	g__Peptoniphilus	NA
e432f9c3b06de686fd200475617ec5b8	1.0531791811445184	0.002414296152872495	0.508193209024343	0.004750744618385579	0.9962094684751255	NA	d__Bacteria	p__Bacillota	c__Clostridia	o__Peptostreptococcales-Tissierellales	f__Family_XI	g__Peptoniphilus	NA
fc8c61060b93b4670fe0b70d6bd1b57a	1.0387264241175567	-0.06470093108887286	0.5123243617984352	-0.12628899953488504	0.8995031636407089	NA	d__Bacteria	p__Bacillota	c__Clostridia	o__Peptostreptococcales-Tissierellales	f__Family_XI	g__Peptoniphilus	NA
ebfa2bf5f3b4bcbc56de0128026b4ace	45.21840704228829	1.7777398643889188	0.961645851408281	1.848642992412966	0.06450938040388356	0.2048556812230469	d__Bacteria	p__Bacillota	c__Clostridia	o__Peptostreptococcales-Tissierellales	f__Family_XI	g__Peptoniphilus	NA
4983159bdb7e4d27fb39c7363c992ffb	1.0531791811445184	0.002414296152872495	0.508193209024343	0.004750744618385579	0.9962094684751255	NA	d__Bacteria	p__Bacillota	c__Clostridia	o__Peptostreptococcales-Tissierellales	f__Family_XI	g__Peptoniphilus	NA
b270c275c943841ada8dd7b126594834	2.3672982112899654	-2.3633277812044424	0.6237670987378419	-3.7887983928400604	1.5137769535228032e-4	0.0025237500147012987	d__Bacteria	p__Bacillota	c__Clostridia	o__Peptostreptococcales-Tissierellales	f__Family_XI	g__Peptoniphilus	NA
cc26910beda4c34d311783ea2c9c1818	1.0531791811445184	0.002414296152872495	0.508193209024343	0.004750744618385579	0.9962094684751255	NA	d__Bacteria	p__Bacillota	c__Clostridia	o__Peptostreptococcales-Tissierellales	f__Family_XI	g__Peptoniphilus	NA
8523b98a8304aef5a4b0a9e36c453bf5	1.6452401707185913	0.0024153415351876257	0.6548640889021501	0.003688309644886523	0.9970571613511	0.9979603417267243	d__Bacteria	p__Bacillota	c__Clostridia	o__Peptostreptococcales-Tissierellales	f__Family_XI	g__Peptoniphilus	NA
c89fca06fceb56d07eeba7d4731c3d1f	1.168325310118445	0.002414302892268434	0.5121973855203346	0.004713618149018421	0.9962390907801529	NA	d__Bacteria	p__Bacillota	c__Clostridia	o__Peptostreptococcales-Tissierellales	f__Family_XI	g__Peptoniphilus	NA
fd142f8d5321b7cc15800fa19096a231	109.19306380422206	0.38432943529205527	0.821428636341204	0.4678792755557319	0.6398709247452674	0.9979603417267243	d__Bacteria	p__Bacillota	c__Clostridia	o__Peptostreptococcales-Tissierellales	f__Family_XI	g__Peptoniphilus	NA
3f2d26632509e4e5fe1a7f94e66e7999	1.2536056332092114	0.002414394949992208	0.5221166091723628	0.004624244675570472	0.9963103997175055	0.9979603417267243	d__Bacteria	p__Bacillota	c__Clostridia	o__Peptostreptococcales-Tissierellales	f__Family_XI	g__Peptoniphilus	NA
ec9f24fe67810c9fed4256ecc85ebbf8	1.1392510513400353	-0.5450032050135168	0.45854902662570746	-1.1885385713802374	0.23462129296469034	NA	d__Bacteria	p__Bacillota	c__Clostridia	o__Peptostreptococcales-Tissierellales	f__Family_XI	g__Peptoniphilus	NA
2828cbbe163e824e587b01c4196e6e93	3.1904288905967517	2.2704300499950145	0.7333078749884516	3.096148462923257	0.001960521742189141	0.017007127633461898	d__Bacteria	p__Bacillota	c__Clostridia	o__Peptostreptococcales-Tissierellales	f__Family_XI	g__Peptoniphilus	NA
3e50347c5ac0537609d6f20e15a1492a	1.5589337352879733	-0.29679184305171935	0.5842011152333654	-0.5080302575820361	0.6114321238150845	0.9751384182862849	d__Bacteria	p__Bacillota	c__Clostridia	o__Peptostreptococcales-Tissierellales	f__Family_XI	g__Peptoniphilus	NA
9557f8088b37dfccf28312167dc1e885	3.8073830224653884	-2.9978832370045416	0.6770578738208777	-4.427809427998264	9.519495143635397e-6	2.6044362354510174e-4	d__Bacteria	p__Bacillota	c__Clostridia	o__Peptostreptococcales-Tissierellales	f__Family_XI	g__Peptoniphilus	NA
f85ab807c3a227577d26b183b82110ec	1.0531791811445184	0.002414296152872495	0.508193209024343	0.004750744618385579	0.9962094684751255	NA	d__Bacteria	p__Bacillota	c__Clostridia	o__Peptostreptococcales-Tissierellales	f__Family_XI	g__Peptoniphilus	NA
04caf0824c48ee5640717c87bddaec09	2.4037649405885433	-1.6886280526904083	0.6376715848290675	-2.6481155705613846	0.008094184909088632	0.0471939633770359	d__Bacteria	p__Bacillota	c__Clostridia	o__Peptostreptococcales-Tissierellales	f__Family_XI	g__W5053	NA
7d8914c9bc5bd0df97f29e99b0e5fa2f	1.0531791811445184	0.002414296152872495	0.508193209024343	0.004750744618385579	0.9962094684751255	NA	d__Bacteria	p__Bacillota	c__Clostridia	o__Peptostreptococcales-Tissierellales	f__Family_XI	g__W5053	NA
3e762f18e3ba9a63434160de80a9f74d	1.0531791811445184	0.002414296152872495	0.508193209024343	0.004750744618385579	0.9962094684751255	NA	d__Bacteria	p__Bacillota	c__Clostridia	o__Peptostreptococcales-Tissierellales	f__Family_XI	g__W5053	NA
4cfe5cd1b26804fdebc994caac8a28c8	1.1535481037976945	0.002414297826104612	0.511389859735773	0.00472105142513393	0.9962331599498947	NA	d__Bacteria	p__Bacillota	c__Clostridia	o__Peptostreptococcales-Tissierellales	f__Family_XI	g__W5053	NA
2659387058de95f7294a883bc6165390	1.3709620801268267	1.0026051104343232	0.5339771989876827	1.8776178315011731	0.06043346460262054	0.2010762225163025	d__Bacteria	p__Bacillota	c__Clostridia	o__Peptostreptococcales-Tissierellales	f__Family_XI	g__W5053	NA
0d818e655454d2a7b6525ac6a011c47e	1.0531791811445184	0.002414296152872495	0.508193209024343	0.004750744618385579	0.9962094684751255	NA	d__Bacteria	p__Bacillota	c__Clostridia	o__Peptostreptococcales-Tissierellales	f__Family_XI	g__Parvimonas	NA
59fbeb729956dc5b7c07eeb17f87596f	1.0387304233561943	0.11789516080302624	0.5208774803910823	0.22633952367168736	0.8209373604383756	NA	d__Bacteria	p__Bacillota	c__Clostridia	o__Peptostreptococcales-Tissierellales	f__Family_XI	g__Parvimonas	NA
1c15dce677ce266269d1373182cce24a	1.1398717278744621	-0.5451143091653418	0.45856450663623965	-1.188740736093992	0.23454170528408588	NA	d__Bacteria	p__Bacillota	c__Clostridia	o__Peptostreptococcales-Tissierellales	f__Family_XI	g__Parvimonas	NA
9485b25a0c921cb845dc9c4142ae4a0f	2.396952117810618	2.000201805678911	0.6954219793835053	2.8762418574289224	0.0040244122120836265	0.028573314701291774	d__Bacteria	p__Bacillota	c__Clostridia	o__Peptostreptococcales-Tissierellales	f__Family_XI	g__Parvimonas	NA
ef4131513a1555e2eb3f175df11c7dfe	1.0531791811445184	0.002414296152872495	0.508193209024343	0.004750744618385579	0.9962094684751255	NA	d__Bacteria	p__Bacillota	c__Clostridia	o__Peptostreptococcales-Tissierellales	f__Family_XI	g__Parvimonas	NA
e93b313352019b8113e7fc66bf757917	1.0531791811445184	0.002414296152872495	0.508193209024343	0.004750744618385579	0.9962094684751255	NA	d__Bacteria	p__Bacillota	c__Clostridia	o__Peptostreptococcales-Tissierellales	f__Family_XI	g__Parvimonas	NA
ff48ea2b9d30c737b53aeb9841179d57	1.0531791811445184	0.002414296152872495	0.508193209024343	0.004750744618385579	0.9962094684751255	NA	d__Bacteria	p__Bacillota	c__Clostridia	o__Peptostreptococcales-Tissierellales	f__Family_XI	g__Parvimonas	NA
b48f57c20643c5e46e43c56656b38058	1.0531791811445184	0.002414296152872495	0.508193209024343	0.004750744618385579	0.9962094684751255	NA	d__Bacteria	p__Bacillota	c__Clostridia	o__Peptostreptococcales-Tissierellales	f__Family_XI	g__Parvimonas	NA
e617358af0b4a2029693b6d525a121d5	7.970158327108301	-2.8951107627220076	0.8694584418933137	-3.329786247652824	8.691267726529294e-4	0.009865513472560379	d__Bacteria	p__Bacillota	c__Clostridia	o__Peptostreptococcales-Tissierellales	f__Family_XI	g__Parvimonas	NA
9232f4ad524ebf27e8d228b685818362	1.3418174308418247	0.0024148818736925842	0.572711201660811	0.00421657873408036	0.9966356668980509	0.9979603417267243	d__Bacteria	p__Bacillota	c__Clostridia	o__Peptostreptococcales-Tissierellales	f__Family_XI	g__Parvimonas	NA
7172c7a7150b171ea8350db4e95953a5	1.0531791811445184	0.002414296152872495	0.508193209024343	0.004750744618385579	0.9962094684751255	NA	d__Bacteria	p__Bacillota	c__Clostridia	o__Peptostreptococcales-Tissierellales	f__Family_XI	g__Parvimonas	NA
425bd644dc8d2d7cc7fdf4669456d72e	1.1834239334356202	0.002414310277305366	0.5131868155220032	0.004704544630301109	0.9962463303203791	NA	d__Bacteria	p__Bacillota	c__Clostridia	o__Peptostreptococcales-Tissierellales	f__Family_XI	g__Parvimonas	NA
f5d8a80d3113182796c3d7061e260d73	3.083762523963437	0.7871157371083776	0.6393721094858831	1.2310761220743498	0.21829439517407892	0.4618923879148993	d__Bacteria	p__Bacillota	c__Clostridia	o__Peptostreptococcales-Tissierellales	f__Family_XI	g__Incertae_Sedis	NA
e5d144b80521b09f2b7806cb4abb5168	1.0531791811445184	0.002414296152872495	0.508193209024343	0.004750744618385579	0.9962094684751255	NA	d__Bacteria	p__Bacillota	c__Clostridia	o__Peptostreptococcales-Tissierellales	f__Family_XI	NA	NA
b573980ca0828fe07e1d96d6f7c44d67	1.2266122654680598	0.6304922383661538	0.48401510509907214	1.3026292603762841	0.19270136323068687	0.42950964312767165	d__Bacteria	p__Bacillota	c__Clostridia	o__Peptostreptococcales-Tissierellales	f__Family_XI	NA	NA
1c4485eba4e4a70652a6c24f2a384601	1.1398222527895048	0.0024142949286109806	0.5107492278221846	0.004726967359119549	0.9962284397701735	NA	d__Bacteria	p__Bacillota	c__Clostridia	o__Peptostreptococcales-Tissierellales	f__Family_XI	NA	NA
7c9d63ea03311fdd9765198ef24b3673	1.944897164913967	-0.7571475322594111	0.6067635527088437	-1.2478460989939013	0.21208742297538885	0.4571662228580604	d__Bacteria	p__Bacillota	c__Clostridia	o__Peptostreptococcales-Tissierellales	f__Family_XI	g__Incertae_Sedis	NA
5b7567b9ebc3e1dfa38f05c32e1b2c4e	1.2114456954149413	0.0024143319286114035	0.5157196949599278	0.004681480952165306	0.9962647322704318	0.9979603417267243	d__Bacteria	p__Bacillota	c__Clostridia	o__Peptostreptococcales-Tissierellales	f__Family_XI	NA	NA
b96e703a3e336c3609f153405b9e6e06	1.196340932619299	0.0024143187215184404	0.5142587483419557	0.004694754788912297	0.996254141397415	NA	d__Bacteria	p__Bacillota	c__Clostridia	o__Peptostreptococcales-Tissierellales	f__Family_XI	g__Finegoldia	NA
385417910070d1997abbaaeef8988822	1.225766945459383	-0.9408839349222378	0.4364487667009535	-2.155771780578575	0.031101490017550068	0.1257018554875982	d__Bacteria	p__Bacillota	c__Clostridia	o__Peptostreptococcales-Tissierellales	f__Family_XI	g__Finegoldia	NA
58f6df1d3a50856bd9c39c67b1d5bdf0	1.198287350500189	0.0024143201188823655	0.5143730286581419	0.004693714453070497	0.9962549714561756	0.9979603417267243	d__Bacteria	p__Bacillota	c__Clostridia	o__Peptostreptococcales-Tissierellales	f__Family_XI	g__Finegoldia	NA
22b3c70cdfb1714224e1bf8a6314bee9	1192.9145685067024	-1.4873012150470084	0.7324723313678525	-2.030522043432758	0.04230350282735854	0.16120656255996987	d__Bacteria	p__Bacillota	c__Clostridia	o__Peptostreptococcales-Tissierellales	f__Family_XI	g__Finegoldia	NA
f9017efdb1860db7b2d1e9b197eb7821	1.0531791811445184	0.002414296152872495	0.508193209024343	0.004750744618385579	0.9962094684751255	NA	d__Bacteria	p__Bacillota	c__Clostridia	o__Peptostreptococcales-Tissierellales	f__Family_XI	g__Finegoldia	NA
35df9515d04f76cc7386dc9b7294c4b7	1.0531791811445184	0.002414296152872495	0.508193209024343	0.004750744618385579	0.9962094684751255	NA	d__Bacteria	p__Bacillota	c__Clostridia	o__Peptostreptococcales-Tissierellales	f__Family_XI	g__Finegoldia	NA
c81ae021e888371f432017e1aed6b90f	1.0531791811445184	0.002414296152872495	0.508193209024343	0.004750744618385579	0.9962094684751255	NA	d__Bacteria	p__Bacillota	c__Clostridia	o__Peptostreptococcales-Tissierellales	f__Family_XI	g__Finegoldia	NA
bbcdc339c8685d185ee0f0e5a58884db	1.0387075420010623	0.002414298630789	0.5079082983040794	0.004753414423135857	0.996207338303187	NA	d__Bacteria	p__Bacillota	c__Clostridia	o__Peptostreptococcales-Tissierellales	f__Family_XI	g__Finegoldia	NA
8e525510dffd5ffc440eb36c8541eb72	1.0531791811445184	0.002414296152872495	0.508193209024343	0.004750744618385579	0.9962094684751255	NA	d__Bacteria	p__Bacillota	c__Clostridia	o__Peptostreptococcales-Tissierellales	f__Family_XI	g__Finegoldia	NA
62c8ae38d024222f1c447f14b88ea9e4	1.254900223132337	0.0024143965483817433	0.522254665831486	0.004623025329104072	0.996311372604826	0.9979603417267243	d__Bacteria	p__Bacillota	c__Clostridia	o__Peptostreptococcales-Tissierellales	f__Family_XI	g__Finegoldia	NA
17683eaef94c567c87f79b3623aaae3f	1.0531791811445184	0.002414296152872495	0.508193209024343	0.004750744618385579	0.9962094684751255	NA	d__Bacteria	p__Bacillota	c__Clostridia	o__Peptostreptococcales-Tissierellales	f__Family_XI	g__Finegoldia	NA
9b9def60f68957f85da86f875e31bcb2	1.0531791811445184	0.002414296152872495	0.508193209024343	0.004750744618385579	0.9962094684751255	NA	d__Bacteria	p__Bacillota	c__Clostridia	o__Peptostreptococcales-Tissierellales	f__Family_XI	g__Finegoldia	NA
b8e850a95bb5fb660d506a45258b451c	1.0531791811445184	0.002414296152872495	0.508193209024343	0.004750744618385579	0.9962094684751255	NA	d__Bacteria	p__Bacillota	c__Clostridia	o__Peptostreptococcales-Tissierellales	f__Family_XI	g__Finegoldia	NA
6264d3558651b758d260209f5a002eda	1.2973427462998097	0.5871443584245214	0.5029250395950029	1.1674589893104923	0.24302506081620023	0.4874205637046723	d__Bacteria	p__Bacillota	c__Clostridia	o__Peptostreptococcales-Tissierellales	f__Family_XI	g__Ndongobacter	NA
7576889c72e508be38f37a34f9a9fe27	1.1831812761827354	0.49719228225656525	0.48563231450101313	1.023803950870588	0.30592788390632153	NA	d__Bacteria	p__Bacillota	c__Clostridia	o__Peptostreptococcales-Tissierellales	f__Family_XI	g__Ndongobacter	NA
997697a39b4f8a14b67e210a7a0337df	1.7592229450624184	0.449429583649795	0.6238699148536715	0.720389896914982	0.47128496874355685	0.8015127618563598	d__Bacteria	p__Bacillota	c__Clostridia	o__Peptostreptococcales-Tissierellales	f__Family_XI	g__Kallipyga	NA
39ac0c75bd4fbfca568f208e37fa3f86	1.0531791811445184	0.002414296152872495	0.508193209024343	0.004750744618385579	0.9962094684751255	NA	d__Bacteria	p__Bacillota	c__Clostridia	o__Peptostreptococcales-Tissierellales	f__Family_XI	g__Kallipyga	NA
9bb9c1aa60db2c468b09f4a12cc4b979	1.2695230934702666	-1.1045962622198078	0.4344539269545764	-2.5424934468029265	0.011006466512781166	0.058528200178627976	d__Bacteria	p__Bacillota	c__Clostridia	o__Peptostreptococcales-Tissierellales	f__Family_XI	g__Kallipyga	NA
382ab675b61ba6522fae0690d5a92ce7	1.0531791811445184	0.002414296152872495	0.508193209024343	0.004750744618385579	0.9962094684751255	NA	d__Bacteria	p__Bacillota	c__Clostridia	o__Peptostreptococcales-Tissierellales	f__Family_XI	g__Murdochiella	NA
306885bb108656641ce13c5a740ef46c	162.922788347316	-0.4126671915597088	0.9612724026863781	-0.42929266502030683	0.6677102541091077	0.9979603417267243	d__Bacteria	p__Bacillota	c__Clostridia	o__Peptostreptococcales-Tissierellales	f__Family_XI	g__Murdochiella	NA
d8dac293df1e2ec3d5e828987d7b65e6	1.0387264241175567	0.002414298635782492	0.5079086832146646	0.004753410830667179	0.9962073411695299	NA	d__Bacteria	p__Bacillota	c__Clostridia	o__Peptostreptococcales-Tissierellales	f__Family_XI	g__Murdochiella	NA
8efd091a825529424f6f216717ea9e44	1.7272415322903174	0.002415263746827156	0.6454539959756259	0.0037419611031711125	0.9970143539762949	0.9979603417267243	d__Bacteria	p__Bacillota	c__Clostridia	o__Peptostreptococcales-Tissierellales	f__Family_XI	g__Murdochiella	NA
9fcec8cede65c4ee615159628e314a35	5.653717407882271	1.1548051841666365	0.8418893490861449	1.3716828528834055	0.17016218865784277	0.40709205223748485	d__Bacteria	p__Bacillota	c__Clostridia	o__Peptostreptococcales-Tissierellales	f__Family_XI	g__Murdochiella	NA
0e5d008bd33e01f7c84a20a650ff453d	1.0531791811445184	0.002414296152872495	0.508193209024343	0.004750744618385579	0.9962094684751255	NA	d__Bacteria	p__Bacillota	c__Clostridia	o__Peptostreptococcales-Tissierellales	f__Family_XI	g__Murdochiella	NA
d8c6bc9d4a4133c982803f10d71f7b02	1.168562601051584	-0.6894849075776996	0.44866057255963315	-1.536762866512095	0.12435138985034873	NA	d__Bacteria	p__Bacillota	c__Clostridia	o__Peptostreptococcales-Tissierellales	f__Family_XI	g__Kallipyga	NA
97c1c1cbbde7a962d7465cda98f910f9	1.1394730633019505	-0.5450430314579541	0.45855454907010107	-1.1886111097648955	0.23459273404139724	NA	d__Bacteria	p__Bacillota	c__Negativicutes	o__Acidaminococcales	f__Acidaminococcaceae	NA	NA
b94662c0492f0e33c6157eead05bc2a8	1.139895723306289	0.350349162786617	0.4904944670979793	0.7142775021693213	0.4750556010523082	NA	d__Bacteria	p__Bacteroidota	c__Bacteroidia	o__Bacteroidales	f__Bacteroidaceae	g__Bacteroides	NA
a81eeef79efbeed60fe844aa4e71619b	1.0531791811445184	0.002414296152872495	0.508193209024343	0.004750744618385579	0.9962094684751255	NA	d__Bacteria	p__Bacteroidota	c__Bacteroidia	o__Bacteroidales	f__Bacteroidaceae	g__Bacteroides	NA
8879b282a2181421e9c4262d14f60409	1.0387345039180496	-0.06470046811600558	0.5123244940043232	-0.12628806327471745	0.8995039047348368	NA	d__Bacteria	p__Bacteroidota	c__Bacteroidia	o__Bacteroidales	f__Bacteroidaceae	g__Bacteroides	NA
6616dc3bd6aeb3e26b9b2218290ea574	103.45049984278872	3.017697177263012	1.12813163910834	2.6749512846285906	0.007474010969438657	0.04583200979535084	d__Bacteria	p__Bacteroidota	c__Bacteroidia	o__Bacteroidales	f__Bacteroidaceae	g__Bacteroides	NA
74e77588223f5f0899c3d9a9cfff7972	1.1684483479947	-0.689459951963048	0.44865661670538587	-1.5367207933451423	0.12436169693093344	NA	d__Bacteria	p__Bacteroidota	c__Bacteroidia	o__Bacteroidales	f__Bacteroidaceae	g__Bacteroides	NA
d98862c324045e346d03d4bceca3ade4	1.0531791811445184	0.002414296152872495	0.508193209024343	0.004750744618385579	0.9962094684751255	NA	d__Bacteria	p__Bacteroidota	c__Bacteroidia	o__Bacteroidales	f__Bacteroidaceae	g__Bacteroides	NA
0c04b680785e304610a465f9b596adb2	1.168703276671167	0.0024143031009203927	0.5122141873534032	0.004713463938582083	0.9962392138209123	NA	d__Bacteria	p__Bacteroidota	c__Bacteroidia	o__Bacteroidales	f__Bacteroidaceae	g__Bacteroides	NA
df37b62e507e32409df4885c1ad2ce14	1.0531791811445184	0.002414296152872495	0.508193209024343	0.004750744618385579	0.9962094684751255	NA	d__Bacteria	p__Bacteroidota	c__Bacteroidia	o__Bacteroidales	f__Bacteroidaceae	g__Bacteroides	NA
9db6065dfa5f306778c1a370f3267d73	1.0387386692036873	0.002414298639021221	0.5079089328663855	0.004753408500606831	0.9962073430286281	NA	d__Bacteria	p__Bacteroidota	c__Bacteroidia	o__Bacteroidales	f__Bacteroidaceae	g__Bacteroides	NA
2acb338202e6fbb14e43e93e96d5d258	1.0387386692036873	0.002414298639021221	0.5079089328663855	0.004753408500606831	0.9962073430286281	NA	d__Bacteria	p__Bacteroidota	c__Bacteroidia	o__Bacteroidales	f__Bacteroidaceae	g__Bacteroides	NA
47c305878bfc73bfeda34b2ae1a82ee1	2.205870849646336	-2.836161000707977	0.5557295560663323	-5.103491383081036	3.3344370233674815e-7	1.7359590622811032e-5	d__Bacteria	p__Bacteroidota	c__Bacteroidia	o__Bacteroidales	f__Bacteroidaceae	g__Bacteroides	NA
71e2f677a92258de3ffebd9814e0db39	1.0531791811445184	0.002414296152872495	0.508193209024343	0.004750744618385579	0.9962094684751255	NA	d__Bacteria	p__Bacteroidota	c__Bacteroidia	o__Bacteroidales	f__Bacteroidaceae	g__Bacteroides	NA
cbd78efd85b15ef4ac0450160a74dda3	13.072820703092265	5.283908404356841	0.8445210925356087	6.256692048380128	3.9322879547507387e-10	5.99393035388434e-8	d__Bacteria	p__Bacteroidota	c__Bacteroidia	o__Bacteroidales	f__Bacteroidaceae	g__Bacteroides	NA
feacfc64492b1439abc8e93c3c82cf83	1.0531791811445184	0.002414296152872495	0.508193209024343	0.004750744618385579	0.9962094684751255	NA	d__Bacteria	p__Bacteroidota	c__Bacteroidia	o__Bacteroidales	f__Bacteroidaceae	g__Bacteroides	NA
1c2839401c960dd49de918c7e785ddaf	1.0387345039180496	-0.06470046811600559	0.5123244940043232	-0.12628806327471748	0.8995039047348368	NA	d__Bacteria	p__Bacteroidota	c__Bacteroidia	o__Bacteroidales	f__Bacteroidaceae	g__Bacteroides	NA
710852c7b0ca73b4a35db29d089e81e0	1.0387225030027176	0.0024142986347454954	0.5079086032774005	0.004753411576741685	0.9962073405742553	NA	d__Bacteria	p__Bacteroidota	c__Bacteroidia	o__Bacteroidales	f__Bacteroidaceae	g__Bacteroides	NA
6c2d943bfa600161d41df3bee4830389	1.0531791811445184	0.002414296152872495	0.508193209024343	0.004750744618385579	0.9962094684751255	NA	d__Bacteria	p__Bacteroidota	c__Bacteroidia	o__Bacteroidales	f__Bacteroidaceae	g__Bacteroides	NA
5159e647eea3c9a159beb76d8c87d094	1.0387304233561943	0.0024142986368403084	0.5079087647476208	0.004753410069700156	0.9962073417766869	NA	d__Bacteria	p__Bacteroidota	c__Bacteroidia	o__Bacteroidales	f__Bacteroidaceae	g__Bacteroides	NA
9cece8cf135e366f9aef51e461bf9888	1.0387304233561943	0.0024142986368403084	0.5079087647476208	0.004753410069700156	0.9962073417766869	NA	d__Bacteria	p__Bacteroidota	c__Bacteroidia	o__Bacteroidales	f__Bacteroidaceae	g__Bacteroides	NA
8001826dafd338cf078dd28c2eae05ed	1.0242508638592618	0.0024143014878844214	0.5076406221179482	0.004755926501333985	0.9962053339774332	NA	d__Bacteria	p__Bacteroidota	c__Bacteroidia	o__Bacteroidales	f__Bacteroidaceae	g__Bacteroides	NA
93f681a036a868c818c9a238350bf070	1.0531791811445184	0.002414296152872495	0.508193209024343	0.004750744618385579	0.9962094684751255	NA	d__Bacteria	p__Bacteroidota	c__Bacteroidia	o__Bacteroidales	f__Bacteroidaceae	g__Bacteroides	NA
99deb3c5ecb022ec05609ebd1112a557	4635.421325363211	-0.46224375072674956	0.832909325691469	-0.5549748771788593	0.5789118444627006	0.9373276753288339	d__Bacteria	p__Bacteroidota	c__Bacteroidia	o__Bacteroidales	f__Bacteroidaceae	g__Bacteroides	NA
fd44d4cb468fd7dc9b3227867714ed87	1261.860505477868	1.5979749820355553	1.3471431590286593	1.1861953730201586	0.23554515308333143	0.47690071791255156	d__Bacteria	p__Bacteroidota	c__Bacteroidia	o__Bacteroidales	f__Bacteroidaceae	g__Bacteroides	NA
d4dd050cdba11363174e698bb4d13eb5	2.541941313317254	0.002415454775660857	0.7588856011000431	0.0031828970956354068	0.9974604198367798	0.9979603417267243	d__Bacteria	p__Bacteroidota	c__Bacteroidia	o__Bacteroidales	f__Bacteroidaceae	g__Bacteroides	NA
e8491108aacbe1ca3c8953a1999c4e28	1.0387304233561943	0.11789516080302624	0.5208774803910823	0.22633952367168736	0.8209373604383756	NA	d__Bacteria	p__Bacteroidota	c__Bacteroidia	o__Bacteroidales	f__Bacteroidaceae	g__Bacteroides	NA
2847364b36e7de803924acf1d159afa9	1.0387225030027176	0.0024142986347454954	0.5079086032774005	0.004753411576741685	0.9962073405742553	NA	d__Bacteria	p__Bacteroidota	c__Bacteroidia	o__Bacteroidales	f__Bacteroidaceae	g__Bacteroides	NA
cd0866c5fffa3da0653f75faee220193	1.0531791811445184	0.002414296152872495	0.508193209024343	0.004750744618385579	0.9962094684751255	NA	d__Bacteria	p__Bacteroidota	c__Bacteroidia	o__Bacteroidales	f__Bacteroidaceae	g__Bacteroides	NA
0b1f6cb9c07f848ba25971a32b3cc49d	107.25554452548609	-0.8619632984746334	1.0523182863852971	-0.8191089232474223	0.41272427128058053	0.7266943852415502	d__Bacteria	p__Bacteroidota	c__Bacteroidia	o__Bacteroidales	f__Bacteroidaceae	g__Bacteroides	NA
410f8b6fd50ded3f5de25fb5610f49a8	31.85923128796652	1.2846855384650204	1.0351449082348254	1.2410683067124608	0.21458051635215297	0.46067889526709704	d__Bacteria	p__Bacteroidota	c__Bacteroidia	o__Bacteroidales	f__Bacteroidaceae	g__Bacteroides	NA
b2062ae94fb00a931014b67b499295a8	19.38336083307515	2.5998194729869133	0.9338334804561433	2.7840289809667107	0.005368823681420112	0.03536132634614358	d__Bacteria	p__Bacteroidota	c__Bacteroidia	o__Bacteroidales	f__Bacteroidaceae	g__Bacteroides	NA
58834aafe2154b533d198cc974ec0e09	1.139859485324462	0.3503453150591045	0.4904933296714122	0.7142713139316397	0.475059426842471	NA	d__Bacteria	p__Bacteroidota	c__Bacteroidia	o__Bacteroidales	f__Bacteroidaceae	g__Bacteroides	NA
fcf7529125e1549e9e1ebc3df87cc784	1.2266122654680596	0.6304922383661532	0.4840151050990746	1.3026292603762764	0.19270136323068957	0.42950964312767165	d__Bacteria	p__Bacteroidota	c__Bacteroidia	o__Bacteroidales	f__Bacteroidaceae	g__Bacteroides	NA
243a590b7a6c17e5a16dff4bc7033ac1	1.0387264241175567	0.002414298635782492	0.5079086832146646	0.004753410830667179	0.9962073411695299	NA	d__Bacteria	p__Bacteroidota	c__Bacteroidia	o__Bacteroidales	f__Bacteroidaceae	g__Bacteroides	NA
12cc4c8a5d46fec0b6738bfe7c6c8a08	1.3251865089466015	0.00241481903676832	0.5650961226738476	0.004273288985495417	0.9965904190716863	0.9979603417267243	d__Bacteria	p__Bacteroidota	c__Bacteroidia	o__Bacteroidales	f__Bacteroidaceae	g__Bacteroides	NA
9d88acce7b2f13b58bf95d2f17ec8c2f	1.038742922832062	0.002414298640146235	0.5079090195957152	0.004753407691141152	0.9962073436744809	NA	d__Bacteria	p__Bacteroidota	c__Bacteroidia	o__Bacteroidales	f__Bacteroidaceae	g__Bacteroides	NA
824b9c5e131ccef5ab3286cfde31640c	64.81439955032536	-1.5697882197053636	1.0089883048629396	-1.5558041774513955	0.11975466447829244	0.3224395888154292	d__Bacteria	p__Bacteroidota	c__Bacteroidia	o__Bacteroidales	f__Bacteroidaceae	g__Bacteroides	NA
6d49d954693bdf104f81c580fa552ddf	1.0531791811445184	0.002414296152872495	0.508193209024343	0.004750744618385579	0.9962094684751255	NA	d__Bacteria	p__Bacteroidota	c__Bacteroidia	o__Bacteroidales	f__Bacteroidaceae	g__Bacteroides	NA
9d5054752ed33d6a22bd0f96b5618b1c	779.3714965729972	-0.18043136494029582	1.1095324805532478	-0.16261927262402184	0.8708182116284265	0.9979603417267243	d__Bacteria	p__Bacteroidota	c__Bacteroidia	o__Bacteroidales	f__Bacteroidaceae	g__Bacteroides	NA
6aa92e9b0cb6b82cbf81068cb87268c9	1.0387324637811943	-0.06470058506865593	0.5123244606249034	-0.12628829978123227	0.8995037175287555	NA	d__Bacteria	p__Bacteroidota	c__Bacteroidia	o__Bacteroidales	f__Bacteroidaceae	g__Bacteroides	NA
27af6946079ffdcc29ae6f9f6640a637	1.0387304233561943	0.0024142986368403084	0.5079087647476208	0.004753410069700156	0.9962073417766869	NA	d__Bacteria	p__Bacteroidota	c__Bacteroidia	o__Bacteroidales	f__Bacteroidaceae	g__Bacteroides	NA
836cd5ea357ad392c00a7e48d921be1d	327.6382321847713	-1.1635951381331782	0.9040503373170585	-1.2870910944918932	0.1980625390872277	0.4366378702604793	d__Bacteria	p__Bacteroidota	c__Bacteroidia	o__Bacteroidales	f__Bacteroidaceae	g__Bacteroides	NA
2c982937754e6321f861027032db80f7	2201.998253706398	-0.10620644391333067	1.1849292631405701	-0.08963104146135956	0.9285804161590727	0.9979603417267243	d__Bacteria	p__Bacteroidota	c__Bacteroidia	o__Bacteroidales	f__Bacteroidaceae	g__Bacteroides	NA
5d5f9ea96902c7e15830ff9763324c68	1.0386683642089511	0.002414298620429986	0.5079074998849733	0.004753421875000382	0.9962073323575266	NA	d__Bacteria	p__Bacteroidota	c__Bacteroidia	o__Bacteroidales	f__Bacteroidaceae	g__Bacteroides	NA
3a4f402fbd24224f50514f9e42f0789d	0.9664521589613444	0.10592193566617576	0.543447842927454	0.19490727039340833	0.8454655423992004	NA	d__Bacteria	p__Bacteroidota	c__Bacteroidia	o__Bacteroidales	f__Bacteroidaceae	g__Bacteroides	NA
b7e5e417da183df1d5cb33a51a10991d	6.512845811326009	4.032232894140306	0.790806804727818	5.098884923642167	3.4166017158297253e-7	1.7359590622811032e-5	d__Bacteria	p__Bacteroidota	c__Bacteroidia	o__Bacteroidales	f__Bacteroidaceae	g__Bacteroides	NA
f8bcef2b701bb3b9bdf3187f149c62fb	1.0531791811445184	0.002414296152872495	0.508193209024343	0.004750744618385579	0.9962094684751255	NA	d__Bacteria	p__Bacteroidota	c__Bacteroidia	o__Bacteroidales	f__Bacteroidaceae	g__Bacteroides	NA
7ee3e4343242684ba3ce459672348ff7	5.0247392120852155	1.9285827258292874	0.7854134973447121	2.4554998511603716	0.014068881101843018	0.0711445314486564	d__Bacteria	p__Bacteroidota	c__Bacteroidia	o__Bacteroidales	f__Bacteroidaceae	g__Bacteroides	NA
ef6a209f17415ca40777d4f3e0459647	57.64205298192083	-3.5790801318099685	1.0239513922988783	-3.4953613606350573	4.734203276223722e-4	0.006362476280230291	d__Bacteria	p__Bacteroidota	c__Bacteroidia	o__Bacteroidales	f__Bacteroidaceae	g__Bacteroides	NA
47ce6ddf2afd00851f37b91f117b6ba4	1.038742922832062	0.00241429864014624	0.5079090195957152	0.004753407691141162	0.9962073436744809	NA	d__Bacteria	p__Bacteroidota	c__Bacteroidia	o__Bacteroidales	f__Bacteroidaceae	g__Bacteroides	NA
1b40855f894139ee825ba676916e6644	1.0531791811445184	0.002414296152872495	0.508193209024343	0.004750744618385579	0.9962094684751255	NA	d__Bacteria	p__Bacteroidota	c__Bacteroidia	o__Bacteroidales	f__Bacteroidaceae	g__Bacteroides	NA
76b39e86c95e0c7dd8b9c57b974f6532	258.7901720686822	0.21680537992925442	1.027268250110913	0.2110504047076761	0.8328479397889501	0.9979603417267243	d__Bacteria	p__Bacteroidota	c__Bacteroidia	o__Bacteroidales	f__Bacteroidaceae	g__Bacteroides	NA
fbd67349783ebeacc69814257b694d56	48.361512440144914	0.8095528675930583	1.0392885187357424	0.7789491108569646	0.43600969256433825	0.7601672254348838	d__Bacteria	p__Bacteroidota	c__Bacteroidia	o__Bacteroidales	f__Bacteroidaceae	g__Bacteroides	NA
cb010e13784d2ca5a95c3a0604801748	1.0531791811445184	0.002414296152872495	0.508193209024343	0.004750744618385579	0.9962094684751255	NA	d__Bacteria	p__Bacteroidota	c__Bacteroidia	o__Bacteroidales	f__Bacteroidaceae	g__Bacteroides	NA
1b8dec58597978264025b9eba656ffb5	253.37990055449083	0.7866709178730297	1.0126290823704032	0.7768598903278173	0.43724143762617684	0.7610711483639979	d__Bacteria	p__Bacteroidota	c__Bacteroidia	o__Bacteroidales	f__Bacteroidaceae	g__Bacteroides	NA
b78e348dfb22815a4db4373d02d70631	1.0531791811445184	0.002414296152872495	0.508193209024343	0.004750744618385579	0.9962094684751255	NA	d__Bacteria	p__Bacteroidota	c__Bacteroidia	o__Bacteroidales	f__Bacteroidaceae	g__Bacteroides	NA
2f5aec7a7b202c2d8d6be290faa11c61	1.0531791811445184	0.002414296152872495	0.508193209024343	0.004750744618385579	0.9962094684751255	NA	d__Bacteria	p__Bacteroidota	c__Bacteroidia	o__Bacteroidales	f__Bacteroidaceae	g__Bacteroides	NA
dc12ae575885d88f0eec0fc21dd707a0	1.0387304233561943	0.0024142986368403084	0.5079087647476208	0.004753410069700156	0.9962073417766869	NA	d__Bacteria	p__Bacteroidota	c__Bacteroidia	o__Bacteroidales	f__Bacteroidaceae	g__Bacteroides	NA
bf611493002f5918a68778bde2def567	169.6369512666622	-0.09300565543189013	0.9717456064710489	-0.09570988004735685	0.9237509937839388	0.9979603417267243	d__Bacteria	p__Bacteroidota	c__Bacteroidia	o__Bacteroidales	f__Bacteroidaceae	g__Bacteroides	NA
938fbbe51af86d1d7ebd6817a0f0bd24	1.0531791811445184	0.002414296152872495	0.508193209024343	0.004750744618385579	0.9962094684751255	NA	d__Bacteria	p__Bacteroidota	c__Bacteroidia	o__Bacteroidales	f__Bacteroidaceae	g__Bacteroides	NA
8be9dac75adfd36649c004c8b72de91d	1.0387386692036873	0.002414298639021221	0.5079089328663855	0.004753408500606831	0.9962073430286281	NA	d__Bacteria	p__Bacteroidota	c__Bacteroidia	o__Bacteroidales	f__Bacteroidaceae	g__Bacteroides	NA
3b2009fcb7b8c2a75c6da4d5d143344e	1.1536881441341034	-0.6190019273970759	0.453269520534276	-1.3656376600558726	0.17205271997626712	NA	d__Bacteria	p__Bacteroidota	c__Bacteroidia	o__Bacteroidales	f__Bacteroidaceae	g__Bacteroides	NA
547ed9d63f007845c48db64ef3e5aab6	3.0286787688556394	0.0024153955088998804	0.7923004870755203	0.003048585162196992	0.9975675847345501	0.9979603417267243	d__Bacteria	p__Bacteroidota	c__Bacteroidia	o__Bacteroidales	f__Bacteroidaceae	g__Bacteroides	NA
d67fd254ea025aba997ebf891445a640	1.182224938841459	0.0024143095262421903	0.5131259016727713	0.004705101649267035	0.996245885888465	NA	d__Bacteria	p__Bacteroidota	c__Bacteroidia	o__Bacteroidales	f__Bacteroidaceae	g__Bacteroides	NA
d900eb33f6b4bc449aab64df16ae18b2	697.7298888293649	-2.223285850859718	1.1265432657733092	-1.9735467943466478	0.04843329870600778	0.1709443277213002	d__Bacteria	p__Bacteroidota	c__Bacteroidia	o__Bacteroidales	f__Bacteroidaceae	g__Bacteroides	NA
47e24d74765fbb7c836987830e14e8e7	1.038742922832062	0.11789394942079302	0.5208775888265549	0.22633715089640782	0.8209392057615048	NA	d__Bacteria	p__Bacteroidota	c__Bacteroidia	o__Bacteroidales	f__Bacteroidaceae	g__Bacteroides	NA
b15193fce14759d1c06728933e044af6	421.33246429970757	-0.39359615111875257	1.0218110061407562	-0.385194667852828	0.7000931935772716	0.9979603417267243	d__Bacteria	p__Bacteroidota	c__Bacteroidia	o__Bacteroidales	f__Bacteroidaceae	g__Bacteroides	NA
7ea6aefb9b9611299846da49e41ff0ea	1.0531791811445184	0.002414296152872495	0.508193209024343	0.004750744618385579	0.9962094684751255	NA	d__Bacteria	p__Bacteroidota	c__Bacteroidia	o__Bacteroidales	f__Bacteroidaceae	g__Bacteroides	NA
45b057ccd4087e284416c188ea39bc4b	1.2412632076305312	0.0024145352028059597	0.5339354331494768	0.004522148284041684	0.9963918600001448	0.9979603417267243	d__Bacteria	p__Bacteroidota	c__Bacteroidia	o__Bacteroidales	f__Bacteroidaceae	g__Bacteroides	NA
1fae9fa505264a550b5fb89b9b8eed35	1.038742922832062	0.00241429864014624	0.5079090195957152	0.004753407691141162	0.9962073436744809	NA	d__Bacteria	p__Bacteroidota	c__Bacteroidia	o__Bacteroidales	f__Bacteroidaceae	g__Bacteroides	NA
afb1399a4ff5e4f489139363ac0c14eb	1.0386805954253813	0.002414298623663782	0.5079077491181422	0.004753419548836619	0.9962073342135157	NA	d__Bacteria	p__Bacteroidota	c__Bacteroidia	o__Bacteroidales	f__Bacteroidaceae	g__Bacteroides	NA
333bbf9224442fc10cd497377d2b1d01	148.1717985592086	-0.23021276264828347	1.0269919573626896	-0.2241621864687906	0.8226311056010075	0.9979603417267243	d__Bacteria	p__Bacteroidota	c__Bacteroidia	o__Bacteroidales	f__Bacteroidaceae	g__Bacteroides	NA
2bf1d5def7e2ecd3ae61454204501a78	1.0531791811445184	0.002414296152872495	0.508193209024343	0.004750744618385579	0.9962094684751255	NA	d__Bacteria	p__Bacteroidota	c__Bacteroidia	o__Bacteroidales	f__Bacteroidaceae	g__Bacteroides	NA
6928971040e6116b9a3f5c9c9bf41adb	112.05420223291705	-0.9738281805023897	1.1657039364966963	-0.8353992381882547	0.4034929586133415	0.7144058841036411	d__Bacteria	p__Bacteroidota	c__Bacteroidia	o__Bacteroidales	f__Bacteroidaceae	g__Bacteroides	NA
de2f5fd021d78ba4e7e754be5cba3884	1.1826200043806667	-0.7565155722675734	0.4446548497864931	-1.7013545958867295	0.08887642175798455	NA	d__Bacteria	p__Bacteroidota	c__Bacteroidia	o__Bacteroidales	f__Bacteroidaceae	g__Bacteroides	NA
6f90f540055767af8c91c7943ed89a2b	1.1544551954062179	0.002414298272234082	0.5114255590470181	0.004720722751387016	0.9962334221906806	NA	d__Bacteria	p__Bacteroidota	c__Bacteroidia	o__Bacteroidales	f__Bacteroidaceae	g__Bacteroides	NA
897aa38e05b3be367011ece83deb000b	1.1397967310192572	0.0024142949172751673	0.5107483258893792	0.0047269756842983155	0.9962284331277161	NA	d__Bacteria	p__Bacteroidota	c__Bacteroidia	o__Bacteroidales	f__Bacteroidaceae	g__Bacteroides	NA
db538dee7edac34eb15f4629ec783d08	1.1399192499953223	-0.5451227854733867	0.45856569710945155	-1.1887561344198745	0.23453564409487174	NA	d__Bacteria	p__Bacteroidota	c__Bacteroidia	o__Bacteroidales	f__Bacteroidaceae	g__Bacteroides	NA
11cd7f77a506682c6a060eab4a454850	1.1395387778749633	0.0024142948027670486	0.51073921472369	0.004727059785438998	0.996228366025464	NA	d__Bacteria	p__Bacteroidota	c__Bacteroidia	o__Bacteroidales	f__Bacteroidaceae	g__Bacteroides	NA
05fda2f1af60d701b56463f1a87a0847	1.1832180012394335	0.002414310148040109	0.513176330878751	0.004704640496388252	0.9962462538311547	NA	d__Bacteria	p__Bacteroidota	c__Bacteroidia	o__Bacteroidales	f__Bacteroidaceae	g__Bacteroides	NA
f707b0354d6d6b5f71cf1a6598e32e2d	1.1396010783031918	0.002414294830412445	0.5107414144327034	0.0047270394806226525	0.9962283822261826	NA	d__Bacteria	p__Bacteroidota	c__Bacteroidia	o__Bacteroidales	f__Bacteroidaceae	g__Bacteroides	NA
7dff12c0121539665c61154d97b824ea	1.1976259534092044	0.5429993467363632	0.48467014528449875	1.120348245129944	0.26256539043996335	0.5013367405115677	d__Bacteria	p__Bacteroidota	c__Bacteroidia	o__Bacteroidales	f__Bacteroidaceae	g__Bacteroides	NA
b70edcc5bc6602ef90ed9f35c94a2a5c	1.1538942356802422	0.4009251953035968	0.4885523302489394	0.8206392037866391	0.4118518100380692	NA	d__Bacteria	p__Bacteroidota	c__Bacteroidia	o__Bacteroidales	f__Bacteroidaceae	g__Bacteroides	NA
7eaadc4f26cca3d30cf3cf3a740b3768	1.2121155168160815	0.0024143324840581273	0.5157655766858482	0.004681065571634092	0.9962650636925131	0.9979603417267243	d__Bacteria	p__Bacteroidota	c__Bacteroidia	o__Bacteroidales	f__Bacteroidaceae	g__Bacteroides	NA
a3f5ce2036b498d6db19a9d20a90b08f	1.1390762320293868	0.002414294597723047	0.5107228991193987	0.004727210395080844	0.9962282458576988	NA	d__Bacteria	p__Bacillota	c__Clostridia	o__Oscillospirales	f__[Eubacterium]_coprostanoligenes_group	g__Incertae_Sedis	NA
448c4ece61c454fdc451219740de1022	1.1537742612285886	0.002414297937185029	0.5113987484816972	0.004720969584600843	0.9962332252484648	NA	d__Bacteria	p__Bacteroidota	c__Bacteroidia	o__Bacteroidales	f__Tannerellaceae	g__Parabacteroides	NA
d81297656b72cc55f30c6f4455ae2743	1.1542919217297987	0.40097195631818033	0.48856641263878464	0.8207112604251694	0.4118107552616601	NA	d__Bacteria	p__Bacteroidota	c__Bacteroidia	o__Bacteroidales	f__Tannerellaceae	g__Parabacteroides	NA
e4ef1c7b616eb842c0ff7a327e83bd76	8.868964949334046	-0.0648074457270956	0.9117311145947232	-0.07108175282128369	0.9433326905707182	0.9979603417267243	d__Bacteria	p__Bacteroidota	c__Bacteroidia	o__Bacteroidales	f__Tannerellaceae	NA	NA
18812bd61aeb2cea2081498cfa9ee3c8	3.1479531988264786	2.9276236332393637	0.6944432456701358	4.2157853093008555	2.4891047752150967e-5	5.23832875037173e-4	d__Bacteria	p__Bacteroidota	c__Bacteroidia	o__Bacteroidales	f__Tannerellaceae	g__Parabacteroides	NA
8d1761da3df16fe43e34eea0112ba8fd	1.0387111791071328	0.0024142986317507533	0.507908372440913	0.004753413731197389	0.9962073388552678	NA	d__Bacteria	p__Bacteroidota	c__Bacteroidia	o__Bacteroidales	f__Tannerellaceae	g__Parabacteroides	NA
87d44f46d4af08ce6fe9dc62606d3c95	1.1547548996934875	0.0024142984199842276	0.5114373820535755	0.004720613910328749	0.9962335090323129	NA	d__Bacteria	p__Bacteroidota	c__Bacteroidia	o__Bacteroidales	f__Tannerellaceae	g__Parabacteroides	NA
dd3e5c36d5f5e1661966858526a1d39e	1.4410609157616614	-0.06478980830367055	0.6107849888309801	-0.10607629442183222	0.915521819322841	0.9979603417267243	d__Bacteria	p__Bacteroidota	c__Bacteroidia	o__Bacteroidales	f__Tannerellaceae	NA	NA
fea7f04af92d6da8eef36144b3589ad9	1.0531791811445184	0.002414296152872495	0.508193209024343	0.004750744618385579	0.9962094684751255	NA	d__Bacteria	p__Bacteroidota	c__Bacteroidia	o__Bacteroidales	f__Tannerellaceae	g__Parabacteroides	NA
c8ae7d9258e5bf2f1f1451873429c5c4	1.1398717278744623	0.002414294950588493	0.5107509765043806	0.004726951218208363	0.9962284526486135	NA	d__Bacteria	p__Bacteroidota	c__Bacteroidia	o__Bacteroidales	f__Tannerellaceae	g__Parabacteroides	NA
8b029d14d4e0eb5aa5617fcb9471a4be	1.139329720849877	-0.5450173283746275	0.4585509816208395	-1.1885643041219875	0.2346111615033514	NA	d__Bacteria	p__Bacteroidota	c__Bacteroidia	o__Bacteroidales	f__Tannerellaceae	g__Parabacteroides	NA
5f327f4172c4f4382ee6a71953879205	1.1976259534092044	0.5429993467363632	0.48467014528449875	1.120348245129944	0.26256539043996335	0.5013367405115677	d__Bacteria	p__Bacteroidota	c__Bacteroidia	o__Bacteroidales	f__Tannerellaceae	g__Parabacteroides	NA
f8c35d57c4b483c5a13d0d52d796940c	1.1536430080925728	0.40089558194925173	0.4885434518617914	0.8205935018092615	0.4118778503192081	NA	d__Bacteria	p__Bacteroidota	c__Bacteroidia	o__Bacteroidales	f__Tannerellaceae	g__Parabacteroides	NA
d8e7f9181e4d5a4a6453e9ca9996a43f	660.5760774709531	-0.29200272735073224	0.8602866896820958	-0.33942490434047845	0.7342896600232334	0.9979603417267243	d__Bacteria	p__Bacteroidota	c__Bacteroidia	o__Bacteroidales	f__Tannerellaceae	g__Parabacteroides	NA
928eea08226b8f0007d70a0b289f0795	1.0531791811445184	0.002414296152872495	0.508193209024343	0.004750744618385579	0.9962094684751255	NA	d__Bacteria	p__Bacteroidota	c__Bacteroidia	o__Bacteroidales	f__Tannerellaceae	g__Parabacteroides	NA
ee1783274bd16e3b9950d77594f27f9a	1.0387111791071326	0.0024142986317507373	0.5079083724409144	0.004753413731197345	0.9962073388552678	NA	d__Bacteria	p__Bacteroidota	c__Bacteroidia	o__Bacteroidales	f__Dysgonomonadaceae	g__Dysgonomonas	NA
9a7134ae7c756e51b6471bd792f9ef10	1.154004727829637	-0.6190644374441078	0.453278759343135	-1.365747731795815	0.1720181570119802	NA	d__Bacteria	p__Bacteroidota	c__Bacteroidia	o__Bacteroidales	f__Dysgonomonadaceae	g__Dysgonomonas	NA
e4f195476bffa394e3048063f99360ea	1.0531791811445184	0.002414296152872495	0.508193209024343	0.004750744618385579	0.9962094684751255	NA	d__Bacteria	p__Bacteroidota	c__Bacteroidia	o__Bacteroidales	f__Barnesiellaceae	g__Incertae_Sedis	NA
ecdb383d9a60d84b305e2e08b57cccea	1.1975843005528293	0.002414319612836647	0.5143316366289012	0.004694091206718086	0.9962546708535686	0.9979603417267243	d__Bacteria	p__Bacteroidota	c__Bacteroidia	o__Bacteroidales	f__Barnesiellaceae	g__Coprobacter	NA
605cc047d6200f294e043f8ce6cb5af7	1.628111812884423	-0.06475578636264785	0.6390683299273779	-0.10132842347234845	0.9192897536406149	0.9979603417267243	d__Bacteria	p__Bacteroidota	c__Bacteroidia	o__Bacteroidales	f__Barnesiellaceae	g__Coprobacter	NA
b5d7cdf2e8f895c8e801d67d082b7bc1	1.1832892844207243	0.0024143101927728014	0.5131799590704497	0.004704607321661529	0.9962462803004641	NA	d__Bacteria	p__Bacteroidota	c__Bacteroidia	o__Bacteroidales	f__Barnesiellaceae	g__Coprobacter	NA
8d441a32339fbd015b03fe3089cdec76	1.615394866841303	1.4731487512982255	0.5262156513800076	2.7995152698990866	0.005117939585754112	0.033918270422357996	d__Bacteria	p__Bacteroidota	c__Bacteroidia	o__Bacteroidales	f__Porphyromonadaceae	g__Porphyromonas	NA
43ea6b69b7696d2674fafdaa3538e9ec	1.0531791811445184	0.002414296152872495	0.508193209024343	0.004750744618385579	0.9962094684751255	NA	d__Bacteria	p__Bacteroidota	c__Bacteroidia	o__Bacteroidales	f__Porphyromonadaceae	g__Porphyromonas	NA
6d860023f7cb5928a25af41e9f53ed30	20.045010155070003	-1.317240325858235	0.9122710321327712	-1.4439133541034381	0.14876334972741515	0.3716028351275998	d__Bacteria	p__Bacteroidota	c__Bacteroidia	o__Bacteroidales	f__Porphyromonadaceae	g__Porphyromonas	NA
9639ca37e5214345658dd3d1087b4404	5.876177774788718	-0.06481548115101535	0.8849103722486257	-0.0732452496701041	0.941610959033625	0.9979603417267243	d__Bacteria	p__Bacteroidota	c__Bacteroidia	o__Bacteroidales	f__Porphyromonadaceae	g__Porphyromonas	NA
8af94e431832ea5ca7e2d2ddc5769fb8	1.1397806570175042	0.0024143006264729736	0.5111930434850023	0.004722874572028103	0.9962317053053529	NA	d__Bacteria	p__Bacteroidota	c__Bacteroidia	o__Bacteroidales	f__Porphyromonadaceae	g__Porphyromonas	NA
e4fb0081d4b0d27e8f5f9c663cb660d5	13.05193758989131	3.222448502937723	0.9514860650537779	3.386753228756525	7.072497257641978e-4	0.008384838415448879	d__Bacteria	p__Bacteroidota	c__Bacteroidia	o__Bacteroidales	f__Porphyromonadaceae	g__Porphyromonas	NA
a42f951cf87f6accbe16633b2e4a44bb	1.0387345039180496	-0.06470046811600558	0.5123244940043232	-0.12628806327471745	0.8995039047348368	NA	d__Bacteria	p__Bacteroidota	c__Bacteroidia	o__Bacteroidales	f__Porphyromonadaceae	g__Porphyromonas	NA
d639e9434c8f50838a4a89f78f19998f	27.36036663715212	0.09788737728184323	0.9392442626341079	0.10421929755239426	0.9169953201319624	0.9979603417267243	d__Bacteria	p__Bacteroidota	c__Bacteroidia	o__Bacteroidales	f__Porphyromonadaceae	g__Porphyromonas	NA
19e44bff8b7f93dd15c0ee9c43a48bdd	1.2116193259354193	-0.8820850627223593	0.43854741835956557	-2.011378988438456	0.04428544098156605	0.16137720528280095	d__Bacteria	p__Bacteroidota	c__Bacteroidia	o__Bacteroidales	f__Porphyromonadaceae	g__Porphyromonas	NA
520093e54d88f4374f2935d53e12bf99	1.3271264862269398	0.9002963137423855	0.5233172530728176	1.720364288499987	0.08536624416264418	0.24842044615113526	d__Bacteria	p__Bacteroidota	c__Bacteroidia	o__Bacteroidales	f__Porphyromonadaceae	g__Porphyromonas	NA
004eaff35d1b108351c9510c9ef5b049	1.2833850200833152	0.0024144632946383666	0.5288228620658018	0.004565731680371136	0.9963570858401086	0.9979603417267243	d__Bacteria	p__Bacteroidota	c__Bacteroidia	o__Bacteroidales	f__Porphyromonadaceae	g__Porphyromonas	NA
b0074af6b9640c09199843a3114c6a6c	1.0387472686596528	0.0024142986412957444	0.5079091082085251	0.004753406864096912	0.9962073443343593	NA	d__Bacteria	p__Bacteroidota	c__Bacteroidia	o__Bacteroidales	f__Porphyromonadaceae	g__Porphyromonas	NA
e4ce01b9d7d504c2ad6b4d1c76737625	1.1392096862758123	0.002414294656845004	0.5107276036231817	0.00472716696673064	0.9962282805081217	NA	d__Bacteria	p__Bacteroidota	c__Bacteroidia	o__Bacteroidales	f__Porphyromonadaceae	g__Porphyromonas	NA
24be3b615a7d6602acf47581a35b6fd4	1.1392096862758123	0.002414294656845004	0.5107276036231817	0.00472716696673064	0.9962282805081217	NA	d__Bacteria	p__Bacteroidota	c__Bacteroidia	o__Bacteroidales	f__Porphyromonadaceae	g__Porphyromonas	NA
19da890972569b6859c360e9b4c8751e	14.7991200325231	1.9229896137397053	0.888131190893168	2.1652089617591406	0.03037168635216618	0.1257018554875982	d__Bacteria	p__Bacteroidota	c__Bacteroidia	o__Bacteroidales	f__Porphyromonadaceae	g__Porphyromonas	NA
6753f0818072f28125cfa5e4f4e20f78	1.140009016005253	0.002414295011596222	0.5107558306092733	0.004726906413806856	0.9962284883969543	NA	d__Bacteria	p__Bacteroidota	c__Bacteroidia	o__Bacteroidales	f__Porphyromonadaceae	g__Porphyromonas	NA
ad507e5af33142b0fa3228bd0eb25923	21.67844079677148	1.4008045160239015	0.9427107224469985	1.4859325163798147	0.13729697175148478	0.35960153981584003	d__Bacteria	p__Bacteroidota	c__Bacteroidia	o__Bacteroidales	f__Porphyromonadaceae	g__Porphyromonas	NA
f53ea68023da65982627683eb0994946	1.0531791811445184	0.002414296152872495	0.508193209024343	0.004750744618385579	0.9962094684751255	NA	d__Bacteria	p__Bacteroidota	c__Bacteroidia	o__Bacteroidales	f__Porphyromonadaceae	g__Porphyromonas	NA
6addbdcf8cdad8201770ae689f90e870	6.07013525891971	2.571832450300245	0.849327634601886	3.0280805021795465	0.0024611251529378844	0.0194520039865535	d__Bacteria	p__Bacteroidota	c__Bacteroidia	o__Bacteroidales	f__Porphyromonadaceae	g__Porphyromonas	NA
d59960696140503b13cf4c28ed81e779	1.0531791811445184	0.002414296152872495	0.508193209024343	0.004750744618385579	0.9962094684751255	NA	d__Bacteria	p__Bacteroidota	c__Bacteroidia	o__Bacteroidales	f__Porphyromonadaceae	g__Porphyromonas	NA
31f567f59096ed2d57feecc6c3621a58	142.01747357742747	1.396433972904865	1.0598181722468325	1.3176165586445845	0.1876320396454621	0.42778501346518816	d__Bacteria	p__Bacteroidota	c__Bacteroidia	o__Bacteroidales	f__Porphyromonadaceae	g__Porphyromonas	NA
156e43349c357d6da97b4eefd07ae797	1.1395063707465674	0.0024142947883892592	0.5107380706925048	0.004727070345697434	0.9962283575996911	NA	d__Bacteria	p__Bacteroidota	c__Bacteroidia	o__Bacteroidales	f__Porphyromonadaceae	g__Porphyromonas	NA
eb0bdbe44aca952fbf5e6e2529f0f0f6	1.0531791811445184	0.002414296152872495	0.508193209024343	0.004750744618385579	0.9962094684751255	NA	d__Bacteria	p__Bacteroidota	c__Bacteroidia	o__Bacteroidales	f__Porphyromonadaceae	g__Porphyromonas	NA
c532c2c02cdb1cec71b6500c5d6c2edf	43.52332811792843	1.9279516840988702	0.9514615168969216	2.02630547831998	0.04273349021757923	0.16137720528280095	d__Bacteria	p__Bacteroidota	c__Bacteroidia	o__Bacteroidales	f__Porphyromonadaceae	g__Porphyromonas	NA
2f495ea1cc6e09ccccbbe1681c62cb36	1.038745095909413	0.11789373858663973	0.5208776076547936	0.22633673794779946	0.8209395269144876	NA	d__Bacteria	p__Bacteroidota	c__Bacteroidia	o__Bacteroidales	f__Porphyromonadaceae	g__Porphyromonas	NA
a08df493c68ca1b0549dc0404dd5cb28	1.0387345039180496	-0.06470046811600559	0.5123244940043232	-0.12628806327471748	0.8995039047348368	NA	d__Bacteria	p__Bacteroidota	c__Bacteroidia	o__Bacteroidales	f__Porphyromonadaceae	g__Porphyromonas	NA
5817fa27f240dd7e7f0822f50b8fc948	1.0531791811445184	0.002414296152872495	0.508193209024343	0.004750744618385579	0.9962094684751255	NA	d__Bacteria	p__Bacteroidota	c__Bacteroidia	o__Bacteroidales	f__Porphyromonadaceae	g__Porphyromonas	NA
8d679f22fe2b8832b2aff8060af8b611	1.1538942356802422	0.0024142979961525057	0.51140346707478	0.004720926140689372	0.9962332599113047	NA	d__Bacteria	p__Bacteroidota	c__Bacteroidia	o__Bacteroidales	f__Porphyromonadaceae	g__Porphyromonas	NA
136d7660236f555e2218c16aa08cfabd	1.7725724278282589	0.0024153764577116285	0.670369903156734	0.0036030502657380015	0.9971251880412934	0.9979603417267243	d__Bacteria	p__Bacteroidota	c__Bacteroidia	o__Bacteroidales	f__Porphyromonadaceae	g__Porphyromonas	NA
0232b56c81bb04fb94bdcfdf8b073ae1	1.0531791811445184	0.002414296152872495	0.508193209024343	0.004750744618385579	0.9962094684751255	NA	d__Bacteria	p__Bacteroidota	c__Bacteroidia	o__Bacteroidales	f__Porphyromonadaceae	g__Porphyromonas	NA
598d37aa0ecec87f152ac33f00540309	38.99978917547548	0.17825336971303504	1.0137049182808413	0.17584344960596407	0.8604169335945935	0.9979603417267243	d__Bacteria	p__Bacteroidota	c__Bacteroidia	o__Bacteroidales	f__Porphyromonadaceae	g__Porphyromonas	NA
03944aebf367f55f359e4ea3e47d9406	1.0387304233561945	0.002414298636840288	0.5079087647476233	0.004753410069700093	0.9962073417766869	NA	d__Bacteria	p__Bacteroidota	c__Bacteroidia	o__Bacteroidales	f__Porphyromonadaceae	g__Porphyromonas	NA
195a6faf067d7e7afcefd42a76f1e1dc	44.85214480609111	0.8559919694630249	0.966870548450193	0.885322208681507	0.3759828751954377	0.6697391115751787	d__Bacteria	p__Bacteroidota	c__Bacteroidia	o__Bacteroidales	f__Porphyromonadaceae	g__Porphyromonas	NA
ad1171e25c458f68ef7a3b40b45dc9e5	1.7270848046729845	0.0024153552576742935	0.6629971058977787	0.00364308567290593	0.997093244617686	0.9979603417267243	d__Bacteria	p__Bacteroidota	c__Bacteroidia	o__Bacteroidales	f__Porphyromonadaceae	g__Porphyromonas	NA
cbcefeed7dff9e69afd0188cc0243db5	1.2832962002310042	-1.154866520434101	0.43504257321812684	-2.654605759365671	0.007940114539552918	0.046836736855934584	d__Bacteria	p__Bacteroidota	c__Bacteroidia	o__Bacteroidales	f__Porphyromonadaceae	g__Porphyromonas	NA
db6fbb8818ad578ef5c3961480fd6dd9	1.0531791811445184	0.002414296152872495	0.508193209024343	0.004750744618385579	0.9962094684751255	NA	d__Bacteria	p__Bacteroidota	c__Bacteroidia	o__Bacteroidales	f__Marinifilaceae	g__Odoribacter	NA
4e7592405ffecb210854f136ba3b73e3	1.0531791811445184	0.002414296152872495	0.508193209024343	0.004750744618385579	0.9962094684751255	NA	d__Bacteria	p__Bacteroidota	c__Bacteroidia	o__Bacteroidales	f__Marinifilaceae	g__Odoribacter	NA
5cbba1ec821d0d64b7e66f992ea80a4e	1.0531791811445184	0.002414296152872495	0.508193209024343	0.004750744618385579	0.9962094684751255	NA	d__Bacteria	p__Bacteroidota	c__Bacteroidia	o__Bacteroidales	f__Marinifilaceae	g__Odoribacter	NA
a730ef0685ea600be854be1842a6b362	60.22539872945174	-0.0817801038493744	0.8681738225497532	-0.09419784578299441	0.9249519959828886	0.9979603417267243	d__Bacteria	p__Bacteroidota	c__Bacteroidia	o__Bacteroidales	f__Marinifilaceae	g__Odoribacter	NA
64c0631565683135b90bd037417fb657	1.0387304233561943	0.0024142986368403084	0.5079087647476208	0.004753410069700156	0.9962073417766869	NA	d__Bacteria	p__Bacteroidota	c__Bacteroidia	o__Bacteroidales	f__Marinifilaceae	g__Odoribacter	NA
0c4b245c4b7c443e975c79c61b5d6281	2.0020631254527514	1.999235980819443	0.5995525254464319	3.334546842798794	8.543850873517718e-4	0.009802461163487533	d__Bacteria	p__Bacteroidota	c__Bacteroidia	o__Bacteroidales	f__Marinifilaceae	g__Gabonibacter	NA
7261cbb86534c4057d6fe54bc4232846	1.1251185058128925	0.002414292854977079	0.5101666250074047	0.004732361422000189	0.9962241359788186	NA	d__Bacteria	p__Bacteroidota	c__Bacteroidia	o__Bacteroidales	f__Marinifilaceae	g__Gabonibacter	NA
52a06dea9ff641c7303c8ca21fa7aca5	1.1537742612285886	0.002414297937185029	0.5113987484816972	0.004720969584600843	0.9962332252484648	NA	d__Bacteria	p__Bacteroidota	c__Bacteroidia	o__Bacteroidales	f__Marinifilaceae	g__Butyricimonas	NA
4a4e713347ac65f04c521b08f128763a	1.1547548996934878	0.002414298419984369	0.5114373820535754	0.004720613910329027	0.9962335090323127	NA	d__Bacteria	p__Bacteroidota	c__Bacteroidia	o__Bacteroidales	f__Marinifilaceae	g__Butyricimonas	NA
57c101de11f975d263664eef27b61ec9	1.0531791811445184	0.002414296152872495	0.508193209024343	0.004750744618385579	0.9962094684751255	NA	d__Bacteria	p__Bacteroidota	c__Bacteroidia	o__Bacteroidales	f__Marinifilaceae	g__Butyricimonas	NA
1c2edba6f16fd68a4972f9933d463941	1.0531791811445184	0.002414296152872495	0.508193209024343	0.004750744618385579	0.9962094684751255	NA	d__Bacteria	p__Bacteroidota	c__Bacteroidia	o__Bacteroidales	f__Marinifilaceae	g__Butyricimonas	NA
bea2245c01baedd6d4a6d6e4e857f9f6	1.0531791811445184	0.002414296152872495	0.508193209024343	0.004750744618385579	0.9962094684751255	NA	d__Bacteria	p__Bacteroidota	c__Bacteroidia	o__Bacteroidales	f__Marinifilaceae	g__Butyricimonas	NA
6d914a702d3c71527cfb3484a6317810	1.0531791811445184	0.002414296152872495	0.508193209024343	0.004750744618385579	0.9962094684751255	NA	d__Bacteria	p__Bacteroidota	c__Bacteroidia	o__Bacteroidales	f__Marinifilaceae	g__Butyricimonas	NA
1473d0e067e22f5b3e209940fd4d0645	1.0531791811445184	0.002414296152872495	0.508193209024343	0.004750744618385579	0.9962094684751255	NA	d__Bacteria	p__Bacteroidota	c__Bacteroidia	o__Bacteroidales	f__Marinifilaceae	g__Butyricimonas	NA
bbcae7ddf438f68fca7bb7ccb1107474	1.1397167460748179	-0.5450866359153479	0.4585606293705677	-1.1886904391760542	0.23456150425722863	NA	d__Bacteria	p__Bacteroidota	c__Bacteroidia	o__Bacteroidales	f__Marinifilaceae	g__Butyricimonas	NA
fade5298f44c620ea4d263bedbeeb182	1.0531791811445184	0.002414296152872495	0.508193209024343	0.004750744618385579	0.9962094684751255	NA	d__Bacteria	p__Bacteroidota	c__Bacteroidia	o__Bacteroidales	f__Marinifilaceae	g__Butyricimonas	NA
9e7451ccee2525615343fd4e5ca8f995	1.1539688576006497	0.40093398035083233	0.48855497004286935	0.8206527513488431	0.4118440910339385	NA	d__Bacteria	p__Bacteroidota	c__Bacteroidia	o__Bacteroidales	f__Marinifilaceae	g__Butyricimonas	NA
3eb7d15a2507bc677303e1cf8ef8a555	1.0531791811445184	0.002414296152872495	0.508193209024343	0.004750744618385579	0.9962094684751255	NA	d__Bacteria	p__Bacteroidota	c__Bacteroidia	o__Bacteroidales	f__Marinifilaceae	g__Butyricimonas	NA
4533bf5ce3fb980fcb1a62e29b3b304b	3.0359317549055875	0.0024153487101005286	0.7627541083131525	0.003166615143433479	0.9974734108895922	0.9979603417267243	d__Bacteria	p__Bacteroidota	c__Bacteroidia	o__Bacteroidales	f__Marinifilaceae	g__Butyricimonas	NA
d611e03044e800bf023cfc92bec2106a	7.851494280155139	-0.6136745652433102	0.8264935746624333	-0.7425037339146341	0.45778219033773004	0.7840346662766581	d__Bacteria	p__Bacteroidota	c__Bacteroidia	o__Bacteroidales	f__Marinifilaceae	g__Butyricimonas	NA
10a2fdc6e17ace008fccaa36aa011a14	1.0531791811445184	0.002414296152872495	0.508193209024343	0.004750744618385579	0.9962094684751255	NA	d__Bacteria	p__Bacteroidota	c__Bacteroidia	o__Bacteroidales	f__Marinifilaceae	g__Butyricimonas	NA
b452284fca181520c11d087351ff43df	8.56240624823786	-2.737918492977862	0.8337724365848491	-3.2837718936745364	0.0010242778940881333	0.010714750127372923	d__Bacteria	p__Bacteroidota	c__Bacteroidia	o__Bacteroidales	f__Marinifilaceae	g__Butyricimonas	NA
275a7bf0c5f28f800faa652f086cbd0c	1.0531791811445184	0.002414296152872495	0.508193209024343	0.004750744618385579	0.9962094684751255	NA	d__Bacteria	p__Bacteroidota	c__Bacteroidia	o__Bacteroidales	f__Marinifilaceae	g__Butyricimonas	NA
2fd468572f88260f297c459f41b0b437	1.1966989339274532	0.5428465182618079	0.4846193455932092	1.120150326638992	0.262649707540737	0.5013367405115677	d__Bacteria	p__Bacteroidota	c__Bacteroidia	o__Bacteroidales	f__Marinifilaceae	g__Butyricimonas	NA
7470286d51334c6100cbc907f07c363b	1.3848766838387527	-0.0647227020982578	0.5996625137417109	-0.10793187937396305	0.9140497287444423	0.9979603417267243	d__Bacteria	p__Bacteroidota	c__Bacteroidia	o__Bacteroidales	f__Marinifilaceae	g__Butyricimonas	NA
f1f42e784bfc3a636da813e55ad0c16d	1.0531791811445184	0.002414296152872495	0.508193209024343	0.004750744618385579	0.9962094684751255	NA	d__Bacteria	p__Bacteroidota	c__Bacteroidia	o__Bacteroidales	f__Marinifilaceae	g__Butyricimonas	NA
22f96e4d8b02d8c55ab78d71a7f12c4f	1.1539320439967042	0.002414298014741003	0.5114049545344546	0.004720912445869443	0.9962332708380683	NA	d__Bacteria	p__Bacteroidota	c__Bacteroidia	o__Bacteroidales	f__Marinifilaceae	g__Butyricimonas	NA
412b0b2c43975195a230e493a7a2b763	1.0531791811445184	0.002414296152872495	0.508193209024343	0.004750744618385579	0.9962094684751255	NA	d__Bacteria	p__Bacteroidota	c__Bacteroidia	o__Bacteroidales	f__Barnesiellaceae	g__Barnesiella	NA
e74a5cb3fbe028ec4c07f35adf4ecdc5	1.0531791811445184	0.002414296152872495	0.508193209024343	0.004750744618385579	0.9962094684751255	NA	d__Bacteria	p__Bacteroidota	c__Bacteroidia	o__Bacteroidales	f__Barnesiellaceae	g__Barnesiella	NA
43a39fa4815bda79d6470002c8172dcb	1.9740025368997063	-2.5624307394306416	0.5350623951616094	-4.789031639303841	1.6758805905655715e-6	6.622831815309129e-5	d__Bacteria	p__Bacteroidota	c__Bacteroidia	o__Bacteroidales	f__Barnesiellaceae	g__Barnesiella	NA
452d18b2725260f5f93490c7f6517f87	4.851537204275422	-4.408787231962876	0.6173611725281772	-7.141341937505233	9.242411433643601e-13	4.930826499848861e-10	d__Bacteria	p__Bacteroidota	c__Bacteroidia	o__Bacteroidales	f__Barnesiellaceae	g__Barnesiella	NA
948a960b3f069d6eaabc5f61d6e74516	1.0531791811445184	0.002414296152872495	0.508193209024343	0.004750744618385579	0.9962094684751255	NA	d__Bacteria	p__Bacteroidota	c__Bacteroidia	o__Bacteroidales	f__Barnesiellaceae	g__Barnesiella	NA
a12a086985ef700cc8f5a0bd3c7b45c1	1.0531791811445184	0.002414296152872495	0.508193209024343	0.004750744618385579	0.9962094684751255	NA	d__Bacteria	p__Bacteroidota	c__Bacteroidia	o__Bacteroidales	f__Barnesiellaceae	g__Barnesiella	NA
9ea77e95fbfd1a99c9c28db3b03a01a8	1.038742922832062	0.002414298640146235	0.5079090195957152	0.004753407691141152	0.9962073436744809	NA	d__Bacteria	p__Bacteroidota	c__Bacteroidia	o__Bacteroidales	f__Barnesiellaceae	g__Barnesiella	NA
64047158420a8a9df9d35d8719329c5b	1.241788983890492	-0.2041005995553413	0.49666987145384284	-0.41093815285775603	0.68111788545351315	0.9979603417267243	d__Bacteria	p__Bacteroidota	c__Bacteroidia	o__Bacteroidales	f__Barnesiellaceae	g__Barnesiella	NA
c25f86904b550e2f97731ac7daa8c01f	1.0531791811445184	0.002414296152872495	0.508193209024343	0.004750744618385579	0.9962094684751255	NA	d__Bacteria	p__Bacteroidota	c__Bacteroidia	o__Bacteroidales	f__Barnesiellaceae	g__Barnesiella	NA
602afda45b90dc10dd817f1e9d6bf744	1.599835560693411	0.0024151452794830787	0.6189197016850357	0.0039021948613168086	0.9968865068685044	0.9979603417267243	d__Bacteria	p__Bacteroidota	c__Bacteroidia	o__Bacteroidales	f__Muribaculaceae	g__Incertae_Sedis	NA
3dd992dfe490d2df50af8ec7cf927d04	1.154004727829637	0.4009382014790953	0.48855623940556975	0.8206592591406058	0.4118403831153211	NA	d__Bacteria	p__Bacteroidota	c__Bacteroidia	o__Bacteroidales	f__Muribaculaceae	g__Incertae_Sedis	NA
2e2fe8e7ea489f2500a00c81eec820f6	1.0531791811445184	0.002414296152872495	0.508193209024343	0.004750744618385579	0.9962094684751255	NA	d__Bacteria	p__Bacteroidota	c__Bacteroidia	o__Bacteroidales	f__Muribaculaceae	g__Incertae_Sedis	NA
462e1ea12a2848b8df881511cb2d6645	1.0531791811445184	0.002414296152872495	0.508193209024343	0.004750744618385579	0.9962094684751255	NA	d__Bacteria	p__Bacteroidota	c__Bacteroidia	o__Bacteroidales	f__Muribaculaceae	g__Incertae_Sedis	NA
506ee17cb5d882636086031fa2232f11	1.0531791811445184	0.002414296152872495	0.508193209024343	0.004750744618385579	0.9962094684751255	NA	d__Bacteria	p__Bacteroidota	c__Bacteroidia	o__Bacteroidales	f__Muribaculaceae	g__Incertae_Sedis	NA
1a1be9635915664dbad6cd5ad85e4447	1.2260229754618648	0.6303662082438558	0.48397042616614927	1.3024891071080615	0.19274923926401533	0.42950964312767165	d__Bacteria	p__Bacteroidota	c__Bacteroidia	o__Bacteroidales	f__Muribaculaceae	g__Incertae_Sedis	NA
cb8b8a6ee6bcfa115f8b24a45fa1c12a	1.2404266249883102	0.6720927912885013	0.4979384809722821	1.3497506558966137	0.17709597761082385	0.4100365221935781	d__Bacteria	p__Bacteroidota	c__Bacteroidia	o__Bacteroidales	f__Muribaculaceae	g__Incertae_Sedis	NA
53e26245d4d0dcc5983dd13a037d610a	1.2548302745147557	0.7126882004305112	0.5026566824654495	1.4178428842025756	0.15623664072738605	0.38182958362897357	d__Bacteria	p__Bacteroidota	c__Bacteroidia	o__Bacteroidales	f__Muribaculaceae	g__Incertae_Sedis	NA
fc1ce1f5305ec60f3b83e8546c566b51	1.0531791811445184	0.002414296152872495	0.508193209024343	0.004750744618385579	0.9962094684751255	NA	d__Bacteria	p__Bacteroidota	c__Bacteroidia	o__Bacteroidales	f__Muribaculaceae	g__Incertae_Sedis	NA
2ed5efe0bd082f8f23971ed1b2eacbb4	1.2551001659818832	-1.0521119435135535	0.43443973649318074	-2.4217672904561027	0.015445237729164094	0.07492945174666904	d__Bacteria	p__Bacteroidota	c__Bacteroidia	o__Bacteroidales	f__Muribaculaceae	g__Incertae_Sedis	NA
4ddcfae7911092976b66d0799c96d4d7	6.323095514468639	-2.9252499445225837	0.7815042323609489	-3.7431018584317983	1.8176250462409384e-4	0.002810733223679828	d__Bacteria	p__Bacteroidota	c__Bacteroidia	o__Bacteroidales	f__Muribaculaceae	g__Incertae_Sedis	NA
429bec9801227761ba42ccc30c1c0e32	1.1251718071846122	0.2978527208036179	0.49269442839203736	0.6045384393237268	0.5454857209865513	NA	d__Bacteria	p__Bacteroidota	c__Bacteroidia	o__Bacteroidales	f__Muribaculaceae	g__Incertae_Sedis	NA
1636df577567be4aadea8383b4af2b86	1.038745095909413	0.11789373858663973	0.5208776076547936	0.22633673794779946	0.8209395269144876	NA	d__Bacteria	p__Bacteroidota	c__Bacteroidia	o__Bacteroidales	f__Muribaculaceae	g__Incertae_Sedis	NA
e51fc3bc6d08ae82b3299bff3739b1f6	1.183143788611998	0.0024143101014838767	0.5131725547695312	0.004704675024111836	0.9962462262823221	NA	d__Bacteria	p__Bacteroidota	c__Bacteroidia	o__Bacteroidales	f__Muribaculaceae	g__Incertae_Sedis	NA
771226f70739413b0fdc6079b144d549	1.1544292663324598	0.4009880729562043	0.48857128413574225	0.8207360644732361	0.4117966235425852	NA	d__Bacteria	p__Bacteroidota	c__Bacteroidia	o__Bacteroidales	f__Muribaculaceae	g__Incertae_Sedis	NA
d3880084f8d19b70530996fc5b0b4f15	1.3261679444476138	-0.9486302178868181	0.4815212466702755	-1.970069284474166	0.048830430576563645	0.1709443277213002	d__Bacteria	p__Bacteroidota	c__Bacteroidia	o__Bacteroidales	f__Muribaculaceae	g__Incertae_Sedis	NA
a72d0917f05f256c74fbb5a0757ed9b5	1.456149891436808	1.1858335042481771	0.5315701197865256	2.230812944723828	0.02569352212819132	0.11010035385855477	d__Bacteria	p__Bacteroidota	c__Bacteroidia	o__Bacteroidales	f__Muribaculaceae	g__Incertae_Sedis	NA
d6cddd7a253f44374c0657089afeb24c	1.49997270363966	-0.5823329533240612	0.4715857036170233	-1.2348401337394574	0.21689000748025034	0.4618923879148993	d__Bacteria	p__Bacteroidota	c__Bacteroidia	o__Bacteroidales	f__Muribaculaceae	g__Incertae_Sedis	NA
42ab378bf5e9c168eeb2ff71cdffb5fa	1.3276280484474212	0.9006822435072095	0.5233768707812358	1.7209057063656181	0.08526793594220501	0.24842044615113526	d__Bacteria	p__Bacteroidota	c__Bacteroidia	o__Bacteroidales	f__Muribaculaceae	g__Incertae_Sedis	NA
7759604db6eb1f89e430cab74dcbc5df	1.0531791811445184	0.002414296152872495	0.508193209024343	0.004750744618385579	0.9962094684751255	NA	d__Bacteria	p__Bacteroidota	c__Bacteroidia	o__Bacteroidales	f__Rikenellaceae	g__Rikenellaceae_RC9_gut_group	NA
b457f87b78c4aed33270ae43607b7094	3.588388336734951	0.30521678829604554	0.6787124654769925	0.4496996943787413	0.6529269917512364	0.9979603417267243	d__Bacteria	p__Bacteroidota	c__Bacteroidia	o__Bacteroidales	f__Rikenellaceae	g__Rikenellaceae_RC9_gut_group	NA
f422c51f7c7baf6e61938deec2ea6af7	1.0531791811445184	0.002414296152872495	0.508193209024343	0.004750744618385579	0.9962094684751255	NA	d__Bacteria	p__Bacteroidota	c__Bacteroidia	o__Bacteroidales	f__Rikenellaceae	g__Rikenellaceae_RC9_gut_group	NA
f9aa9842131b4b26d9715d04aa7bfda2	1.3416377309121823	-1.3417462999687468	0.44225111001460127	-3.0339014862494027	0.0024141324838401097	0.019409925687508142	d__Bacteria	p__Bacteroidota	c__Bacteroidia	o__Bacteroidales	f__Porphyromonadaceae	g__Porphyromonas	NA
84d5a713b1d46f0e0e0f7ba784e9925d	1.0531791811445184	0.002414296152872495	0.508193209024343	0.004750744618385579	0.9962094684751255	NA	d__Bacteria	p__Bacteroidota	c__Bacteroidia	o__Bacteroidales	f__Prevotellaceae	g__Prevotellaceae_NK3B31_group	NA
f8094a37afb3d454a2bc9654445d7a64	1.1828569938509732	0.002414309921701125	0.5131579733598833	0.004704808357343681	0.9962461198989724	NA	d__Bacteria	p__Bacteroidota	c__Bacteroidia	o__Bacteroidales	f__Prevotellaceae	g__Prevotellaceae_UCG-001	NA
c53e42b981a64c89c69a5e6032bf49a2	205.9510388685951	3.4599183805826046	1.04422980504562	3.3133687277116635	9.217936712472704e-4	0.010139730383719974	d__Bacteria	p__Bacteroidota	c__Bacteroidia	o__Bacteroidales	f__Prevotellaceae	g__Prevotellaceae_UCG-001	NA
4b22253d83c9bcba6868b5cabb766c62	1.3409364798180148	0.9345482752730934	0.5269009589357707	1.7736697180447054	0.0761177981842885	0.22983281446359602	d__Bacteria	p__Bacteroidota	c__Bacteroidia	o__Bacteroidales	f__Prevotellaceae	NA	NA
91af70c75e266c12086c731dfc474d5a	1.0531791811445184	0.002414296152872495	0.508193209024343	0.004750744618385579	0.9962094684751255	NA	d__Bacteria	p__Bacteroidota	c__Bacteroidia	o__Bacteroidales	f__Prevotellaceae	NA	NA
737a2f585b9b9a2c98bdd893ec89a80d	1.0531791811445184	0.002414296152872495	0.508193209024343	0.004750744618385579	0.9962094684751255	NA	d__Bacteria	p__Bacteroidota	c__Bacteroidia	o__Bacteroidales	f__Prevotellaceae	NA	NA
a868201429067d69e423117dcd041d33	1.0387075420010623	0.002414298630789	0.5079082983040794	0.004753414423135857	0.996207338303187	NA	d__Bacteria	p__Bacteroidota	c__Bacteroidia	o__Bacteroidales	f__Prevotellaceae	g__Leyella	NA
34b016bc5ceae1b15ba6cae2e54069d2	1.2842273721978155	0.002414464530252096	0.528934674192183	0.004564768860993267	0.9963578540508197	0.9979603417267243	d__Bacteria	p__Bacteroidota	c__Bacteroidia	o__Bacteroidales	f__Prevotellaceae	g__Leyella	NA
27a18663c7f9d9f7bd1ddd023670a3d0	1.0531791811445184	0.002414296152872495	0.508193209024343	0.004750744618385579	0.9962094684751255	NA	d__Bacteria	p__Bacteroidota	c__Bacteroidia	o__Bacteroidales	f__Prevotellaceae	g__Leyella	NA
1595757c017000381cfdfdf769029685	1.0531791811445184	0.002414296152872495	0.508193209024343	0.004750744618385579	0.9962094684751255	NA	d__Bacteria	p__Bacteroidota	c__Bacteroidia	o__Bacteroidales	f__Prevotellaceae	g__Leyella	NA
f5abea898fb49a4770e0a5d036c9f2e9	1.0531791811445184	0.002414296152872495	0.508193209024343	0.004750744618385579	0.9962094684751255	NA	d__Bacteria	p__Bacteroidota	c__Bacteroidia	o__Bacteroidales	f__Prevotellaceae	g__Leyella	NA
10e6cf56141c30d43420492f5d54c5cb	1.0531791811445184	0.002414296152872495	0.508193209024343	0.004750744618385579	0.9962094684751255	NA	d__Bacteria	p__Bacteroidota	c__Bacteroidia	o__Bacteroidales	f__Prevotellaceae	g__Incertae_Sedis	NA
523abb162e15669ce6b4361df6650302	1.0387472686596528	0.0024142986412957444	0.5079091082085251	0.004753406864096912	0.9962073443343593	NA	d__Bacteria	p__Bacteroidota	c__Bacteroidia	o__Bacteroidales	f__Prevotellaceae	g__Prevotella	NA
77f4e2bdc7150f5b04bccc568607fc15	1.1828569938509732	0.002414309921701125	0.5131579733598833	0.004704808357343681	0.9962461198989724	NA	d__Bacteria	p__Bacteroidota	c__Bacteroidia	o__Bacteroidales	f__Prevotellaceae	g__Prevotella	NA
49f7701312ac7878e8c245d65760c2cf	28.97744172383148	-1.6488323505767641	0.9458102739278716	-1.7433013745233492	0.0812809853997942	0.24157886189855268	d__Bacteria	p__Bacteroidota	c__Bacteroidia	o__Bacteroidales	f__Prevotellaceae	g__Prevotella	NA
b59663fd23553a90c237e6b94095cfc3	2.074814789005591	1.0135204139923495	0.5760190623431416	1.7595258217141831	0.07848823834896985	0.2349287907654592	d__Bacteria	p__Bacteroidota	c__Bacteroidia	o__Bacteroidales	f__Prevotellaceae	g__Prevotella	NA
45ddc69a3fbf19ff4953211c157cb9ac	5.6085270736738835	0.16153830309119405	0.7058777206832941	0.22884743115964043	0.8189875001194465	0.9979603417267243	d__Bacteria	p__Bacteroidota	c__Bacteroidia	o__Bacteroidales	f__Prevotellaceae	g__Massiliprevotella	NA
0a0bb0370ec6d980fe832afcdd8e4446	1.0531791811445184	0.002414296152872495	0.508193209024343	0.004750744618385579	0.9962094684751255	NA	d__Bacteria	p__Bacteroidota	c__Bacteroidia	o__Bacteroidales	f__Prevotellaceae	g__Prevotella	NA
263257c66de6df1543395b4bc6b298f1	1.0531791811445184	0.002414296152872495	0.508193209024343	0.004750744618385579	0.9962094684751255	NA	d__Bacteria	p__Bacteroidota	c__Bacteroidia	o__Bacteroidales	f__Prevotellaceae	g__Prevotella	NA
ddc2bf49cf7fed29c5d6f8df1222ce4a	1.0387205801281543	-0.06470126560172709	0.5123242661604964	-0.12628967604173183	0.8995026281536531	NA	d__Bacteria	p__Bacteroidota	c__Bacteroidia	o__Bacteroidales	f__Prevotellaceae	g__Prevotella	NA
833d3daf41b01f59f4e0133fbe87fac3	1.3701693899825187	0.0024149443186464617	0.5812266032351228	0.004154910159316207	0.9966848708706942	0.9979603417267243	d__Bacteria	p__Bacteroidota	c__Bacteroidia	o__Bacteroidales	f__Prevotellaceae	g__Prevotella	NA
2cb97f7a5774ba36b0efe6ac27085be3	12.656539274459815	3.27623326971671	0.9051233932091087	3.6196537337310963	2.9499750777349076e-4	0.004253545145869117	d__Bacteria	p__Bacteroidota	c__Bacteroidia	o__Bacteroidales	f__Prevotellaceae	g__Prevotella	NA
809eb18e709bf0b62ccb9cecd25ef6d9	5.103909271909761	-0.08042268169625305	0.7372896924588668	-0.10907880921004441	0.9131399823876155	0.9979603417267243	d__Bacteria	p__Bacteroidota	c__Bacteroidia	o__Bacteroidales	f__Prevotellaceae	g__Prevotella	NA
8946f8fccc1ae5a37d1023b04359b337	1.2693088689886096	0.0024144279365705427	0.5253348858302493	0.004595978682730606	0.9963329524771277	0.9979603417267243	d__Bacteria	p__Bacteroidota	c__Bacteroidia	o__Bacteroidales	f__Prevotellaceae	g__Prevotella	NA
361325881ec737990902e94fdc8c0e84	1.1822869864377934	-0.7564343617634937	0.4446411429620476	-1.7012244002531705	0.08890085767022488	NA	d__Bacteria	p__Bacteroidota	c__Bacteroidia	o__Bacteroidales	f__Prevotellaceae	g__Prevotella	NA
73b2174095c5979c36846f4950fc96d1	1.3570836031570888	0.9698961417141335	0.5306334116960868	1.8278082765538868	0.0675783306426994	0.21240962235251043	d__Bacteria	p__Bacteroidota	c__Bacteroidia	o__Bacteroidales	f__Prevotellaceae	g__Prevotella	NA
a2d98287c4262a993620dc6a06fbf271	1.168282100613917	-0.6894236150142673	0.4486508683235497	-1.536659491132605	0.12437671593424662	NA	d__Bacteria	p__Bacteroidota	c__Bacteroidia	o__Bacteroidales	f__Prevotellaceae	g__Prevotella	NA
b7b4ecb07e1719860260746a5443092a	1.0531791811445184	0.002414296152872495	0.508193209024343	0.004750744618385579	0.9962094684751255	NA	d__Bacteria	p__Bacteroidota	c__Bacteroidia	o__Bacteroidales	f__Prevotellaceae	g__Prevotella	NA
9bca75ec3830a37d53e0ebbf443358f1	1.0386683642089511	0.002414298620429986	0.5079074998849733	0.004753421875000382	0.9962073323575266	NA	d__Bacteria	p__Bacteroidota	c__Bacteroidia	o__Bacteroidales	f__Prevotellaceae	g__Prevotella	NA
785d67b0c0232c96a21b7bf1c46f0a79	1.0386683642089511	0.002414298620429986	0.5079074998849733	0.004753421875000382	0.9962073323575266	NA	d__Bacteria	p__Bacteroidota	c__Bacteroidia	o__Bacteroidales	f__Prevotellaceae	g__Prevotella	NA
32f8fd11d2bee278d609a1d4ab767554	1.3999762221251209	-0.612107524647153	0.5559251486678789	-1.1010610441241948	0.27087009011702257	0.5133541494757782	d__Bacteria	p__Bacteroidota	c__Bacteroidia	o__Bacteroidales	f__Prevotellaceae	g__Prevotella	NA
a87fa561fa8f1bfa32714adf2c4140b1	1.1685626010515837	0.0024143030232247624	0.512207930812318	0.004713521361131376	0.9962391680048558	NA	d__Bacteria	p__Bacteroidota	c__Bacteroidia	o__Bacteroidales	f__Prevotellaceae	g__Prevotella	NA
f0232e28323111f209fbb997f84dd4a7	1.1965400922701794	0.5872177328984781	0.48326339491852655	1.2151090669664257	0.22432449588336417	NA	d__Bacteria	p__Bacteroidota	c__Bacteroidia	o__Bacteroidales	f__Prevotellaceae	NA	NA
1fbddceb7a9e3c6571e78e92dd7408f0	1.1543484803332507	0.002414298219665689	0.5114213526055358	0.004720761476550746	0.9962333912928146	NA	d__Bacteria	p__Bacteroidota	c__Bacteroidia	o__Bacteroidales	f__Prevotellaceae	g__Prevotella	NA
f221a73064348e4d09fb258ad02f3c2d	1.1544292663324598	0.4009880729562043	0.48857128413574225	0.8207360644732361	0.4117966235425852	NA	d__Bacteria	p__Bacteroidota	c__Bacteroidia	o__Bacteroidales	f__Prevotellaceae	g__Prevotella	NA
4dcad7cbd350a077868c3e954b098edb	1.269910547969378	0.0024144287566125193	0.5254072965431744	0.004595346833776067	0.9963334566143296	0.9979603417267243	d__Bacteria	p__Bacteroidota	c__Bacteroidia	o__Bacteroidales	f__Prevotellaceae	g__Prevotella	NA
f4c2587bbaa6e03cd0452af030d28bb5	1117.0641033926279	0.011928090373171822	1.1232211716426719	0.01061953840820807	0.9915269935181842	0.9979603417267243	d__Bacteria	p__Bacteroidota	c__Bacteroidia	o__Bacteroidales	f__Prevotellaceae	g__Prevotella	NA
5dc4a87514f65e55bd373c1283e95fc4	560.4727435495153	1.8593035117669905	1.2102009850613291	1.5363592781018658	0.12445028836938997	0.3303195464928833	d__Bacteria	p__Bacteroidota	c__Bacteroidia	o__Bacteroidales	f__Prevotellaceae	g__Prevotella	NA
3900a2bd2208989e959860d9c729484d	1.0531791811445184	0.002414296152872495	0.508193209024343	0.004750744618385579	0.9962094684751255	NA	d__Bacteria	p__Bacteroidota	c__Bacteroidia	o__Bacteroidales	f__Prevotellaceae	g__Prevotella	NA
1e5108b91db80489fd5d9ddd294ca72a	1.0531791811445184	0.002414296152872495	0.508193209024343	0.004750744618385579	0.9962094684751255	NA	d__Bacteria	p__Bacteroidota	c__Bacteroidia	o__Bacteroidales	f__Prevotellaceae	g__Prevotella	NA
9ede43375463ada2290cf867b37e0e83	1.0531791811445184	0.002414296152872495	0.508193209024343	0.004750744618385579	0.9962094684751255	NA	d__Bacteria	p__Bacteroidota	c__Bacteroidia	o__Bacteroidales	f__Prevotellaceae	g__Prevotella	NA
cbba35c0152682628245fca0d2efa51e	1.7322400315109863	0.7530832045496216	0.6272452955670097	1.2006199326993094	0.22989866542085657	0.46902844360239765	d__Bacteria	p__Bacteroidota	c__Bacteroidia	o__Bacteroidales	f__Prevotellaceae	g__Prevotella	NA
0a31b6c7f2925ff1b5938b225c4bb98f	1.0387148832605266	-0.06470159141249184	0.5123241729176844	-0.1262903349729069	0.8995021065786138	NA	d__Bacteria	p__Bacteroidota	c__Bacteroidia	o__Bacteroidales	f__Prevotellaceae	g__Prevotella	NA
2e8606b18df22328b95715fbed4b4e60	1.0387148832605266	-0.06470159141249184	0.5123241729176844	-0.1262903349729069	0.8995021065786138	NA	d__Bacteria	p__Bacteroidota	c__Bacteroidia	o__Bacteroidales	f__Prevotellaceae	g__Prevotella	NA
fbba667fc7f1f9165f613562cfef0fe4	1.0531791811445184	0.002414296152872495	0.508193209024343	0.004750744618385579	0.9962094684751255	NA	d__Bacteria	p__Bacteroidota	c__Bacteroidia	o__Bacteroidales	f__Prevotellaceae	g__Prevotella	NA
0af4a44e29127d48ac9bb9add5543850	1.0531791811445184	0.002414296152872495	0.508193209024343	0.004750744618385579	0.9962094684751255	NA	d__Bacteria	p__Bacteroidota	c__Bacteroidia	o__Bacteroidales	f__Prevotellaceae	g__Prevotella	NA
5b6a78a51c1c9c045d0051cd4b9c9e1a	1.3997514677244636	0.0024149719546612417	0.5858506941314174	0.004122162828946854	0.9967109992362447	0.9979603417267243	d__Bacteria	p__Bacteroidota	c__Bacteroidia	o__Bacteroidales	f__Prevotellaceae	g__Prevotella	NA
f4da0157d94638fb359a0a9585b21ec4	1.0531791811445184	0.002414296152872495	0.508193209024343	0.004750744618385579	0.9962094684751255	NA	d__Bacteria	p__Bacteroidota	c__Bacteroidia	o__Bacteroidales	f__Prevotellaceae	g__Prevotella	NA
4240dd950d33cae53348c2548bf06523	1.2402214252822914	0.002414535253307438	0.5339354331547242	0.004522148378580734	0.9963918599247144	0.9979603417267243	d__Bacteria	p__Bacteroidota	c__Bacteroidia	o__Bacteroidales	f__Prevotellaceae	g__Prevotella	NA
fff33805657551184a8385be1e8fbaf9	1.0531791811445184	0.002414296152872495	0.508193209024343	0.004750744618385579	0.9962094684751255	NA	d__Bacteria	p__Bacteroidota	c__Bacteroidia	o__Bacteroidales	f__Prevotellaceae	g__Prevotella	NA
ffe47aadb8d1f95a24458b12fbb70f3b	1.0531791811445184	0.002414296152872495	0.508193209024343	0.004750744618385579	0.9962094684751255	NA	d__Bacteria	p__Bacteroidota	c__Bacteroidia	o__Bacteroidales	f__Prevotellaceae	g__Prevotella	NA
e03eac73262a87e4d1329af92d687341	1.1547548996934878	0.002414298419984369	0.5114373820535754	0.004720613910329027	0.9962335090323127	NA	d__Bacteria	p__Bacteroidota	c__Bacteroidia	o__Bacteroidales	f__Prevotellaceae	g__Prevotella	NA
da926fb16ba77a381b6e12ad17c285a1	1.0531791811445184	0.002414296152872495	0.508193209024343	0.004750744618385579	0.9962094684751255	NA	d__Bacteria	p__Bacteroidota	c__Bacteroidia	o__Bacteroidales	f__Prevotellaceae	g__Prevotella	NA
6a40f8a61f9fc0f87ea4ffed17131e1d	1.7452162616565035	1.6714552825839217	0.6035489574353708	2.7693781291352892	0.005616341135352718	0.036401345906361626	d__Bacteria	p__Bacteroidota	c__Bacteroidia	o__Bacteroidales	f__Prevotellaceae	g__Prevotella	NA
21b96a7ce1bf7e23ef31fccda1a532b0	1.1970578304812665	0.5429057074839967	0.48463898116333126	1.120227073317135	0.2626170097540682	0.5013367405115677	d__Bacteria	p__Bacteroidota	c__Bacteroidia	o__Bacteroidales	f__Prevotellaceae	NA	NA
47de6669d150eae81191e27ea71734bb	1.2258335603486163	0.6303257179622371	0.4839560898063111	1.302444025891907	0.19276464076136965	0.42950964312767165	d__Bacteria	p__Bacteroidota	c__Bacteroidia	o__Bacteroidales	f__Prevotellaceae	NA	NA
e27187272ef155063f49a1dc5a62f592	1.2109776098362992	-0.8818874928323356	0.43850910242838353	-2.0111041890546932	0.04431445280961638	0.16137720528280095	d__Bacteria	p__Bacteroidota	c__Bacteroidia	o__Bacteroidales	f__Prevotellaceae	NA	NA
8f6122e60e66b6f7505a14c0b0ee8ac1	1.0531791811445184	0.002414296152872495	0.508193209024343	0.004750744618385579	0.9962094684751255	NA	d__Bacteria	p__Bacteroidota	c__Bacteroidia	o__Bacteroidales	f__Prevotellaceae	NA	NA
c5ca263ea23e8186e2052c5c645fba5f	1.2258335603486163	0.0024144636058661905	0.5271512947707166	0.004580209950762535	0.9963455339724836	0.9979603417267243	d__Bacteria	p__Bacteroidota	c__Bacteroidia	o__Bacteroidales	f__Prevotellaceae	g__Segatella	NA
f969bac3b2b35c7f9336be34c94db3b7	1.139895723306289	0.35034916278661704	0.4904944670979793	0.7142775021693214	0.4750556010523082	NA	d__Bacteria	p__Bacteroidota	c__Bacteroidia	o__Bacteroidales	f__Prevotellaceae	g__Hoylesella	NA
fd0735e70b2bbc107c3e0ae09d8fc2df	1.0531791811445184	0.002414296152872495	0.508193209024343	0.004750744618385579	0.9962094684751255	NA	d__Bacteria	p__Bacteroidota	c__Bacteroidia	o__Bacteroidales	f__Prevotellaceae	g__Hoylesella	NA
7c1a172d5e47e2c61f8bdb715ea0850f	1.0531791811445184	0.002414296152872495	0.508193209024343	0.004750744618385579	0.9962094684751255	NA	d__Bacteria	p__Bacteroidota	c__Bacteroidia	o__Bacteroidales	f__Prevotellaceae	g__Hoylesella	NA
a754e414789fe804b750276776d70618	1.0387386692036873	0.002414298639021212	0.5079089328663855	0.004753408500606813	0.9962073430286281	NA	d__Bacteria	p__Bacteroidota	c__Bacteroidia	o__Bacteroidales	f__Prevotellaceae	g__Hoylesella	NA
ef5eb562fe991ed96648e6c579255545	1.0531791811445184	0.002414296152872495	0.508193209024343	0.004750744618385579	0.9962094684751255	NA	d__Bacteria	p__Bacteroidota	c__Bacteroidia	o__Bacteroidales	f__Prevotellaceae	g__Hoylesella	NA
b5b19790d1246cbef7be61f374975229	1.0531791811445184	0.002414296152872495	0.508193209024343	0.004750744618385579	0.9962094684751255	NA	d__Bacteria	p__Bacteroidota	c__Bacteroidia	o__Bacteroidales	f__Prevotellaceae	g__Hoylesella	NA
d70b5e40ddbf19c6a2f8db736721c348	1.0531791811445184	0.002414296152872495	0.508193209024343	0.004750744618385579	0.9962094684751255	NA	d__Bacteria	p__Bacteroidota	c__Bacteroidia	o__Bacteroidales	f__Prevotellaceae	g__Hoylesella	NA
ed2705c46014388e410c33059f14abbf	2.646136114429391	2.592171221252796	0.6766439028639064	3.830923784698848	1.276630486010326e-4	0.0022702745476216963	d__Bacteria	p__Bacteroidota	c__Bacteroidia	o__Bacteroidales	f__Prevotellaceae	g__Hoylesella	NA
66b2998f05c3d93576ca9b71b2421176	1.0531791811445184	0.002414296152872495	0.508193209024343	0.004750744618385579	0.9962094684751255	NA	d__Bacteria	p__Bacteroidota	c__Bacteroidia	o__Bacteroidales	f__Prevotellaceae	g__Hoylesella	NA
9419ea5aca20e7558640dfdf7f434837	2.9709511509042175	-0.3592034294795577	0.6125601654243824	-0.5863969773984586	0.5576087750408227	0.9125284708106716	d__Bacteria	p__Bacteroidota	c__Bacteroidia	o__Bacteroidales	f__Prevotellaceae	g__Hoylesella	NA
e8b0d2ee81a0369a16d23ff943574408	1.2258335603486166	0.0024144636058662664	0.5271512947707259	0.004580209950762599	0.9963455339724836	0.9979603417267243	d__Bacteria	p__Bacteroidota	c__Bacteroidia	o__Bacteroidales	f__Prevotellaceae	g__Hoylesella	NA
67d7906c8ecae909a52e05d0dc5e72c5	1.0531791811445184	0.002414296152872495	0.508193209024343	0.004750744618385579	0.9962094684751255	NA	d__Bacteria	p__Bacteroidota	c__Bacteroidia	o__Bacteroidales	f__Prevotellaceae	g__Hoylesella	NA
707d94241e0071e2f7f28c8eaab5b87a	1.038745095909413	0.11789373858663973	0.5208776076547936	0.22633673794779946	0.8209395269144876	NA	d__Bacteria	p__Bacteroidota	c__Bacteroidia	o__Bacteroidales	f__Prevotellaceae	g__Hoylesella	NA
31ae90207edd94c7ec56db3a9778c2e7	315.4315021402606	1.9147941021712735	0.9948631360813429	1.924680926175874	0.05426928815677859	0.18476950931709357	d__Bacteria	p__Bacteroidota	c__Bacteroidia	o__Bacteroidales	f__Prevotellaceae	g__Hoylesella	NA
cec5a19c0bc75874dbf4cba133b10815	1.542286451785751	1.3742292603772859	0.5725302527640458	2.4002736165343572	0.01638282084474259	0.07909714860334997	d__Bacteria	p__Bacteroidota	c__Bacteroidia	o__Bacteroidales	f__Prevotellaceae	g__Hoylesella	NA
f2bd534dbad5deb2a00ac61ea5a7cab0	1.2985216933872286	0.0024145034565560154	0.5328256876449067	0.004531507231245058	0.9963843927171767	0.9979603417267243	d__Bacteria	p__Bacteroidota	c__Bacteroidia	o__Bacteroidales	f__Prevotellaceae	g__Hoylesella	NA
c7b23cc9d5432b282aa969eb64643edf	1.0387304233561945	0.002414298636840288	0.5079087647476233	0.004753410069700093	0.9962073417766869	NA	d__Bacteria	p__Bacteroidota	c__Bacteroidia	o__Bacteroidales	f__Prevotellaceae	g__Hoylesella	NA
549118d496a8b0a2f64e99d8ee90fa88	1.44464099556122	0.0024151174117871257	0.6070806840798242	0.0039782478262305665	0.9968258258530598	0.9979603417267243	d__Bacteria	p__Bacteroidota	c__Bacteroidia	o__Bacteroidales	f__Prevotellaceae	g__Hoylesella	NA
50580a45889411b3866db7fcfe157cc2	1.0531791811445184	0.002414296152872495	0.508193209024343	0.004750744618385579	0.9962094684751255	NA	d__Bacteria	p__Bacteroidota	c__Bacteroidia	o__Bacteroidales	f__Prevotellaceae	g__Hoylesella	NA
5c1dd48ef0a674513626f5c85ea126ee	144.55888909285366	-0.7768374273925346	1.0810968934544103	-0.7185641102994195	0.47240953331979935	0.8015127618563598	d__Bacteria	p__Bacteroidota	c__Bacteroidia	o__Bacteroidales	f__Prevotellaceae	g__Hoylesella	NA
2959329bf2fece574ffd26f40e874459	1.0387386692036873	0.002414298639021212	0.5079089328663855	0.004753408500606813	0.9962073430286281	NA	d__Bacteria	p__Bacteroidota	c__Bacteroidia	o__Bacteroidales	f__Prevotellaceae	g__Hoylesella	NA
958d54f6c2724fdc04ad01d39d59aaca	462.1212317435112	0.2881516041883989	1.0199827986505356	0.2825063369398299	0.7775552882205393	0.9979603417267243	d__Bacteria	p__Bacteroidota	c__Bacteroidia	o__Bacteroidales	f__Prevotellaceae	g__Hoylesella	NA
c56875638ccefe8ec7d11e6e66435aae	1.0531791811445184	0.002414296152872495	0.508193209024343	0.004750744618385579	0.9962094684751255	NA	d__Bacteria	p__Bacteroidota	c__Bacteroidia	o__Bacteroidales	f__Prevotellaceae	g__Hoylesella	NA
09c0bc88b7a6392f7bae86bdf5a3eca4	1.0531791811445184	0.002414296152872495	0.508193209024343	0.004750744618385579	0.9962094684751255	NA	d__Bacteria	p__Bacteroidota	c__Bacteroidia	o__Bacteroidales	f__Prevotellaceae	g__Hoylesella	NA
ce3c8bd32d691f6f790e7bbb60ba6256	1.0531791811445184	0.002414296152872495	0.508193209024343	0.004750744618385579	0.9962094684751255	NA	d__Bacteria	p__Bacteroidota	c__Bacteroidia	o__Bacteroidales	f__Prevotellaceae	g__Hoylesella	NA
1ece5d2a382b61fd5e48c29e2abb8a60	1.0531791811445184	0.002414296152872495	0.508193209024343	0.004750744618385579	0.9962094684751255	NA	d__Bacteria	p__Bacteroidota	c__Bacteroidia	o__Bacteroidales	f__Prevotellaceae	g__Hoylesella	NA
1ac9411edb59c9cb468f62d3e10616b0	1.2546092902159656	0.00241439618877062	0.5222235950782086	0.004623299696768849	0.9963111536934418	0.9979603417267243	d__Bacteria	p__Bacteroidota	c__Bacteroidia	o__Bacteroidales	f__Prevotellaceae	g__Hoylesella	NA
c1cba1160c61989a01435fec69815e0b	1.0531791811445184	0.002414296152872495	0.508193209024343	0.004750744618385579	0.9962094684751255	NA	d__Bacteria	p__Bacteroidota	c__Bacteroidia	o__Bacteroidales	f__Prevotellaceae	g__Prevotella	NA
385197fd9f310da44597d7a6a8ad6916	358.19857019860035	-0.7562725728888978	1.0642712635830447	-0.7106013276566179	0.47733132014465907	0.8084325691973829	d__Bacteria	p__Bacteroidota	c__Bacteroidia	o__Bacteroidales	f__Prevotellaceae	g__Prevotella	NA
2516fcdef52f115c169203708028018a	1.0242359028576067	-0.0647018328164907	0.5120586150338894	-0.12635630163591438	0.8994498910796793	NA	d__Bacteria	p__Bacteroidota	c__Bacteroidia	o__Bacteroidales	f__Prevotellaceae	g__Prevotella	NA
3ed2531ca906208a8911d7adc090819c	1.1977067514141362	0.5430126586709215	0.48467458554815984	1.1203654469664057	0.26255806300831636	0.5013367405115677	d__Bacteria	p__Bacteroidota	c__Bacteroidia	o__Bacteroidales	f__Prevotellaceae	g__Prevotella	NA
38ab0ab19cccf140111a9850ad20e21b	1.1401516305087267	-0.5451641726698595	0.45857152915251986	-1.1888312684334554	0.23450607094703443	NA	d__Bacteria	p__Bacteroidota	c__Bacteroidia	o__Bacteroidales	f__Prevotellaceae	g__Prevotella	NA
c4941c9a5b39e21e398b143696dcecb6	1.0531791811445184	0.002414296152872495	0.508193209024343	0.004750744618385579	0.9962094684751255	NA	d__Bacteria	p__Bacteroidota	c__Bacteroidia	o__Bacteroidales	f__Prevotellaceae	g__Prevotella	NA
a9601f8bae67758ed2e01e9484eb5b3c	1.0387148832605266	-0.06470159141249184	0.5123241729176844	-0.1262903349729069	0.8995021065786138	NA	d__Bacteria	p__Bacteroidota	c__Bacteroidia	o__Bacteroidales	f__Prevotellaceae	g__Prevotella	NA
fabd3c5448b6d9a19bd777a629e35a64	1.1684083773560827	-0.6894512181786763	0.4486552337954244	-1.5367060634648673	0.1243653056131521	NA	d__Bacteria	p__Bacteroidota	c__Bacteroidia	o__Bacteroidales	f__Prevotellaceae	g__Prevotella	NA
cbef40f459197faa8de7bba6a4764a34	1.0386683642089511	0.002414298620429986	0.5079074998849733	0.004753421875000382	0.9962073323575266	NA	d__Bacteria	p__Bacteroidota	c__Bacteroidia	o__Bacteroidales	f__Prevotellaceae	g__Prevotella	NA
66a9ece5a3664b5fd81ad0244ed3b5d3	1.0386683642089511	0.002414298620429986	0.5079074998849733	0.004753421875000382	0.9962073323575266	NA	d__Bacteria	p__Bacteroidota	c__Bacteroidia	o__Bacteroidales	f__Prevotellaceae	g__Prevotella	NA
be0f17ccabbe709007e9b9f2260f2654	3.9031902604488935	-2.756056481932208	0.7478100940643828	-3.68550318297111	2.2825122936215002e-4	0.003430198052526959	d__Bacteria	p__Bacteroidota	c__Bacteroidia	o__Bacteroidales	f__Prevotellaceae	g__Prevotella	NA
edb02840fe91e2472e2935917600da98	1325.6062475491208	-2.3792711126318866	1.1094134882481912	-2.1446206827617105	0.03198318725929927	0.12781296181899748	d__Bacteria	p__Bacteroidota	c__Bacteroidia	o__Bacteroidales	f__Prevotellaceae	g__Prevotella	NA
174b92af2be8de6574c205ce68f97bb7	3.3551849235253317	0.002415343930643228	0.8099437419301835	0.0029821132081188782	0.9976206214393114	0.9979603417267243	d__Bacteria	p__Bacteroidota	c__Bacteroidia	o__Bacteroidales	f__Prevotellaceae	g__Prevotella	NA
67c4934e16f2290a941e0aa78d87569c	1.0243004186829445	0.05077883338465207	0.5249258068624787	0.09673525805134445	0.9229366392467734	NA	d__Bacteria	p__Bacteroidota	c__Bacteroidia	o__Bacteroidales	f__Prevotellaceae	g__Prevotella	NA
1e9e1e8baf424a9835801cb3acf67c63	1.1686518630253597	-0.6895043950367742	0.44866366613132974	-1.5367957048586751	0.12434334557825881	NA	d__Bacteria	p__Bacteroidota	c__Bacteroidia	o__Bacteroidales	f__Prevotellaceae	g__Prevotella	NA
0d398b9529cb273f36013d706d7a8261	2.7966718476052552	-2.8201128814996026	0.638744308447146	-4.415088861387416	1.0096850586635285e-5	2.6933348939849625e-4	d__Bacteria	p__Bacteroidota	c__Bacteroidia	o__Bacteroidales	f__Prevotellaceae	g__Prevotella	NA
aba41a8d90400448d2ad3403942c2360	1.0531791811445184	0.002414296152872495	0.508193209024343	0.004750744618385579	0.9962094684751255	NA	d__Bacteria	p__Bacteroidota	c__Bacteroidia	o__Bacteroidales	f__Prevotellaceae	g__Prevotella	NA
deb90060cd7e33d6b3e583a968e4a11e	1.1834239334356202	0.002414310277305366	0.5131868155220032	0.004704544630301109	0.9962463303203791	NA	d__Bacteria	p__Bacteroidota	c__Bacteroidia	o__Bacteroidales	f__Prevotellaceae	g__Segatella	NA
c994a2772a648316e21e664e3a878e80	1.2121155168160818	-0.8822378677259199	0.43857715373524	-2.0115910284248613	0.044263065907922346	0.16137720528280095	d__Bacteria	p__Bacteroidota	c__Bacteroidia	o__Bacteroidales	f__Prevotellaceae	g__Segatella	NA
f8350ae87f8cc90f4535d72e404cb893	1.182224938841459	0.0024143095262421903	0.5131259016727713	0.004705101649267035	0.996245885888465	NA	d__Bacteria	p__Bacteroidota	c__Bacteroidia	o__Bacteroidales	f__Prevotellaceae	g__Segatella	NA
a471645f99a79630b8b3299997bf7a33	1.0531791811445184	0.002414296152872495	0.508193209024343	0.004750744618385579	0.9962094684751255	NA	d__Bacteria	p__Bacteroidota	c__Bacteroidia	o__Bacteroidales	f__Prevotellaceae	g__Segatella	NA
675c847bccbc53942ebb7b8cbb4efc4d	49.66687752800321	-3.4701026505820662	1.0643356092744822	-3.2603462858369507	0.001112762649194603	0.01120111081783624	d__Bacteria	p__Bacteroidota	c__Bacteroidia	o__Bacteroidales	f__Prevotellaceae	g__Segatella	NA
3f33a2dc6cb3f0ffa1987719f06af323	1.038742922832062	0.002414298640146235	0.5079090195957152	0.004753407691141152	0.9962073436744809	NA	d__Bacteria	p__Bacteroidota	c__Bacteroidia	o__Bacteroidales	f__Prevotellaceae	g__Segatella	NA
47282dc0e0f0aba75eace38dd3a9915d	1.0531791811445184	0.002414296152872495	0.508193209024343	0.004750744618385579	0.9962094684751255	NA	d__Bacteria	p__Bacteroidota	c__Bacteroidia	o__Bacteroidales	f__Prevotellaceae	g__Segatella	NA
f8a0f81a9c727efd3cdf8c8ee1af699a	1.0531791811445184	0.002414296152872495	0.508193209024343	0.004750744618385579	0.9962094684751255	NA	d__Bacteria	p__Bacteroidota	c__Bacteroidia	o__Bacteroidales	f__Prevotellaceae	g__Segatella	NA
d5e95cf12a309c54ce0a6a504fdc2e92	1.0531791811445184	0.002414296152872495	0.508193209024343	0.004750744618385579	0.9962094684751255	NA	d__Bacteria	p__Bacteroidota	c__Bacteroidia	o__Bacteroidales	f__Prevotellaceae	g__Segatella	NA
da6a7cba87e0895b9cbe6037b9bd8b3b	18.380950026933515	3.1424070627972194	0.9236658305358665	3.402103833346467	6.686922668772157e-4	0.00810789373588624	d__Bacteria	p__Bacteroidota	c__Bacteroidia	o__Bacteroidales	f__Prevotellaceae	g__Segatella	NA
4fba6fef450158c1bd1cbcb5a0e8f5e5	26.769234187710516	2.5392715857433723	1.0318114462777144	2.4609841215697483	0.013855649803608597	0.07039989685928749	d__Bacteria	p__Bacteroidota	c__Bacteroidia	o__Bacteroidales	f__Prevotellaceae	g__Segatella	NA
04645342dcaccc29b2078b063aec6f81	1.7432372825121738	-2.2260762135876866	0.4870608175118113	-4.5704276212563615	4.8673000817274e-6	1.5274732903538635e-4	d__Bacteria	p__Bacteroidota	c__Bacteroidia	o__Bacteroidales	f__Prevotellaceae	g__Segatella	NA
abca34d3f46ee1af5c154ab909fd55c9	1.0531791811445184	0.002414296152872495	0.508193209024343	0.004750744618385579	0.9962094684751255	NA	d__Bacteria	p__Bacteroidota	c__Bacteroidia	o__Bacteroidales	f__Prevotellaceae	g__Segatella	NA
baabfbb252def48a72b6fe6bbf907801	1.0531791811445184	0.002414296152872495	0.508193209024343	0.004750744618385579	0.9962094684751255	NA	d__Bacteria	p__Bacteroidota	c__Bacteroidia	o__Bacteroidales	f__Prevotellaceae	g__Prevotellaceae_NK3B31_group	NA
f1eb372635240322c36cc8d43ad0b70f	1.0531791811445184	0.002414296152872495	0.508193209024343	0.004750744618385579	0.9962094684751255	NA	d__Bacteria	p__Bacteroidota	c__Bacteroidia	o__Bacteroidales	f__Prevotellaceae	g__Prevotellaceae_NK3B31_group	NA
08fd372208987d3a3d226095e0f54ad6	1.1971644332247062	0.5429232830996683	0.4846448211847248	1.1202498394029685	0.2626073108440208	0.5013367405115677	d__Bacteria	p__Bacteroidota	c__Bacteroidia	o__Bacteroidales	f__Prevotellaceae	g__Prevotellaceae_NK3B31_group	NA
564b04caae509e17ecafe2aeb2331180	1.4263305383801481	1.1259326117635144	0.5462913095824059	2.0610480013386923	0.03929846086946206	0.15472862637533585	d__Bacteria	p__Bacteroidota	c__Bacteroidia	o__Bacteroidales	f__Incertae_Sedis	g__Incertae_Sedis	NA
ff5ec9cf8912a9f97ee4eae8b668d921	1.0531791811445184	0.002414296152872495	0.508193209024343	0.004750744618385579	0.9962094684751255	NA	d__Bacteria	p__Bacteroidota	c__Bacteroidia	o__Bacteroidales	f__Incertae_Sedis	g__Incertae_Sedis	NA
0a21726cd4952a96635576553da67787	1.0387225030027176	0.11789592723063455	0.5208774115606934	0.22634102499738967	0.8209361928478952	NA	d__Bacteria	p__Bacteroidota	c__Bacteroidia	o__Bacteroidales	f__Prevotellaceae	g__Incertae_Sedis	NA
48c9ff09bf991e271a7e3893984c991e	1.0386683642089511	0.002414298620429986	0.5079074998849733	0.004753421875000382	0.9962073323575266	NA	d__Bacteria	p__Bacteroidota	c__Bacteroidia	o__Bacteroidales	f__Prevotellaceae	g__Incertae_Sedis	NA
0a857f235b897d7c44e86f0c1b75c69b	1.0386683642089511	0.002414298620429986	0.5079074998849733	0.004753421875000382	0.9962073323575266	NA	d__Bacteria	p__Bacteroidota	c__Bacteroidia	o__Bacteroidales	f__Prevotellaceae	g__Incertae_Sedis	NA
e3636afe5d4480c631ca01339a4d54b3	1.2825367229164035	0.7898986602310178	0.5113123428628054	1.5448456726243402	0.12238359688494159	0.32603214179559936	d__Bacteria	p__Bacteroidota	c__Bacteroidia	o__Bacteroidales	f__Prevotellaceae	g__Incertae_Sedis	NA
58529dd65c9373ab07909325cc829705	1.096481436849834	-0.2971554863452884	0.4788553329952225	-0.6205537787093061	0.534893259401293	NA	d__Bacteria	p__Bacteroidota	c__Bacteroidia	o__Bacteroidales	f__Prevotellaceae	g__Incertae_Sedis	NA
185ef6bb79a2ba1a7599caa613caabda	1.0531791811445184	0.002414296152872495	0.508193209024343	0.004750744618385579	0.9962094684751255	NA	d__Bacteria	p__Bacteroidota	c__Bacteroidia	o__Bacteroidales	f__Prevotellaceae	g__Incertae_Sedis	NA
baa3ee92750f65a79400a3496948666f	1.0531791811445184	0.002414296152872495	0.508193209024343	0.004750744618385579	0.9962094684751255	NA	d__Bacteria	p__Bacteroidota	c__Bacteroidia	o__Bacteroidales	f__Prevotellaceae	g__Incertae_Sedis	NA
726bca3c3011eef90e5b866db0fd5329	1.0531791811445184	0.002414296152872495	0.508193209024343	0.004750744618385579	0.9962094684751255	NA	d__Bacteria	p__Bacteroidota	c__Bacteroidia	o__Bacteroidales	f__Prevotellaceae	g__Incertae_Sedis	NA
fa3d2114cfb8f1e6185bb490a3548733	1.0531791811445184	0.002414296152872495	0.508193209024343	0.004750744618385579	0.9962094684751255	NA	d__Bacteria	p__Bacteroidota	c__Bacteroidia	o__Bacteroidales	f__Prevotellaceae	g__Paraprevotella	NA
bc7f3f3f3af5b386336ef880486cf17d	1.0242743713196956	-0.06470144829699527	0.5120593188741265	-0.12635537702791044	0.8994506229443469	NA	d__Bacteria	p__Bacteroidota	c__Bacteroidia	o__Bacteroidales	f__Prevotellaceae	g__Paraprevotella	NA
3b4cabf8962f05db11ca9e79fa492351	1.0531791811445184	0.002414296152872495	0.508193209024343	0.004750744618385579	0.9962094684751255	NA	d__Bacteria	p__Bacteroidota	c__Bacteroidia	o__Bacteroidales	f__Prevotellaceae	g__Paraprevotella	NA
acf339d6620e975d91dc57db41e28cae	1.0531791811445184	0.002414296152872495	0.508193209024343	0.004750744618385579	0.9962094684751255	NA	d__Bacteria	p__Bacteroidota	c__Bacteroidia	o__Bacteroidales	f__Prevotellaceae	g__Paraprevotella	NA
d9e50a5a9a9080e7465190853575ecb0	1.0387386692036873	0.002414298639021221	0.5079089328663855	0.004753408500606831	0.9962073430286281	NA	d__Bacteria	p__Bacteroidota	c__Bacteroidia	o__Bacteroidales	f__Prevotellaceae	g__Paraprevotella	NA
edf42f357f8934fc004c334c5c7b5e6e	33.28156689676535	-6.51256746872895	0.9470493098334376	-6.8766931152448105	6.125787579773173e-12	1.6340538369044938e-9	d__Bacteria	p__Bacteroidota	c__Bacteroidia	o__Bacteroidales	f__Prevotellaceae	g__Paraprevotella	NA
888f55ac51312b80cd969798719e9df0	1.0531791811445184	0.002414296152872495	0.508193209024343	0.004750744618385579	0.9962094684751255	NA	d__Bacteria	p__Bacteroidota	c__Bacteroidia	o__Bacteroidales	f__Prevotellaceae	g__Paraprevotella	NA
dffd48b1005574979781e104156691c1	1.8180610681876468	-2.2757948027462414	0.5232185297617187	-4.34960666202451	1.3638193629527863e-5	3.3841750238851695e-4	d__Bacteria	p__Bacteroidota	c__Bacteroidia	o__Bacteroidales	f__Prevotellaceae	g__Paraprevotella	NA
a5e25e35cdf15e0df8ba3600468301e3	1.0531791811445184	0.002414296152872495	0.508193209024343	0.004750744618385579	0.9962094684751255	NA	d__Bacteria	p__Bacteroidota	c__Bacteroidia	o__Bacteroidales	f__Prevotellaceae	g__Paraprevotella	NA
aae09ffc07d0857218ee68a7f4b6e5c7	1.0531791811445184	0.002414296152872495	0.508193209024343	0.004750744618385579	0.9962094684751255	NA	d__Bacteria	p__Bacteroidota	c__Bacteroidia	o__Cytophagales	f__Hymenobacteraceae	g__Adhaeribacter	NA
2a071af67ec43b7126e8c362bec6e8ae	1.0531791811445184	0.002414296152872495	0.508193209024343	0.004750744618385579	0.9962094684751255	NA	d__Bacteria	p__Bacteroidota	c__Bacteroidia	o__Cytophagales	f__Microscillaceae	NA	NA
0229e2937d0ebaf5ca5064ccfaffe79c	1.0531791811445184	0.002414296152872495	0.508193209024343	0.004750744618385579	0.9962094684751255	NA	d__Bacteria	p__Bacteroidota	c__Bacteroidia	o__Cytophagales	f__Microscillaceae	g__Chryseotalea	NA
c44496298b508813f8e3dc2a9e49f2b9	1.0531791811445184	0.002414296152872495	0.508193209024343	0.004750744618385579	0.9962094684751255	NA	d__Bacteria	p__Bacteroidota	c__Bacteroidia	o__Chitinophagales	f__Saprospiraceae	g__Incertae_Sedis	NA
9c5dea86b3bcf2ec74b8ff184afe028b	1.1542919217297982	0.40097195631818056	0.4885664126387841	0.8207112604251707	0.41181075526165933	NA	d__Bacteria	p__Bacteroidota	c__Bacteroidia	o__Flavobacteriales	f__Weeksellaceae	g__Weeksella	NA
00de882bb7123d629bc28faac3ac648d	1.0531791811445184	0.002414296152872495	0.508193209024343	0.004750744618385579	0.9962094684751255	NA	d__Bacteria	p__Bacteroidota	c__Bacteroidia	o__Chitinophagales	f__Incertae_Sedis	g__Incertae_Sedis	NA
f7203e351744bd85e85ea4c72a2a60ca	1.0531791811445184	0.002414296152872495	0.508193209024343	0.004750744618385579	0.9962094684751255	NA	d__Bacteria	p__Bacteroidota	c__Bacteroidia	o__Chitinophagales	f__Incertae_Sedis	g__Incertae_Sedis	NA
62b46641e67a285ee4c91b8ea6bd3e39	1.0531791811445184	0.002414296152872495	0.508193209024343	0.004750744618385579	0.9962094684751255	NA	d__Bacteria	p__Bacteroidota	c__Bacteroidia	o__Chitinophagales	f__Chitinophagaceae	g__Niastella	NA
5b824059f35b2d1a22e2ce26ab79ede0	1.0531791811445184	0.002414296152872495	0.508193209024343	0.004750744618385579	0.9962094684751255	NA	d__Bacteria	p__Bacteroidota	c__Bacteroidia	o__Chitinophagales	f__Chitinophagaceae	g__Terrimonas	NA
47f2617de53ce85d035fd4d1cc587272	1.0531791811445184	0.002414296152872495	0.508193209024343	0.004750744618385579	0.9962094684751255	NA	d__Bacteria	p__Bacteroidota	c__Bacteroidia	o__Chitinophagales	f__Chitinophagaceae	NA	NA
93e38d6ea36cb5181b003fc13ef4a734	1.0531791811445184	0.002414296152872495	0.508193209024343	0.004750744618385579	0.9962094684751255	NA	d__Bacteria	p__Bacteroidota	c__Bacteroidia	o__Chitinophagales	f__Chitinophagaceae	g__Terrimonas	NA
e0d717a776c68b2749792e569e051a0a	1.0531791811445184	0.002414296152872495	0.508193209024343	0.004750744618385579	0.9962094684751255	NA	d__Bacteria	p__Bacteroidota	c__Bacteroidia	o__Chitinophagales	f__Chitinophagaceae	NA	NA
8a6bc0ea3e3a1eb5cec5f392bc8a7480	1.0531791811445184	0.002414296152872495	0.508193209024343	0.004750744618385579	0.9962094684751255	NA	d__Bacteria	p__Bacteroidota	c__Bacteroidia	o__Chitinophagales	f__Chitinophagaceae	g__Parafilimonas	NA
9bc8a76f719e8b3f68db4dd510134880	1.0531791811445184	0.002414296152872495	0.508193209024343	0.004750744618385579	0.9962094684751255	NA	d__Bacteria	p__Bacteroidota	c__Bacteroidia	o__Chitinophagales	f__Chitinophagaceae	g__Ferruginibacter	NA
e4ee05bbf4ea42bb7404e560a5998628	1.0531791811445184	0.002414296152872495	0.508193209024343	0.004750744618385579	0.9962094684751255	NA	d__Bacteria	p__Bacteroidota	c__Bacteroidia	o__Chitinophagales	f__Chitinophagaceae	g__Puia	NA
5e50a007ea9a7f83275157c158916fcc	1.3724171537269936	0.002414944048930979	0.581226603209374	0.004154909695454957	0.9966848712407987	0.9979603417267243	d__Bacteria	p__Bacteroidota	c__Bacteroidia	o__Bacteroidales	f__Rikenellaceae	g__Alistipes	NA
145c42bf0a4150acfd81694dd78a1be3	1.182224938841459	0.0024143095262421903	0.5131259016727713	0.004705101649267035	0.996245885888465	NA	d__Bacteria	p__Bacteroidota	c__Bacteroidia	o__Bacteroidales	f__Rikenellaceae	g__Alistipes	NA
9b88337492ccd1c0319669daaad2e94d	1.1542329893317134	-0.6191094173029105	0.45328544068398346	-1.365826831695074	0.1719933225372172	NA	d__Bacteria	p__Bacteroidota	c__Bacteroidia	o__Bacteroidales	f__Rikenellaceae	g__Alistipes	NA
742e1f191223f58590661de80b9d6e3b	234.53107865209162	-0.868720479371363	1.0550440493290014	-0.8233973547586582	0.4102820668423402	0.7247863664251275	d__Bacteria	p__Bacteroidota	c__Bacteroidia	o__Bacteroidales	f__Rikenellaceae	g__Alistipes	NA
9d583502f595e3a521989b645d50e327	1.6300962806798454	0.00241529375149515	0.645137300537175	0.0037438445265589983	0.9970128512323785	0.9979603417267243	d__Bacteria	p__Bacteroidota	c__Bacteroidia	o__Bacteroidales	f__Rikenellaceae	g__Alistipes	NA
04160ba54c21aeed9435ec51e581ac46	1.0531791811445184	0.002414296152872495	0.508193209024343	0.004750744618385579	0.9962094684751255	NA	d__Bacteria	p__Bacteroidota	c__Bacteroidia	o__Bacteroidales	f__Rikenellaceae	g__Alistipes	NA
7a6a394fe7285b50ee54b56f316a3944	1.3700030982093336	0.0024149443386973254	0.5812266032370369	0.0041549101938000215	0.9966848708431804	0.9979603417267243	d__Bacteria	p__Bacteroidota	c__Bacteroidia	o__Bacteroidales	f__Rikenellaceae	g__Alistipes	NA
506efac48dc5d5be2c0122c381639a3f	54.638923593765384	-1.4079686902999025	0.9689311664525858	-1.4531152872857875	0.1461917472316692	0.370514475762924	d__Bacteria	p__Bacteroidota	c__Bacteroidia	o__Bacteroidales	f__Rikenellaceae	g__Alistipes	NA
91f0bfa8c51f250c466cda365f249c87	1.0531791811445184	0.002414296152872495	0.508193209024343	0.004750744618385579	0.9962094684751255	NA	d__Bacteria	p__Bacteroidota	c__Bacteroidia	o__Bacteroidales	f__Rikenellaceae	g__Alistipes	NA
b23dee3dd2e0c370f4de6668a7c64ffa	1.2976785139239095	-1.2037280356933155	0.4362464209878521	-2.75928461021537	0.005792805981604912	0.036401345906361626	d__Bacteria	p__Bacteroidota	c__Bacteroidia	o__Bacteroidales	f__Rikenellaceae	g__Alistipes	NA
b5a69fb7a66fdb2bf437bd286b439706	2.3102211087287006	0.002415447858696332	0.7314678860184659	0.003302192625084506	0.9973652362761019	0.9979603417267243	d__Bacteria	p__Bacteroidota	c__Bacteroidia	o__Bacteroidales	f__Rikenellaceae	g__Alistipes	NA
8a745e9dff13ee4ea8316990590ef779	1.18342393343562	0.4972277486984508	0.4856437253307171	1.0238529250220316	0.3059047479270611	NA	d__Bacteria	p__Bacteroidota	c__Bacteroidia	o__Bacteroidales	f__Rikenellaceae	g__Alistipes	NA
8795c5a86013864dc11f24b89e8cdd8c	52.393773984000624	-0.629235329360506	0.9391327808138848	-0.6700174269448766	0.5028466810263919	0.8396516567373397	d__Bacteria	p__Bacteroidota	c__Bacteroidia	o__Bacteroidales	f__Rikenellaceae	g__Alistipes	NA
332a6411ff00b4010ac2397f504c4695	175.00545189303702	-1.4534060697079714	1.0641663147476603	-1.365769663600571	0.17201127095876811	0.4096786297165303	d__Bacteria	p__Bacteroidota	c__Bacteroidia	o__Bacteroidales	f__Rikenellaceae	g__Alistipes	NA
c48430d07ea1d17ff7f39b5e84ab7e56	1.1398222527895048	0.002414294928611059	0.5107492278221846	0.004726967359119702	0.9962284397701734	NA	d__Bacteria	p__Bacteroidota	c__Bacteroidia	o__Bacteroidales	f__Rikenellaceae	g__Alistipes	NA
5669f9055e393154386d3ad1196d3f03	3.898780594758827	3.31860017171088	0.7208505141401883	4.603728660260748	4.149930843437902e-6	1.3837425656088254e-4	d__Bacteria	p__Bacteroidota	c__Bacteroidia	o__Bacteroidales	f__Rikenellaceae	g__Alistipes	NA
51d4f17b8dda9f7d972bf3dd0ecc4e59	3.4813671509142043	-1.2927835034146293	0.6876784776876609	-1.879924332897042	0.0601183911083833	0.2010762225163025	d__Bacteria	p__Bacteroidota	c__Bacteroidia	o__Bacteroidales	f__Rikenellaceae	g__Alistipes	NA
a1dac377f5b64afa4ec9861fda5a05a8	1.0531791811445184	0.002414296152872495	0.508193209024343	0.004750744618385579	0.9962094684751255	NA	d__Bacteria	p__Bacteroidota	c__Bacteroidia	o__Bacteroidales	f__Rikenellaceae	g__Alistipes	NA
87f6edb6a35369636f7b947cf37be91b	1.0531791811445184	0.002414296152872495	0.508193209024343	0.004750744618385579	0.9962094684751255	NA	d__Bacteria	p__Bacteroidota	c__Bacteroidia	o__Bacteroidales	f__Rikenellaceae	g__Alistipes	NA
09872e510cd71d99b2bb087c1700faea	1.1687365989562668	0.44988381435059605	0.4869390687491991	0.9239016608509419	0.3555375182945948	NA	d__Bacteria	p__Bacteroidota	c__Bacteroidia	o__Bacteroidales	f__Rikenellaceae	g__Alistipes	NA
fee421dd182111e1d718ac10decab1e9	5.985527952375236	-0.9263898582238309	0.7723533446249459	-1.199437879917106	0.23035772584157588	0.46906811731481196	d__Bacteria	p__Bacteroidota	c__Bacteroidia	o__Bacteroidales	f__Rikenellaceae	g__Alistipes	NA
1eaa3cb7baaac3220b0606e3621afd16	1.713759126554381	1.1853839345957586	0.5903327286408931	2.007992911598914	0.04464404492074379	0.16202447595385586	d__Bacteria	p__Bacteroidota	c__Bacteroidia	o__Bacteroidales	f__Rikenellaceae	g__Alistipes	NA
efa231614a5eb97a385a5cae7b440348	4.187201810016617	-2.052096513187504	0.6946272261020888	-2.9542414061465383	0.003134387147298068	0.0233820501266853	d__Bacteria	p__Bacteroidota	c__Bacteroidia	o__Bacteroidales	f__Rikenellaceae	g__Alistipes	NA
ed588d050497ce5fda6cf12d1ec02398	1.1683878782589967	0.00241430292678605	0.512200165070121	0.004713592637080716	0.996239111135508	NA	d__Bacteria	p__Bacteroidota	c__Bacteroidia	o__Bacteroidales	f__Paludibacteraceae	g__H1	NA
39affe4f24aab02b897ece4e7d11f23d	1.0387225030027176	0.11789592723063455	0.5208774115606934	0.22634102499738967	0.8209361928478952	NA	d__Bacteria	p__Bacteroidota	c__Bacteroidia	o__Bacteroidales	f__Porphyromonadaceae	g__Porphyromonas	NA
443cd0556d78e022458f972d92efa850	1.3108703337991232	0.0024145412215852216	0.5366960794896544	0.004498898564493363	0.9964104104037117	0.9979603417267243	d__Bacteria	p__Bacteroidota	c__Bacteroidia	o__Bacteroidales	f__Tannerellaceae	g__Parabacteroides	NA
8c1695768f19ab2a2417ecebfdc87973	1.2536056332092114	0.002414394949992208	0.5221166091723628	0.004624244675570472	0.9963103997175055	0.9979603417267243	d__Bacteria	p__Bacteroidota	c__Bacteroidia	o__Bacteroidales	f__Tannerellaceae	g__Parabacteroides	NA
8b61bc858039d91fb9cf6fdce510d523	1.1831055059566264	-0.756633834477858	0.4446749031676169	-1.7015438224375137	0.08884091621150579	NA	d__Bacteria	p__Bacteroidota	c__Bacteroidia	o__Bacteroidales	f__Tannerellaceae	g__Parabacteroides	NA
a1c6580ba32c468041ba2008ee6df6ab	1.212159508441098	0.002414332520583582	0.5157685941690077	0.00468103825606809	0.9962650854869427	0.9979603417267243	d__Bacteria	p__Bacteroidota	c__Bacteroidia	o__Bacteroidales	f__Tannerellaceae	g__Parabacteroides	NA
38fb37d1d1ca08cbd4c3ffa52485efd7	1.1682821006139168	0.0024143028684350124	0.5121954663836127	0.004713635763864419	0.9962390767256953	NA	d__Bacteria	p__Bacteroidota	c__Bacteroidia	o__Bacteroidales	f__Tannerellaceae	g__Parabacteroides	NA
8343cf4c26bb977e05e4d9c5125441ef	91.79339901684807	-7.214017718120372	1.0818863366205653	-6.667999653877173	2.593133956092599e-11	5.533747862301607e-9	d__Bacteria	p__Bacteroidota	c__Bacteroidia	o__Bacteroidales	f__Tannerellaceae	g__Parabacteroides	NA
93ffcf9781cf84717a401e9ebaa48be6	1.0386774672947785	-0.06470372441136593	0.5123235602098086	-0.12629464939084242	0.8994986915148221	NA	d__Bacteria	p__Bacteroidota	c__Bacteroidia	o__Bacteroidales	f__Tannerellaceae	g__Parabacteroides	NA
2b16eb77298603505ec51fc70e43b1ea	1.0531791811445184	0.002414296152872495	0.508193209024343	0.004750744618385579	0.9962094684751255	NA	d__Bacteria	p__Bacteroidota	c__Bacteroidia	o__Bacteroidales	f__Tannerellaceae	g__Parabacteroides	NA
173c825a18291f2ba18b5e46d9db8408	63.42978369572783	-0.08850296027463622	1.136944215634825	-0.07784283437795551	0.9379530728958094	0.9979603417267243	d__Bacteria	p__Bacteroidota	c__Bacteroidia	o__Bacteroidales	f__Tannerellaceae	g__Parabacteroides	NA
376365347b1a4473ab806ea391141257	1.0531791811445184	0.002414296152872495	0.508193209024343	0.004750744618385579	0.9962094684751255	NA	d__Bacteria	p__Bacteroidota	c__Bacteroidia	o__Bacteroidales	f__Tannerellaceae	g__Parabacteroides	NA
7536bf8021eb12334150b97a2a42a302	1.0387345039180496	-0.06470046811600559	0.5123244940043232	-0.12628806327471748	0.8995039047348368	NA	d__Bacteria	p__Bacteroidota	c__Bacteroidia	o__Bacteroidales	f__Tannerellaceae	g__Parabacteroides	NA
7a92103382087dd073eb53bb2e9ec830	1.0531791811445184	0.002414296152872495	0.508193209024343	0.004750744618385579	0.9962094684751255	NA	d__Bacteria	p__Bacteroidota	c__Bacteroidia	o__Bacteroidales	f__Tannerellaceae	g__Parabacteroides	NA
e8997e4ec742548b2c0908a8630ef419	1.0387386692036873	0.002414298639021212	0.5079089328663855	0.004753408500606813	0.9962073430286281	NA	d__Bacteria	p__Bacteroidota	c__Bacteroidia	o__Bacteroidales	f__Tannerellaceae	g__Parabacteroides	NA
535c0035c8256175cc840f4170bb074c	1.0531791811445184	0.002414296152872495	0.508193209024343	0.004750744618385579	0.9962094684751255	NA	d__Bacteria	p__Bacteroidota	c__Bacteroidia	o__Bacteroidales	f__Tannerellaceae	g__Parabacteroides	NA
9a76c2c2904fcae623e236b6818a712e	13.828909358819626	-0.06473444691800682	0.9833507970034826	-0.06583047180646924	0.947512795854584	0.9979603417267243	d__Bacteria	p__Bacteroidota	c__Bacteroidia	o__Bacteroidales	f__Tannerellaceae	g__Parabacteroides	NA
878fc53ff6f6333a92673b700951fa1b	137.17264005054494	1.3799972321618132	1.088150773575256	1.2682040629605573	0.20472508648003393	0.4457237187524575	d__Bacteria	p__Bacteroidota	c__Bacteroidia	o__Bacteroidales	f__Tannerellaceae	g__Parabacteroides	NA
4eb8b5f93f0e959308bef61d3babbe34	1.0242749207946762	0.002414301493875571	0.5076410820879463	0.0047559222038245225	0.9962053374063108	NA	d__Bacteria	p__Bacteroidota	c__Bacteroidia	o__Bacteroidales	f__Tannerellaceae	g__Parabacteroides	NA
182b9fa9fb5099a93fd36de478d40ebb	1.0387225030027176	0.0024142986347454954	0.5079086032774005	0.004753411576741685	0.9962073405742553	NA	d__Bacteria	p__Bacteroidota	c__Bacteroidia	o__Bacteroidales	f__Tannerellaceae	g__Parabacteroides	NA
beac131eb0e7b729d01e68c9c5bee91b	1.0387111791071326	-0.06470180310896163	0.5123241122837576	-0.12629076312755247	0.8995017676740831	NA	d__Bacteria	p__Bacteroidota	c__Bacteroidia	o__Bacteroidales	f__Tannerellaceae	g__Parabacteroides	NA
501345d9336cb02e0afb2890cd3e0a78	1.0387111791071326	0.0024142986317507373	0.5079083724409144	0.004753413731197345	0.9962073388552678	NA	d__Bacteria	p__Bacteroidota	c__Bacteroidia	o__Bacteroidales	f__Tannerellaceae	g__Parabacteroides	NA
3edf5034a84bf32a642483a02e8af657	1.0387111791071326	0.0024142986317507373	0.5079083724409144	0.004753413731197345	0.9962073388552678	NA	d__Bacteria	p__Bacteroidota	c__Bacteroidia	o__Bacteroidales	f__Tannerellaceae	g__Parabacteroides	NA
50d86b5415d2bd509518bc51c71e3364	1.1394035355022927	0.0024142947427769766	0.5107344413368646	0.004727103847661965	0.9962283308692895	NA	d__Bacteria	p__Bacteroidota	c__Bacteroidia	o__Bacteroidales	f__Tannerellaceae	g__Parabacteroides	NA
c24228d0f7620bd04c044d27df14b5ee	1.0531791811445184	0.002414296152872495	0.508193209024343	0.004750744618385579	0.9962094684751255	NA	d__Bacteria	p__Bacillota	c__Clostridia	o__Peptostreptococcales-Tissierellales	f__Peptostreptococcaceae	g__Peptostreptococcus	NA
ca647fe90e501808421954e5fbf9faa6	169.04747045098307	-1.1309636662876663	0.9911569072509299	-1.141054113646349	0.25384740480002377	0.5013367405115677	d__Bacteria	p__Bacillota	c__Clostridia	o__Peptostreptococcales-Tissierellales	f__Peptostreptococcaceae	g__Peptostreptococcus	NA
d6a0db7938b5bf40df8ea7f9f97e9d64	1.0531791811445184	0.002414296152872495	0.508193209024343	0.004750744618385579	0.9962094684751255	NA	d__Bacteria	p__Bacillota	c__Clostridia	o__Peptostreptococcales-Tissierellales	f__Peptostreptococcaceae	g__Peptostreptococcus	NA
1f0532e025d966a685fd0d1f3144bc8a	8.97075398094394	-0.2830208856567361	0.9006716850591465	-0.31423313328446684	0.7533439795258461	0.9979603417267243	d__Bacteria	p__Bacillota	c__Clostridia	o__Peptostreptococcales-Tissierellales	f__Peptostreptococcaceae	g__Peptostreptococcus	NA
b9ac436ea8771f1bffd49d16712766bf	1.0531791811445184	0.002414296152872495	0.508193209024343	0.004750744618385579	0.9962094684751255	NA	d__Bacteria	p__Bacillota	c__Clostridia	o__Peptostreptococcales-Tissierellales	f__Peptostreptococcaceae	g__Peptostreptococcus	NA
4e2f5dcd22bb762784fec4363445371d	1.1398717278744621	-0.5451143091653418	0.45856450663623965	-1.188740736093992	0.23454170528408588	NA	d__Bacteria	p__Bacillota	c__Clostridia	o__Peptostreptococcales-Tissierellales	f__Peptostreptococcaceae	g__Peptostreptococcus	NA
8d703908c09c7cb0da2a4398dd74f9f8	1.5863271463422781	0.6708920561638929	0.5905309956337929	1.136082713903699	0.25592194880918373	0.5013367405115677	d__Bacteria	p__Bacillota	c__Clostridia	o__Peptostreptococcales-Tissierellales	f__Peptostreptococcaceae	g__Terrisporobacter	NA
6420671c26eef32065e0275c8cd6701e	15.430920566245224	1.3930458928092952	0.840544477987413	1.6573137166337506	0.09745606555066583	0.27364637353305377	d__Bacteria	p__Bacillota	c__Clostridia	o__Peptostreptococcales-Tissierellales	f__Peptostreptococcaceae	g__Intestinibacter	NA
a731d3f2438a4bb63e315fac2c1bf3d1	1.2258335603486163	-0.9409071745882968	0.43645350383328846	-2.155801629095625	0.031099158228868325	0.1257018554875982	d__Bacteria	p__Bacillota	c__Clostridia	o__Peptostreptococcales-Tissierellales	f__Peptostreptococcaceae	g__Intestinibacter	NA
04edaa963304c466674c30f9f9bb087e	1.3413520982699727	-1.3415088091191083	0.4422066776420619	-3.0336692703789834	0.0024159913174878734	0.019409925687508142	d__Bacteria	p__Bacillota	c__Clostridia	o__Peptostreptococcales-Tissierellales	f__Peptostreptococcaceae	g__Paeniclostridium	NA
99bccd58aaeb00f98e22add40be6e36b	2.5611399976438936	2.5475561997573943	0.6794212790835163	3.7495973090419525	1.7711875910160943e-4	0.0028059639304798584	d__Bacteria	p__Bacillota	c__Clostridia	o__Peptostreptococcales-Tissierellales	f__Peptostreptococcaceae	g__Clostridioides	NA
b15cec5e7b89958acf29a46cf98efbec	1.197541764269083	0.0024143195822667954	0.51432913644039	0.004694113965574671	0.9962546526948283	0.9979603417267243	d__Bacteria	p__Bacillota	c__Clostridia	o__Peptostreptococcales-Tissierellales	f__Peptostreptococcaceae	g__Clostridioides	NA
b9173492cd6bac5ad72d1b87d6e9b89f	1.1966989339274532	0.5428465182618079	0.4846193455932092	1.120150326638992	0.262649707540737	0.5013367405115677	d__Bacteria	p__Bacillota	c__Clostridia	o__Peptostreptococcales-Tissierellales	f__Peptostreptococcaceae	g__Incertae_Sedis	NA
e335f74033bc634af43ee6baa84fa247	24.13408042566765	0.17573751321368783	0.8768027720639092	0.20042992428048403	0.8411443580897116	0.9979603417267243	d__Bacteria	p__Bacillota	c__Clostridia	o__Peptostreptococcales-Tissierellales	f__Peptostreptococcaceae	g__Romboutsia	NA
d20b46e3c9d79a8e49a48f112fc03d4f	1.3115147361538007	0.8638247031054908	0.5193591798841919	1.6632510535350675	0.09626219197298211	0.2719209325070236	d__Bacteria	p__Bacillota	c__Clostridia	o__Peptostreptococcales-Tissierellales	f__Peptostreptococcaceae	g__Romboutsia	NA
300568e1ddcb6356519af1a75ab2df4b	1.24101303239273	0.002414535214890308	0.5339354331507322	0.004522148306663654	0.9963918599820952	0.9979603417267243	d__Bacteria	p__Bacillota	c__Clostridia	o__Peptostreptococcales-Tissierellales	f__Anaerovoracaceae	g__Mogibacterium	NA
c756328d1c902696cf731b0daba497f8	1.1981963196419185	0.5430932902469199	0.4847015331346393	1.1204695118966348	0.262513737690733	0.5013367405115677	d__Bacteria	p__Bacillota	c__Clostridia	o__Peptostreptococcales-Tissierellales	f__Anaerovoracaceae	g__Mogibacterium	NA
11e8caead10bcfc055d7804c1293d355	1.1395063707465674	0.3503077419411993	0.490482260459187	0.714210829181147	0.4750968215718361	NA	d__Bacteria	p__Bacillota	c__Clostridia	o__Peptostreptococcales-Tissierellales	f__Anaerovoracaceae	g__Mogibacterium	NA
5c68ef2fd4b94cf4e302d4c8e2ef1fe1	1.5283735614851472	-1.297087691579549	0.5162394602939167	-2.5125698272678787	0.011985538310700893	0.06238326525618465	d__Bacteria	p__Bacillota	c__Clostridia	o__Peptostreptococcales-Tissierellales	f__Anaerovoracaceae	g__Mogibacterium	NA
a944f458e4b3383afef986e4fe16f3f2	1.2406772384935	-0.9976496599961585	0.4351062683917184	-2.292887352976474	0.021854491124965004	0.097204032051410455	d__Bacteria	p__Bacillota	c__Clostridia	o__Peptostreptococcales-Tissierellales	f__Anaerovoracaceae	NA	NA
efa1af4386010f7d05e16a663f32f792	8.900289757868043	3.35206411195013	0.8989749537824467	3.728762517627754	1.92422384392623e-4	0.0029330669163846962	d__Bacteria	p__Bacillota	c__Clostridia	o__Peptostreptococcales-Tissierellales	f__Anaerovoracaceae	g__Mogibacterium	NA
cc7231cc6b5f4d5717e1ce0b1fb78d11	12.4452115535613	1.644317279615417	0.8820842997048537	1.864127136335617	0.062303852576107877	0.2010762225163025	d__Bacteria	p__Bacillota	c__Clostridia	o__Peptostreptococcales-Tissierellales	f__Anaerovoracaceae	g__Mogibacterium	NA
262b9d101f07bcd41ee68f140e9820c2	1.1395387778749633	0.0024142948027670486	0.51073921472369	0.004727059785438998	0.996228366025464	NA	d__Bacteria	p__Bacillota	c__Clostridia	o__Peptostreptococcales-Tissierellales	f__Anaerovoracaceae	g__Mogibacterium	NA
9048d6f1c8112875d0a3c2f5402343af	1.7418033316794062	-1.2952070881677116	0.5757699515212599	-2.2495218528608594	0.024479314089286545	0.10704683661175715	d__Bacteria	p__Bacillota	c__Clostridia	o__Peptostreptococcales-Tissierellales	f__Anaerovoracaceae	NA	NA
6e9ac49ab03e8cf905432ad62df55c30	1.154004727829637	0.0024142980504835896	0.5114078146897489	0.004720886113068588	0.9962332918483695	NA	d__Bacteria	p__Bacillota	c__Clostridia	o__Peptostreptococcales-Tissierellales	f__Anaerovoracaceae	g__Family_XIII_UCG-001	NA
74d519816d4cfb9cf4ec9605f76301d6	4.560393191286121	-0.8793822402457903	0.665320734276979	-1.321741823064386	0.18625413674047542	0.42697933356854045	d__Bacteria	p__Bacillota	c__Clostridia	o__Peptostreptococcales-Tissierellales	f__Anaerovoracaceae	g__Family_XIII_UCG-001	NA
2102f51f3591341a5e15fb5958ee321c	1.0531791811445184	0.002414296152872495	0.508193209024343	0.004750744618385579	0.9962094684751255	NA	d__Bacteria	p__Bacillota	c__Clostridia	o__Peptostreptococcales-Tissierellales	f__Anaerovoracaceae	g__Family_XIII_UCG-001	NA
08f685988f6c3b24f935b5d61ca08717	2.004282484414032	-0.3847555311384624	0.6466792679930011	-0.5949711861531743	0.5518627315697175	0.9059038993613672	d__Bacteria	p__Bacillota	c__Clostridia	o__Peptostreptococcales-Tissierellales	f__Anaerovoracaceae	NA	NA
e1743677edc7ce66e8757d9ac5182154	1.4837554471452132	0.0024149965816348544	0.5926388365361475	0.004074988733019953	0.9967486384029124	0.9979603417267243	d__Bacteria	p__Bacillota	c__Clostridia	o__Peptostreptococcales-Tissierellales	f__Anaerovoracaceae	g__Family_XIII_AD3011_group	NA
68b2b967ae2bcb1e7286f0a143e28f44	1.2837175148448823	0.002414463782286805	0.5288669802114137	0.004565351728560606	0.9963573889946326	0.9979603417267243	d__Bacteria	p__Bacillota	c__Clostridia	o__Peptostreptococcales-Tissierellales	f__Anaerovoracaceae	g__Family_XIII_AD3011_group	NA
9b6acfb0708fe91f75081d6801659932	1.973838460981393	0.0024152714601760497	0.66074077443633	0.003655399445019098	0.9970834197144509	0.9979603417267243	d__Bacteria	p__Bacillota	c__Clostridia	o__Peptostreptococcales-Tissierellales	f__Anaerovoracaceae	g__Family_XIII_AD3011_group	NA
4d34418916362764b94c026bdab4127f	1.0387264241175567	-0.06470093108887286	0.5123243617984352	-0.12628899953488504	0.8995031636407089	NA	d__Bacteria	p__Bacillota	c__Clostridia	o__Peptostreptococcales-Tissierellales	f__Anaerovoracaceae	g__Family_XIII_AD3011_group	NA
0b6eb991173d34102892489e05ecb868	1.0531791811445184	0.002414296152872495	0.508193209024343	0.004750744618385579	0.9962094684751255	NA	d__Bacteria	p__Bacillota	c__Clostridia	o__Peptostreptococcales-Tissierellales	f__Anaerovoracaceae	g__Incertae_Sedis	NA
42db27ef41cfff2f80f61b712609076f	1.0531791811445184	0.002414296152872495	0.508193209024343	0.004750744618385579	0.9962094684751255	NA	d__Bacteria	p__Bacillota	c__Clostridia	o__Peptostreptococcales-Tissierellales	f__Anaerovoracaceae	g__Incertae_Sedis	NA
dd34f847a77fc00f9ac84240b88959ac	1.3988667697792108	1.0658729197004453	0.5403606767583483	1.9725212539422228	0.048550132471925835	0.1709443277213002	d__Bacteria	p__Bacillota	c__Clostridia	o__Peptostreptococcales-Tissierellales	f__Anaerovoracaceae	g__Incertae_Sedis	NA
6901d6f3e7e967139a132d6179e8afd9	1.4253997349789473	0.0024150409283126145	0.5958929409872901	0.004052810097584502	0.9967663342475791	0.9979603417267243	d__Bacteria	p__Bacillota	c__Clostridia	o__Peptostreptococcales-Tissierellales	f__Anaerovoracaceae	NA	NA
24cccadb274fef1f88113e8f019e2a63	1.4412297022992253	0.7124885785762719	0.5486796956024627	1.2985510203616035	0.19409805622631837	0.43056679000723846	d__Bacteria	p__Bacillota	c__Clostridia	o__Peptostreptococcales-Tissierellales	f__Anaerovoracaceae	NA	NA
2a7d4838e7b35d2e8b436422db160e39	1.2408505392064524	0.002414535222753531	0.5339354331515498	0.004522148321383646	0.9963918599703505	0.9979603417267243	d__Bacteria	p__Bacillota	c__Clostridia	o__Peptostreptococcales-Tissierellales	f__Anaerovoracaceae	NA	NA
20124fb64bdb55bb93fa69f62b75ad6f	1.1974084560283502	0.002414319486498649	0.514321303929049	0.004694185265231996	0.9962545958065593	0.9979603417267243	d__Bacteria	p__Bacillota	c__Clostridia	o__Peptostreptococcales-Tissierellales	f__Anaerovoracaceae	g__S5-A14a	NA
6f8c47d73aa0314f2a331192ba432b32	1.0387111791071328	0.0024142986317507533	0.507908372440913	0.004753413731197389	0.9962073388552678	NA	d__Bacteria	p__Bacillota	c__Clostridia	o__Peptostreptococcales-Tissierellales	f__Anaerovoracaceae	g__S5-A14a	NA
347be72bb849d1b4f2564f920dbafb57	1.0387264241175567	0.002414298635782492	0.5079086832146646	0.004753410830667179	0.9962073411695299	NA	d__Bacteria	p__Bacillota	c__Clostridia	o__Peptostreptococcales-Tissierellales	f__Anaerovoracaceae	g__S5-A14a	NA
644fd07dc284e48b3f9bdbf76078fd2e	177.2086597302176	0.4311160116630117	0.9555675143045911	0.45116227289994676	0.6518725984525315	0.9979603417267243	d__Bacteria	p__Bacillota	c__Clostridia	o__Peptostreptococcales-Tissierellales	f__Anaerovoracaceae	g__S5-A14a	NA
0be2b2840d439b1b8548e8010f8310e5	1.2690781729706306	0.002414427622318144	0.5253071458532551	0.004596220785073074	0.9963327593094469	0.9979603417267243	d__Bacteria	p__Bacillota	c__Clostridia	o__Peptostreptococcales-Tissierellales	f__Anaerovoracaceae	g__Family_XIII_AD3011_group	NA
4a1c5fb315646700069f4c358a196b9f	1.9859649293701405	0.7884709564633066	0.6463361455769632	1.2199084978598316	0.22249956404104404	0.4618923879148993	d__Bacteria	p__Bacillota	c__Clostridia	o__Peptostreptococcales-Tissierellales	f__Anaerovoracaceae	g__Family_XIII_AD3011_group	NA
4f8d733bde10afc7196a01856bd62c44	1.1976667590277579	-0.8208121159769333	0.4413042492820842	-1.8599687569567576	0.06288994638028682	0.2010762225163025	d__Bacteria	p__Bacillota	c__Clostridia	o__Peptostreptococcales-Tissierellales	f__Anaerovoracaceae	g__Family_XIII_AD3011_group	NA
bb520a25037fe6c24024c4f8fc40b5b7	1.2977728850169903	-1.203788717139428	0.4362592449073745	-2.7593425954675492	0.005791778108650374	0.036401345906361626	d__Bacteria	p__Bacillota	c__Clostridia	o__Peptostreptococcales-Tissierellales	f__Anaerovoracaceae	g__Family_XIII_AD3011_group	NA
39f94c50ed5ba9ec7085c9c0e312c16a	1.1537742612285886	0.002414297937185029	0.5113987484816972	0.004720969584600843	0.9962332252484648	NA	d__Bacteria	p__Bacillota	c__Clostridia	o__Peptostreptococcales-Tissierellales	f__Anaerovoracaceae	g__Family_XIII_AD3011_group	NA
c3337d877a02fb500fc37be8aa4fd234	7.214586155355135	-0.17895603029948726	0.7194786935933544	-0.24873013182045983	0.8035695393436822	0.9979603417267243	d__Bacteria	p__Bacillota	c__Clostridia	o__Peptostreptococcales-Tissierellales	f__Anaerovoracaceae	g__Family_XIII_AD3011_group	NA
9b12ea14bff8a37dc1d39b36b5b904d6	3.713591669695598	0.4970154430172963	0.6182389356510196	0.8039212905507606	0.421442433313391	0.7396037439891253	d__Bacteria	p__Bacillota	c__Clostridia	o__Peptostreptococcales-Tissierellales	f__Anaerovoracaceae	g__Family_XIII_AD3011_group	NA
a76a1b1642c79341b17f7d619145ddf4	1.1682376906877614	-0.6894139033244315	0.44864933429568254	-1.5366430987950002	0.12438073228634584	NA	d__Bacteria	p__Bacillota	c__Clostridia	o__Peptostreptococcales-Tissierellales	f__Anaerovoracaceae	NA	NA
c2214f5c48ce111caeeb8f928ca5b648	1.3402186867103876	0.9339700803730776	0.5268155243299346	1.7728598289904414	0.07625193656992783	0.22983281446359602	d__Bacteria	p__Bacillota	c__Clostridia	o__Peptostreptococcales-Tissierellales	f__Anaerovoracaceae	g__Family_XIII_AD3011_group	NA
b4f28264f150902936030ef29ce2a10a	1.916039713325909	1.5168268320838305	0.584882093322291	2.5933890768784478	0.009503518983293664	0.054517498683733005	d__Bacteria	p__Bacillota	c__Clostridia	o__Peptostreptococcales-Tissierellales	f__Anaerovoracaceae	g__[Eubacterium]_brachy_group	NA
963eff531673e1aa3a6b54db94920693	1.3855925927646389	1.0352046425312218	0.5373007470782015	1.9266763505552185	0.05401997693174728	0.18476950931709357	d__Bacteria	p__Bacillota	c__Clostridia	o__Peptostreptococcales-Tissierellales	f__Anaerovoracaceae	g__[Eubacterium]_brachy_group	NA
9790ca08d8b4d951df2ae0f839e95641	1.2258335603486163	0.0024144636058661905	0.5271512947707166	0.004580209950762535	0.9963455339724836	0.9979603417267243	d__Bacteria	p__Bacillota	c__Clostridia	o__Peptostreptococcales-Tissierellales	f__Anaerovoracaceae	g__[Eubacterium]_brachy_group	NA
b4cf81c7acfe279300da8fd8a8ee9ab2	1.7005154826148554	0.002415233529139559	0.6385369195012913	0.003782449307748563	0.9969820492915943	0.9979603417267243	d__Bacteria	p__Bacillota	c__Clostridia	o__Peptostreptococcales-Tissierellales	f__Anaerovoracaceae	g__[Eubacterium]_brachy_group	NA
3dff953eea05c3889f10c95963478721	1.1395063707465674	0.0024142947883892558	0.5107380706925071	0.004727070345697406	0.9962283575996911	NA	d__Bacteria	p__Bacillota	c__Clostridia	o__Clostridia_vadinBB60_group	f__Incertae_Sedis	g__Incertae_Sedis	NA
d531f7abbe719c575cfb72bf14d38575	1.1535231056697182	0.40088142828202145	0.4885392193674607	0.820571639675245	0.41189030737097587	NA	d__Bacteria	p__Bacillota	c__Clostridia	o__Peptostreptococcales-Tissierellales	f__Peptostreptococcaceae	g__[Eubacterium]_yurii_group	NA
238be985a1630b73b15fc6494a601674	1.4269294678314075	-1.1850318096056374	0.4634532824141581	-2.556960657248407	0.010559115916089074	0.058528200178627976	d__Bacteria	p__Bacillota	c__Clostridia	o__Clostridia_vadinBB60_group	f__Incertae_Sedis	g__Incertae_Sedis	NA
cf0e29b1acfd7c9cc92b326cbfc88908	3.0707351085130363	0.8617952847515136	0.7258825899146563	1.1872378491028925	0.2351338153882993	0.47690071791255156	d__Bacteria	p__Bacillota	c__Clostridia	o__Eubacteriales	f__Eubacteriaceae	g__Eubacterium	NA
a71ff29e74af135619b45332bfb02047	1.1396010783031918	0.002414294830412445	0.5107414144327034	0.0047270394806226525	0.9962283822261826	NA	d__Bacteria	p__Bacillota	c__Clostridia	o__Eubacteriales	f__Anaerofustaceae	g__Anaerofustis	NA
4ebdcaa777667a819d5ae7a040f5f11d	1.1395063707465674	0.3503077419411993	0.490482260459187	0.714210829181147	0.4750968215718361	NA	d__Bacteria	p__Patescibacteria	c__Saccharimonadia	o__Saccharimonadales	f__Incertae_Sedis	g__Incertae_Sedis	NA
f5b0e6f68e9a3ab6bf02184b1afaeb87	1.1541071356485686	0.40095024625351167	0.48855986492117714	0.8206778228051946	0.4118298062788263	NA	d__Bacteria	p__Bacillota	c__Clostridia	o__Peptococcales	f__Peptococcaceae	g__Incertae_Sedis	NA
16abb37658f0d89cf9462696b61b312c	1.1111860365434785	0.24344595883023917	0.49519632435516003	0.491615036010722	0.6229915119763348	NA	d__Bacteria	p__Bacillota	c__Clostridia	o__Peptococcales	f__Peptococcaceae	g__Incertae_Sedis	NA
acf09e78b337fd51b09606fabf09493e	1.038745095909413	0.11789373858663973	0.5208776076547936	0.22633673794779946	0.8209395269144876	NA	d__Bacteria	p__Bacillota	c__Clostridia	o__Peptococcales	f__Peptococcaceae	g__Incertae_Sedis	NA
11401ee29264e6f60b65371a2601cd07	1.5287449188367879	0.002415200749523117	0.6238514031384869	0.003871435949927605	0.9969110487436261	0.9979603417267243	d__Bacteria	p__Bacillota	c__Clostridia	o__Peptococcales	f__Peptococcaceae	g__Incertae_Sedis	NA
821d785df00a89f3baa17682275dc4b9	1.1397706560537104	0.002414294905695041	0.5107474044957512	0.004726984189138694	0.9962284263419111	NA	d__Bacteria	p__Bacillota	c__Clostridia	o__Peptococcales	f__Peptococcaceae	g__Incertae_Sedis	NA
27335f508429bf2100f5dded19cea135	31.128670309590152	1.8347264000246026	0.8921756659602309	2.056463172025571	0.039737892594305886	0.15474573502965103	d__Bacteria	p__Bacillota	c__Clostridia	o__Peptococcales	f__Peptococcaceae	g__Peptococcus	NA
621492842a9298d79db8d956f546cd46	1.0531791811445184	0.002414296152872495	0.508193209024343	0.004750744618385579	0.9962094684751255	NA	d__Bacteria	p__Bacillota	c__Clostridia	o__Peptococcales	f__Peptococcaceae	g__Peptococcus	NA
a4eac9fcad4c5f9555c01a06d10b6fc6	1.1828569938509732	0.002414309921701125	0.5131579733598833	0.004704808357343681	0.9962461198989724	NA	d__Bacteria	p__Bacillota	c__Clostridia	o__Peptococcales	f__Peptococcaceae	g__Peptococcus	NA
a295f1a36f5c6b35c15d0d0dee118b08	1.2109017738852237	0.002414331478518945	0.5156825236486003	0.004681817528809904	0.9962644637240665	0.9979603417267243	d__Bacteria	p__Bacillota	c__Clostridia	o__Peptococcales	f__Peptococcaceae	g__Peptococcus	NA
886c310521057db30453f2097b621418	1.154056761867121	0.0024142980760780545	0.5114098627623656	0.004720867257110165	0.9962333068930799	NA	d__Bacteria	p__Bacillota	c__Clostridia	o__Peptococcales	f__Peptococcaceae	g__Peptococcus	NA
a78f5a615f91a760ffc238c7c4ce3056	3.4877523734192715	0.0024152686219681596	0.7669582722163634	0.003149152580346377	0.9974873439295994	0.9979603417267243	d__Bacteria	p__Bacillota	c__Clostridia	o__Peptococcales	f__Peptococcaceae	g__Peptococcus	NA
d03ef7025d83fe8e206aa4208c5bea2c	1.1533924071768649	0.0024142977496894712	0.5113837449052252	0.004721107727303521	0.9962331150277635	NA	d__Bacteria	p__Bacillota	c__Clostridia	o__Peptococcales	f__Peptococcaceae	g__Peptococcus	NA
3723ea6e099f53017ca85c153c80969f	1.5698770324885096	0.0024150368132472132	0.6017269722965439	0.004013509323057288	0.9967976914737647	0.9979603417267243	d__Bacteria	p__Bacillota	c__Incertae_Sedis	o__Incertae_Sedis	f__Incertae_Sedis	g__Incertae_Sedis	NA
dfbcf643d39da3d96679e19c7ab6b3a1	3.414862214346759	2.1392351696207927	0.745194740806641	2.8707062093663773	0.004095559721937794	0.028749751469129118	d__Bacteria	p__Bacillota	c__Clostridia	o__Oscillospirales	f__Oscillospiraceae	g__Fastidiosipila	NA
47dd8e993c6e41bfd89085fc987e18da	1.0531791811445184	0.002414296152872495	0.508193209024343	0.004750744618385579	0.9962094684751255	NA	d__Bacteria	p__Bacillota	c__Clostridia	o__Oscillospirales	f__Oscillospiraceae	g__Fastidiosipila	NA
8e22ba1c20e8aef2d81a1d6b45e10de8	1.4275183177615316	0.0024148760815455696	0.5754370884582386	0.004196594432270114	0.9966516119228462	0.9979603417267243	d__Bacteria	p__Bacillota	c__Clostridia	o__Oscillospirales	f__Oscillospiraceae	g__Mageeibacillus	NA
b7da565550a8cdc7e3b6cf032e7882bf	1.0531791811445184	0.002414296152872495	0.508193209024343	0.004750744618385579	0.9962094684751255	NA	d__Bacteria	p__Acidobacteriota	c__Holophagae	o__Holophagales	f__Holophagaceae	g__Geothrix	NA
ac0821f073278ac326242b0ea49d4ea7	1.283360656781034	-0.47271212905322857	0.42321602376136214	-1.1169523423332754	0.26401470274778294	0.5030422996997935	d__Bacteria	p__Bacillota	c__Clostridia	o__Oscillospirales	f__Oscillospiraceae	g__Fastidiosipila	NA
9f3a6dbe84e2191c461ea8459f61a3b9	1.1541396735632008	-0.6190910381894236	0.4532827072551697	-1.3657945213447424	0.17200346648112352	NA	d__Bacteria	p__Bacillota	c__Clostridia	o__Oscillospirales	f__Oscillospiraceae	g__Fastidiosipila	NA
0231f20221e42ee58dbe12f6e5aad34c	1.0531791811445184	0.002414296152872495	0.508193209024343	0.004750744618385579	0.9962094684751255	NA	d__Bacteria	p__Bacillota	c__Clostridia	o__Clostridia_vadinBB60_group	f__Incertae_Sedis	g__Incertae_Sedis	NA
f104663b133a5b624aac139870172e59	1.5135908590221123	1.2963938625016447	0.5627421612056854	2.303708433226501	0.02123901612781835	0.097204032051410455	d__Bacteria	p__Bacillota	c__Clostridia	o__Oscillospirales	f__Oscillospiraceae	g__Fastidiosipila	NA
57bdfe55b7ec734c1328d67ac14d1fcf	1.1395063707465674	0.3503077419411993	0.490482260459187	0.714210829181147	0.4750968215718361	NA	d__Bacteria	p__Bacillota	c__Clostridia	o__Oscillospirales	f__Oscillospiraceae	g__Fastidiosipila	NA
efd90b9656ce4a8030584e0beea0390c	1.240360406035111	-0.24951088219956877	0.44445420081526554	-0.5613871614710563	0.574533634248277	0.9330706053925595	d__Bacteria	p__Bacillota	c__Clostridia	o__Oscillospirales	f__Oscillospiraceae	g__Fastidiosipila	NA
304565505f7e8a2abfe0959351b86574	1.0961277065869528	0.0024142919279609406	0.5092306552717358	0.004741057717101939	0.9962171974170595	NA	d__Bacteria	p__Bacillota	c__Clostridia	o__Oscillospirales	f__Oscillospiraceae	g__Fastidiosipila	NA
496d9baadb2e81714fb04a5253200b00	1.0387386692036873	0.0024142986390212283	0.5079089328663855	0.004753408500606846	0.9962073430286281	NA	d__Bacteria	p__Bacillota	c__Clostridia	o__Oscillospirales	f__Oscillospiraceae	g__Fastidiosipila	NA
6fa81995625aa288080691902b74d732	1.2112571641337717	0.0024143317724996	0.5157068015478247	0.004681597693211157	0.9962646391255744	0.9979603417267243	d__Bacteria	p__Bacillota	c__Clostridia	o__Clostridia_vadinBB60_group	f__Incertae_Sedis	g__Incertae_Sedis	NA
787ab1672520289680427986b59e3417	1.411639619191575	0.0024150459077508907	0.5958929414509624	0.004052818450694186	0.9967663275828166	0.9979603417267243	d__Bacteria	p__Bacillota	c__Clostridia	o__Clostridia_vadinBB60_group	f__Incertae_Sedis	g__Incertae_Sedis	NA
35ba68ca1928f943c985a13652a96dfa	1.6279414401631012	-0.8809376817238579	0.5594516194391578	-1.574644975747832	0.11533841524884235	0.3155540745397815	d__Bacteria	p__Bacillota	c__Clostridia	o__Clostridia_vadinBB60_group	f__Incertae_Sedis	g__Incertae_Sedis	NA
591d280ab767b490aae6fdc420ee4698	1.2256278898600672	0.0024144634884743846	0.527140455992128	0.004580303903881058	0.9963454590095272	0.9979603417267243	d__Bacteria	p__Bacillota	c__Clostridia	o__Clostridia_vadinBB60_group	f__Incertae_Sedis	g__Incertae_Sedis	NA
9e18b43f389956ba5ac3ddf810f39cb6	1.0531791811445184	0.002414296152872495	0.508193209024343	0.004750744618385579	0.9962094684751255	NA	d__Bacteria	p__Bacillota	c__Clostridia	o__Clostridia_vadinBB60_group	f__Incertae_Sedis	g__Incertae_Sedis	NA
8ba6fc7732bb1d70eb0b2a19416e4fbc	1.1542025685385755	0.00241429814782507	0.5114156039726886	0.004720814400403008	0.9962333490661606	NA	d__Bacteria	p__Bacillota	c__Clostridia	o__Clostridia_vadinBB60_group	f__Incertae_Sedis	g__Incertae_Sedis	NA
b2088770a003be218487d86b1d646231	1.1968864384074758	0.0024143191119962394	0.5142906773373617	0.004694464081083288	0.9962543733461474	0.9979603417267243	d__Bacteria	p__Bacillota	c__Clostridia	o__Clostridia_vadinBB60_group	f__Incertae_Sedis	g__Incertae_Sedis	NA
3704e8efdf08f0e95a1dbc4611310d30	1.2974482239172123	0.7521264567772803	0.4837145076792714	1.5548974546696466	0.11997049368296664	0.3224395888154292	d__Bacteria	p__Bacillota	c__Clostridia	o__Clostridia_vadinBB60_group	f__Incertae_Sedis	g__Incertae_Sedis	NA
70ddad189efe9ddcc2c47c9920ece35a	1.167708582324343	0.0024143025524952697	0.5121700260584228	0.00471386928101855	0.9962388904080334	NA	d__Bacteria	p__Bacillota	c__Clostridia	o__Clostridia_vadinBB60_group	f__Incertae_Sedis	g__Incertae_Sedis	NA
4876553b9fed8291dbf1c63b0ac0886a	1.3405939127988609	-1.2033763945270202	0.4423203535011801	-2.7205991879001554	0.006516371915112161	0.040261483808102454	d__Bacteria	p__Bacillota	c__Clostridia	o__Clostridia_vadinBB60_group	f__Incertae_Sedis	g__Incertae_Sedis	NA
fbb2ccdf9eee6835b98ab9fad97f117a	1.3406036299595472	-1.0513018996495227	0.46586571293575163	-2.256662962003623	0.024029142870710066	0.105510680835587	d__Bacteria	p__Bacillota	c__Clostridia	o__Clostridia_vadinBB60_group	f__Incertae_Sedis	g__Incertae_Sedis	NA
982629840b81e393c6557db91ae1fbf2	1.9412116418579413	0.6288755721595947	0.6422724226286262	0.9791414826527935	0.3275100773847235	0.5979675981622303	d__Bacteria	p__Bacillota	c__Clostridia	o__Clostridia_vadinBB60_group	f__Incertae_Sedis	g__Incertae_Sedis	NA
6f367ff90d4b2f61c62dd529f04ed066	1.2684588103189203	0.7517240759425342	0.5070447222696034	1.482559709087813	0.13819142859642275	0.35960153981584003	d__Bacteria	p__Bacillota	c__Clostridia	o__Clostridia_vadinBB60_group	f__Incertae_Sedis	g__Incertae_Sedis	NA
e5d5579394f57557a5a7d9c83314c541	1.2256278898600672	0.0024144634884743846	0.527140455992128	0.004580303903881058	0.9963454590095272	0.9979603417267243	d__Bacteria	p__Bacillota	c__Clostridia	o__Clostridia_vadinBB60_group	f__Incertae_Sedis	g__Incertae_Sedis	NA
6ea7ac3c41a98c51511fa7bc7c2a6419	1.470427264221088	0.0024151077544486378	0.6070806831971312	0.003978231924181327	0.9968258385409589	0.9979603417267243	d__Bacteria	p__Bacillota	c__Clostridia	o__Clostridia_vadinBB60_group	f__Incertae_Sedis	g__Incertae_Sedis	NA
73c80ed30771e7bcfbc9af53fe9dabc0	1.4553266751970293	-1.05199217158542	0.5082580390306229	-2.069799375120236	0.03847113592777235	0.15316679863781008	d__Bacteria	p__Bacillota	c__Clostridia	o__Clostridia_vadinBB60_group	f__Incertae_Sedis	g__Incertae_Sedis	NA
a8ac01afffd265cc3a0552d5bc56e029	1.0531791811445184	0.002414296152872495	0.508193209024343	0.004750744618385579	0.9962094684751255	NA	d__Bacteria	p__Bacillota	c__Clostridia	o__Clostridia_vadinBB60_group	f__Incertae_Sedis	g__Incertae_Sedis	NA
2d6f13426a55dd91c947edf4853bb3e9	1.0531791811445184	0.002414296152872495	0.508193209024343	0.004750744618385579	0.9962094684751255	NA	d__Bacteria	p__Bacillota	c__Clostridia	o__Clostridia_vadinBB60_group	f__Incertae_Sedis	g__Incertae_Sedis	NA
ca164e68ce5db67ae0182d9c3bafc5fa	1.2829139536921412	-1.1546462450777706	0.43499447665103463	-2.654392887852831	0.007945125933387216	0.046836736855934584	d__Bacteria	p__Bacillota	c__Clostridia	o__Christensenellales	f__Christensenellaceae	g__Christensenellaceae_R-7_group	NA
5b846d1ab66d3631a31c9678f4e4b8d5	1.0531791811445184	0.002414296152872495	0.508193209024343	0.004750744618385579	0.9962094684751255	NA	d__Bacteria	p__Bacillota	c__Clostridia	o__Christensenellales	f__Christensenellaceae	g__Christensenellaceae_R-7_group	NA
08c53fdf2c7b879ac5e38d5730b65fd9	1.669562315364013	1.0002563683198535	0.5881808170305037	1.7005933198735705	0.08901937941483323	0.2567126427989921	d__Bacteria	p__Bacillota	c__Clostridia	o__Christensenellales	f__Christensenellaceae	g__Christensenellaceae_R-7_group	NA
e9f7d02e967c2cafc57e9734d62b40f9	1.4848767301575767	0.002415011025024589	0.5945522338650985	0.004061898833219329	0.9967590825454283	0.9979603417267243	d__Bacteria	p__Bacillota	c__Clostridia	o__Christensenellales	f__Christensenellaceae	g__Christensenellaceae_R-7_group	NA
a59281c2e5b485694bad1587ee5e4e6a	1.1395063707465674	0.0024142947883892558	0.5107380706925068	0.004727070345697409	0.9962283575996911	NA	d__Bacteria	p__Bacillota	c__Clostridia	o__Christensenellales	f__Christensenellaceae	g__Christensenellaceae_R-7_group	NA
43119e5f1eb41e9ee1776d7a6504126f	1.0531791811445184	0.002414296152872495	0.508193209024343	0.004750744618385579	0.9962094684751255	NA	d__Bacteria	p__Bacillota	c__Clostridia	o__Christensenellales	f__Christensenellaceae	g__Christensenellaceae_R-7_group	NA
98733e7d335f309921890faeea796c8c	10.03050613674059	0.4135824568289309	0.8903937842408693	0.46449387242919993	0.6422939486414616	0.9979603417267243	d__Bacteria	p__Bacillota	c__Clostridia	o__Christensenellales	f__Christensenellaceae	g__Christensenellaceae_R-7_group	NA
088e71a0b399b4a88aaea45af78dbe72	1.0531791811445184	0.002414296152872495	0.508193209024343	0.004750744618385579	0.9962094684751255	NA	d__Bacteria	p__Bacillota	c__Clostridia	o__Christensenellales	f__Christensenellaceae	g__Christensenellaceae_R-7_group	NA
b621d4b3cca1ec89ceca12efca8a94fb	30.32088016745303	-1.1577202268949132	0.9088958437247958	-1.2737655638850724	0.2027465127143898	0.4433002644800285	d__Bacteria	p__Bacillota	c__Clostridia	o__Christensenellales	f__Christensenellaceae	g__Christensenellaceae_R-7_group	NA
77dfd5e696dade82fcb74c36f15e5a7f	1.2121155168160818	-0.8822378677259199	0.43857715373524	-2.0115910284248613	0.044263065907922346	0.16137720528280095	d__Bacteria	p__Bacillota	c__Clostridia	o__Christensenellales	f__Christensenellaceae	g__Christensenellaceae_R-7_group	NA
94928715987dcb9638dd5c0e8f9b20f4	4.34216956511159	0.49624702129060955	0.7876154423422821	0.6300625846222939	0.5286536380509936	0.8772526155527375	d__Bacteria	p__Bacillota	c__Clostridia	o__Christensenellales	f__Christensenellaceae	g__Christensenellaceae_R-7_group	NA
f9e4ec270767279a3abdbcbb013a0399	1.0531791811445184	0.002414296152872495	0.508193209024343	0.004750744618385579	0.9962094684751255	NA	d__Bacteria	p__Bacillota	c__Clostridia	o__Christensenellales	f__Christensenellaceae	g__Christensenellaceae_R-7_group	NA
914cceeab4eb1f150d34967b4804f7d2	1.0531791811445184	0.002414296152872495	0.508193209024343	0.004750744618385579	0.9962094684751255	NA	d__Bacteria	p__Bacillota	c__Clostridia	o__Christensenellales	f__Christensenellaceae	g__Christensenellaceae_R-7_group	NA
7f68cdb24a46c3c6121ad93e2bfcbe57	2.6279584473671003	0.002415435201743414	0.7598466013722585	0.0031788458320155884	0.997463652261121	0.9979603417267243	d__Bacteria	p__Bacillota	c__Clostridia	o__Christensenellales	f__Christensenellaceae	g__Christensenellaceae_R-7_group	NA
7c104699e795bbf45f90fceac906e6b4	1.0531791811445184	0.002414296152872495	0.508193209024343	0.004750744618385579	0.9962094684751255	NA	d__Bacteria	p__Bacillota	c__Clostridia	o__Christensenellales	f__Christensenellaceae	g__Christensenellaceae_R-7_group	NA
ec3fb46d480986fb53bc5007d802776a	1.1826699655475919	0.002414309804574075	0.5131484740648462	0.004704895223500129	0.9962460505905744	NA	d__Bacteria	p__Bacillota	c__Clostridia	o__Christensenellales	f__Christensenellaceae	g__Christensenellaceae_R-7_group	NA
39f302cd1e558fa137dcd120a4b3a1a1	1.0531791811445184	0.002414296152872495	0.508193209024343	0.004750744618385579	0.9962094684751255	NA	d__Bacteria	p__Bacillota	c__Clostridia	o__Christensenellales	f__Christensenellaceae	g__Christensenellaceae_R-7_group	NA
2ec15f85a70bac9db588d177c5c10e4c	2.0473053565951305	2.049283212332891	0.5893860359102802	3.4769795812482482	5.070964345043917e-4	0.0064413320906688805	d__Bacteria	p__Bacillota	c__Clostridia	o__Christensenellales	f__Christensenellaceae	g__Christensenellaceae_R-7_group	NA
fec259b8c538eb738b2f1fcd7bdde7c4	1.168562601051584	-0.6894849075776996	0.44866057255963315	-1.536762866512095	0.12435138985034873	NA	d__Bacteria	p__Bacillota	c__Clostridia	o__Christensenellales	f__Christensenellaceae	g__Christensenellaceae_R-7_group	NA
c66ec67719e54d2cb0afc3154b3c23af	1.813960471211839	0.3851238747701269	0.588572972798228	0.6543349636649956	0.5128960247964496	0.8537598415878497	d__Bacteria	p__Bacillota	c__Clostridia	o__Christensenellales	f__Christensenellaceae	g__Christensenellaceae_R-7_group	NA
4bd994177ca1ba1f35094e6772a672eb	1.0531791811445184	0.002414296152872495	0.508193209024343	0.004750744618385579	0.9962094684751255	NA	d__Bacteria	p__Bacillota	c__Clostridia	o__Christensenellales	f__Christensenellaceae	g__Christensenellaceae_R-7_group	NA
d2d6552fd2bead3dc0a0e8074d0c1bea	1.2406772384935	-0.9976496599961585	0.4351062683917184	-2.292887352976474	0.021854491124965004	0.097204032051410455	d__Bacteria	p__Bacillota	c__Clostridia	o__Christensenellales	f__Christensenellaceae	g__Christensenellaceae_R-7_group	NA
35ea9460c84f1e75f939a7fa94bdb441	2.9135987979641347	2.722076273814665	0.6371572590460447	4.272220452906983	1.9353609901290054e-5	4.3021462009742686e-4	d__Bacteria	p__Bacillota	c__Clostridia	o__Christensenellales	f__Christensenellaceae	g__Christensenellaceae_R-7_group	NA
53b2e8677ee8134bbcb5396218d5b4dc	2.2044990126905546	2.2127002880293034	0.6308371119781564	3.5075620092971342	4.5223294345353486e-4	0.00618631475211438	d__Bacteria	p__Bacillota	c__Clostridia	o__Christensenellales	f__Christensenellaceae	g__Christensenellaceae_R-7_group	NA
333dee9a5c3360c82d92e4d5cafb2b6e	1.1540397021384277	0.002414298067686198	0.5114091912412349	0.0047208734395768	0.9962333019602402	NA	d__Bacteria	p__Bacillota	c__Clostridia	o__Christensenellales	f__Christensenellaceae	g__Christensenellaceae_R-7_group	NA
adb33442e0d50f08eac8ecd41cafd4ab	1.0531791811445184	0.002414296152872495	0.508193209024343	0.004750744618385579	0.9962094684751255	NA	d__Bacteria	p__Bacillota	c__Clostridia	o__Christensenellales	f__Christensenellaceae	g__Christensenellaceae_R-7_group	NA
5d81ab62df71143d6feca29e59419248	1.2536056332092114	0.002414394949991871	0.522116609172363	0.004624244675569825	0.996310399717506	0.9979603417267243	d__Bacteria	p__Bacillota	c__Clostridia	o__Christensenellales	f__Christensenellaceae	g__Christensenellaceae_R-7_group	NA
7056e30597f229b4acf906de9a4c432d	1.1828569938509732	0.002414309921701125	0.5131579733598833	0.004704808357343681	0.9962461198989724	NA	d__Bacteria	p__Bacillota	c__Clostridia	o__Christensenellales	f__Christensenellaceae	g__Christensenellaceae_R-7_group	NA
143370e10dab7fdbcbdeda0f8b19658a	1.5280473530950294	-1.8199885185374283	0.4558262755707655	-3.9927240180670127	6.531857550082516e-5	0.0012227178957786044	d__Bacteria	p__Bacillota	c__Clostridia	o__Christensenellales	f__Christensenellaceae	g__Christensenellaceae_R-7_group	NA
45aea834beb1b1b53d8db337520b771e	1.5983304639471398	0.0024150512852795813	0.6049908156768172	0.003991880905791615	0.9968149483157339	0.9979603417267243	d__Bacteria	p__Bacillota	c__Clostridia	o__Christensenellales	f__Christensenellaceae	g__Christensenellaceae_R-7_group	NA
4bdbaae586dedec92168f93266de0979	1.0531791811445184	0.002414296152872495	0.508193209024343	0.004750744618385579	0.9962094684751255	NA	d__Bacteria	p__Bacillota	c__Clostridia	o__Christensenellales	f__Christensenellaceae	g__Christensenellaceae_R-7_group	NA
2b7ca3f17ad95fffabe88f1bb4fcd736	1.3538188592415574	0.002414949701870454	0.5812266037490443	0.004154919417475864	0.9966848634838154	0.9979603417267243	d__Bacteria	p__Bacillota	c__Clostridia	o__Christensenellales	f__Christensenellaceae	g__Christensenellaceae_R-7_group	NA
32946a13151283c45561a1d0ca4223a0	2.1603159042541624	-0.5199085981853306	0.5255886295435085	-0.9891930094395095	0.3225687179970022	0.591375982994504	d__Bacteria	p__Bacillota	c__Clostridia	o__Christensenellales	f__Christensenellaceae	g__Christensenellaceae_R-7_group	NA
ae718fc0d3c7bb18fbba060616d5e2cc	1.22540288448404	0.6302336892919832	0.4839235378617188	1.3023414650933398	0.1927996828893896	0.42950964312767165	d__Bacteria	p__Bacillota	c__Clostridia	o__Christensenellales	f__Christensenellaceae	g__Christensenellaceae_R-7_group	NA
b7bd3c9381627856472384813fe3b213	1.9418886593669045	0.7889355432009262	0.6382305829323105	1.2361293305253584	0.21641049396551376	0.4618923879148993	d__Bacteria	p__Bacillota	c__Clostridia	o__Christensenellales	f__Christensenellaceae	g__Christensenellaceae_R-7_group	NA
355cd350f78139a0d706e9bc4cdc831f	1.1394035355022927	0.0024142947427769766	0.5107344413368646	0.004727103847661965	0.9962283308692895	NA	d__Bacteria	p__Bacillota	c__Clostridia	o__Christensenellales	f__Christensenellaceae	g__Christensenellaceae_R-7_group	NA
b1162bcb5e03ffb9e3911aec18b6f761	1.2402214252822912	0.2433840215639813	0.5022880057400481	0.48455073340919314	0.6279950682367977	0.9912289020838213	d__Bacteria	p__Bacillota	c__Clostridia	o__Christensenellales	f__Christensenellaceae	g__Christensenellaceae_R-7_group	NA
3971f12074ab43063f75c7cf8030f49d	1.3700862662921267	-1.2513033441944292	0.4690154050513537	-2.6679365554259795	0.007631866824871423	0.04653258229793033	d__Bacteria	p__Bacillota	c__Clostridia	o__Christensenellales	f__Christensenellaceae	g__Christensenellaceae_R-7_group	NA
f9e98849a5f849f9d9a8dfb3ec13c2aa	1.2112571641337717	0.0024143317724996	0.5157068015478247	0.004681597693211157	0.9962646391255744	0.9979603417267243	d__Bacteria	p__Bacillota	c__Clostridia	o__Christensenellales	f__Christensenellaceae	g__Incertae_Sedis	NA
9e0326554068ca2dfdaf5f8ab043fea8	1.8571016884503682	0.4828826161540175	0.5182599906168607	0.9317381717605961	0.351471854230658	0.6334501040511256	d__Bacteria	p__Bacillota	c__Clostridia	o__Christensenellales	f__Christensenellaceae	g__Incertae_Sedis	NA
301bd335294fbc78395b5ae14ca4382d	1.1827185762401857	0.0024143098350084503	0.5131509422973403	0.0047048726524787365	0.9962460685994445	NA	d__Bacteria	p__Bacillota	c__Clostridia	o__Christensenellales	f__Christensenellaceae	g__Incertae_Sedis	NA
c3f21101b8845fd1c974cb14578fb119	1.8017811157336352	-1.6881679068164142	0.5105988393029401	-3.3062509682181593	9.455335747263348e-4	0.010190750749828276	d__Bacteria	p__Bacillota	c__Clostridia	o__Christensenellales	f__Christensenellaceae	g__Incertae_Sedis	NA
51f5ecce966bb67afae2da7419008535	1.0387324637811943	-0.06470058506865593	0.5123244606249034	-0.12628829978123227	0.8995037175287555	NA	d__Bacteria	p__Bacillota	c__Clostridia	o__Christensenellales	f__Christensenellaceae	g__Incertae_Sedis	NA
74a750b1f79b91c619bec39d4337123d	1.1682821006139168	0.0024143028684350124	0.5121954663836127	0.004713635763864419	0.9962390767256953	NA	d__Bacteria	p__Bacillota	c__Clostridia	o__Christensenellales	f__Christensenellaceae	g__Incertae_Sedis	NA
6e129c93672f058c66c7090dbf93dbdf	1.456045885346691	0.7895497688624133	0.5560441760855303	1.4199407220137226	0.1556249392764314	0.38182958362897357	d__Bacteria	p__Bacillota	c__Clostridia	o__Christensenellales	f__Christensenellaceae	g__Incertae_Sedis	NA
839a9ecc3aa835396a25f5bb0be485ef	1.0531791811445184	0.002414296152872495	0.508193209024343	0.004750744618385579	0.9962094684751255	NA	d__Bacteria	p__Bacillota	c__Clostridia	o__Christensenellales	f__Christensenellaceae	g__Incertae_Sedis	NA
2dbaf07cdc2dece27cda9675d3850efe	1.2112571641337717	0.0024143317724996	0.5157068015478247	0.004681597693211157	0.9962646391255744	0.9979603417267243	d__Bacteria	p__Bacillota	c__Clostridia	o__Christensenellales	f__Christensenellaceae	g__Incertae_Sedis	NA
d23bbe506e4ded19e9dd017b65275bab	1.2986678841386465	0.0024145036823685494	0.5328466954283047	0.004531328997785676	0.9963845349254421	0.9979603417267243	d__Bacteria	p__Bacillota	c__Clostridia	o__Christensenellales	f__Christensenellaceae	g__Incertae_Sedis	NA
d8537902e4dcfa178669c3174fe5a107	1.167708582324343	0.0024143025524952697	0.5121700260584228	0.00471386928101855	0.9962388904080334	NA	d__Bacteria	p__Bacillota	c__Clostridia	o__Christensenellales	f__Christensenellaceae	g__Incertae_Sedis	NA
003e253932cf83d92de80661474011ca	1.3263724947574789	-0.6891918790428759	0.4675380708410483	-1.4740871856768742	0.14045811826891644	0.3620019618186808	d__Bacteria	p__Bacillota	c__Clostridia	o__Christensenellales	f__Christensenellaceae	g__Christensenella	NA
5e581b06024ab980e25ee550e0b97247	1.326727656628101	0.7523293751455044	0.4871832084648949	1.5442432376027082	0.12252941786320089	0.32603214179559936	d__Bacteria	p__Bacillota	c__Clostridia	o__Christensenellales	f__Christensenellaceae	g__Christensenella	NA
a7e28b3f4879359a929a0da8c8557757	1.4546235591883812	-1.051070790755462	0.4891083965653095	-2.148952661897545	0.03163815264178168	0.12738833535389074	d__Bacteria	p__Bacillota	c__Clostridia	o__Clostridia_vadinBB60_group	f__Incertae_Sedis	g__Incertae_Sedis	NA
c25c731bb559a287c1b02eed7d618c72	1.1396310562821548	0.0024142948437172714	0.5107424730804602	0.0047270297086432714	0.9962283900230069	NA	d__Bacteria	p__Bacillota	c__Clostridia	o__Clostridia_vadinBB60_group	f__Incertae_Sedis	g__Incertae_Sedis	NA
4cdc5b820b31c7b2c0720f917d9cd3f7	1.311653624435343	-0.2711185732287894	0.44262467337805744	-0.6125247631580173	0.5401906193317367	0.893617660196842	d__Bacteria	p__Bacillota	c__Clostridia	o__Christensenellales	f__Christensenellaceae	g__Christensenellaceae_R-7_group	NA
8f8ff8009eb606b59b707de95a57cd2a	1.527223397374021	-0.28290420980216674	0.5334021062212544	-0.5303770017076357	0.595850568262504	0.9583865969928044	d__Bacteria	p__Bacillota	c__Clostridia	o__Christensenellales	f__Christensenellaceae	g__Christensenellaceae_R-7_group	NA
77a2b14a88861f23bf02740d28c0b2c4	1.1966989339274532	0.5428465182618081	0.48461934559320913	1.1201503266389927	0.26264970754073674	0.5013367405115677	d__Bacteria	p__Bacillota	c__Clostridia	o__Peptococcales	f__Peptococcaceae	g__Incertae_Sedis	NA
b6ed1fda48450bc73938e1aad922a581	1.4690322743864495	0.7896929927816987	0.5421496999173679	1.4565958311921232	0.14522797912027768	0.36894822314603876	d__Bacteria	p__Bacillota	c__Clostridia	o__Peptococcales	f__Peptococcaceae	g__Incertae_Sedis	NA
1c6f08b1cce4b4cf896a955ae9a58959	1.2543693413126589	0.002414395892355888	0.5221979890212965	0.004623525833335645	0.9963109732644949	0.9979603417267243	d__Bacteria	p__Bacillota	c__Clostridia	o__Peptococcales	f__Peptococcaceae	g__Incertae_Sedis	NA
26736c7ee02864e6bbab37424d69a4ed	3.423483019919308	0.6948581333843138	0.7417251457675192	0.9368135047724334	0.34885449735941115	0.6308944892923588	d__Bacteria	p__Bacillota	c__Clostridia	o__Christensenellales	f__Christensenellaceae	g__Christensenellaceae_R-7_group	NA
0b4aeb45916a24fd10e3655fe6481966	1.239289458061733	0.0024145352988917718	0.5339354331594617	0.004522148463914854	0.9963918598566283	0.9979603417267243	d__Bacteria	p__Bacillota	c__Clostridia	o__Christensenellales	f__Christensenellaceae	g__Christensenellaceae_R-7_group	NA
90af3675c266d09bb7986147ac5885ec	5.491575398517704	0.004670298888939481	0.6878892739440704	0.006789317795525337	0.9945829497689386	0.9979603417267243	d__Bacteria	p__Bacillota	c__Clostridia	o__Christensenellales	f__Christensenellaceae	g__Incertae_Sedis	NA
84aaf0e8aaafa4138e3a8dd837359272	1.0531791811445184	0.002414296152872495	0.508193209024343	0.004750744618385579	0.9962094684751255	NA	d__Bacteria	p__Bacillota	c__Clostridia	o__Christensenellales	f__Christensenellaceae	g__Incertae_Sedis	NA
76fd82a7ab8e38456debb345f1c5e0ce	1.0531791811445184	0.002414296152872495	0.508193209024343	0.004750744618385579	0.9962094684751255	NA	d__Bacteria	p__Bacillota	c__Clostridia	o__Christensenellales	f__Christensenellaceae	g__Incertae_Sedis	NA
d1b9cd324ba837bb9f2e780dc1116882	1.0531791811445184	0.002414296152872495	0.508193209024343	0.004750744618385579	0.9962094684751255	NA	d__Bacteria	p__Bacillota	c__Clostridia	o__Christensenellales	f__Christensenellaceae	g__Incertae_Sedis	NA
9683ad489dfae3d20fb1af327c5d694e	1.2965541586516454	0.002414500374377936	0.5325393523984178	0.004533937939991963	0.9963824533121189	0.9979603417267243	d__Bacteria	p__Bacillota	c__Clostridia	o__Oscillospirales	f__Oscillospiraceae	g__Ruminiclostridium	NA
eb2c67615eb41fa15a21c4d3a12528c6	1.8140874802064837	0.522265801817662	0.5361654401003704	0.9740758406955392	0.33001888411124763	0.6009046917179203	d__Bacteria	p__Bacillota	c__Clostridia	o__Oscillospirales	f__Oscillospiraceae	g__Ruminiclostridium	NA
04f97d9d8bc8c5cb78917285aa69db66	1.2549343425897237	0.0024143965905714317	0.5222583114058111	0.004622993139299931	0.9963113982882993	0.9979603417267243	d__Bacteria	p__Bacillota	c__Clostridia	o__Oscillospirales	f__Oscillospiraceae	g__Ruminiclostridium	NA
75bf5a0b24ffb76d3ba75ad1d75b7d23	1.0531791811445184	0.002414296152872495	0.508193209024343	0.004750744618385579	0.9962094684751255	NA	d__Bacteria	p__Bacillota	c__Clostridia	o__Oscillospirales	f__Oscillospiraceae	g__Ruminiclostridium	NA
b566a93d1c03d8c54a5e167b00ae9cc5	1.038742922832062	0.002414298640146235	0.5079090195957152	0.004753407691141152	0.9962073436744809	NA	d__Bacteria	p__Bacillota	c__Clostridia	o__Monoglobales	f__Monoglobaceae	g__Monoglobus	NA
f0015c3b64e80303ed3d858f0618bc43	3.0541069670354255	1.4704983093231616	0.7397984578822986	1.987701236269834	0.04684474212493839	0.16829407355996384	d__Bacteria	p__Bacillota	c__Clostridia	o__Monoglobales	f__Monoglobaceae	g__Monoglobus	NA
7bb805601c05eea7d625e549b1f02ae7	1.2404266249883105	-0.9975501437989676	0.4350753867218657	-2.292821368993415	0.021858291235366895	0.097204032051410455	d__Bacteria	p__Bacillota	c__Clostridia	o__Monoglobales	f__Monoglobaceae	g__Monoglobus	NA
5437b935fd51797a030ebe750c7d9093	1.0531791811445184	0.002414296152872495	0.508193209024343	0.004750744618385579	0.9962094684751255	NA	d__Bacteria	p__Bacillota	c__Clostridia	o__Monoglobales	f__Monoglobaceae	g__Monoglobus	NA
0c410683e68edf42337559941e5d3018	1.1968864384074758	0.0024143191119962394	0.5142906773373617	0.004694464081083288	0.9962543733461474	0.9979603417267243	d__Bacteria	p__Bacillota	c__Clostridia	o__Monoglobales	f__Monoglobaceae	g__Monoglobus	NA
75c1eab5044adfefdb466e06f90d0775	1.38370587284932	0.0024150161685963733	0.590735245389789	0.004088153174274976	0.9967381347859748	0.9979603417267243	d__Bacteria	p__Bacillota	c__Clostridia	o__Incertae_Sedis	f__Incertae_Sedis	g__Incertae_Sedis	NA
41bc79030d183e5861667959389e58d8	1.1826699655475916	0.002414309804574368	0.5131484740648459	0.004704895223500704	0.9962460505905739	NA	d__Bacteria	p__Bacillota	c__Clostridia	o__Monoglobales	f__Monoglobaceae	g__Monoglobus	NA
81d8bf5f800f7da13be5d9afa704b5f2	1.8869972811675728	0.9669764143098413	0.6126211397042737	1.5784248234995988	0.11446804612906153	0.3139779054491225	d__Bacteria	p__Bacillota	c__Clostridia	o__Oscillospirales	f__Ruminococcaceae	g__Incertae_Sedis	NA
7a80eb794179e899066579742bc71f18	1.370385558586429	-0.9409042790062807	0.4830195367970871	-1.947963192639033	0.051419367491450076	0.17755490327953796	d__Bacteria	p__Bacillota	c__Clostridia	o__Oscillospirales	f__Ruminococcaceae	g__Incertae_Sedis	NA
8fb058cd7793ecee9379e212a686a522	1.1398472445033296	0.35034401499386314	0.4904929455217173	0.7142692228146452	0.47506071964971175	NA	d__Bacteria	p__Bacillota	c__Clostridia	o__Oscillospirales	f__Ruminococcaceae	g__Ruminococcus	NA
d4454a4ebd63a8e375dadd2632588f59	4.675276346792239	-0.9669267428550256	0.7017518547522752	-1.3778755785353207	0.16824170618038525	0.403402023583081	d__Bacteria	p__Bacillota	c__Clostridia	o__Oscillospirales	f__Ruminococcaceae	g__Ruminococcus	NA
41c54ddeccb5d2627a87232277c53792	1.1543062026877857	0.4009736328887815	0.48856691898076104	0.8207138414636935	0.4118092847418533	NA	d__Bacteria	p__Bacillota	c__Clostridia	o__Oscillospirales	f__Ruminococcaceae	g__Ruminococcus	NA
cd1eb48c9d9038445e1f624891354a9a	1.1826699655475919	0.49711746669815304	0.48560832267439635	1.0237004669944127	0.30597677475178175	NA	d__Bacteria	p__Bacillota	c__Clostridia	o__Oscillospirales	f__Ruminococcaceae	g__Ruminococcus	NA
8626bb49cf8e427a0238c25c571dc841	1.0531791811445184	0.002414296152872495	0.508193209024343	0.004750744618385579	0.9962094684751255	NA	d__Bacteria	p__Bacillota	c__Clostridia	o__Oscillospirales	f__Ruminococcaceae	g__Ruminococcus	NA
4b86d0750adaa67a8d6abcbf640c4a69	1.2404266249883102	0.6720927912885013	0.4979384809722821	1.3497506558966137	0.17709597761082385	0.4100365221935781	d__Bacteria	p__Bacillota	c__Clostridia	o__Oscillospirales	f__Ruminococcaceae	g__Ruminococcus	NA
a6d3beca765c1e2453b658614facf89f	1.628892798918246	-0.1704245610116507	0.4995079368146942	-0.3411848910718595	0.7329643968095191	0.9979603417267243	d__Bacteria	p__Bacillota	c__Clostridia	o__Oscillospirales	f__Ruminococcaceae	g__Ruminococcus	NA
a62fa6e25e8805dafe5b628529c90023	2.5764555716258206	-2.154828883011496	0.6303111279501281	-3.418674980432825	6.292684288700112e-4	0.0077865153194544	d__Bacteria	p__Bacillota	c__Clostridia	o__Oscillospirales	f__Ruminococcaceae	g__Ruminococcus	NA
45d4edd0897f2ac111575c3cf577c229	1.1976667590277577	0.002414319672112031	0.5143364846975431	0.004694047076072734	0.9962547060643412	0.9979603417267243	d__Bacteria	p__Bacillota	c__Clostridia	o__Oscillospirales	f__Ruminococcaceae	g__Ruminococcus	NA
91587a85e342f8dba27f54e15ac0ea77	2.1489321661031	0.4928119216778691	0.649157381660641	0.7591563087785939	0.447759058583838	0.7733771809766032	d__Bacteria	p__Bacillota	c__Clostridia	o__Lachnospirales	f__Lachnospiraceae	g__Tyzzerella	NA
0c0ac1c8923f1a5be22bf2e2d6ed5db5	1.1396010783031916	0.0024142948304125005	0.5107414144327037	0.0047270394806227575	0.9962283822261825	NA	d__Bacteria	p__Bacillota	c__Clostridia	o__Lachnospirales	f__Lachnospiraceae	g__Tyzzerella	NA
1d49df56b83a383d8b998af9d148f52c	1.1255191913314466	0.3503573626892362	0.4900416122633256	0.7149543098412843	0.4746372763899183	NA	d__Bacteria	p__Bacillota	c__Clostridia	o__Clostridiales	f__Clostridiaceae	g__Clostridium	NA
821130ba72e86c335c55c269f31db0d0	1.0386805954253813	-0.06470354653902072	0.5123236114550498	-0.12629428957071925	0.8994989763292248	NA	d__Bacteria	p__Bacillota	c__Clostridia	o__Clostridiales	f__Clostridiaceae	g__Clostridium	NA
454ff5fa8a3c6b293cea935aeb9cfb8e	3.2908254980903116	0.0024153159869004176	0.7743279242420075	0.0031192417466602146	0.9975112092047805	0.9979603417267243	d__Bacteria	p__Bacillota	c__Clostridia	o__Clostridiales	f__Clostridiaceae	g__Clostridium	NA
6a1f9223fe78243056d2ddb2ad7a01dc	1.0531791811445184	0.002414296152872495	0.508193209024343	0.004750744618385579	0.9962094684751255	NA	d__Bacteria	p__Bacillota	c__Clostridia	o__Clostridiales	f__Clostridiaceae	g__Clostridium	NA
e6de6480d9bff89bb2db6e6d1867433a	1.0531791811445184	0.002414296152872495	0.508193209024343	0.004750744618385579	0.9962094684751255	NA	d__Bacteria	p__Bacillota	c__Clostridia	o__Clostridiales	f__Clostridiaceae	g__Clostridium	NA
e0a1469cfaca31e7abb494be5eb651de	1.0531791811445184	0.002414296152872495	0.508193209024343	0.004750744618385579	0.9962094684751255	NA	d__Bacteria	p__Bacillota	c__Clostridia	o__Clostridiales	f__Clostridiaceae	g__Clostridium	NA
9580aa8a52ec18a4e92e701cdb595faa	2.5545500456399854	-3.1695298812941384	0.576991281848025	-5.493202377586301	3.9471003395553985e-8	3.008254330218293e-6	d__Bacteria	p__Bacillota	c__Clostridia	o__Clostridiales	f__Clostridiaceae	g__Clostridium	NA
cad9a0184a1685d8a9ce0fd386af09d1	1.0531791811445184	0.002414296152872495	0.508193209024343	0.004750744618385579	0.9962094684751255	NA	d__Bacteria	p__Bacillota	c__Clostridia	o__Clostridiales	f__Clostridiaceae	g__Clostridium	NA
cb2884bdcf809b269d220f1191cc9c22	1.0531791811445184	0.002414296152872495	0.508193209024343	0.004750744618385579	0.9962094684751255	NA	d__Bacteria	p__Bacillota	c__Clostridia	o__Clostridiales	f__Clostridiaceae	g__Clostridium	NA
4ebcf74b2783b601ceaf1ca7a994420a	1.0531791811445184	0.002414296152872495	0.508193209024343	0.004750744618385579	0.9962094684751255	NA	d__Bacteria	p__Bacillota	c__Clostridia	o__Clostridiales	f__Clostridiaceae	g__Clostridium	NA
9acb555d3c5dd77e9035a661e7ad1bb6	3.0941996690516547	2.4077469198246053	0.6903485521459565	3.487726471418092	4.8714616609690244e-4	0.006362476280230291	d__Bacteria	p__Bacillota	c__Clostridia	o__Clostridiales	f__Clostridiaceae	g__Clostridium	NA
dd918c333e5c4fef9c92068fddda1c3e	1.1254314254222975	0.2978780126777494	0.49284727788515564	0.6044022682969177	0.5455762280673303	NA	d__Bacteria	p__Bacillota	c__Clostridia	o__Clostridiales	f__Clostridiaceae	g__Clostridium	NA
15f9f1362adc49cd842b7237b2e311a7	1.4555595014807985	0.002415112849182189	0.6070806836627959	0.003978240313315039	0.9968258318474517	0.9979603417267243	d__Bacteria	p__Bacillota	c__Clostridia	o__Clostridiales	f__Clostridiaceae	g__Clostridium	NA
40874d61006874f7c87d904707d320d9	3.8285681925427673	0.5092269129538353	0.7088087238712771	0.7184264185866781	0.47249440225646705	0.8015127618563598	d__Bacteria	p__Bacillota	c__Clostridia	o__Clostridiales	f__Clostridiaceae	g__Clostridium	NA
971fe800f49e285bf9231540771af7ef	1.0531791811445184	0.002414296152872495	0.508193209024343	0.004750744618385579	0.9962094684751255	NA	d__Bacteria	p__Bacillota	c__Clostridia	o__Clostridiales	f__Clostridiaceae	g__Clostridium	NA
78500a9f64f33ec04e40892a3f534176	1.4275878769296255	-0.9402765391324072	0.48138740301685823	-1.9532636983013836	0.05078835666056932	0.1765184904131188	d__Bacteria	p__Bacillota	c__Clostridia	o__Lachnospirales	f__Lachnospiraceae	g__Lachnospiraceae_UCG-010	NA
94a78de372f84ee85becee23876e82c9	1.2970494800318157	-1.2033239789925771	0.4361609966035552	-2.7588986368864346	0.005799652112541215	0.036401345906361626	d__Bacteria	p__Bacillota	c__Clostridia	o__Lachnospirales	f__Lachnospiraceae	g__Lachnospiraceae_UCG-010	NA
b5c5a71372eea1709c1bff19a2f24272	1.4582832381913151	0.002415112431144944	0.6070806836245872	0.003978239624962974	0.9968258323966728	0.9979603417267243	d__Bacteria	p__Bacillota	c__Clostridia	o__Lachnospirales	f__Lachnospiraceae	g__Anaerotignum	NA
77b224861626fb57ceb1db2cd5d23f90	1.1399871933688324	0.35035886830268415	0.4904973393405893	0.7142931066123552	0.47504595390184584	NA	d__Bacteria	p__Bacillota	c__Clostridia	o__Lachnospirales	f__Lachnospiraceae	g__Anaerotignum	NA
56bd657709951a35509cede761b83f67	1.1533924071768649	0.0024142977496893017	0.5113837449052252	0.0047211077273031895	0.9962331150277637	NA	d__Bacteria	p__Bacillota	c__Clostridia	o__Lachnospirales	f__Lachnospiraceae	g__Lachnospiraceae_UCG-010	NA
f46deaf5851879b6a8d849043a70f8f5	1.0531791811445184	0.002414296152872495	0.508193209024343	0.004750744618385579	0.9962094684751255	NA	d__Bacteria	p__Bacillota	c__Clostridia	o__Lachnospirales	f__Lachnospiraceae	g__Lachnospiraceae_UCG-010	NA
30d449cb741107dea4fc03415f875c43	1.1536430080925726	0.40089558194925184	0.4885434518617904	0.8205935018092634	0.4118778503192071	NA	d__Bacteria	p__Bacillota	c__Clostridia	o__Lachnospirales	f__Lachnospiraceae	g__Lachnospiraceae_UCG-010	NA
52573485a4521e007e4c5217fc5d7c68	10.236868708269196	0.08881239771095861	0.7909220391893012	0.11228969899737747	0.9105937091568557	0.9979603417267243	d__Bacteria	p__Bacillota	c__Clostridia	o__Lachnospirales	f__Lachnospiraceae	g__Lachnospiraceae_UCG-010	NA
13afc120695e6644b50964b83fb1cb2b	1.0531791811445184	0.002414296152872495	0.508193209024343	0.004750744618385579	0.9962094684751255	NA	d__Bacteria	p__Bacillota	c__Clostridia	o__Lachnospirales	f__Lachnospiraceae	g__Lachnospiraceae_UCG-010	NA
8fb773e61e6ee7f5e0fde91cb4d2df09	1.6875949349548804	0.002415039049990766	0.6069256134636399	0.003979135163217902	0.996825117866181	0.9979603417267243	d__Bacteria	p__Bacillota	c__Clostridia	o__Lachnospirales	f__Lachnospiraceae	g__Lachnospiraceae_UCG-010	NA
6d23b1a911e94074b127424a8fb2d5ad	1.6024157914806436	1.2989085713652682	0.5666461051402332	2.2922747718239678	0.0218897926504399	0.097204032051410455	d__Bacteria	p__Bacillota	c__Clostridia	o__Lachnospirales	f__Lachnospiraceae	g__Lachnospiraceae_UCG-010	NA
75c5626f1cc9cc471664aeca0515774e	1.3410445035793346	0.0024148819576465135	0.5727112016689452	0.004216578880610811	0.9966356667811376	0.9979603417267243	d__Bacteria	p__Bacillota	c__Clostridia	o__Lachnospirales	f__Lachnospiraceae	g__Lachnospiraceae_UCG-010	NA
66063c3a2e5cc0fd8b0b301cdbb7c0ce	124.30432096352656	1.8715284561747583	1.0449005300651515	1.791106810959379	0.07327615640401819	0.22467143357209024	d__Bacteria	p__Bacillota	c__Clostridia	o__Lachnospirales	f__Lachnospiraceae	NA	NA
506c6364b6df4bf91da329528686d7c0	1.0531791811445184	0.002414296152872495	0.508193209024343	0.004750744618385579	0.9962094684751255	NA	d__Bacteria	p__Bacillota	c__Clostridia	o__Lachnospirales	f__Lachnospiraceae	g__Anaerotignum	NA
ab149525cad479f6599c7923acc49691	3.9323784991725783	0.0024152373511803233	0.8156784492810106	0.00296101650510598	0.9976374540986109	0.9979603417267243	d__Bacteria	p__Bacillota	c__Clostridia	o__Lachnospirales	f__Lachnospiraceae	g__Lachnospiraceae_UCG-010	NA
f9768fa5169a0e035e781f124204216b	1.0531791811445184	0.002414296152872495	0.508193209024343	0.004750744618385579	0.9962094684751255	NA	d__Bacteria	p__Bacillota	c__Clostridia	o__Lachnospirales	f__Lachnospiraceae	g__Lachnospiraceae_UCG-010	NA
1b92901eaf73176b86069084ac8c13e3	51.732402814164956	-1.543217708597076	0.9910247911061446	-1.5571938486771804	0.11942446840386912	0.3224395888154292	d__Bacteria	p__Bacillota	c__Clostridia	o__Lachnospirales	f__Lachnospiraceae	g__Lachnospiraceae_UCG-010	NA
32e2024b5af8e3db1d2f1f465d7d0112	1.0531791811445184	0.002414296152872495	0.508193209024343	0.004750744618385579	0.9962094684751255	NA	d__Bacteria	p__Bacillota	c__Clostridia	o__Lachnospirales	f__Lachnospiraceae	g__Lachnospiraceae_UCG-010	NA
8e9544b1135bb91ed6449c15a8cdb370	1.1399871933688321	0.35035886830268415	0.49049733934058837	0.7142931066123566	0.47504595390184484	NA	d__Bacteria	p__Bacillota	c__Clostridia	o__Lachnospirales	f__Lachnospiraceae	g__Eisenbergiella	NA
07699fa14cb8970eee5e8dda19dd5dbe	8.193341336453418	3.2162748881472463	0.8583157246419094	3.7471932481361456	1.7882431796872574e-4	0.0028059639304798584	d__Bacteria	p__Bacillota	c__Clostridia	o__Lachnospirales	f__Lachnospiraceae	g__Eisenbergiella	NA
65a80de0631a0b02eedb8c80c61c7df7	1.2555177795219832	0.0024143973124978392	0.5223207059517402	0.004622442275380363	0.9963118378094197	0.9979603417267243	d__Bacteria	p__Bacillota	c__Clostridia	o__Lachnospirales	f__Lachnospiraceae	g__Eisenbergiella	NA
d807cf3088ea1a4377f3fb48e67d1b34	1.0531791811445184	0.002414296152872495	0.508193209024343	0.004750744618385579	0.9962094684751255	NA	d__Bacteria	p__Bacillota	c__Clostridia	o__Lachnospirales	f__Lachnospiraceae	g__Eisenbergiella	NA
d717f870c356942c914036e4b4ebbd13	1.2260829314197914	0.002414464016270937	0.5271876643371272	0.004579894750205935	0.9963457854635035	0.9979603417267243	d__Bacteria	p__Bacillota	c__Clostridia	o__Lachnospirales	f__Lachnospiraceae	g__Eisenbergiella	NA
57d6c04665e8056d41287c6ba7b500a3	1.212070630635673	0.5873976188841437	0.4841148442960476	1.2133435398748817	0.22499850289321047	0.4618923879148993	d__Bacteria	p__Bacillota	c__Clostridia	o__Lachnospirales	f__Lachnospiraceae	NA	NA
5fdb5d1b4d6545c3408461a45434e7d3	1.1978592015183742	0.0024143198105292443	0.5143478060649029	0.004693944023987134	0.9962547882871035	0.9979603417267243	d__Bacteria	p__Bacillota	c__Clostridia	o__Lachnospirales	f__Lachnospiraceae	g__Eisenbergiella	NA
b0e56c25ca193e27096e8fb4eb560eee	101.95933298977636	2.2043840584219394	1.0164312079977098	2.168748894245784	0.03010175311080363	0.1257018554875982	d__Bacteria	p__Bacillota	c__Clostridia	o__Lachnospirales	f__Lachnospiraceae	g__Eisenbergiella	NA
c26c9025a60b790f46779b669d716170	1.2259614836407438	0.6303530624278885	0.48396577068210855	1.3024744736377936	0.19275423852765397	0.42950964312767165	d__Bacteria	p__Bacillota	c__Clostridia	o__Lachnospirales	f__Lachnospiraceae	g__Eisenbergiella	NA
cd5b7f7211526a4109099a6fd4b01aab	1.398157019316128	1.065488775621088	0.516068893416802	2.0646250708246976	0.0389584892097184	0.15395817772877604	d__Bacteria	p__Bacillota	c__Clostridia	o__Lachnospirales	f__Defluviitaleaceae	g__Defluviitaleaceae_UCG-011	NA
2fea67e2ef146b654e84d4ccd727bed7	1.2110509092057467	0.5872067980288109	0.4840488915877324	1.2131146424128965	0.22508599253209535	0.4618923879148993	d__Bacteria	p__Bacillota	c__Clostridia	o__Lachnospirales	f__Defluviitaleaceae	g__Defluviitaleaceae_UCG-011	NA
b78ebf1bcece3137a70ebe7310d29bea	1.167994983370866	0.44978679606306043	0.48690904676415775	0.92375937364935	0.3556116115713664	NA	d__Bacteria	p__Bacillota	c__Clostridia	o__Lachnospirales	f__Defluviitaleaceae	g__Defluviitaleaceae_UCG-011	NA
e34528ad14c087b5097669c01925644b	1.1966833909374064	-0.5449962191676568	0.4611824775551082	-1.1817366133615375	0.2373102257625363	NA	d__Bacteria	p__Bacillota	c__Clostridia	o__Lachnospirales	f__Defluviitaleaceae	g__Defluviitaleaceae_UCG-011	NA
973ca62579b1246f54829278d51475ea	8.206095103386005	-2.227625253791199	0.8057212341638588	-2.7647592732279525	0.0056964817103660635	0.036401345906361626	d__Bacteria	p__Bacillota	c__Clostridia	o__Lachnospirales	f__Lachnospiraceae	g__[Eubacterium]_xylanophilum_group	NA
08e99f06801c5a0f0d4f663b4597898d	1.0531791811445184	0.002414296152872495	0.508193209024343	0.004750744618385579	0.9962094684751255	NA	d__Bacteria	p__Bacillota	c__Clostridia	o__Lachnospirales	f__Lachnospiraceae	g__[Eubacterium]_xylanophilum_group	NA
28d3fdbc5bae89573ddc23f0b18d8e04	1.2708414351780242	0.002414430026581593	0.5255195025722861	0.004594368077233221	0.9963342375408202	0.9979603417267243	d__Bacteria	p__Bacillota	c__Clostridia	o__Lachnospirales	f__Lachnospiraceae	g__[Eubacterium]_xylanophilum_group	NA
4fab82ca37b1bc0169b4d245adefd462	1.2689971551496408	0.002414427511978372	0.5252974070215416	0.004596305787360111	0.9963326914881507	0.9979603417267243	d__Bacteria	p__Bacillota	c__Clostridia	o__Lachnospirales	f__Lachnospiraceae	g__[Eubacterium]_xylanophilum_group	NA
bee040b0942c767b368519c4706f8cdb	1.0387205801281543	-0.06470126560172709	0.5123242661604964	-0.12628967604173183	0.8995026281536531	NA	d__Bacteria	p__Bacillota	c__Clostridia	o__Lachnospirales	f__Lachnospiraceae	g__[Eubacterium]_xylanophilum_group	NA
afe1dc97376cf249b67fa422dfa32477	1.0531791811445184	0.002414296152872495	0.508193209024343	0.004750744618385579	0.9962094684751255	NA	d__Bacteria	p__Bacillota	c__Clostridia	o__Lachnospirales	f__Lachnospiraceae	g__[Eubacterium]_xylanophilum_group	NA
cf4a3714646f3c97bb3489da222228b7	1.1971644332247062	0.5429232830996683	0.4846448211847248	1.1202498394029685	0.2626073108440208	0.5013367405115677	d__Bacteria	p__Bacillota	c__Clostridia	o__Oscillospirales	f__UCG-010	g__Incertae_Sedis	NA
f336ad2c9bce4637fb7f5c639ea1c065	1.0531791811445184	0.002414296152872495	0.508193209024343	0.004750744618385579	0.9962094684751255	NA	d__Bacteria	p__Bacillota	c__Clostridia	o__Monoglobales	f__Monoglobaceae	g__Monoglobus	NA
0c7a2fbd4729c27d93e5a6a71b4d4684	1.1967634139867829	-0.8205655530440463	0.4412594775843036	-1.8595987049077614	0.0629423226995736	0.2010762225163025	d__Bacteria	p__Bacillota	c__Clostridia	o__Monoglobales	f__Monoglobaceae	g__Monoglobus	NA
c7c722294abd25b88fa3db4209c910dd	1.1977651913081566	0.5430222861634543	0.48467779838096137	1.120377883982698	0.26255276532548344	0.5013367405115677	d__Bacteria	p__Bacillota	c__Clostridia	o__Monoglobales	f__Monoglobaceae	g__Monoglobus	NA
1a9df3fbbc7fc8cecec4239cf801d2fc	25.163767392356327	-0.8508256521725647	0.8552406194519869	-0.9948377483727898	0.3198151836065904	0.5873370067267331	d__Bacteria	p__Bacillota	c__Clostridia	o__Monoglobales	f__Monoglobaceae	g__Monoglobus	NA
f8d7d660ef4336007263541c286b045b	1.0531791811445184	0.002414296152872495	0.508193209024343	0.004750744618385579	0.9962094684751255	NA	d__Bacteria	p__Bacillota	c__Clostridia	o__Monoglobales	f__Monoglobaceae	g__Monoglobus	NA
a7db077ae09ab481473ac2445474128f	1.0531791811445184	0.002414296152872495	0.508193209024343	0.004750744618385579	0.9962094684751255	NA	d__Bacteria	p__Bacillota	c__Clostridia	o__Oscillospirales	f__UCG-010	g__Incertae_Sedis	NA
52ca86ec48d4b050235dcfdea9cd5d39	1.527565596376329	0.3497447469197479	0.5786587682156479	0.60440585389939006	0.5455738447746126	0.8997330639482405	d__Bacteria	p__Bacillota	c__Clostridia	o__Oscillospirales	f__UCG-010	g__Incertae_Sedis	NA
d5c34a5c01d28b731f12b218bbd43d75	1.0531791811445184	0.002414296152872495	0.508193209024343	0.004750744618385579	0.9962094684751255	NA	d__Bacteria	p__Bacillota	c__Clostridia	o__Oscillospirales	f__UCG-010	g__Incertae_Sedis	NA
71f4d7830594809728704c5814777de2	1.0531791811445184	0.002414296152872495	0.508193209024343	0.004750744618385579	0.9962094684751255	NA	d__Bacteria	p__Bacillota	c__Clostridia	o__Oscillospirales	f__UCG-010	g__Incertae_Sedis	NA
34b791a0a48d68bbf6278d510ee36430	1.0531791811445184	0.002414296152872495	0.508193209024343	0.004750744618385579	0.9962094684751255	NA	d__Bacteria	p__Bacillota	c__Clostridia	o__Oscillospirales	f__UCG-010	g__Incertae_Sedis	NA
abee0e7fcc28204ca55bc2b16e140d5b	1.3251865089466015	0.00241481903676832	0.5650961226738476	0.004273288985495417	0.9965904190716863	0.9979603417267243	d__Bacteria	p__Bacillota	c__Clostridia	o__Oscillospirales	f__UCG-010	g__Incertae_Sedis	NA
5d17e341c7040504890ecc5340dc7f34	1.3980765985756158	0.002414972165918776	0.5858506941514264	0.004122163189405681	0.9967109989486427	0.9979603417267243	d__Bacteria	p__Bacillota	c__Clostridia	o__Oscillospirales	f__UCG-010	g__Incertae_Sedis	NA
25036ba135607cb2eb9f45c9b50bb4d5	1.0531791811445184	0.002414296152872495	0.508193209024343	0.004750744618385579	0.9962094684751255	NA	d__Bacteria	p__Bacillota	c__Clostridia	o__Oscillospirales	f__UCG-010	g__Incertae_Sedis	NA
5d58a0b3d0710b4c7563519c80cf242b	1.3118522442178417	0.002414542774674951	0.5368446776122705	0.004497656166424406	0.9964114016839203	0.9979603417267243	d__Bacteria	p__Bacillota	c__Clostridia	o__Oscillospirales	f__UCG-010	g__Incertae_Sedis	NA
a1642ee93cbc5a4d6b2816c0a116cf42	1.2538204339941035	0.3502280853315018	0.49757463375957955	0.7038704579557137	0.48151345046447086	0.8116506345112013	d__Bacteria	p__Bacillota	c__Clostridia	o__Oscillospirales	f__UCG-010	g__Incertae_Sedis	NA
5443a3f15cad4117ecbc72bfd4de8f25	1.0531791811445184	0.002414296152872495	0.508193209024343	0.004750744618385579	0.9962094684751255	NA	d__Bacteria	p__Bacillota	c__Clostridia	o__Oscillospirales	f__UCG-010	g__Incertae_Sedis	NA
88d09c1f988b369414b16b8edafaaa2e	1.0531791811445184	0.002414296152872495	0.508193209024343	0.004750744618385579	0.9962094684751255	NA	d__Bacteria	p__Bacillota	c__Clostridia	o__Oscillospirales	f__UCG-010	g__Incertae_Sedis	NA
d084475ce17d67557615ecfb105797ab	1.0531791811445184	0.002414296152872495	0.508193209024343	0.004750744618385579	0.9962094684751255	NA	d__Bacteria	p__Bacillota	c__Clostridia	o__Oscillospirales	f__UCG-010	g__Incertae_Sedis	NA
9c36b4bb50f4b2871115cfcac30ff6c7	1.2542709217761043	-0.6893112127077361	0.45469780898097334	-1.5159765433058863	0.12952528377114847	0.34293666943874795	d__Bacteria	p__Bacillota	c__Clostridia	o__Oscillospirales	f__UCG-010	g__Incertae_Sedis	NA
e14f743e40eb38976db9d9d544548a13	1.2541068350406268	0.7123208325071408	0.5025738834208561	1.4173455008417983	0.15638193818731158	0.38182958362897357	d__Bacteria	p__Bacillota	c__Clostridia	o__Oscillospirales	f__Oscillospiraceae	g__NK4A214_group	NA
39c746e6698d4935484f50bf45508965	2.3483742123879106	-0.6938332051044284	0.6176812418830525	-1.1232868315528253	0.2613156947134779	0.5013367405115677	d__Bacteria	p__Bacillota	c__Clostridia	o__Oscillospirales	f__Oscillospiraceae	g__NK4A214_group	NA
88ce384d23279002f61f6cc668c4d259	1.0531791811445184	0.002414296152872495	0.508193209024343	0.004750744618385579	0.9962094684751255	NA	d__Bacteria	p__Bacillota	c__Clostridia	o__Oscillospirales	f__Oscillospiraceae	g__NK4A214_group	NA
e5bd5a5c7c1fe29892ebff584483a1c4	1.2548192579463051	0.4498098247824407	0.4926129705008953	0.9131099904354288	0.3611846965214959	0.6477043213251027	d__Bacteria	p__Bacillota	c__Clostridia	o__Oscillospirales	f__Oscillospiraceae	g__NK4A214_group	NA
ce23dc3713e3748ce378d3dbcc8d8918	1.326222969944137	0.0024148189353305188	0.5650961226638876	0.004273288806065342	0.9965904192148495	0.9979603417267243	d__Bacteria	p__Bacillota	c__Clostridia	o__Oscillospirales	f__Oscillospiraceae	g__NK4A214_group	NA
854f0c18024f70b4196c742ce31008cb	1.2395786089289882	0.0024145352847072055	0.5339354331579882	0.004522148437361263	0.9963918598778148	0.9979603417267243	d__Bacteria	p__Bacillota	c__Clostridia	o__Oscillospirales	f__Oscillospiraceae	g__NK4A214_group	NA
a2217cc8df6a4c209aee7f31a304c2b0	1.0531791811445184	0.002414296152872495	0.508193209024343	0.004750744618385579	0.9962094684751255	NA	d__Bacteria	p__Bacillota	c__Clostridia	o__Oscillospirales	f__Oscillospiraceae	g__NK4A214_group	NA
31654b0fabcee256ee93ddfc89c8b048	3.2228701171771945	-2.616447423848586	0.6858394018686647	-3.8149564121275503	1.3620697341004508e-4	0.002306870486166954	d__Bacteria	p__Bacillota	c__Clostridia	o__Oscillospirales	f__Oscillospiraceae	g__NK4A214_group	NA
e2cfe099d4a73a03ac5f80d4f8369dbc	24.277584911145432	1.6523866555270799	0.9728823914592551	1.6984444060588002	0.08942391698752458	0.2571841493953874	d__Bacteria	p__Bacillota	c__Clostridia	o__Oscillospirales	f__Oscillospiraceae	g__NK4A214_group	NA
d4e2f6974db486bb6d34a00f7334d33b	1.0531791811445184	0.002414296152872495	0.508193209024343	0.004750744618385579	0.9962094684751255	NA	d__Bacteria	p__Bacillota	c__Clostridia	o__Oscillospirales	f__Oscillospiraceae	g__NK4A214_group	NA
1926679bf52691b7a4a3844bf10e6d38	1.2266593188461263	-0.9411954500816022	0.436512378795048	-2.1561712698267232	0.031070294047717318	0.1257018554875982	d__Bacteria	p__Bacillota	c__Clostridia	o__Oscillospirales	f__Oscillospiraceae	g__NK4A214_group	NA
274d44a105684512d6df0a983a5b6663	1.0531791811445184	0.002414296152872495	0.508193209024343	0.004750744618385579	0.9962094684751255	NA	d__Bacteria	p__Bacillota	c__Clostridia	o__Oscillospirales	f__Oscillospiraceae	g__NK4A214_group	NA
c0a8f5074b73b0648d1a21b1f3d8ffaf	2.0034818448737566	2.0003608493250655	0.6177303893109181	3.2382425795118808	0.0012026850093359556	0.011993129952910884	d__Bacteria	p__Bacillota	c__Clostridia	o__Oscillospirales	f__Oscillospiraceae	g__NK4A214_group	NA
c460ff4b7369e5f55e9f45dfb0b96d4d	1.167708582324343	0.0024143025524952697	0.5121700260584228	0.00471386928101855	0.9962388904080334	NA	d__Bacteria	p__Bacillota	c__Clostridia	o__Oscillospirales	f__Oscillospiraceae	g__NK4A214_group	NA
5d0e047aec9ad659e06c6f00ff178cc8	1.0387264241175567	-0.06470093108887284	0.5123243617984352	-0.126288999534885	0.8995031636407089	NA	d__Bacteria	p__Bacillota	c__Clostridia	o__Oscillospirales	f__Oscillospiraceae	g__NK4A214_group	NA
5a995ef0ef454381562fe4d6909fa8d4	1.3839115433378693	0.0024147663676769306	0.5615089212567335	0.004300495105709727	0.9965687119278704	0.9979603417267243	d__Bacteria	p__Bacillota	c__Clostridia	o__Oscillospirales	f__Oscillospiraceae	g__Colidextribacter	NA
7e7d68f511a7019ad4a8d6b9b8138e34	1.3268485221469832	-1.2970450801020672	0.4399564061288903	-2.9481218185105433	0.0031971105242379217	0.0233820501266853	d__Bacteria	p__Bacillota	c__Clostridia	o__Oscillospirales	f__Oscillospiraceae	g__Colidextribacter	NA
c5ec23b5e73a33133aa0fcf9acd58650	1.4416515343537386	0.002414937011914772	0.5833224095321883	0.004139969547632326	0.996696791651559	0.9979603417267243	d__Bacteria	p__Bacillota	c__Clostridia	o__Oscillospirales	f__Oscillospiraceae	g__Colidextribacter	NA
c072b53a13bb032cf7ebd84b996bb18f	1.2118142244650352	0.00241431115997801	0.5140506786547065	0.004696640351290596	0.9962526369528911	0.9979603417267243	d__Bacteria	p__Bacillota	c__Clostridia	o__Oscillospirales	f__Oscillospiraceae	g__Colidextribacter	NA
82d09389ab523a0e6dbd8576b5de67fc	1.1395063707465674	-0.5450489982099465	0.45855537898801824	-1.188621970617399	0.23458845825166352	NA	d__Bacteria	p__Bacillota	c__Clostridia	o__Oscillospirales	f__Oscillospiraceae	g__Incertae_Sedis	NA
bdb6ddef008a6d31c019642fb28d7c1d	11.409353521214864	-0.12267139948140704	0.8238338869661355	-0.14890307551338874	0.8816301143631086	0.9979603417267243	d__Bacteria	p__Bacillota	c__Clostridia	o__Oscillospirales	f__Oscillospiraceae	g__Colidextribacter	NA
a091accf580f0c2f428ea1d2a1528fba	1.0531791811445184	0.002414296152872495	0.508193209024343	0.004750744618385579	0.9962094684751255	NA	d__Bacteria	p__Bacillota	c__Clostridia	o__Oscillospirales	f__Oscillospiraceae	g__Colidextribacter	NA
c03544ba31df43e38072acbbeaf5a654	1.6113774292553158	0.002415319007565754	0.6486613534537959	0.003723543871860707	0.9970290486984357	0.9979603417267243	d__Bacteria	p__Bacillota	c__Clostridia	o__Oscillospirales	f__Oscillospiraceae	g__Colidextribacter	NA
da1d26d90a7443d34675778207d2c227	4.60668460219218	-2.686457857474912	0.7151885255780871	-3.756293286869287	1.7244858576721526e-4	0.002787918803236647	d__Bacteria	p__Bacillota	c__Clostridia	o__Oscillospirales	f__Oscillospiraceae	g__Colidextribacter	NA
9904009a0e14e24b0a6e25eeeeff3e95	23.016166830479204	-1.2456890377094096	0.9715662505166842	-1.2821452340969495	0.19979170357868412	0.43832443430672696	d__Bacteria	p__Bacillota	c__Clostridia	o__Oscillospirales	f__Oscillospiraceae	g__Colidextribacter	NA
350cd8e890b27c7fa7ec3a0d77dbaa9b	1.355701387945133	0.002414949472664396	0.5812266037271625	0.004154919023283411	0.9966848637983327	0.9979603417267243	d__Bacteria	p__Bacillota	c__Clostridia	o__Oscillospirales	f__Oscillospiraceae	g__Colidextribacter	NA
c445246b69fd71bc2b919d023f44b3e5	1.0531791811445184	0.002414296152872495	0.508193209024343	0.004750744618385579	0.9962094684751255	NA	d__Bacteria	p__Bacillota	c__Clostridia	o__Oscillospirales	f__Oscillospiraceae	g__Colidextribacter	NA
1a7a9d14747af9f14fcdabdef2549a77	9.951394340724447	-0.839998771650598	0.7270165022017546	-1.1554053712765513	0.24792446337817084	0.4944586961205762	d__Bacteria	p__Bacillota	c__Clostridia	o__Oscillospirales	f__Oscillospiraceae	g__Colidextribacter	NA
0d3fd1719bb852948dec1e4162facdba	1.0387386692036873	0.002414298639021212	0.5079089328663855	0.004753408500606813	0.9962073430286281	NA	d__Bacteria	p__Bacillota	c__Clostridia	o__Oscillospirales	f__Oscillospiraceae	g__Incertae_Sedis	NA
61b3f9c4a322ffd5403d7b8eab09e168	1.239998615586363	0.0024145352641700008	0.5339354331558537	0.004522148398915506	0.9963918599084897	0.9979603417267243	d__Bacteria	p__Bacillota	c__Clostridia	o__Oscillospirales	f__Oscillospiraceae	g__Incertae_Sedis	NA
6d094d7fbdf26fbf995a8b7950c286ec	1.1684483479947	-0.689459951963048	0.44865661670538587	-1.5367207933451423	0.12436169693093344	NA	d__Bacteria	p__Bacillota	c__Clostridia	o__Oscillospirales	f__Oscillospiraceae	g__Colidextribacter	NA
8ce62d0f068f4ee5d2c4b90068804af0	1.0387264241175567	-0.06470093108887284	0.5123243617984352	-0.126288999534885	0.8995031636407089	NA	d__Bacteria	p__Bacillota	c__Clostridia	o__Oscillospirales	f__Oscillospiraceae	g__Colidextribacter	NA
11b7d5a0dd0446562be236a4a9144c75	56.15931532849397	-0.6716656790582572	0.9116622061749297	-0.7367484080275432	0.46127536276100395	0.7887513013878064	d__Bacteria	p__Bacillota	c__Clostridia	o__Oscillospirales	f__Oscillospiraceae	g__Colidextribacter	NA
b184d05472a45b518f4e3f0ae1dcc49e	1.2268388508659873	0.0024144647307070845	0.5272520395817524	0.004579336919440618	0.9963462305433914	0.9979603417267243	d__Bacteria	p__Bacillota	c__Clostridia	o__Oscillospirales	f__Oscillospiraceae	g__Colidextribacter	NA
5c0eb2cc0831a4b7304ec1fa20756159	2.849023212521469	0.12904468616820147	0.657909576045357	0.19614349884353255	0.844497850307845	0.9979603417267243	d__Bacteria	p__Bacillota	c__Clostridia	o__Oscillospirales	f__Butyricicoccaceae	g__UCG-009	NA
40ac3979c05fe30df6ecfaaa78ae3e9f	1.4704272642210883	0.0024151077544483706	0.6070806831971312	0.003978231924180887	0.9968258385409593	0.9979603417267243	d__Bacteria	p__Bacillota	c__Clostridia	o__Oscillospirales	f__Butyricicoccaceae	g__UCG-009	NA
6839e66a1cfeb373e15a58f9f801e863	1.341544765441804	0.9350377931791298	0.5269733377826459	1.774355031154903	0.07600444317537658	0.22983281446359602	d__Bacteria	p__Bacillota	c__Clostridia	o__Oscillospirales	f__Butyricicoccaceae	g__UCG-009	NA
73cd1c10175eb846badd2f34bd86dd08	3.7685261381010426	-1.8192243008677327	0.7037815464604492	-2.5849275389745796	0.009739946460941055	0.055279376988426096	d__Bacteria	p__Bacillota	c__Clostridia	o__Oscillospirales	f__Oscillospiraceae	g__Intestinimonas	NA
50c2e92f3b001c0f07a654b597605f95	11.055717476715103	-0.800308217948442	0.8255128043632669	-0.9694679642985481	0.332311756574605	0.6032288690947085	d__Bacteria	p__Bacillota	c__Clostridia	o__Oscillospirales	f__Oscillospiraceae	g__Flavonifractor	NA
cf5031364fd6f4fdbfccfb2fd88bd4f8	1.412601939459627	-0.17259059070186017	0.4637751771925872	-0.3721427950211105	0.7097865350004053	0.9979603417267243	d__Bacteria	p__Bacillota	c__Clostridia	o__Oscillospirales	f__Oscillospiraceae	NA	NA
3443b73db214fbccce540ddb43380a8d	1.6281879952757616	-0.6189693217400828	0.568653780455764	-1.0884818548889132	0.2763824426740243	0.5201059370955624	d__Bacteria	p__Bacillota	c__Clostridia	o__Oscillospirales	f__Oscillospiraceae	g__Pseudoflavonifractor	NA
e9b3f1732c022e94dae08db1e30ec878	1.1683878782589967	0.00241430292678605	0.512200165070121	0.004713592637080716	0.996239111135508	NA	d__Bacteria	p__Bacillota	c__Clostridia	o__Oscillospirales	f__Oscillospiraceae	NA	NA
6a303070cc5a7983fba732836e1713af	1.1396010783031916	0.35031783351758955	0.4904852267555315	0.7142270845441703	0.47508677152620704	NA	d__Bacteria	p__Bacillota	c__Clostridia	o__Oscillospirales	f__Oscillospiraceae	g__Flavonifractor	NA
5fbc483f79cd97d3a7253931f37c33e8	347.4758632251303	0.8004352243727628	0.789972051954889	1.0132449906195813	0.31094315554227725	0.5740128586735077	d__Bacteria	p__Bacillota	c__Clostridia	o__Oscillospirales	f__Oscillospiraceae	g__Flavonifractor	NA
ea85a25eeb4e3cfa0a98bcf029e38264	1.1398717278744617	0.0024142949505884053	0.5107509765043784	0.004726951218208212	0.9962284526486136	NA	d__Bacteria	p__Bacillota	c__Clostridia	o__Oscillospirales	f__Oscillospiraceae	g__Flavonifractor	NA
5c4fd1d0cbe7b43a93c2ed9286af0847	1.7144785095784816	-1.3390320968903462	0.5744193389036457	-2.3311055290131137	0.01974779582781455	0.09323406260300056	d__Bacteria	p__Bacillota	c__Clostridia	o__Oscillospirales	f__Oscillospiraceae	g__Flavonifractor	NA
382b4e37e1cad72fc403170422eb8c23	1.0531791811445184	0.002414296152872495	0.508193209024343	0.004750744618385579	0.9962094684751255	NA	d__Bacteria	p__Bacillota	c__Clostridia	o__Oscillospirales	f__Oscillospiraceae	g__Intestinimonas	NA
f98dab4619ff896a9cee45a9b9ddc792	18.593836165446668	-1.606461489378081	0.8447912737527735	-1.901607579635356	0.057222476286042476	0.1934833970441548	d__Bacteria	p__Bacillota	c__Clostridia	o__Oscillospirales	f__Oscillospiraceae	g__Intestinimonas	NA
ea52488235f530227f65a4c6e3b27aab	1.5423387997626283	-1.0508447689660798	0.5171349088207863	-2.032051503469961	0.04214844222719762	0.16119135432408555	d__Bacteria	p__Bacillota	c__Clostridia	o__Oscillospirales	f__Oscillospiraceae	g__Intestinimonas	NA
151dc3710be852488064098205bb884f	1.0531791811445184	0.002414296152872495	0.508193209024343	0.004750744618385579	0.9962094684751255	NA	d__Bacteria	p__Bacillota	c__Clostridia	o__Oscillospirales	f__Oscillospiraceae	g__Intestinimonas	NA
e28a36175f75412c90d02ed7de4b2379	1.2549002231323363	-1.0520215375943605	0.43441985174254	-2.4216700350467493	0.015449371494158566	0.07492945174666904	d__Bacteria	p__Bacillota	c__Clostridia	o__Oscillospirales	f__Oscillospiraceae	g__Incertae_Sedis	NA
aa8fd37503453e0ae9e54d4ab1aa8a3f	1.57234910657984	1.066864795001136	0.5755865683938478	1.8535262175734595	0.06380697191698732	0.2032299672699268	d__Bacteria	p__Bacillota	c__Clostridia	o__Oscillospirales	f__Oscillospiraceae	g__Intestinimonas	NA
3a4a246cdaf2ee7e109536faef354a46	2.996731264321292	2.670373324645961	0.6989510750845432	3.820543983458298	1.3315765520746276e-4	0.0022916002920381094	d__Bacteria	p__Bacillota	c__Clostridia	o__Oscillospirales	f__Oscillospiraceae	g__Intestinimonas	NA
7b25fe2a8e4d57a05ef403d1d0e831e2	2.681539563734183	0.0024153256428076047	0.7199314805036057	0.003354938224284954	0.9973231516099904	0.9979603417267243	d__Bacteria	p__Bacillota	c__Clostridia	o__Oscillospirales	f__Oscillospiraceae	g__Intestinimonas	NA
e657205bc51c1db7e6a38c33a084749d	9.087648557760621	1.9099987879131464	0.8574057351855797	2.2276487193075982	0.025903949133015094	0.11055805489970842	d__Bacteria	p__Bacillota	c__Clostridia	o__Oscillospirales	f__Oscillospiraceae	NA	NA
cc7b0c4fe7613151aee46e9be3ea14a9	1.7159768905330637	-2.1796844392565644	0.5042646390875652	-4.322501064521527	1.542703387880498e-5	3.6579211441522034e-4	d__Bacteria	p__Bacillota	c__Clostridia	o__Oscillospirales	f__Oscillospiraceae	g__Intestinimonas	NA
0fdad431f3566933a70b7b07d74580de	1.2262543110051172	-0.9410540145284761	0.4364834670459359	-2.1559900559290575	0.031084441645314157	0.1257018554875982	d__Bacteria	p__Bacillota	c__Clostridia	o__Oscillospirales	f__Oscillospiraceae	g__Intestinimonas	NA
48120f2d28136884787660eb4953652a	1.2549002231323363	-1.0520215375943605	0.43441985174254	-2.4216700350467493	0.015449371494158566	0.07492945174666904	d__Bacteria	p__Bacillota	c__Clostridia	o__Oscillospirales	f__Oscillospiraceae	g__Intestinimonas	NA
174a1fe3543cf9fa6ca92528087d0ca5	1.110966050597814	0.24342664718972462	0.4951907647739398	0.49158155706084633	0.6230151839329926	NA	d__Bacteria	p__Bacillota	c__Clostridia	o__Oscillospirales	f__Oscillospiraceae	g__Intestinimonas	NA
7ff0c8d6b1f2ab6ae6c70229e507bc18	1.1972656397072454	-0.8207026601529315	0.44128432968325676	-1.8598046768214318	0.06291316545876209	0.2010762225163025	d__Bacteria	p__Bacillota	c__Clostridia	o__Oscillospirales	f__Oscillospiraceae	g__Intestinimonas	NA
1df4ea697ddf438a11fa5348fdf26879	2.219571735190647	1.3751516917123756	0.6658410772791885	2.065285153826236	0.03889602745245539	0.15395817772877604	d__Bacteria	p__Bacillota	c__Clostridia	o__Oscillospirales	f__Oscillospiraceae	NA	NA
8d5153b41e59c5ffb5a1fc080eb784cf	48.38401348490026	-0.7790575401255347	0.8465165710801105	-0.9203098518573576	0.35741086221642343	0.6420158080554272	d__Bacteria	p__Bacillota	c__Clostridia	o__Oscillospirales	f__Oscillospiraceae	g__Incertae_Sedis	NA
d6fea6a5905d16326d192d115ef42b0d	1.1688012373602126	0.0024143031550507696	0.512218546291768	0.004713423933063805	0.9962392457403432	NA	d__Bacteria	p__Bacillota	c__Clostridia	o__Oscillospirales	f__Oscillospiraceae	NA	NA
3c8673e7ff6a0ecd8c60c97168a7287b	1.0531791811445184	0.002414296152872495	0.508193209024343	0.004750744618385579	0.9962094684751255	NA	d__Bacteria	p__Bacillota	c__Clostridia	o__Oscillospirales	f__UCG-010	g__Incertae_Sedis	NA
361d26273fd1ca689807b797c15e1cc6	1.182224938841459	0.0024143095262421903	0.5131259016727713	0.004705101649267035	0.996245885888465	NA	d__Bacteria	p__Bacillota	c__Clostridia	o__Oscillospirales	f__Butyricicoccaceae	g__UCG-009	NA
ba48e64682c81794d37a37a3ba34bdef	1.2828107855972137	0.790072588382317	0.5113462126694508	1.5450834851358195	0.12232607108901843	0.32603214179559936	d__Bacteria	p__Bacillota	c__Clostridia	o__Oscillospirales	f__Butyricicoccaceae	g__UCG-009	NA
bc979a8588f5a2b031514a23cf3971cb	1.2983173572085047	-0.8820978560095492	0.44781647775540007	-1.9697753428612246	0.04886412366916266	0.1709443277213002	d__Bacteria	p__Bacillota	c__Clostridia	o__Oscillospirales	f__[Eubacterium]_coprostanoligenes_group	g__Incertae_Sedis	NA
794cc1c6386320420a2c2ea76eedaaf8	1.0531791811445184	0.002414296152872495	0.508193209024343	0.004750744618385579	0.9962094684751255	NA	d__Bacteria	p__Bacillota	c__Clostridia	o__Oscillospirales	f__[Eubacterium]_coprostanoligenes_group	g__Incertae_Sedis	NA
410e1eaa1468a3d40595898f671ba0b3	2.3919340067031083	0.8273084332295874	0.5908317220071932	1.400243762164678	0.16144033514010472	0.3906337945696548	d__Bacteria	p__Bacillota	c__Clostridia	o__Oscillospirales	f__[Eubacterium]_coprostanoligenes_group	g__Incertae_Sedis	NA
09262615d1066243f95018aa1b53ab0c	1.1825157126811798	0.002414309708042093	0.5131406452267674	0.004704966816602805	0.9962459934681753	NA	d__Bacteria	p__Bacillota	c__Clostridia	o__Oscillospirales	f__[Eubacterium]_coprostanoligenes_group	g__Incertae_Sedis	NA
d969ff7a11c25dc9b04c6eb48a6ec8c3	1.5861371474545458	-0.5967283767872472	0.4852732713388056	-1.2296749316956022	0.21881885778791643	0.4618923879148993	d__Bacteria	p__Bacillota	c__Clostridia	o__Oscillospirales	f__[Eubacterium]_coprostanoligenes_group	g__Incertae_Sedis	NA
d861309f5630e701205bb0151c3cea16	1.0531791811445184	0.002414296152872495	0.508193209024343	0.004750744618385579	0.9962094684751255	NA	d__Bacteria	p__Bacillota	c__Clostridia	o__Oscillospirales	f__[Eubacterium]_coprostanoligenes_group	g__Incertae_Sedis	NA
cc6c06bae0a74dec62abdcb93c1414ab	1.1539867911196868	0.0024142980416623242	0.5114071087930979	0.004720892612071779	0.996233286662973	NA	d__Bacteria	p__Bacillota	c__Clostridia	o__Oscillospirales	f__[Eubacterium]_coprostanoligenes_group	g__Incertae_Sedis	NA
12f2e666955c86b54abd97c942fc2a10	1.1396010783031916	-0.5450659526072282	0.45855774081332035	-1.188652821868131	0.23457631277864374	NA	d__Bacteria	p__Bacillota	c__Clostridia	o__Oscillospirales	f__[Eubacterium]_coprostanoligenes_group	g__Incertae_Sedis	NA
3460c6d209a9458ad9f55812e064b2db	1.3824512095365133	0.002415016337924091	0.5907352454056934	0.004088153460803839	0.9967381345573598	0.9979603417267243	d__Bacteria	p__Bacillota	c__Clostridia	o__Oscillospirales	f__[Eubacterium]_coprostanoligenes_group	g__Incertae_Sedis	NA
3f49f2e33639f81618c76b5807f6498c	4.424548929651018	0.002415156687366822	0.816540212643395	0.002957792708761039	0.997640026304678	0.9979603417267243	d__Bacteria	p__Bacillota	c__Clostridia	o__Oscillospirales	f__[Eubacterium]_coprostanoligenes_group	g__Incertae_Sedis	NA
05ff375f501b831cdc28113494f487b1	1.0531791811445184	0.002414296152872495	0.508193209024343	0.004750744618385579	0.9962094684751255	NA	d__Bacteria	p__Bacillota	c__Clostridia	o__Oscillospirales	f__[Eubacterium]_coprostanoligenes_group	g__Incertae_Sedis	NA
21dcfff18d552ae0ca669d213652bda3	2.0196826890670216	-2.620049166808061	0.5214218141848059	-5.024816943848546	5.039129558447485e-7	2.4439778358470306e-5	d__Bacteria	p__Bacillota	c__Clostridia	o__Oscillospirales	f__[Eubacterium]_coprostanoligenes_group	g__Incertae_Sedis	NA
b1f0b65b560701f74c4f43db4234d6c9	1.0531791811445184	0.002414296152872495	0.508193209024343	0.004750744618385579	0.9962094684751255	NA	d__Bacteria	p__Bacillota	c__Clostridia	o__Oscillospirales	f__[Eubacterium]_coprostanoligenes_group	g__Incertae_Sedis	NA
7e7a4855c881caf14f15c80f6012f231	1.0531791811445184	0.002414296152872495	0.508193209024343	0.004750744618385579	0.9962094684751255	NA	d__Bacteria	p__Bacillota	c__Clostridia	o__Oscillospirales	f__[Eubacterium]_coprostanoligenes_group	g__Incertae_Sedis	NA
77a52ece0d9da550158abfebf9162d14	1.0531791811445184	0.002414296152872495	0.508193209024343	0.004750744618385579	0.9962094684751255	NA	d__Bacteria	p__Bacillota	c__Clostridia	o__Oscillospirales	f__[Eubacterium]_coprostanoligenes_group	g__Incertae_Sedis	NA
4f8b522332dcfcc95d7acb01a7b8b94f	1.2411159969879269	-0.9978240619636366	0.4351435228513809	-2.2930918411129237	0.021842718016700843	0.097204032051410455	d__Bacteria	p__Bacillota	c__Clostridia	o__Oscillospirales	f__[Eubacterium]_coprostanoligenes_group	g__Incertae_Sedis	NA
caee94af7a4562c61da6712807157dc9	1.2549002231323363	-1.0520215375943605	0.43441985174254	-2.4216700350467493	0.015449371494158566	0.07492945174666904	d__Bacteria	p__Bacillota	c__Clostridia	o__Oscillospirales	f__[Eubacterium]_coprostanoligenes_group	g__Incertae_Sedis	NA
8538d07b8c1e8676f9b9c8c242aab14a	48.98178993194395	4.0258686364749465	1.0445293213184215	3.854241862156087	1.1608879284525179e-4	0.0020994363045065026	d__Bacteria	p__Bacillota	c__Clostridia	o__Oscillospirales	f__[Eubacterium]_coprostanoligenes_group	g__Incertae_Sedis	NA
1af612d90153f4aa10245d1e813d3dc3	1.0531791811445184	0.002414296152872495	0.508193209024343	0.004750744618385579	0.9962094684751255	NA	d__Bacteria	p__Bacillota	c__Clostridia	o__Oscillospirales	f__[Eubacterium]_coprostanoligenes_group	g__Incertae_Sedis	NA
929e0c2c4994379c0c7e4b28f08c94ac	1.0531791811445184	0.002414296152872495	0.508193209024343	0.004750744618385579	0.9962094684751255	NA	d__Bacteria	p__Bacillota	c__Clostridia	o__Oscillospirales	f__[Eubacterium]_coprostanoligenes_group	g__Incertae_Sedis	NA
0dcf5023e96fb8175d7bf02d900c9dd1	25.277758508728816	-0.47613546615793106	1.0278220212039966	-0.46324699834722677	0.6431873319001953	0.9979603417267243	d__Bacteria	p__Bacillota	c__Clostridia	o__Oscillospirales	f__[Eubacterium]_coprostanoligenes_group	g__Incertae_Sedis	NA
5984dadcdcc48d5e3ae04a0be106722a	1.0531791811445184	0.002414296152872495	0.508193209024343	0.004750744618385579	0.9962094684751255	NA	d__Bacteria	p__Bacillota	c__Clostridia	o__Oscillospirales	f__[Eubacterium]_coprostanoligenes_group	g__Incertae_Sedis	NA
04ddc282eeaf358f2a174596a1c95a6f	1.1535231056697182	0.40088142828202145	0.4885392193674607	0.820571639675245	0.41189030737097587	NA	d__Bacteria	p__Bacillota	c__Clostridia	o__Oscillospirales	f__[Eubacterium]_coprostanoligenes_group	g__Incertae_Sedis	NA
6896ebe2cc3802a0374e249cc0d11938	4.234265634292399	2.160971050975441	0.6684757482066948	3.232684292246399	0.0012263300715450243	0.012115686910542047	d__Bacteria	p__Bacillota	c__Clostridia	o__Oscillospirales	f__[Eubacterium]_coprostanoligenes_group	g__Incertae_Sedis	NA
6250949ec4f5147dc4eb85883b6b062a	1.426818050028207	0.0024150407296411346	0.5958929409687891	0.004052809764309033	0.9967663345134923	0.9979603417267243	d__Bacteria	p__Bacillota	c__Clostridia	o__Oscillospirales	f__[Eubacterium]_coprostanoligenes_group	g__Incertae_Sedis	NA
0c570ae08ebbe801fa6a3e8a24678138	1.239289458061733	0.0024145352988917718	0.5339354331594617	0.004522148463914854	0.9963918598566283	0.9979603417267243	d__Bacteria	p__Bacillota	c__Clostridia	o__Oscillospirales	f__Ruminococcaceae	NA	NA
ec03b628dfa2f625b2cc44812c823e5e	1.1394035355022927	0.0024142947427769766	0.5107344413368646	0.004727103847661965	0.9962283308692895	NA	d__Bacteria	p__Bacillota	c__Clostridia	o__Oscillospirales	f__Ruminococcaceae	g__Ruminococcus	NA
93b489e06301f5b6b413aa6876eb1635	1.2543693413126589	0.002414395892355888	0.5221979890212965	0.004623525833335645	0.9963109732644949	0.9979603417267243	d__Bacteria	p__Bacillota	c__Clostridia	o__Oscillospirales	f__Ruminococcaceae	g__Ruminococcus	NA
f663dd604f793f22ce20452b09494608	1.6284703413824548	-2.0238232853600877	0.46952946339614116	-4.310322233500801	1.6301682900315668e-5	3.781281664051482e-4	d__Bacteria	p__Bacillota	c__Clostridia	o__Oscillospirales	f__UCG-010	g__Incertae_Sedis	NA
eb1964e12f75d8ddc59ed5560e421b91	1.167708582324343	0.0024143025524952697	0.5121700260584228	0.00471386928101855	0.9962388904080334	NA	d__Bacteria	p__Bacillota	c__Clostridia	o__Oscillospirales	f__UCG-010	g__Incertae_Sedis	NA
09bfa8d8f5a34bea0e9dd7dc07f1e7a3	1.0531791811445184	0.002414296152872495	0.508193209024343	0.004750744618385579	0.9962094684751255	NA	d__Bacteria	p__Bacillota	c__Clostridia	o__Oscillospirales	f__Ruminococcaceae	g__[Eubacterium]_siraeum_group	NA
df14354ec277348c54d0c9dd49eb4da0	8.091646206214133	-1.5683221177066706	0.8249969498331103	-1.9010035346481322	0.05730154964006834	0.1934833970441548	d__Bacteria	p__Bacillota	c__Clostridia	o__Oscillospirales	f__Ruminococcaceae	g__[Eubacterium]_siraeum_group	NA
c52e9039dbf456b84bf06deddbec791d	1.1396310562821548	0.002414294843717261	0.5107424730804602	0.004727029708643251	0.996228390023007	NA	d__Bacteria	p__Bacillota	c__Clostridia	o__Oscillospirales	f__Ruminococcaceae	g__[Eubacterium]_siraeum_group	NA
44fb9f7290289c1abf92d5eaf64f21c3	1.1832892844207243	0.0024143101927728014	0.5131799590704497	0.004704607321661529	0.9962462803004641	NA	d__Bacteria	p__Bacillota	c__Clostridia	o__Oscillospirales	f__Ruminococcaceae	g__[Eubacterium]_siraeum_group	NA
ea7823427b5854bc784da136aa27d777	1.239289458061733	0.0024145352988917718	0.5339354331594617	0.004522148463914854	0.9963918598566283	0.9979603417267243	d__Bacteria	p__Bacillota	c__Clostridia	o__Oscillospirales	f__Ruminococcaceae	g__Angelakisella	NA
6e7dcdec78c483cd8d6666e4eedccd4f	1.4982140458525868	0.0024150168321731536	0.5959236126801472	0.0040525610678719265	0.9967665329429103	0.9979603417267243	d__Bacteria	p__Bacillota	c__Clostridia	o__Oscillospirales	f__Ruminococcaceae	g__Angelakisella	NA
97a604f0b7677461325e10432ce78290	1.0531791811445184	0.002414296152872495	0.508193209024343	0.004750744618385579	0.9962094684751255	NA	d__Bacteria	p__Bacillota	c__Clostridia	o__Oscillospirales	f__Ruminococcaceae	g__Angelakisella	NA
d9eea834805833ac21a86fdabedd8556	46.38292946039552	-1.7029004454149352	0.9406334775487332	-1.8103761837742054	0.07023747003185496	0.2172271899246065	d__Bacteria	p__Bacillota	c__Clostridia	o__Oscillospirales	f__Ruminococcaceae	g__Ruminococcus	NA
3d675bc2e3ca7ae2dbd80044122f82b0	1.0531791811445184	0.002414296152872495	0.508193209024343	0.004750744618385579	0.9962094684751255	NA	d__Bacteria	p__Bacillota	c__Clostridia	o__Oscillospirales	f__Ruminococcaceae	g__Ruminococcus	NA
9a91e2e1c9d7c179afb558a3fd4664fd	3.2812844761435023	-3.20244677904184	0.6419966055065863	-4.988261233117978	6.092514916749076e-7	2.7086305900713605e-5	d__Bacteria	p__Bacillota	c__Clostridia	o__Oscillospirales	f__Ruminococcaceae	g__Ruminococcus	NA
7814c2b485cc601b885f117c70bbdf5d	2.735347187702526	-0.8055350666920295	0.6862980033994728	-1.1737394873683649	0.24049938859511416	0.48326336653669827	d__Bacteria	p__Bacillota	c__Clostridia	o__Oscillospirales	f__Ruminococcaceae	g__Ruminococcus	NA
45c80843dac191f771b11018ff90d94c	3.0768456441042904	2.3950371200842246	0.7342427841687922	3.261914412676937	0.0011066254950054223	0.01120111081783624	d__Bacteria	p__Bacillota	c__Clostridia	o__Oscillospirales	f__Ruminococcaceae	g__Ruminococcus	NA
41a4c7e6cc5a80ba83637525e13a12e6	1.0531791811445184	0.002414296152872495	0.508193209024343	0.004750744618385579	0.9962094684751255	NA	d__Bacteria	p__Bacillota	c__Clostridia	o__Oscillospirales	f__Ruminococcaceae	g__Ruminococcus	NA
ad03570a6623c3fe543fb52f514b234f	2.2162929202758415	0.002415400045697434	0.7082182235390692	0.0034105307734490784	0.9972787954271046	0.9979603417267243	d__Bacteria	p__Bacillota	c__Clostridia	o__Oscillospirales	f__Ruminococcaceae	g__Ruminococcus	NA
4d3f1d8f02b45e845e419a273f5b2386	1.2985586301413063	-1.2042946317578151	0.4363718043171887	-2.759790206065745	0.00578384909222024	0.036401345906361626	d__Bacteria	p__Bacillota	c__Clostridia	o__Oscillospirales	f__Ruminococcaceae	g__Ruminococcus	NA
d5278c84ceca328330b2b932c3e705bd	1.4276074467665727	0.0024150406194464007	0.5958929409585283	0.004052809579455108	0.9967663346609832	0.9979603417267243	d__Bacteria	p__Bacillota	c__Clostridia	o__Oscillospirales	f__Ruminococcaceae	NA	NA
cb7c9a82654d3ef267e1738cb0fe5569	2.159408437269704	-2.0783845269463037	0.6083810915724883	-3.416254311215169	6.348892528514835e-4	0.0077865153194544	d__Bacteria	p__Bacillota	c__Clostridia	o__Oscillospirales	f__Ruminococcaceae	g__Acutalibacter	NA
5050bcdda95dede0595dc33c6d1ba0fc	1.0531791811445184	0.002414296152872495	0.508193209024343	0.004750744618385579	0.9962094684751255	NA	d__Bacteria	p__Bacillota	c__Clostridia	o__Oscillospirales	f__Ruminococcaceae	g__Acutalibacter	NA
36cf028766d84a7ade67b0a052181df7	1.2550350901526184	0.7127921344734008	0.5026799998893727	1.4179838756868555	0.15619547240999943	0.38182958362897357	d__Bacteria	p__Bacillota	c__Clostridia	o__Oscillospirales	f__Ruminococcaceae	g__Acutalibacter	NA
149465e40c1bdbc6230588a58a4d6eb0	172.61035293974464	1.5329566221056619	0.8381530984590007	1.828969701268304	0.06740414731287661	0.21240962235251043	d__Bacteria	p__Bacillota	c__Clostridia	o__Oscillospirales	f__Ruminococcaceae	g__Acutalibacter	NA
aa0d22e3cae06a85b97c6181d08c648a	1.9935993135745822	0.002415424090363535	0.6974328924862975	0.0034633068161622317	0.9972366864861532	0.9979603417267243	d__Bacteria	p__Bacillota	c__Clostridia	o__Oscillospirales	f__Ruminococcaceae	g__Acutalibacter	NA
d11290f5a8d806b455f66a2c7ca1cad1	1.1543759281371229	-0.6191375455917404	0.45328963310579945	-1.3658762530031907	0.17197780741618007	NA	d__Bacteria	p__Bacillota	c__Clostridia	o__Oscillospirales	f__Ruminococcaceae	NA	NA
525d027b7e21f60ddd1537854b79419c	1.0531791811445184	0.002414296152872495	0.508193209024343	0.004750744618385579	0.9962094684751255	NA	d__Bacteria	p__Bacillota	c__Clostridia	o__Oscillospirales	f__Ruminococcaceae	NA	NA
aff3962bbd7607a2971161d9840ca409	1.8749294088811506	-1.1098764784605708	0.5171260015166392	-2.146239939986578	0.03185384057814903	0.12777461615370306	d__Bacteria	p__Bacillota	c__Clostridia	o__Oscillospirales	f__Ruminococcaceae	g__Acutalibacter	NA
756e9c33696716a5484135c832f18f12	1.6164257914071298	0.7911189007540589	0.5988474752122404	1.3210691094150053	0.1864783218771695	0.42697933356854045	d__Bacteria	p__Bacillota	c__Clostridia	o__Oscillospirales	f__Ruminococcaceae	g__Acutalibacter	NA
ad139328ba8ac39c2e5ccef543df2deb	30.77560324269426	-0.613503320488282	0.870323934912701	-0.7049137635745021	0.48086390428559284	0.8116506345112013	d__Bacteria	p__Bacillota	c__Clostridia	o__Oscillospirales	f__Ruminococcaceae	g__Acutalibacter	NA
c3ad47b312abd6a13153cc5416a8d35a	1.1830663935083063	0.0024143100529459153	0.5131686180172833	0.004704711021250723	0.9962461975610786	NA	d__Bacteria	p__Bacillota	c__Clostridia	o__Oscillospirales	f__Ruminococcaceae	g__Acutalibacter	NA
8b414a059be1b8812e888b7c4d47bb2f	1.4415679770542729	-0.8206772211615061	0.5178952763271942	-1.5846393251191218	0.11304830472690183	0.3112797096745557	d__Bacteria	p__Bacillota	c__Clostridia	o__Oscillospirales	f__Ruminococcaceae	g__Acutalibacter	NA
8d7e1465fbc2323c5155ea4c76dd520c	1.312257971335853	0.0024145434163334836	0.5369061130433722	0.004497142717647606	0.9964118113526289	0.9979603417267243	d__Bacteria	p__Bacillota	c__Clostridia	o__Oscillospirales	f__Ruminococcaceae	NA	NA
7f9c14ef4eb251a43b71add4c10a821f	1.759129216639344	0.6581945576978153	0.5111350052882631	1.287711760861723	0.1978463180660259	0.4366378702604793	d__Bacteria	p__Bacillota	c__Clostridia	o__Oscillospirales	f__Ruminococcaceae	g__DTU089	NA
e367dacc4cf58de7164775e5899d4ab2	7.818135373731653	-2.3526777869384863	0.7666508869264146	-3.068773319196986	0.0021493961392822854	0.018495207101727407	d__Bacteria	p__Bacillota	c__Clostridia	o__Oscillospirales	f__Ruminococcaceae	g__DTU089	NA
5be3209e582e95344bf276752e68b3b5	1.1395703323926312	0.35031455853083765	0.49048426357161595	0.7142218100534187	0.4750900325216569	NA	d__Bacteria	p__Bacillota	c__Clostridia	o__Oscillospirales	f__Ruminococcaceae	g__DTU089	NA
28085233f3e0a490f80b7ccad8d67936	1.1826699655475916	0.0024143098045743988	0.5131484740648459	0.004704895223500764	0.9962460505905738	NA	d__Bacteria	p__Bacillota	c__Clostridia	o__Oscillospirales	f__Ruminococcaceae	g__DTU089	NA
6d6ab7315b399f8c54b50467972c07aa	1.1399192499953223	-0.5451227854733867	0.45856569710945155	-1.1887561344198745	0.23453564409487174	NA	d__Bacteria	p__Bacillota	c__Clostridia	o__Oscillospirales	f__Ruminococcaceae	g__Acutalibacter	NA
d153a93d6748038f00edb714615c0737	1.426461791516164	0.8991066833296393	0.5402161477333869	1.664346182730872	0.09604326823578528	0.2719209325070236	d__Bacteria	p__Bacillota	c__Clostridia	o__Oscillospirales	f__Ruminococcaceae	g__Acutalibacter	NA
ee72ee97db064e5d745356f479b9e576	4.206455140006171	1.1596343317462534	0.681617325171663	1.701298204904348	0.08888700489774479	0.2567126427989921	d__Bacteria	p__Bacillota	c__Clostridia	o__Oscillospirales	f__Ruminococcaceae	NA	NA
8135beec331a8d558070c38b580e4b8e	112.41829147860066	0.5491400893803041	1.1091345628132885	0.4951068227352196	0.62052471800472	0.9867360269911121	d__Bacteria	p__Bacillota	c__Clostridia	o__Oscillospirales	f__Ruminococcaceae	NA	NA
9df65efefe9b34d0194b9c1b5211240e	1.2409058363753223	0.002414535220076347	0.5339354331512711	0.004522148316371947	0.9963918599743493	0.9979603417267243	d__Bacteria	p__Bacillota	c__Clostridia	o__Oscillospirales	f__Ruminococcaceae	NA	NA
d91307995a09d4534d9db5c59ac392df	1.1687692434511097	0.002414303137369465	0.5122171224713923	0.004713437000545224	0.9962392353141173	NA	d__Bacteria	p__Bacillota	c__Clostridia	o__Oscillospirales	f__Ruminococcaceae	NA	NA
22f2e2ecaec907a93025a13d5775627a	1.1968864384074758	0.0024143191119962394	0.5142906773373617	0.004694464081083288	0.9962543733461474	0.9979603417267243	d__Bacteria	p__Bacillota	c__Clostridia	o__Oscillospirales	f__Ruminococcaceae	g__CAG-352	NA
49a2ea7eebe52a4aed8f3126b7f72570	1.2536056332092114	0.002414394949992208	0.5221166091723628	0.004624244675570472	0.9963103997175055	0.9979603417267243	d__Bacteria	p__Bacillota	c__Clostridia	o__Oscillospirales	f__Ruminococcaceae	NA	NA
6acfe69f470ceebec0cce442b1190fa9	1.2839460209586493	0.0024144641174786083	0.5288973127984649	0.004565090536579516	0.99635759739351	0.9979603417267243	d__Bacteria	p__Bacillota	c__Clostridia	o__Oscillospirales	f__Ruminococcaceae	g__CAG-352	NA
c5ed5baac8c4ff452a1e65a58e880bfa	1.6281071579157698	-1.3392436246064807	0.543620574361155	-2.463563168447618	0.013756365302090588	0.07022986496330459	d__Bacteria	p__Bacillota	c__Clostridia	o__Oscillospirales	f__Ruminococcaceae	g__Acutalibacter	NA
79bff3f007caa131bbddfff793705030	1.2108624911126895	0.5871715424243668	0.4840367402398703	1.2130722600383326	0.2251021946726782	0.4618923879148993	d__Bacteria	p__Bacillota	c__Clostridia	o__Oscillospirales	f__Ruminococcaceae	NA	NA
596db8ce20ae5cbfdc338a62f1bed1d9	23.23328662229067	-1.9743684176066876	0.9031250975096716	-2.186151645049975	0.028804512625251837	0.1219619641712052	d__Bacteria	p__Bacillota	c__Clostridia	o__Oscillospirales	f__Ruminococcaceae	g__Acutalibacter	NA
c3879fe68eb4e540708a773da0cb2e89	1.1831055059566264	0.0024143100774731145	0.5131706073329646	0.004704692831143812	0.9962462120745235	NA	d__Bacteria	p__Bacillota	c__Clostridia	o__Oscillospirales	f__Ruminococcaceae	g__Acutalibacter	NA
0684128cfd2dfbb736f87e8b724d3fc0	1.1966989339274532	0.5428465182618081	0.48461934559320913	1.1201503266389927	0.26264970754073674	0.5013367405115677	d__Bacteria	p__Bacillota	c__Clostridia	o__Oscillospirales	f__Ruminococcaceae	g__Incertae_Sedis	NA
8df31d859e0a5446b30ca0cd81ce907f	1.312444872620538	-1.2512544939564703	0.43796305979225614	-2.856986373576784	0.004276841983173417	0.029252502538756636	d__Bacteria	p__Bacillota	c__Clostridia	o__Oscillospirales	f__Ruminococcaceae	NA	NA
db74729dd7ab527fba7a5a66a59f207a	1.2693088689886092	-1.1044864295061463	0.4344296930237114	-2.5423824550728	0.011009962685908621	0.058528200178627976	d__Bacteria	p__Bacillota	c__Clostridia	o__Oscillospirales	f__Ruminococcaceae	g__Caproiciproducens	NA
0266b37dda69c8fd306c9e0ee679e583	1.4120817311967824	-0.6599417015454843	0.455579507462684	-1.4485763532714195	0.14745592886750372	0.3711613793266642	d__Bacteria	p__Bacillota	c__Clostridia	o__Oscillospirales	f__Ruminococcaceae	NA	NA
f47be61fae5b53aa6a1a37e7ebf1675e	1.2112571641337717	0.0024143317724996	0.5157068015478247	0.004681597693211157	0.9962646391255744	0.9979603417267243	d__Bacteria	p__Bacillota	c__Clostridia	o__Oscillospirales	f__Ruminococcaceae	g__Incertae_Sedis	NA
2d88bef5acdb787ea01151589d421283	1.3693351471230242	0.002414944419373291	0.5812266032447382	0.004154910332547917	0.9966848707324765	0.9979603417267243	d__Bacteria	p__Bacillota	c__Clostridia	o__Oscillospirales	f__Ruminococcaceae	NA	NA
06efa8e923453e1a7c2c1c40d7cdc42a	1.1970578304812667	-0.8206459369804958	0.4412740345396095	-1.859719522896227	0.0629252184349699	0.2010762225163025	d__Bacteria	p__Bacillota	c__Clostridia	o__Oscillospirales	f__Ethanoligenenaceae	g__Acetanaerobacterium	NA
1343255900d1b3ffeae9b0bb79cb2ace	1.1392510513400353	-0.5450032050135168	0.45854902662570746	-1.1885385713802374	0.23462129296469034	NA	d__Bacteria	p__Bacillota	c__Clostridia	o__Oscillospirales	f__Ethanoligenenaceae	g__Acetanaerobacterium	NA
ff376ce6067337dd934fdebe0a3cf2eb	1.3996319973331084	0.002414682096435502	0.5531251533447412	0.00436552574373801	0.9965168254729034	0.9979603417267243	d__Bacteria	p__Bacillota	c__Clostridia	o__Oscillospirales	f__Ethanoligenenaceae	g__Acetanaerobacterium	NA
1a9e209eaacb9ca8ab8920e8ff62e839	1.1536430080925728	0.40089558194925173	0.4885434518617914	0.8205935018092615	0.4118778503192081	NA	d__Bacteria	p__Bacillota	c__Clostridia	o__Oscillospirales	f__Ethanoligenenaceae	g__Acetanaerobacterium	NA
4ac43ecbe6347d46a2ab5a31ffd64c25	1.789548778162883	0.6307250360828924	0.5909184636754008	1.0673639001900572	0.2858075432372119	0.53407469112803	d__Bacteria	p__Bacillota	c__Clostridia	o__Oscillospirales	f__Ruminococcaceae	NA	NA
f94b14e11dfe405e48976839ca380380	2.3035613922735965	-0.33313203148427856	0.5405128426118074	-0.6163258395018963	0.5376794881486522	0.8908447420102669	d__Bacteria	p__Bacillota	c__Clostridia	o__Oscillospirales	f__Ruminococcaceae	g__Candidatus_Soleaferrea	NA
0a77223390bdcb60a93ae6d93fdbbef5	1.2402214252822912	0.0024145352533072066	0.5339354331547244	0.004522148378580299	0.9963918599247147	0.9979603417267243	d__Bacteria	p__Bacillota	c__Clostridia	o__Oscillospirales	f__Ruminococcaceae	g__Candidatus_Soleaferrea	NA
9cbf794b9c89435874fce22eba240120	1.5551726711461502	0.002415089841145702	0.6085861682520135	0.003968361371212797	0.9968337140406132	0.9979603417267243	d__Bacteria	p__Bacillota	c__Clostridia	o__Oscillospirales	f__[Eubacterium]_coprostanoligenes_group	g__Incertae_Sedis	NA
b42c103a8a466983c20bd46171c9f925	1.3115147361538007	0.8638247031054905	0.5193591798841899	1.6632510535350733	0.09626219197298098	0.2719209325070236	d__Bacteria	p__Bacillota	c__Clostridia	o__Oscillospirales	f__Ruminococcaceae	g__Candidatus_Soleaferrea	NA
034061db75629f2f71b16186302a7e44	1.3255412619986322	0.8990746321416909	0.5231286682872234	1.718649132889912	0.08567827945981048	0.24842044615113526	d__Bacteria	p__Bacillota	c__Clostridia	o__Oscillospirales	f__Ruminococcaceae	g__Anaerotruncus	NA
60a73a2ed26650bb42cc578d666c1bf0	1.0531791811445184	0.002414296152872495	0.508193209024343	0.004750744618385579	0.9962094684751255	NA	d__Bacteria	p__Bacillota	c__Clostridia	o__Oscillospirales	f__Ruminococcaceae	g__[Clostridium]_methylpentosum_group	NA
12acef5e0eba782d45fe9f038a99bf7b	1.1966989339274532	0.5428465182618081	0.48461934559320913	1.1201503266389927	0.26264970754073674	0.5013367405115677	d__Bacteria	p__Bacillota	c__Clostridia	o__Oscillospirales	f__Ruminococcaceae	g__Candidatus_Soleaferrea	NA
76ec16cef4c7230bd9bcad23c56fba9f	1.341200923930714	0.002414881940632206	0.5727112016672975	0.004216578850914587	0.9966356668048315	0.9979603417267243	d__Bacteria	p__Bacillota	c__Clostridia	o__Oscillospirales	f__Ruminococcaceae	NA	NA
a9c65f22ab35a2635324961ee4e44023	2.4449297140601343	-0.02086280053244671	0.6748839541613529	-0.030913167224981584	0.9753387890153485	0.9979603417267243	d__Bacteria	p__Bacillota	c__Clostridia	o__Oscillospirales	f__Ruminococcaceae	g__Negativibacillus	NA
504efe2f63f610a0f92e8cd040e2f916	3.9233366239654783	-0.06475037652932653	0.8117155728071112	-0.07976978476020101	0.9364203559888686	0.9979603417267243	d__Bacteria	p__Bacillota	c__Clostridia	o__Oscillospirales	f__Ruminococcaceae	g__Negativibacillus	NA
c6c26f8994aec46b428288c75e4a7883	1.2406168109377542	0.6721749844257445	0.4978473530148555	1.3501628166850717	0.1769637624509384	0.4100365221935781	d__Bacteria	p__Bacillota	c__Clostridia	o__Oscillospirales	f__Ruminococcaceae	g__Negativibacillus	NA
9477f7ab72d5823d887edda3cb867545	2.034114754893744	0.6715007566314412	0.6569954646912645	1.0220782223314022	0.3067438795380266	0.568221735185893	d__Bacteria	p__Bacillota	c__Clostridia	o__Oscillospirales	f__Ruminococcaceae	g__Negativibacillus	NA
2489471b3729e885a2c1ddaa10774d8e	23.25130099359907	-0.5268111295781138	0.9300515843387486	-0.5664321618812874	0.5711000365402481	0.9303263190663279	d__Bacteria	p__Bacillota	c__Clostridia	o__Oscillospirales	f__Ruminococcaceae	g__Negativibacillus	NA
5c1532e4bbf41707f13a26609ad68f6a	1.0531791811445184	0.002414296152872495	0.508193209024343	0.004750744618385579	0.9962094684751255	NA	d__Bacteria	p__Bacillota	c__Clostridia	o__Oscillospirales	f__Ruminococcaceae	g__Negativibacillus	NA
fe1d758f268d0c3fe3c677aed90ffd1e	1.3413520982699727	-1.3415088091191083	0.4422066776420619	-3.0336692703789834	0.0024159913174878734	0.019409925687508142	d__Bacteria	p__Bacillota	c__Clostridia	o__Oscillospirales	f__Ruminococcaceae	g__Paludicola	NA
dc8b29549096e6017f7319d3f86e32cc	1.4699302272070942	0.002415107830462535	0.6070806832040783	0.003978232049347985	0.9968258384410912	0.9979603417267243	d__Bacteria	p__Bacillota	c__Clostridia	o__Oscillospirales	f__Ruminococcaceae	g__Paludicola	NA
57a2b7f3845e9dc1a8bf96b2539bde57	1.3255412619986322	0.8990746321416909	0.5231286682872234	1.718649132889912	0.08567827945981048	0.24842044615113526	d__Bacteria	p__Bacillota	c__Clostridia	o__Oscillospirales	f__Ruminococcaceae	g__Paludicola	NA
519641cb7dd8366ae2f6c6e2cd03f5a6	1.0531791811445184	0.002414296152872495	0.508193209024343	0.004750744618385579	0.9962094684751255	NA	d__Bacteria	p__Bacillota	c__Clostridia	o__Oscillospirales	f__Ruminococcaceae	g__Hydrogenoanaerobacterium	NA
edd418053a744b62aa296a5a85039b3a	1.182812026882528	0.4971382647037048	0.48561498139343284	1.0237292582638344	0.3059631718275934	NA	d__Bacteria	p__Bacillota	c__Clostridia	o__Oscillospirales	f__Ruminococcaceae	g__Hydrogenoanaerobacterium	NA
c064bcc15c3e7e32c36069f6da6f5d7a	1.3123526348888561	0.8644371001734772	0.5194554950058177	1.6641215820881747	0.09608813491226305	0.2719209325070236	d__Bacteria	p__Bacillota	c__Clostridia	o__Oscillospirales	f__Ruminococcaceae	g__Hydrogenoanaerobacterium	NA
ef1243f7818d1e35c1e968e8539173cf	2.206210154047795	-0.940790257353659	0.6364953237787956	-1.4780788203883435	0.1393866823135379	0.360358642113709	d__Bacteria	p__Bacillota	c__Clostridia	o__Oscillospirales	f__Ruminococcaceae	g__Anaerotruncus	NA
7c3d7711fd15460714ece118b35c0576	5.911834839212873	-0.39357624532676283	0.7588802258436417	-0.5186276199109378	0.6040204445534407	0.9657391812135458	d__Bacteria	p__Bacillota	c__Clostridia	o__Oscillospirales	f__Ruminococcaceae	g__Anaerotruncus	NA
b204a17b1a7f29074d81303d5ca68464	2.3948042799835387	0.8274233759987297	0.5661256380606329	1.4615543271158327	0.14386337793483808	0.3672302015705078	d__Bacteria	p__Bacillota	c__Clostridia	o__Oscillospirales	f__Ruminococcaceae	g__Phocea	NA
d5d82ae2c80b564a14faa14bd6f52c6d	1.2116193259354193	0.002414332072474547	0.5157315774910671	0.0046813733691076255	0.9962648181083519	0.9979603417267243	d__Bacteria	p__Bacillota	c__Clostridia	o__Oscillospirales	f__Ruminococcaceae	g__Phocea	NA
55beed6d1a19ce34788b66488ffe3917	1.9022870779925551	0.968140919876072	0.6535570182255044	1.481341172809536	0.138515682159616	0.35960153981584003	d__Bacteria	p__Bacillota	c__Clostridia	o__Oscillospirales	f__Ruminococcaceae	g__Incertae_Sedis	NA
f51b08aede2218e99b6d9967bf1ed6bb	1.2110509092057467	0.5872067980288107	0.48404889158773357	1.2131146424128931	0.22508599253209668	0.4618923879148993	d__Bacteria	p__Bacillota	c__Clostridia	o__Oscillospirales	f__Ruminococcaceae	NA	NA
3be0720e638655202a9850a2fa4f4409	1.182024757471821	0.0024143094012123965	0.5131157623206789	0.004705194380100801	0.9962458119007834	NA	d__Bacteria	p__Bacillota	c__Clostridia	o__Oscillospirales	f__Ruminococcaceae	g__Harryflintia	NA
cd1d1806410700bcff8e512cb325a25c	1.0531791811445184	0.002414296152872495	0.508193209024343	0.004750744618385579	0.9962094684751255	NA	d__Bacteria	p__Bacillota	c__Clostridia	o__Oscillospirales	f__Incertae_Sedis	g__Incertae_Sedis	NA
6842fc2d1bb1ae8775684934ffe0f810	1.16866924764417	0.002414303082122018	0.5122126735817414	0.004713477831853631	0.9962392027358086	NA	d__Bacteria	p__Bacillota	c__Clostridia	o__Oscillospirales	f__Ruminococcaceae	g__[Clostridium]_methylpentosum_group	NA
ecdb9d1fd7f883ccc8873ec7f9119f77	1.2974815184915458	0.002414501850182619	0.532676326301077	0.004532774840866318	0.996383381321418	0.9979603417267243	d__Bacteria	p__Bacillota	c__Clostridia	o__Oscillospirales	f__Ruminococcaceae	NA	NA
b0938aed5be8f42ed0791fe5c571fc34	1.355602011070024	0.0024149494847369177	0.5812266037283149	0.004154919044045939	0.9966848637817668	0.9979603417267243	d__Bacteria	p__Bacillota	c__Clostridia	o__Oscillospirales	f__Ruminococcaceae	NA	NA
de641e423b4a00fd0c6ae6fa5d27e866	1.3556399077440653	0.002414687250163766	0.552240583998109	0.004372527699217474	0.9965112387740518	0.9979603417267243	d__Bacteria	p__Bacillota	c__Clostridia	o__Oscillospirales	f__Ruminococcaceae	g__Paludicola	NA
3a3b61faf9a3f7bce28f17bfe73ee637	1.038742922832062	0.002414298640146235	0.5079090195957152	0.004753407691141152	0.9962073436744809	NA	d__Bacteria	p__Bacillota	c__Clostridia	o__Oscillospirales	f__Ruminococcaceae	g__Incertae_Sedis	NA
d6aca1ce3a8896b5a4ac550a4108ddd9	2.7093105173671828	1.0318865660661456	0.7014738605345033	1.4710263975907485	0.14128397809532037	0.3632530231992936	d__Bacteria	p__Bacillota	c__Clostridia	o__Oscillospirales	f__Ruminococcaceae	g__Incertae_Sedis	NA
7010fa8b36b09d14da1362ae66ab0856	1.2402214252822914	-0.9974687315693975	0.43505809587082717	-2.2927253648109454	0.0218638212781437	0.097204032051410455	d__Bacteria	p__Bacillota	c__Clostridia	o__Oscillospirales	f__Ruminococcaceae	NA	NA
dc635fb545065d72aa1f3969ed1ce9c9	1.1686518630253597	-0.6895043950367742	0.44866366613132974	-1.5367957048586751	0.12434334557825881	NA	d__Bacteria	p__Bacillota	c__Clostridia	o__Oscillospirales	f__Ruminococcaceae	g__Incertae_Sedis	NA
d56fd4c21346f6d694c7e638f6bdcb70	2.404284044433574	-0.754545022127462	0.595474690253816	-1.2671319780288959	0.2051081030060512	0.4457237187524575	d__Bacteria	p__Bacillota	c__Clostridia	o__Oscillospirales	f__Ruminococcaceae	g__Incertae_Sedis	NA
a8bab35fbc3fab1ef2a8c34cc63f6e20	1.7874443203272763	0.0024151752760964537	0.6328939272398867	0.0038160822408729264	0.9969552142871957	0.9979603417267243	d__Bacteria	p__Bacillota	c__Clostridia	o__Oscillospirales	f__Ruminococcaceae	g__Incertae_Sedis	NA
6a8750db6564385810f7a61b78b11cab	1.1827659080166872	0.49713151379913656	0.4856128191034833	1.023719914801505	0.30596758626110315	NA	d__Bacteria	p__Bacillota	c__Clostridia	o__Oscillospirales	f__Ruminococcaceae	g__Faecalibacterium	NA
c646376e2fdc054668e507b4ea460c84	1.1974983059931716	0.0024143195510409185	0.5143265825457868	0.004694137213539782	0.9962546341458403	0.9979603417267243	d__Bacteria	p__Bacillota	c__Clostridia	o__Oscillospirales	f__Ruminococcaceae	g__Faecalibacterium	NA
5cbbf20522c735d0eae7a8e5ad7481c6	1.168282100613917	0.0024143028684353047	0.5121954663836127	0.004713635763864989	0.9962390767256949	NA	d__Bacteria	p__Bacillota	c__Clostridia	o__Oscillospirales	f__Ruminococcaceae	g__Faecalibacterium	NA
e8943632190a323238c1856db7740504	1.1684083773560827	0.0024143029380971678	0.5122010758852152	0.004713584277277495	0.9962391178055918	NA	d__Bacteria	p__Bacillota	c__Clostridia	o__Oscillospirales	f__Ruminococcaceae	g__Faecalibacterium	NA
a383bbf0dc0a9f5c17cf3303b55af028	2.366680937539086	-2.9993645831892715	0.5666704721216171	-5.292960778350838	1.2035173982591506e-7	7.553841552603022e-6	d__Bacteria	p__Bacillota	c__Clostridia	o__Oscillospirales	f__Ruminococcaceae	g__Faecalibacterium	NA
f5f5e0da89730462abaf6301a9557193	1483.368444428102	-0.07326929656242218	0.9177567600432749	-0.07983520225878513	0.9363683263146787	0.9979603417267243	d__Bacteria	p__Bacillota	c__Clostridia	o__Oscillospirales	f__Ruminococcaceae	g__Faecalibacterium	NA
18a9e0a4cf1b97c0168ef4742ed1cca6	1.2562031750408782	0.7133856644333081	0.5029383123124768	1.4184357146171833	0.15606359471870812	0.38182958362897357	d__Bacteria	p__Bacillota	c__Clostridia	o__Oscillospirales	f__Ruminococcaceae	g__Faecalibacterium	NA
78d4f442773fc72402c01693d81a45e6	1.0531791811445184	0.002414296152872495	0.508193209024343	0.004750744618385579	0.9962094684751255	NA	d__Bacteria	p__Bacillota	c__Clostridia	o__Oscillospirales	f__Ruminococcaceae	g__Faecalibacterium	NA
3005b313290526b615bfe9befcc0133e	1.0531791811445184	0.002414296152872495	0.508193209024343	0.004750744618385579	0.9962094684751255	NA	d__Bacteria	p__Bacillota	c__Clostridia	o__Oscillospirales	f__Ruminococcaceae	g__Faecalibacterium	NA
6b501a5fb3c6d6832444d498d5d04dad	1.0531791811445184	0.002414296152872495	0.508193209024343	0.004750744618385579	0.9962094684751255	NA	d__Bacteria	p__Bacillota	c__Clostridia	o__Oscillospirales	f__Ruminococcaceae	g__Faecalibacterium	NA
49f22c49ecc8f7c7906b86b1076b9e7f	1.0531791811445184	0.002414296152872495	0.508193209024343	0.004750744618385579	0.9962094684751255	NA	d__Bacteria	p__Bacillota	c__Clostridia	o__Oscillospirales	f__Ruminococcaceae	g__Faecalibacterium	NA
29aae8b625298e07e7aee01534951d17	2.129978838804895	-2.7691493587849734	0.5530149015091902	-5.007368429364023	5.517924479047964e-7	2.5598371387583384e-5	d__Bacteria	p__Bacillota	c__Clostridia	o__Oscillospirales	f__Ruminococcaceae	g__Faecalibacterium	NA
3b4cfb5c1817cb306fe3ab275bb4b008	1.0531791811445184	0.002414296152872495	0.508193209024343	0.004750744618385579	0.9962094684751255	NA	d__Bacteria	p__Bacillota	c__Clostridia	o__Oscillospirales	f__Ruminococcaceae	g__Faecalibacterium	NA
22ca7d870ab8e58df51a2ec1fb54c8d2	1.0387264241175567	-0.06470093108887284	0.5123243617984352	-0.126288999534885	0.8995031636407089	NA	d__Bacteria	p__Bacillota	c__Clostridia	o__Oscillospirales	f__Ruminococcaceae	g__Faecalibacterium	NA
c3726591d58a1266fa84775969018cd7	2.07973985330635	2.083556877835774	0.6263194014590198	3.326668266993006	8.789093720718203e-4	0.009871540000006654	d__Bacteria	p__Bacillota	c__Clostridia	o__Oscillospirales	f__Ruminococcaceae	g__Faecalibacterium	NA
f794d24c79f7cc5ff6a50778953c671c	1.0242837059928704	-0.06470052479745339	0.5120594339215021	-0.12635354513822292	0.8994520729594504	NA	d__Bacteria	p__Bacillota	c__Clostridia	o__Oscillospirales	f__Ruminococcaceae	g__Faecalibacterium	NA
b205bfbb7b12662505532cfa0b3d5258	1.0531791811445184	0.002414296152872495	0.508193209024343	0.004750744618385579	0.9962094684751255	NA	d__Bacteria	p__Bacillota	c__Clostridia	o__Oscillospirales	f__Ruminococcaceae	g__Faecalibacterium	NA
c7f4c7d7e11af5c1d2a576b085288a41	1.0531791811445184	0.002414296152872495	0.508193209024343	0.004750744618385579	0.9962094684751255	NA	d__Bacteria	p__Bacillota	c__Clostridia	o__Oscillospirales	f__Ruminococcaceae	g__Faecalibacterium	NA
59777186ad2e0947e97615b5d6225136	684.3210914008337	-0.16868372406241902	1.044846543865481	-0.16144353929560037	0.8717440770066682	0.9979603417267243	d__Bacteria	p__Bacillota	c__Clostridia	o__Oscillospirales	f__Ruminococcaceae	g__Faecalibacterium	NA
69fa8c8a51c800c951e9d463f8c80059	1.0531791811445184	0.002414296152872495	0.508193209024343	0.004750744618385579	0.9962094684751255	NA	d__Bacteria	p__Bacillota	c__Clostridia	o__Oscillospirales	f__Ruminococcaceae	g__Faecalibacterium	NA
9d550bab71b8b21528e0f0a59d4903c9	1.0531791811445184	0.002414296152872495	0.508193209024343	0.004750744618385579	0.9962094684751255	NA	d__Bacteria	p__Bacillota	c__Clostridia	o__Oscillospirales	f__Ruminococcaceae	g__Faecalibacterium	NA
3a657bf3d3e1de20be04c65f10805494	1.0531791811445184	0.002414296152872495	0.508193209024343	0.004750744618385579	0.9962094684751255	NA	d__Bacteria	p__Bacillota	c__Clostridia	o__Oscillospirales	f__Ruminococcaceae	g__Faecalibacterium	NA
d9b1b7e177fd2cde69dc86ec0c0ec098	1.0531791811445184	0.002414296152872495	0.508193209024343	0.004750744618385579	0.9962094684751255	NA	d__Bacteria	p__Bacillota	c__Clostridia	o__Oscillospirales	f__Ruminococcaceae	g__Faecalibacterium	NA
12792e17be6f75e36fd57c86fd77d836	1.0387304233561943	0.0024142986368403084	0.5079087647476208	0.004753410069700156	0.9962073417766869	NA	d__Bacteria	p__Bacillota	c__Clostridia	o__Oscillospirales	f__Ruminococcaceae	g__Faecalibacterium	NA
3c77299a572864be87ed7657838a3434	1.0531791811445184	0.002414296152872495	0.508193209024343	0.004750744618385579	0.9962094684751255	NA	d__Bacteria	p__Bacillota	c__Clostridia	o__Oscillospirales	f__Ruminococcaceae	g__Faecalibacterium	NA
8e175abe6a746b8f33bae9cd7c8192bb	664.9160993953748	-1.7678641063461527	0.983975865413862	-1.7966539307369962	0.07239057692289988	0.22259580857848466	d__Bacteria	p__Bacillota	c__Clostridia	o__Oscillospirales	f__Ruminococcaceae	g__Faecalibacterium	NA
dd46e2d5cd81a8add2304556257a92f7	2.5938213784025246	2.5516224695335636	0.6674957438916692	3.8226797592100863	1.3200917696919065e-4	0.0022916002920381094	d__Bacteria	p__Bacillota	c__Clostridia	o__Oscillospirales	f__Ruminococcaceae	g__Faecalibacterium	NA
a6162510c606a443e3cce1e7d6f598b6	1.0531791811445184	0.002414296152872495	0.508193209024343	0.004750744618385579	0.9962094684751255	NA	d__Bacteria	p__Bacillota	c__Clostridia	o__Oscillospirales	f__Ruminococcaceae	g__Faecalibacterium	NA
927402c8e9f62efcd0170b7c487e24a9	1.0531791811445184	0.002414296152872495	0.508193209024343	0.004750744618385579	0.9962094684751255	NA	d__Bacteria	p__Bacillota	c__Clostridia	o__Oscillospirales	f__Ruminococcaceae	g__Faecalibacterium	NA
96f95f5116bde81398404e036b47f03e	1.0531791811445184	0.002414296152872495	0.508193209024343	0.004750744618385579	0.9962094684751255	NA	d__Bacteria	p__Bacillota	c__Clostridia	o__Oscillospirales	f__Ruminococcaceae	g__Faecalibacterium	NA
623ed2fd811bd95c8519e7926bf65072	1.0531791811445184	0.002414296152872495	0.508193209024343	0.004750744618385579	0.9962094684751255	NA	d__Bacteria	p__Bacillota	c__Clostridia	o__Oscillospirales	f__Ruminococcaceae	g__Faecalibacterium	NA
86ff0efd7fd88b82809500c90c4a7832	115.9196305630743	-0.1883407560603106	1.074737704092264	-0.17524346204954758	0.8608883349171408	0.9979603417267243	d__Bacteria	p__Bacillota	c__Clostridia	o__Oscillospirales	f__Ruminococcaceae	g__Faecalibacterium	NA
cdf0ab59552ae9876bfb33a445df485f	1.0531791811445184	0.002414296152872495	0.508193209024343	0.004750744618385579	0.9962094684751255	NA	d__Bacteria	p__Bacillota	c__Clostridia	o__Oscillospirales	f__Ruminococcaceae	g__Faecalibacterium	NA
d6d857679e85f77b060f4b6651217212	1.0387386692036873	0.002414298639021221	0.5079089328663855	0.004753408500606831	0.9962073430286281	NA	d__Bacteria	p__Bacillota	c__Clostridia	o__Oscillospirales	f__Ruminococcaceae	NA	NA
c48070f3061b086b60ff32f77e0002fa	242.95160857420612	-0.9535160018008528	0.9481889896601584	-1.0056180911176829	0.31459931797581153	0.5797538381350448	d__Bacteria	p__Bacillota	c__Clostridia	o__Oscillospirales	f__Ruminococcaceae	g__Gemmiger	NA
d2225401f14ec41f51e04588454969b7	1.0531791811445184	0.002414296152872495	0.508193209024343	0.004750744618385579	0.9962094684751255	NA	d__Bacteria	p__Bacillota	c__Clostridia	o__Oscillospirales	f__Ruminococcaceae	NA	NA
b892a377de283ef34540e60931454d35	1.3413520982699727	-1.3415088091191083	0.4422066776420619	-3.0336692703789834	0.0024159913174878734	0.019409925687508142	d__Bacteria	p__Bacillota	c__Clostridia	o__Oscillospirales	f__Ruminococcaceae	g__Gemmiger	NA
2117b7ad8596640d6b70046a1b9806fe	1.0531791811445184	0.002414296152872495	0.508193209024343	0.004750744618385579	0.9962094684751255	NA	d__Bacteria	p__Bacillota	c__Clostridia	o__Oscillospirales	f__Ruminococcaceae	g__Gemmiger	NA
b726627e18f29e0da5289f81ca294f92	13.235490072611372	-1.374956261077383	0.8794656223751942	-1.5633996669068257	0.11795861846212764	0.32133578974680216	d__Bacteria	p__Bacillota	c__Clostridia	o__Oscillospirales	f__Ruminococcaceae	g__Gemmiger	NA
7c44d9beb734b1b9609dee8705b886aa	1.0531791811445184	0.002414296152872495	0.508193209024343	0.004750744618385579	0.9962094684751255	NA	d__Bacteria	p__Bacillota	c__Clostridia	o__Oscillospirales	f__Ruminococcaceae	g__Gemmiger	NA
c08c41c826072dc8bb892e9305ac1a7b	1.0531791811445184	0.002414296152872495	0.508193209024343	0.004750744618385579	0.9962094684751255	NA	d__Bacteria	p__Bacillota	c__Clostridia	o__Oscillospirales	f__Ruminococcaceae	g__Gemmiger	NA
54239c6454a6a3d3a48e90a79744afb7	1.6568512337204442	-0.4170568885895698	0.49868639598230835	-0.8363109400007886	0.40298000021419217	0.7144058841036411	d__Bacteria	p__Bacillota	c__Clostridia	o__Oscillospirales	f__Ruminococcaceae	g__Gemmiger	NA
e0fc7e9a421580cbfcfa30cfa0917791	1.0387111791071328	-0.06470180310896166	0.5123241122837631	-0.1262907631275512	0.8995017676740841	NA	d__Bacteria	p__Bacillota	c__Clostridia	o__Oscillospirales	f__Ruminococcaceae	NA	NA
9639a3291729a3758207b47715d9205f	298.804393949248	-1.1487920197538632	0.9455753355614138	-1.2149132666111624	0.2243991733298183	0.4618923879148993	d__Bacteria	p__Bacillota	c__Clostridia	o__Oscillospirales	f__Ruminococcaceae	g__Gemmiger	NA
75250c9f20196e6590a231523f1b63be	1.0531791811445184	0.002414296152872495	0.508193209024343	0.004750744618385579	0.9962094684751255	NA	d__Bacteria	p__Bacillota	c__Clostridia	o__Oscillospirales	f__Ruminococcaceae	NA	NA
95bf2227469960757c08b536edf1db8d	1.0531791811445184	0.002414296152872495	0.508193209024343	0.004750744618385579	0.9962094684751255	NA	d__Bacteria	p__Bacillota	c__Clostridia	o__Oscillospirales	f__Ruminococcaceae	NA	NA
8969bc2e58173c5b645d59c167584d71	1.0531791811445184	0.002414296152872495	0.508193209024343	0.004750744618385579	0.9962094684751255	NA	d__Bacteria	p__Bacillota	c__Clostridia	o__Oscillospirales	f__Ruminococcaceae	NA	NA
f5995594664cfbee76fa31c02d71bea5	1.0531791811445184	0.002414296152872495	0.508193209024343	0.004750744618385579	0.9962094684751255	NA	d__Bacteria	p__Bacillota	c__Clostridia	o__Oscillospirales	f__Ruminococcaceae	g__Gemmiger	NA
ba1163413c312007563596b45c43e474	1.0387324637811943	-0.06470058506865593	0.5123244606249034	-0.12628829978123227	0.8995037175287555	NA	d__Bacteria	p__Bacillota	c__Clostridia	o__Oscillospirales	f__Ruminococcaceae	g__Gemmiger	NA
ea00763b3eff28e6e109d14cb2cff8d5	1.484701578896815	0.0024150034870676212	0.5935581271062869	0.004068689108581902	0.9967536647343223	0.9979603417267243	d__Bacteria	p__Bacillota	c__Clostridia	o__Oscillospirales	f__Ruminococcaceae	g__Anaerofilum	NA
8a2eb905be3e14870030cc54aa710e04	1.1826699655475919	0.002414309804574075	0.5131484740648462	0.004704895223500129	0.9962460505905744	NA	d__Bacteria	p__Bacillota	c__Clostridia	o__Oscillospirales	f__Ruminococcaceae	g__Incertae_Sedis	NA
f9a235cb9fc7d750401a46923262099c	1.2251973374734324	0.6301897838813927	0.4839080238827231	1.3022924869584753	0.1928164189860869	0.42950964312767165	d__Bacteria	p__Bacillota	c__Clostridia	o__Oscillospirales	f__Ruminococcaceae	NA	NA
698c0199aff19d7bce2003b370afef5b	1.0531791811445184	0.002414296152872495	0.508193209024343	0.004750744618385579	0.9962094684751255	NA	d__Bacteria	p__Bacillota	c__Clostridia	o__Oscillospirales	f__Ruminococcaceae	g__Fournierella	NA
64b75473aff451e76e946c655fcbb361	1.038742922832062	0.00241429864014624	0.5079090195957152	0.004753407691141162	0.9962073436744809	NA	d__Bacteria	p__Bacillota	c__Clostridia	o__Oscillospirales	f__Ruminococcaceae	g__Fournierella	NA
08e78f74d2109bad6845fd1a904cb7a8	1.1533924071768649	0.0024142977496893017	0.5113837449052252	0.0047211077273031895	0.9962331150277637	NA	d__Bacteria	p__Bacillota	c__Clostridia	o__Oscillospirales	f__Ruminococcaceae	g__Fournierella	NA
f479c23321346918723839e33a3544f4	245.77417038062308	1.035506032076623	0.8813490192952672	1.174910290255523	0.24003060829401138	0.48326336653669827	d__Bacteria	p__Bacillota	c__Clostridia	o__Oscillospirales	f__Ruminococcaceae	g__Ruthenibacterium	NA
3c47d1756ee2bde5d0607744e6dbd522	1.0531791811445184	0.002414296152872495	0.508193209024343	0.004750744618385579	0.9962094684751255	NA	d__Bacteria	p__Bacillota	c__Clostridia	o__Oscillospirales	f__Ruminococcaceae	g__Ruthenibacterium	NA
3996dd9c5d3c14824bae483a0cd35e7b	1.0531791811445184	0.002414296152872495	0.508193209024343	0.004750744618385579	0.9962094684751255	NA	d__Bacteria	p__Bacillota	c__Clostridia	o__Oscillospirales	f__Ruminococcaceae	g__Ruthenibacterium	NA
9bcdff78f108f90ce33eea9907c345d2	1.4268000725735508	-1.250027879319653	0.4932646515997384	-2.5341931055988036	0.011270660301145138	0.059533636343177536	d__Bacteria	p__Bacillota	c__Clostridia	o__Oscillospirales	f__Ruminococcaceae	NA	NA
b48ab571a89a6f8e4839593015db7403	1.0531791811445184	0.002414296152872495	0.508193209024343	0.004750744618385579	0.9962094684751255	NA	d__Bacteria	p__Bacillota	c__Clostridia	o__Oscillospirales	f__Ruminococcaceae	NA	NA
030e9f546dc8475a2502f2e316d6408e	1.0531791811445184	0.002414296152872495	0.508193209024343	0.004750744618385579	0.9962094684751255	NA	d__Bacteria	p__Bacillota	c__Clostridia	o__Oscillospirales	f__Ruminococcaceae	NA	NA
f4bace87750c8c5b7697f61826634acb	1.0531791811445184	0.002414296152872495	0.508193209024343	0.004750744618385579	0.9962094684751255	NA	d__Bacteria	p__Bacillota	c__Clostridia	o__Oscillospirales	f__Ruminococcaceae	NA	NA
c54ecd701d322d197b9000b235740969	4.601799679753877	1.0641037572066778	0.7612376365926296	1.3978601504383115	0.16215506727374893	0.39144673479884634	d__Bacteria	p__Bacillota	c__Clostridia	o__Oscillospirales	f__Ruminococcaceae	NA	NA
c01bd0ac2dcabcf23fb54efd8b9f1db7	1.038742922832062	0.00241429864014624	0.5079090195957152	0.004753407691141162	0.9962073436744809	NA	d__Bacteria	p__Bacillota	c__Clostridia	o__Oscillospirales	f__Ruminococcaceae	NA	NA
8e2daae0f076acb2d186378cb883210a	12.362190400188528	3.655599572101261	0.83853608482149	4.359501801141302	1.3035888097333957e-5	3.311736333298889e-4	d__Bacteria	p__Bacillota	c__Clostridia	o__Oscillospirales	f__Ruminococcaceae	NA	NA
5bc6fef07d91f032128376191a454576	1.196340932619299	0.002414318721518472	0.5142587483419557	0.004694754788912359	0.996254141397415	NA	d__Bacteria	p__Bacillota	c__Clostridia	o__Oscillospirales	f__Ruminococcaceae	g__Faecalibacterium	NA
d30f25f7cea858e96e06a0c05c5d9256	1.354210954720118	0.9674973419910338	0.5302924404010396	1.8244599927906817	0.06808255936697148	0.21240962235251043	d__Bacteria	p__Bacillota	c__Clostridia	o__Oscillospirales	f__Ruminococcaceae	g__Faecalibacterium	NA
369d99b22aa34cca1a277a7a62118a34	1.2697868602569844	0.002414428587984786	0.5253924036991217	0.004595476773142433	0.9963333529388101	0.9979603417267243	d__Bacteria	p__Bacillota	c__Clostridia	o__Oscillospirales	f__Ruminococcaceae	g__Faecalibacterium	NA
85d4001bee12be1087e1aee230a69080	1.0531791811445184	0.002414296152872495	0.508193209024343	0.004750744618385579	0.9962094684751255	NA	d__Bacteria	p__Bacillota	c__Clostridia	o__Oscillospirales	f__Ruminococcaceae	g__Faecalibacterium	NA
f5ae0c18690daa5d49aa37aa6500c6d3	1.2418198013068902	0.002414371513679848	0.5197613410253401	0.004645154079595426	0.9962937166060399	0.9979603417267243	d__Bacteria	p__Bacillota	c__Clostridia	o__Oscillospirales	f__Ruminococcaceae	g__Faecalibacterium	NA
5edd946e0a26ae1c85ed8c498c328387	99.46958976638092	-0.3582531857920405	1.1406744132108964	-0.31407137886400893	0.7534668268218695	0.9979603417267243	d__Bacteria	p__Bacillota	c__Clostridia	o__Oscillospirales	f__Ruminococcaceae	g__Faecalibacterium	NA
99a5ad295ab4d905ff35ce528b6ce4c1	1.0531791811445184	0.002414296152872495	0.508193209024343	0.004750744618385579	0.9962094684751255	NA	d__Bacteria	p__Bacillota	c__Clostridia	o__Oscillospirales	f__Ruminococcaceae	g__Faecalibacterium	NA
3b7622de07b181ba38292243d116b233	1.1538942356802422	0.00241429799615255	0.51140346707478	0.004720926140689459	0.9962332599113046	NA	d__Bacteria	p__Bacillota	c__Clostridia	o__Oscillospirales	f__Ruminococcaceae	g__Faecalibacterium	NA
7c8c3f278fd565d8173c390d343f61e3	1.1395063707465674	0.0024142947883892592	0.5107380706925048	0.004727070345697434	0.9962283575996911	NA	d__Bacteria	p__Bacillota	c__Clostridia	o__Oscillospirales	f__Ruminococcaceae	g__Incertae_Sedis	NA
9e82e5935f292341fd65fc2497728918	1.2256278898600672	0.0024144634884743846	0.527140455992128	0.004580303903881058	0.9963454590095272	0.9979603417267243	d__Bacteria	p__Bacillota	c__Clostridia	o__Oscillospirales	f__Oscillospiraceae	g__UCG-005	NA
aae4c4ed528ae16ec417df816699cfdb	1.8580023760457736	1.8253270084191602	0.5808198515174883	3.142673246532794	0.0016741260923562207	0.015267457611487926	d__Bacteria	p__Bacillota	c__Clostridia	o__Oscillospirales	f__Oscillospiraceae	g__UCG-005	NA
aa72f8f170f758d18e7d96708fb3841c	1.1538942356802417	0.002414297996152439	0.5114034670747833	0.004720926140689211	0.9962332599113048	NA	d__Bacteria	p__Bacillota	c__Clostridia	o__Oscillospirales	f__Butyricicoccaceae	g__Butyricicoccus	NA
1d35d0a2fb99c554d8a1d71d4c19fe95	1.024266501880664	-0.06470041742023067	0.5120591003497191	-0.12635341775205725	0.8994521737907878	NA	d__Bacteria	p__Bacillota	c__Clostridia	o__Oscillospirales	f__Butyricicoccaceae	g__Incertae_Sedis	NA
3f6dce06719bb11b6b9bbb8f2c8a5644	19.70694504848303	-0.6446259657910526	0.926956775315428	-0.6954218178854101	0.4867909914136213	0.8179621855721795	d__Bacteria	p__Bacillota	c__Clostridia	o__Oscillospirales	f__Butyricicoccaceae	g__Agathobaculum	NA
4eca7561a3fdba12a569dbdc5f10b182	1.1824049907025562	-0.7564631471722003	0.4446459954502825	-1.7012705723485668	0.08889219118977508	NA	d__Bacteria	p__Bacillota	c__Clostridia	o__Oscillospirales	f__Butyricicoccaceae	g__Agathobaculum	NA
df16a09f3e448ddd3b1ec54066d3081d	9.054983218514918	0.1142018102213306	0.8519610939451229	0.1340458044774127	0.8933663545085437	0.9979603417267243	d__Bacteria	p__Bacillota	c__Clostridia	o__Oscillospirales	f__Butyricicoccaceae	g__Agathobaculum	NA
a18c0c17fce3d52dc60506e8730bc996	59.78629369271672	-1.7473367927942796	0.8963108311168502	-1.9494763782080002	0.05123856108718503	0.177505015194891	d__Bacteria	p__Bacillota	c__Clostridia	o__Oscillospirales	f__Butyricicoccaceae	g__Agathobaculum	NA
c82c7b675ce5c6a0d3eca83879abf4aa	1.1968864384074758	0.0024143191119962394	0.5142906773373617	0.004694464081083288	0.9962543733461474	0.9979603417267243	d__Bacteria	p__Bacillota	c__Clostridia	o__Oscillospirales	f__Butyricicoccaceae	g__Agathobaculum	NA
3f9afe17105dd0c33bf41ce08824f362	5.304224162523211	0.8860457234556853	0.7092291957224889	1.249308021722194	0.2115524350673781	0.4569361299937093	d__Bacteria	p__Bacillota	c__Clostridia	o__Oscillospirales	f__Butyricicoccaceae	g__Agathobaculum	NA
0b9d02f4aac5b03c9aee0ce31e90bc0d	1.2258335603486163	0.002414463605866009	0.5271512947707153	0.0045802099507622025	0.9963455339724839	0.9979603417267243	d__Bacteria	p__Bacillota	c__Clostridia	o__Oscillospirales	f__Butyricicoccaceae	g__Agathobaculum	NA
6d52536b55ab19ff41c247db9d081d01	1.558144274682775	0.8655853990632378	0.5715465033556466	1.5144618923941253	0.12990873191834573	0.3431005370219676	d__Bacteria	p__Bacillota	c__Clostridia	o__Oscillospirales	f__Butyricicoccaceae	g__Agathobaculum	NA
83f009e01a309a924a43fc05380b9920	1.2693088689886096	0.002414427936570342	0.5253348858302478	0.0045959786827302375	0.996332952477128	0.9979603417267243	d__Bacteria	p__Bacillota	c__Clostridia	o__Oscillospirales	f__Butyricicoccaceae	g__Agathobaculum	NA
334c54be1e2a2732900e652f8a78d60b	1.528036486444775	-0.8815213418318247	0.543323957001435	-1.6224599163579612	0.10470490901412169	0.2932287084463723	d__Bacteria	p__Bacillota	c__Clostridia	o__Oscillospirales	f__Butyricicoccaceae	g__Agathobaculum	NA
668f346d14385b50c7242f1fd81cf04a	1.0386805954253813	-0.06470354653902072	0.5123236114550498	-0.12629428957071925	0.8994989763292248	NA	d__Bacteria	p__Bacillota	c__Clostridia	o__Oscillospirales	f__Butyricicoccaceae	g__Agathobaculum	NA
cc4ec80d286c96c8a46b2941b2466038	1.3698310358228163	0.002414944359458004	0.5812266032390188	0.004154910229504589	0.9966848708146925	0.9979603417267243	d__Bacteria	p__Bacillota	c__Clostridia	o__Oscillospirales	f__Butyricicoccaceae	g__Agathobaculum	NA
b9c68e187b8aa47ae6ded42e4aa81be1	1.0531791811445184	0.002414296152872495	0.508193209024343	0.004750744618385579	0.9962094684751255	NA	d__Bacteria	p__Bacillota	c__Clostridia	o__Oscillospirales	f__Butyricicoccaceae	g__Agathobaculum	NA
a07dbd6b81597b810de81ac0ad6caf26	1.8341199581724927	0.7914876466684422	0.6176834475601732	1.281380697175534	0.20005998079416684	0.43832443430672696	d__Bacteria	p__Bacillota	c__Clostridia	o__Oscillospirales	f__Butyricicoccaceae	g__Agathobaculum	NA
560eea58f9921c6dbca7f9604bd352bf	1.2410815212095268	0.7130416061652595	0.5042715606577713	1.4140032113553433	0.15736095958561852	0.383342794241678	d__Bacteria	p__Bacillota	c__Clostridia	o__Oscillospirales	f__Butyricicoccaceae	g__Agathobaculum	NA
fff9fd9fdd5a143852810cc1efda341f	1.7762357896272005	1.5439830540612391	0.5821705234251088	2.652114787566807	0.007998934310124245	0.04689485114781631	d__Bacteria	p__Bacillota	c__Clostridia	o__Oscillospirales	f__Butyricicoccaceae	g__Butyricicoccus	NA
a1720628c4f47b9107208f814f56fcf5	1.0387386692036873	0.002414298639021212	0.5079089328663855	0.004753408500606813	0.9962073430286281	NA	d__Bacteria	p__Bacillota	c__Clostridia	o__Oscillospirales	f__Butyricicoccaceae	g__Butyricicoccus	NA
adb3b44f743586c33d9be6bd90d9dd1c	1.0531791811445184	0.002414296152872495	0.508193209024343	0.004750744618385579	0.9962094684751255	NA	d__Bacteria	p__Bacillota	c__Clostridia	o__Oscillospirales	f__Butyricicoccaceae	g__UCG-008	NA
ba23cfca57df968954f7f4698422bee6	1.096084093443724	0.0024142927683499646	0.5092950962599921	0.004740459482290955	0.996217674734015	NA	d__Bacteria	p__Bacillota	c__Clostridia	o__Oscillospirales	f__Butyricicoccaceae	NA	NA
63e7b429d91966909c8b2e461d471b7c	1.0387111791071328	-0.06470180310896166	0.5123241122837631	-0.1262907631275512	0.8995017676740841	NA	d__Bacteria	p__Bacillota	c__Clostridia	o__Oscillospirales	f__Butyricicoccaceae	g__Butyricicoccus	NA
afa3e197ab31aa17a760b9a076eb42f3	1.354570661988681	0.96779823140865	0.5303351672633753	1.8248803608530482	0.06801908547293066	0.21240962235251043	d__Bacteria	p__Bacillota	c__Clostridia	o__Oscillospirales	f__Oscillospiraceae	g__UCG-005	NA
ee6f1ad3007b7380824da57876e6c8c3	1.456689504034929	0.00241511267537303	0.6070806836469099	0.003978240027115914	0.9968258320758037	0.9979603417267243	d__Bacteria	p__Bacillota	c__Clostridia	o__Oscillospirales	f__Oscillospiraceae	g__UCG-005	NA
b76fb65897eec48dec94d23d66c0f8f0	1.9892632005824944	0.002415338440982121	0.676275138420057	0.0035715322119114685	0.9971503356480186	0.9979603417267243	d__Bacteria	p__Bacillota	c__Clostridia	o__Oscillospirales	f__Oscillospiraceae	g__UCG-005	NA
341caff1300aa78cd6d20a52e037a0f7	1.0531791811445184	0.002414296152872495	0.508193209024343	0.004750744618385579	0.9962094684751255	NA	d__Bacteria	p__Bacillota	c__Clostridia	o__Oscillospirales	f__Oscillospiraceae	g__UCG-005	NA
8a80b5cf4ed21ee1617aa27d0542d4a2	1.0531791811445184	0.002414296152872495	0.508193209024343	0.004750744618385579	0.9962094684751255	NA	d__Bacteria	p__Bacillota	c__Clostridia	o__Oscillospirales	f__Oscillospiraceae	g__UCG-005	NA
c2da7cc0247443dccd2e3d6a62f7be45	23.846360390553787	-2.7044958118355793	0.912777729685791	-2.962929225679683	0.0030472662511722656	0.0233820501266853	d__Bacteria	p__Bacillota	c__Clostridia	o__Oscillospirales	f__Oscillospiraceae	g__UCG-005	NA
5ca4ec70e0319aa4e6e75595df17d8dc	9.1191880028288	-2.975208216767761	0.8155727732838085	-3.6479984548631172	2.6429122736205333e-4	0.0038905622594040874	d__Bacteria	p__Bacillota	c__Clostridia	o__Oscillospirales	f__Oscillospiraceae	g__UCG-005	NA
a5e9c54f5a1e72cdf95bbee9ad459b08	1.2122026407043256	0.0024143325564007444	0.5157715531956242	0.004681011469985095	0.9962651068589106	0.9979603417267243	d__Bacteria	p__Bacillota	c__Clostridia	o__Oscillospirales	f__Oscillospiraceae	g__UCG-005	NA
d61d182d52a4a2670558d6160246ffdb	1.469874699222183	-1.1034333237662588	0.4917134016292091	-2.244057859944877	0.024828678822856002	0.10813142981219329	d__Bacteria	p__Bacillota	c__Clostridia	o__Oscillospirales	f__Oscillospiraceae	g__UCG-005	NA
420f96256387d77de17ec28d160bb147	1.5552760345462553	-0.2576750229464404	0.4865729694380681	-0.5295711828053732	0.5964092787284181	0.9583865969928044	d__Bacteria	p__Bacillota	c__Clostridia	o__Oscillospirales	f__Oscillospiraceae	g__Incertae_Sedis	NA
eec38d4824a43492a8ff0f19a69bd331	1.3847996030863967	1.0345038971869709	0.5372071156936067	1.9257077335084944	0.05414087770955362	0.18476950931709357	d__Bacteria	p__Bacillota	c__Clostridia	o__Oscillospirales	f__Oscillospiraceae	g__Incertae_Sedis	NA
eed2ad9c2d5b732094c15f0902f14d2c	1.0531791811445184	0.002414296152872495	0.508193209024343	0.004750744618385579	0.9962094684751255	NA	d__Bacteria	p__Bacillota	c__Clostridia	o__Oscillospirales	f__Oscillospiraceae	g__UCG-005	NA
546e7f4c8e7d5c2e5b469cac519e61a3	1.2249732829142552	0.0024144627389699235	0.5270734110691428	0.004580885106824689	0.9963449952815367	0.9979603417267243	d__Bacteria	p__Bacillota	c__Clostridia	o__Oscillospirales	f__Oscillospiraceae	g__UCG-005	NA
4bd01f90398375480101204bbcdd2ceb	57.89918454543075	0.5470345341570843	1.0561368372860256	0.5179580096484553	0.6044875666901159	0.9657391812135458	d__Bacteria	p__Bacillota	c__Clostridia	o__Oscillospirales	f__Oscillospiraceae	g__UCG-005	NA
0f603a9018080b298f6f858569d3b3e2	5.392862885784074	-4.332770066032637	0.6819662707847721	-6.3533495007703324	2.1067630208295465e-10	3.7465269053752103e-8	d__Bacteria	p__Bacillota	c__Clostridia	o__Oscillospirales	f__Oscillospiraceae	g__UCG-005	NA
b2506d7e0328de8e0b8e68da4f7fad5e	2.014585299397647	0.0024153455846923086	0.6796403684165173	0.003553858329986757	0.9971644372760408	0.9979603417267243	d__Bacteria	p__Bacillota	c__Clostridia	o__Oscillospirales	f__Oscillospiraceae	g__UCG-005	NA
c5bbe83eefb639e05548b52ee3aae3c6	1.0531791811445184	0.002414296152872495	0.508193209024343	0.004750744618385579	0.9962094684751255	NA	d__Bacteria	p__Bacillota	c__Clostridia	o__Oscillospirales	f__Oscillospiraceae	g__UCG-005	NA
72cd34940774e5a124c5a11458fcdb69	1.1682821006139168	0.0024143028684350124	0.5121954663836127	0.004713635763864419	0.9962390767256953	NA	d__Bacteria	p__Bacillota	c__Clostridia	o__Oscillospirales	f__Oscillospiraceae	g__UCG-005	NA
68d79c3035521e82b504b081a197d2ed	43.38162891712706	-0.20640025436429202	0.9957017364793589	-0.20729124676842495	0.8357824097577882	0.9979603417267243	d__Bacteria	p__Bacillota	c__Clostridia	o__Oscillospirales	f__Oscillospiraceae	g__UCG-002	NA
238f459856f984d95bf763ecc7e482c9	1.1968864384074758	0.0024143191119962394	0.5142906773373617	0.004694464081083288	0.9962543733461474	0.9979603417267243	d__Bacteria	p__Bacillota	c__Clostridia	o__Oscillospirales	f__Oscillospiraceae	g__UCG-002	NA
f8d1b6567bca78638227d413f6170e06	1.3402186867103876	0.9339700803730776	0.5268155243299346	1.7728598289904414	0.07625193656992783	0.22983281446359602	d__Bacteria	p__Bacillota	c__Clostridia	o__Oscillospirales	f__Oscillospiraceae	g__UCG-002	NA
16530e5b50b780018210dac05a471715	1.3869279706625606	0.002415015737311331	0.590735245349278	0.004088152444473546	0.9967381353682673	0.9979603417267243	d__Bacteria	p__Bacillota	c__Clostridia	o__Oscillospirales	f__Oscillospiraceae	g__UCG-002	NA
609d1ae0045de753ac19f31803e3e19d	13.953645942386261	2.4102354944883	0.9712681933606632	2.4815344628435723	0.013081805965738224	0.06710714887232061	d__Bacteria	p__Bacillota	c__Clostridia	o__Oscillospirales	f__Oscillospiraceae	g__UCG-002	NA
57b4d2f4c517fee7b768d372c4af4b39	1.0531791811445184	0.002414296152872495	0.508193209024343	0.004750744618385579	0.9962094684751255	NA	d__Bacteria	p__Bacillota	c__Clostridia	o__Oscillospirales	f__Oscillospiraceae	g__UCG-002	NA
880005af6ed906f0687f0a3f95a078d1	1.038742922832062	0.002414298640146235	0.5079090195957152	0.004753407691141152	0.9962073436744809	NA	d__Bacteria	p__Bacillota	c__Clostridia	o__Oscillospirales	f__Oscillospiraceae	g__UCG-002	NA
84f9cf6d08ccc7adb4e945c4fd8be494	10.928526529047648	-2.653712929207614	0.8345885565014625	-3.179666086402856	0.0014744484734909922	0.013800320361534111	d__Bacteria	p__Bacillota	c__Clostridia	o__Oscillospirales	f__Oscillospiraceae	g__UCG-002	NA
32cc17e12d08b4011ab0ec8c393fd12c	40.233225099558545	3.674126214224102	1.054726278893719	3.4834878847219186	4.949255213300039e-4	0.006362476280230291	d__Bacteria	p__Bacillota	c__Clostridia	o__Oscillospirales	f__Oscillospiraceae	g__UCG-002	NA
5db43e823373034e9859cb2ab2f8975c	1.1396310562821548	0.0024142948437172714	0.5107424730804602	0.0047270297086432714	0.9962283900230069	NA	d__Bacteria	p__Bacillota	c__Clostridia	o__Oscillospirales	f__Oscillospiraceae	g__UCG-002	NA
c26af4c22f01bb994a68df0c15a529a3	2.781485653520613	0.542086808528188	0.7081699945492053	0.7654755393487978	0.4439884266018451	0.7703018718441768	d__Bacteria	p__Bacillota	c__Clostridia	o__Oscillospirales	f__Oscillospiraceae	g__Oscillospira	NA
d0833ce681acbdd482a03911d447756d	5.931682351216527	-1.5938020067816343	0.77432221320613	-2.058318849180881	0.03955953594781397	0.15474573502965103	d__Bacteria	p__Bacillota	c__Clostridia	o__Oscillospirales	f__Oscillospiraceae	g__UCG-003	NA
a08d9fb331013d69d364bd4e2be56825	1.1538942356802422	0.4009251953035968	0.4885523302489394	0.8206392037866391	0.4118518100380692	NA	d__Bacteria	p__Bacillota	c__Clostridia	o__Oscillospirales	f__Oscillospiraceae	g__UCG-003	NA
9554cc3833549c23e480e5fe4990f4be	1.3108703337991232	0.0024145412215852216	0.5366960794896544	0.004498898564493363	0.9964104104037117	0.9979603417267243	d__Bacteria	p__Bacillota	c__Clostridia	o__Oscillospirales	f__Oscillospiraceae	g__UCG-003	NA
5d08d1eb4b8a0672652dd0fc0af2dcf0	42.340268051535475	-0.3428513106056512	0.9533623296496528	-0.3596233036936169	0.7191288541470049	0.9979603417267243	d__Bacteria	p__Bacillota	c__Clostridia	o__Oscillospirales	f__Oscillospiraceae	g__UCG-003	NA
8344e260ce01e13cc4d54896656d457b	1.0531791811445184	0.002414296152872495	0.508193209024343	0.004750744618385579	0.9962094684751255	NA	d__Bacteria	p__Bacillota	c__Clostridia	o__Oscillospirales	f__Oscillospiraceae	g__UCG-003	NA
3120660c883750285d85c12f7d898f67	7.275703683072499	-0.7152387853677046	0.7473334724650187	-0.9570543963574221	0.3385397998139586	0.6132800787801254	d__Bacteria	p__Bacillota	c__Clostridia	o__Oscillospirales	f__Oscillospiraceae	g__Oscillibacter	NA
2595bf1e701879b086a24e1a2b114857	1.1541396735632006	0.0024142981168713664	0.5114131270496298	0.004720837204159353	0.9962333308715982	NA	d__Bacteria	p__Bacillota	c__Clostridia	o__Oscillospirales	f__Oscillospiraceae	g__Oscillibacter	NA
77c2dc197e6b3dbebc4ee240c6a1c559	122.04859445369726	-0.35715523066877264	0.7401091295153638	-0.48257103773688625	0.6294003475595421	0.9919795728892636	d__Bacteria	p__Bacillota	c__Clostridia	o__Oscillospirales	f__Oscillospiraceae	g__Oscillibacter	NA
b641fe32cb306c79f3a44cb4ebc9dcfe	1.3980765985756158	0.002414972165918776	0.5858506941514264	0.004122163189405681	0.9967109989486427	0.9979603417267243	d__Bacteria	p__Bacillota	c__Clostridia	o__Oscillospirales	f__Oscillospiraceae	g__Oscillibacter	NA
ac4274f46d9ec670be0cfb4126304a8d	1.3557607441262456	-1.3845737962231004	0.44460422261307075	-3.1141714941112117	0.0018446223979946465	0.016401767488835733	d__Bacteria	p__Bacillota	c__Clostridia	o__Oscillospirales	f__Oscillospiraceae	g__Oscillibacter	NA
2b74579818ffe688c15e0e2816a7c339	1.0387264241175567	-0.06470093108887284	0.5123243617984352	-0.126288999534885	0.8995031636407089	NA	d__Bacteria	p__Bacillota	c__Clostridia	o__Oscillospirales	f__Oscillospiraceae	g__Oscillibacter	NA
8dcfdd3643e8a1b873a013d7c15804dd	1.1966989339274532	0.5428465182618079	0.4846193455932092	1.120150326638992	0.262649707540737	0.5013367405115677	d__Bacteria	p__Bacillota	c__Clostridia	o__Oscillospirales	f__Oscillospiraceae	g__Oscillibacter	NA
7d4a5bce832b90560fefa4a3727807a4	1.167994983370866	0.44978679606306043	0.48690904676415775	0.92375937364935	0.3556116115713664	NA	d__Bacteria	p__Bacillota	c__Clostridia	o__Oscillospirales	f__Oscillospiraceae	g__Oscillospira	NA
d1dfa014363e0f9510af2b404d268409	1.0531791811445184	0.002414296152872495	0.508193209024343	0.004750744618385579	0.9962094684751255	NA	d__Bacteria	p__Bacillota	c__Clostridia	o__Oscillospirales	f__Oscillospiraceae	g__Oscillospira	NA
32cd36db3b176689d81c65ddb6c17140	1.3988843675134286	0.0024148157582271636	0.5674525599467196	0.004255537693677688	0.9966045824245793	0.9979603417267243	d__Bacteria	p__Bacillota	c__Clostridia	o__Oscillospirales	f__Oscillospiraceae	NA	NA
09d981dc93a29f773c4d5167829257ec	1.0531791811445184	0.002414296152872495	0.508193209024343	0.004750744618385579	0.9962094684751255	NA	d__Bacteria	p__Bacillota	c__Clostridia	o__Oscillospirales	f__Oscillospiraceae	NA	NA
1e97042b60d468d9cc9fadf7213b4a72	1.0531791811445184	0.002414296152872495	0.508193209024343	0.004750744618385579	0.9962094684751255	NA	d__Bacteria	p__Bacillota	c__Clostridia	o__Oscillospirales	f__Oscillospiraceae	g__UCG-002	NA
0d16f2185d6818fc380ae27c076b91aa	1.1970578304812667	0.0024143192348647998	0.5143007250382917	0.004694372605998259	0.9962544463319013	0.9979603417267243	d__Bacteria	p__Bacillota	c__Clostridia	o__Oscillospirales	f__Oscillospiraceae	g__UCG-002	NA
a524dd50750ecb55086cc5d423b68aa7	1.139329720849877	-0.5450173283746275	0.4585509816208395	-1.1885643041219875	0.2346111615033514	NA	d__Bacteria	p__Bacillota	c__Clostridia	o__Oscillospirales	f__Oscillospiraceae	g__UCG-002	NA
05ca223d6709b8351e39b978a98ac176	1.139329720849877	-0.5450173283746275	0.4585509816208395	-1.1885643041219875	0.2346111615033514	NA	d__Bacteria	p__Bacillota	c__Clostridia	o__Oscillospirales	f__Oscillospiraceae	g__UCG-002	NA
6762fddad46b19f50d375edab0529fa6	1.2539170264508703	0.0024143953340340207	0.5221497690043935	0.004623951742117318	0.9963106334420863	0.9979603417267243	d__Bacteria	p__Bacillota	c__Clostridia	o__Oscillospirales	f__Oscillospiraceae	g__UCG-002	NA
9192b3275c36e56540678451adfa601f	159.11309953671034	-1.2237066090062152	1.1200090750401355	-1.0925863336976656	0.2745754657437501	0.5187150848477594	d__Bacteria	p__Bacillota	c__Clostridia	o__Oscillospirales	f__Oscillospiraceae	g__UCG-002	NA
54ec3041ed02d098b3c5e4395466c441	1.0531791811445184	0.002414296152872495	0.508193209024343	0.004750744618385579	0.9962094684751255	NA	d__Bacteria	p__Bacillota	c__Clostridia	o__Oscillospirales	f__Oscillospiraceae	g__UCG-002	NA
45f1b2beaa5b511a7912de82bc36cc50	1.0531791811445184	0.002414296152872495	0.508193209024343	0.004750744618385579	0.9962094684751255	NA	d__Bacteria	p__Bacillota	c__Clostridia	o__Oscillospirales	f__Oscillospiraceae	g__UCG-002	NA
3219af75ee8056ed06ba81e873b0d0cb	59.099445364801944	-2.773277603052375	1.0112566242395156	-2.7424073539571947	0.006099065238810413	0.038056740408249766	d__Bacteria	p__Bacillota	c__Clostridia	o__Oscillospirales	f__Oscillospiraceae	g__UCG-002	NA
13e5e67a2599db5c3cdfa82c4c9ea6fd	2.8071764370445043	1.8234479861314978	0.7323890248852609	2.489725984652988	0.012784161622878806	0.06589710363097433	d__Bacteria	p__Bacillota	c__Clostridia	o__Oscillospirales	f__Oscillospiraceae	g__NK4A214_group	NA
81d231c420963eaa054991ff732a0b9f	1.7614602755677369	0.002415125751432033	0.6233696050127067	0.003874307845636464	0.9969087573195646	0.9979603417267243	d__Bacteria	p__Bacillota	c__Clostridia	o__Clostridia_UCG-014	f__Incertae_Sedis	g__Incertae_Sedis	NA
39b16a879dc7d7d2392dee90b32af689	1.2115051084836677	0.002414331977829136	0.515723760055211	0.004681444146708828	0.9962647616366155	0.9979603417267243	d__Bacteria	p__Bacillota	c__Clostridia	o__Clostridia_UCG-014	f__Incertae_Sedis	g__Incertae_Sedis	NA
7614f2b3482aeb13a9cf183ec1213b51	1.0531791811445184	0.002414296152872495	0.508193209024343	0.004750744618385579	0.9962094684751255	NA	d__Bacteria	p__Bacillota	c__Clostridia	o__Clostridia_UCG-014	f__Incertae_Sedis	g__Incertae_Sedis	NA
0bae11e18b7d5b6f905fcb2cecf94bcf	1.1684083773560825	0.44984092130444003	0.48692576547350447	0.9238388132264848	0.35557024376470564	NA	d__Bacteria	p__Bacillota	c__Clostridia	o__Clostridia_UCG-014	f__Incertae_Sedis	g__Incertae_Sedis	NA
1bc1f0e94c2e5c3f32e5b2746769efb4	1.038742922832062	0.00241429864014624	0.5079090195957152	0.004753407691141162	0.9962073436744809	NA	d__Bacteria	p__Bacillota	c__Clostridia	o__Clostridia_UCG-014	f__Incertae_Sedis	g__Incertae_Sedis	NA
eb51a6482b09f0c5962e362d2d23abb9	1.6401423621911178	0.0024153023605803527	0.647409564177203	0.0037307177623333017	0.9970233248017436	0.9979603417267243	d__Bacteria	p__Bacillota	c__Clostridia	o__Clostridia_UCG-014	f__Incertae_Sedis	g__Incertae_Sedis	NA
6db169339ee5897780e713c44784d74a	1.0531791811445184	0.002414296152872495	0.508193209024343	0.004750744618385579	0.9962094684751255	NA	d__Bacteria	p__Bacillota	c__Clostridia	o__Clostridia_UCG-014	f__Incertae_Sedis	g__Incertae_Sedis	NA
13b3d0dec3cd9fb5f2a5693d5a131497	1.3402186867103876	0.9339700803730776	0.5268155243299346	1.7728598289904414	0.07625193656992783	0.22983281446359602	d__Bacteria	p__Bacillota	c__Clostridia	o__Clostridia_UCG-014	f__Incertae_Sedis	g__Incertae_Sedis	NA
22c159771ea409e7a5cf617dae2ec8f0	2.22698763315009	0.11799015574115772	0.7358904721861297	0.16033657208611654	0.8726159511686286	0.9979603417267243	d__Bacteria	p__Bacillota	c__Clostridia	o__Clostridia_UCG-014	f__Incertae_Sedis	g__Incertae_Sedis	NA
0e3e4513e61848ed7e032f1ddbc6f42e	1.9040158332985264	0.002415239590816259	0.6504907723682162	0.0037129498117601137	0.9970375014769945	0.9979603417267243	d__Bacteria	p__Bacillota	c__Clostridia	o__Clostridia_UCG-014	f__Incertae_Sedis	g__Incertae_Sedis	NA
a2d300d1e9c621dbc5239cc092d433c3	1.038745095909413	0.11789373858663973	0.5208776076547936	0.22633673794779946	0.8209395269144876	NA	d__Bacteria	p__Bacillota	c__Clostridia	o__Clostridia_UCG-014	f__Incertae_Sedis	g__Incertae_Sedis	NA
43202fe954709a694e31c3a1be7e889b	2.0041470889531183	0.5865242719531695	0.6539668675514696	0.8968715405249607	0.36978746783642097	0.6598047294004368	d__Bacteria	p__Bacillota	c__Clostridia	o__Clostridia_UCG-014	f__Incertae_Sedis	g__Incertae_Sedis	NA
cb5e325b529422ecb69187e9769717ce	1.140244082757921	0.0024142951161292905	0.510764147676749	0.004726829647521076	0.9962285496469042	NA	d__Bacteria	p__Bacillota	c__Clostridia	o__Clostridia_UCG-014	f__Incertae_Sedis	g__Incertae_Sedis	NA
48ad50f62d6343826d4125a6dcbc3392	1.1968864384074758	0.0024143191119962394	0.5142906773373617	0.004694464081083288	0.9962543733461474	0.9979603417267243	d__Bacteria	p__Bacillota	c__Clostridia	o__Clostridia_UCG-014	f__Incertae_Sedis	g__Incertae_Sedis	NA
77d46a2cdb9594c35e978461a1c3cc56	1.0531791811445184	0.002414296152872495	0.508193209024343	0.004750744618385579	0.9962094684751255	NA	d__Bacteria	p__Bacillota	c__Clostridia	o__Clostridia_UCG-014	f__Incertae_Sedis	g__Incertae_Sedis	NA
c97ea25ba069877eac769cb05968724c	1.0531791811445184	0.002414296152872495	0.508193209024343	0.004750744618385579	0.9962094684751255	NA	d__Bacteria	p__Bacillota	c__Clostridia	o__Clostridia_UCG-014	f__Incertae_Sedis	g__Incertae_Sedis	NA
02db09efa7c46a21be5fadc51cb17dd8	1.038745095909413	0.11789373858663973	0.5208776076547936	0.22633673794779946	0.8209395269144876	NA	d__Bacteria	p__Bacillota	c__Clostridia	o__Clostridia_UCG-014	f__Incertae_Sedis	g__Incertae_Sedis	NA
584e748cbed7518903a643d6de83bafa	1.0531791811445184	0.002414296152872495	0.508193209024343	0.004750744618385579	0.9962094684751255	NA	d__Bacteria	p__Bacillota	c__Clostridia	o__Clostridia_UCG-014	f__Incertae_Sedis	g__Incertae_Sedis	NA
3b694fd662a4aaa9f9d17143f0bb3875	1.0531791811445184	0.002414296152872495	0.508193209024343	0.004750744618385579	0.9962094684751255	NA	d__Bacteria	p__Bacillota	c__Clostridia	o__Clostridia_UCG-014	f__Incertae_Sedis	g__Incertae_Sedis	NA
abbd5b846e49535be66506ee4c05001d	1.1684083773560825	0.44984092130444003	0.48692576547350447	0.9238388132264848	0.35557024376470564	NA	d__Bacteria	p__Bacillota	c__Clostridia	o__Clostridia_UCG-014	f__Incertae_Sedis	g__Incertae_Sedis	NA
bbc4db59e83e62944384e429ac6b3c4d	1.2543975874900137	0.752222745603141	0.481270404972659	1.5629939797479855	0.11805401085355804	0.32133578974680216	d__Bacteria	p__Bacillota	c__Clostridia	o__Clostridia_UCG-014	f__Incertae_Sedis	g__Incertae_Sedis	NA
d84d8cf53693bebb94e836b4204f462f	1.1541234032948686	0.002414298108865498	0.5114124863950206	0.004720843102373272	0.9962333261655568	NA	d__Bacteria	p__Bacillota	c__Clostridia	o__Clostridia_UCG-014	f__Incertae_Sedis	g__Incertae_Sedis	NA
e5908f0fe871ef3f7022613817868c01	1.4430730035469572	0.0024151176531151315	0.6070806841018815	0.003978248223608151	0.9968258255360009	0.9979603417267243	d__Bacteria	p__Bacillota	c__Clostridia	o__Clostridia_UCG-014	f__Incertae_Sedis	g__Incertae_Sedis	NA
2b1a1826b1a5bae15ba5ffbabc2e473f	1.3409364798180146	0.0024148819694040243	0.572711201670085	0.004216578901131982	0.9966356667647642	0.9979603417267243	d__Bacteria	p__Bacillota	c__Clostridia	o__Clostridia_UCG-014	f__Incertae_Sedis	g__Incertae_Sedis	NA
ca9cf3f426056b8af4bc32a34838a7ec	1.3121607499506651	0.0024145432625809235	0.5368913898790855	0.00449726575634731	0.9964117131829427	0.9979603417267243	d__Bacteria	p__Bacillota	c__Clostridia	o__Lachnospirales	f__Lachnospiraceae	g__Lachnospiraceae_NK4B4_group	NA
d9179bcf9343454d917bc22530e0a43e	1.1538942356802422	0.0024142979961525096	0.51140346707478	0.00472092614068938	0.9962332599113047	NA	d__Bacteria	p__Bacillota	c__Clostridia	o__Lachnospirales	f__Lachnospiraceae	g__Anaerobutyricum	NA
5628275be869fb0867257b685f5bcf44	1.0531791811445184	0.002414296152872495	0.508193209024343	0.004750744618385579	0.9962094684751255	NA	d__Bacteria	p__Bacillota	c__Clostridia	o__Lachnospirales	f__Lachnospiraceae	g__Anaerobutyricum	NA
af691ca2a4530ac05fa219914939c3ac	1.4109634766664911	0.11794941213282086	0.6069903715770281	0.1943184235795623	0.8459265606467794	0.9979603417267243	d__Bacteria	p__Bacillota	c__Clostridia	o__Lachnospirales	f__Lachnospiraceae	g__Anaerobutyricum	NA
f7fcba0d058116e80c4da213295d257d	1.038742922832062	0.11789394942079302	0.5208775888265549	0.22633715089640782	0.8209392057615048	NA	d__Bacteria	p__Bacillota	c__Clostridia	o__Lachnospirales	f__Lachnospiraceae	g__Anaerobutyricum	NA
6851a4ee264b56be2fff4686ce269907	44.55757045154518	-0.5049901331571937	0.8984030327381959	-0.5620975383598834	0.5740495654423354	0.9330706053925595	d__Bacteria	p__Bacillota	c__Clostridia	o__Lachnospirales	f__Lachnospiraceae	g__Anaerobutyricum	NA
aac0099991c8518a5268b1a19a84550b	21.41874291962832	-1.4726076538088952	0.8079001477459793	-1.8227594807569139	0.06833982711727939	0.21259065753392745	d__Bacteria	p__Bacillota	c__Clostridia	o__Lachnospirales	f__Lachnospiraceae	g__Anaerobutyricum	NA
dd80e0a50520c9481217ccdf670781a6	1.4416865839681847	1.1858241460493275	0.5312068176990201	2.232321021755431	0.0255937534734351	0.11010035385855477	d__Bacteria	p__Bacillota	c__Clostridia	o__Lachnospirales	f__Lachnospiraceae	g__Anaerobutyricum	NA
50f56fe7a4e3996cc9c49f9abb3c335d	1.2120706306356726	0.5873976188841433	0.48411484429604534	1.2133435398748869	0.22499850289320858	0.4618923879148993	d__Bacteria	p__Bacillota	c__Clostridia	o__Lachnospirales	f__Lachnospiraceae	g__Anaerobutyricum	NA
6fe42dbb5806cbecbbfe7336526fae49	1.154669281178478	0.0024142983777575536	0.5114340030794406	0.004720645016210513	0.9962334842136866	NA	d__Bacteria	p__Bacillota	c__Clostridia	o__Lachnospirales	f__Lachnospiraceae	g__Anaerobutyricum	NA
deef8d5043d397cbdc8d4b375d206414	1.038742922832062	0.11789394942079302	0.5208775888265549	0.22633715089640782	0.8209392057615048	NA	d__Bacteria	p__Bacillota	c__Clostridia	o__Lachnospirales	f__Lachnospiraceae	g__Anaerobutyricum	NA
87c18e8ee3789954404f2c1a35079a09	5.487493205477814	0.29636984462964844	0.8004365267603943	0.37026027014177587	0.7111885733305578	0.9979603417267243	d__Bacteria	p__Bacillota	c__Clostridia	o__Lachnospirales	f__Lachnospiraceae	g__Anaerobutyricum	NA
450a5976afcf7b809d1e75d7fa5943a1	1.0531791811445184	0.002414296152872495	0.508193209024343	0.004750744618385579	0.9962094684751255	NA	d__Bacteria	p__Bacillota	c__Clostridia	o__Lachnospirales	f__Lachnospiraceae	g__Anaerobutyricum	NA
7c861f48eaca9c2cacdb0470b609b1d4	1.4431269348541036	0.5432433233018611	0.5552007039041602	0.9784629584973235	0.32784540292868297	0.5979675981622303	d__Bacteria	p__Bacillota	c__Clostridia	o__Lachnospirales	f__Lachnospiraceae	g__Anaerobutyricum	NA
7aa51c14d0798069548b78e6ef1a9bf4	1.1399307872427014	0.3503528844150895	0.4904955679326684	0.7142834865802158	0.4750519012912494	NA	d__Bacteria	p__Bacillota	c__Clostridia	o__Lachnospirales	f__Lachnospiraceae	g__Anaerobutyricum	NA
cd454c45a2b54026d5ec1086957a0196	1.3262851937922893	0.002414590643040388	0.5417860568626326	0.004456723484215831	0.996444060911752	0.9979603417267243	d__Bacteria	p__Bacillota	c__Clostridia	o__Lachnospirales	f__Lachnospiraceae	g__GCA-900066575	NA
3a2a7cb0fcf3f94a77afecb8c2ca949b	1.37077686401856	0.002414944245512766	0.5812266032281406	0.004154910033539643	0.9966848709710485	0.9979603417267243	d__Bacteria	p__Bacillota	c__Clostridia	o__Lachnospirales	f__Lachnospiraceae	g__Catenibacillus	NA
8c8a105de3169d2d55fcb9cfc2f52cf9	2.6921524633445335	0.0024153208044125044	0.7190875270749593	0.0033588690019938643	0.9973200153208157	0.9979603417267243	d__Bacteria	p__Bacillota	c__Clostridia	o__Lachnospirales	f__Lachnospiraceae	g__GCA-900066575	NA
923fed1e3a5c67f886eb287b585a924a	6.850703824623057	-1.0057110063852521	0.7410245126133878	-1.3571899299773345	0.17472086958031627	0.4100365221935781	d__Bacteria	p__Bacillota	c__Clostridia	o__Lachnospirales	f__Lachnospiraceae	g__GCA-900066575	NA
b58e7be2917611127935efa19ecd792a	1.3405936956704327	0.002414882006752537	0.5727112016737028	0.0042165789663188655	0.996635666712753	0.9979603417267243	d__Bacteria	p__Bacillota	c__Clostridia	o__Lachnospirales	f__Lachnospiraceae	g__Lachnospiraceae_FCS020_group	NA
e07b140b135d1c14b1313e0ba5b66baa	1.2258335603486163	0.002414463605866009	0.5271512947707153	0.0045802099507622025	0.9963455339724839	0.9979603417267243	d__Bacteria	p__Bacillota	c__Clostridia	o__Lachnospirales	f__Lachnospiraceae	g__GCA-900066575	NA
36c3c3e931ebb36c143c46739b848668	1.167857952030461	0.4497688293957819	0.4869035139024656	0.923732970811703	0.3556253614038773	NA	d__Bacteria	p__Bacillota	c__Clostridia	o__Lachnospirales	f__Lachnospiraceae	g__GCA-900066575	NA
9102f24242e1917961edaa2bbe2d2890	1.1688935642164513	0.4499043021440353	0.4869454398885802	0.9239316467302365	0.35552190497708736	NA	d__Bacteria	p__Bacillota	c__Clostridia	o__Lachnospirales	f__Lachnospiraceae	g__Frisingicoccus	NA
70745fa69950bfb64db28e3afff2b1e5	9.483368696869718	2.902099023738811	0.9027180203068054	3.214845564678635	0.0013051471813669763	0.012776073784573978	d__Bacteria	p__Bacillota	c__Clostridia	o__Lachnospirales	f__Lachnospiraceae	g__Frisingicoccus	NA
65990c74559e4adfaa672a884ad7d464	47.67539761973873	-1.3612649472948377	0.8739335921385009	-1.5576297324420785	0.11932104631864013	0.3224395888154292	d__Bacteria	p__Bacillota	c__Clostridia	o__Lachnospirales	f__Lachnospiraceae	g__Coprococcus	NA
32079bbbdce1a901a55f415bf3ab6cb7	1.0531791811445184	0.002414296152872495	0.508193209024343	0.004750744618385579	0.9962094684751255	NA	d__Bacteria	p__Bacillota	c__Clostridia	o__Lachnospirales	f__Lachnospiraceae	g__Coprococcus	NA
2880c4a59b13e2e8e9ed8b55352d57a0	1.2404266249883105	-0.9975501437989676	0.4350753867218657	-2.292821368993415	0.021858291235366895	0.097204032051410455	d__Bacteria	p__Bacillota	c__Clostridia	o__Lachnospirales	f__Lachnospiraceae	NA	NA
7ad394d61d61a814631950655009d828	1.2692339240412014	0.002414427834470787	0.5253258726490768	0.004596057343026868	0.9963328897159547	0.9979603417267243	d__Bacteria	p__Bacillota	c__Clostridia	o__Lachnospirales	f__Lachnospiraceae	g__Catenibacillus	NA
1a78539b37f0546f2a1643da51ce7636	1.1397167460748174	0.002414294881756867	0.510745499799897	0.004727001770358729	0.9962284123142838	NA	d__Bacteria	p__Bacillota	c__Clostridia	o__Lachnospirales	f__Lachnospiraceae	g__Cuneatibacter	NA
a55a010c9525ce2943a553dca1421b1c	1.312444872620538	-1.2512544939564703	0.43796305979225614	-2.856986373576784	0.004276841983173417	0.029252502538756636	d__Bacteria	p__Bacillota	c__Clostridia	o__Lachnospirales	f__Lachnospiraceae	g__[Eubacterium]_ventriosum_group	NA
f50508546ae13143015f8c4cb976d0e4	1.3555988137541823	0.32101897763816245	0.47581574062733506	0.6746707816242434	0.49988495193109833	0.8360144885744231	d__Bacteria	p__Bacillota	c__Clostridia	o__Lachnospirales	f__Lachnospiraceae	g__[Eubacterium]_ruminantium_group	NA
6c324279c1fc2965e594486ac26b0548	1.3131083960794774	0.0024145447611300455	0.5370349509630059	0.004496066330134206	0.9964126701769247	0.9979603417267243	d__Bacteria	p__Bacillota	c__Clostridia	o__Lachnospirales	f__Lachnospiraceae	g__Coprococcus	NA
c0044f57ec04cd70905d690c5b7bd147	1.771100345355839	-2.271443595025975	0.5116436158741389	-4.439503444492769	9.016667168905474e-6	2.5317852287426684e-4	d__Bacteria	p__Bacillota	c__Clostridia	o__Lachnospirales	f__Lachnospiraceae	g__Coprococcus	NA
fb428d07d03e32be0b85eacbed10df0a	1.0531791811445184	0.002414296152872495	0.508193209024343	0.004750744618385579	0.9962094684751255	NA	d__Bacteria	p__Bacillota	c__Clostridia	o__Lachnospirales	f__Lachnospiraceae	g__Coprococcus	NA
9e1f282914b07cd79711ce21e7cf4aff	43.58224947874411	0.8813251397823616	0.982381560106443	0.8971311917610386	0.36964891631500896	0.6598047294004368	d__Bacteria	p__Bacillota	c__Clostridia	o__Lachnospirales	f__Lachnospiraceae	g__[Eubacterium]_eligens_group	NA
5322567d7de1d94e6cf65390deb29b1c	1.2846515269555872	0.0024145394379519076	0.5356708683556002	0.0045075055982865915	0.9964035430539651	0.9979603417267243	d__Bacteria	p__Bacillota	c__Clostridia	o__Lachnospirales	f__Lachnospiraceae	g__[Eubacterium]_eligens_group	NA
74883ca07b040866ea89a8ff92039e38	1.0531791811445184	0.002414296152872495	0.508193209024343	0.004750744618385579	0.9962094684751255	NA	d__Bacteria	p__Bacillota	c__Clostridia	o__Lachnospirales	f__Lachnospiraceae	g__[Eubacterium]_eligens_group	NA
208c0c43c7c5d4a6bb549e0c8365cd21	17.598628947094525	2.9469564682439535	0.9316964006913968	3.1630008080497736	0.0015615189820278519	0.014363282360549293	d__Bacteria	p__Bacillota	c__Clostridia	o__Lachnospirales	f__Lachnospiraceae	g__[Eubacterium]_eligens_group	NA
441e214f48649299db319a45f2851085	1.0531791811445184	0.002414296152872495	0.508193209024343	0.004750744618385579	0.9962094684751255	NA	d__Bacteria	p__Bacillota	c__Clostridia	o__Lachnospirales	f__Lachnospiraceae	g__[Eubacterium]_eligens_group	NA
40895b99da91904ceb2e55ab79012529	1.038742922832062	0.002414298640146235	0.5079090195957152	0.004753407691141152	0.9962073436744809	NA	d__Bacteria	p__Bacillota	c__Clostridia	o__Lachnospirales	f__Lachnospiraceae	g__[Eubacterium]_eligens_group	NA
36d9ad396b85196c9b4cf68b81789585	28.974206604676873	1.3931395202673291	0.9427629332453077	1.477719871178721	0.13948277337672146	0.360358642113709	d__Bacteria	p__Bacillota	c__Clostridia	o__Lachnospirales	f__Lachnospiraceae	g__Lachnospira	NA
241a0c90cc40da29bc738d34b607f25f	1.268997155149641	0.0024144275119790362	0.5252974070215414	0.0045963057873613785	0.9963326914881497	0.9979603417267243	d__Bacteria	p__Bacillota	c__Clostridia	o__Lachnospirales	f__Lachnospiraceae	g__Lachnospira	NA
6ec1023583647a401269990c4e8ad716	9.007722144675972	1.1111197774681874	0.8370928847469482	1.327355419827845	0.1843911392193295	0.4248316399090593	d__Bacteria	p__Bacillota	c__Clostridia	o__Lachnospirales	f__Lachnospiraceae	g__Lachnospira	NA
72ec78ecd4c30c1ddc64900630f35387	3.5601668775275686	0.0024152707979196797	0.7779994921837888	0.003104463206190775	0.9975230007169598	0.9979603417267243	d__Bacteria	p__Bacillota	c__Clostridia	o__Lachnospirales	f__Lachnospiraceae	g__Lachnospira	NA
8094452ae907e0be14f59f5de20259c1	1.1533924071768649	0.0024142977496893017	0.5113837449052252	0.0047211077273031895	0.9962331150277637	NA	d__Bacteria	p__Bacillota	c__Clostridia	o__Lachnospirales	f__Lachnospiraceae	g__Lachnospira	NA
64b444282c9c6386523de447cecc63a9	1.168282100613917	0.002414302868435499	0.5121954663836109	0.004713635763865385	0.9962390767256946	NA	d__Bacteria	p__Bacillota	c__Clostridia	o__Lachnospirales	f__Lachnospiraceae	g__Anaerostipes	NA
33518e48b174ac428cb7be1a216c6c6e	64.2303776033193	-0.9392603969368541	0.8620683892552419	-1.0895427887667937	0.2759145965001259	0.5201059370955624	d__Bacteria	p__Bacillota	c__Clostridia	o__Lachnospirales	f__Lachnospiraceae	g__Anaerostipes	NA
d380b9ae91e3875a70ff329e4889cb72	12.235083132098795	-2.625991009236148	0.8863822597053246	-2.962594276321766	0.0030505837443710435	0.0233820501266853	d__Bacteria	p__Bacillota	c__Clostridia	o__Lachnospirales	f__Lachnospiraceae	g__Anaerostipes	NA
c9dac07685d8b10f80d2f996451acb5c	1.1543204856627858	0.002414298205878929	0.5114202494167575	0.004720771632785921	0.9962333831894017	NA	d__Bacteria	p__Bacillota	c__Clostridia	o__Lachnospirales	f__Lachnospiraceae	g__Anaerostipes	NA
05dbbf0301a9625e1f1a41470a92f7fe	4.202023760340045	3.0432685483812523	0.7525620215261933	4.043877396589205	5.257441930568227e-5	0.0010036399493903966	d__Bacteria	p__Bacillota	c__Clostridia	o__Lachnospirales	f__Lachnospiraceae	g__Anaerostipes	NA
1978fc46fbfd9b795e153be14136a976	1.1968864384074758	0.0024143191119962394	0.5142906773373617	0.004694464081083288	0.9962543733461474	0.9979603417267243	d__Bacteria	p__Bacillota	c__Clostridia	o__Lachnospirales	f__Lachnospiraceae	g__CHKCI001	NA
0243b68c76049aa1b8c51a20333da950	17.517947043927016	-0.5819028824198832	0.8392366875095815	-0.6933715971672648	0.4880763819836276	0.818832546503979	d__Bacteria	p__Bacillota	c__Clostridia	o__Lachnospirales	f__Lachnospiraceae	g__Lachnospiraceae_ND3007_group	NA
79ba9fd704fc7264b695cc0504c337a9	1.7000235785161502	0.826585830513577	0.5728789273698551	1.442863039680157	0.1490590566397495	0.3716028351275998	d__Bacteria	p__Bacillota	c__Clostridia	o__Lachnospirales	f__Lachnospiraceae	g__Lachnospiraceae_FCS020_group	NA
8ac806edce9a692df56a9eea816a15f0	1.1825157126811798	0.002414309708042093	0.5131406452267674	0.004704966816602805	0.9962459934681753	NA	d__Bacteria	p__Bacillota	c__Clostridia	o__Lachnospirales	f__Lachnospiraceae	g__Lachnospiraceae_FCS020_group	NA
cb89e1b7ff82a658c8def6e75f5c14bc	1.5708325640746683	-0.1334553682461615	0.5022207381468048	-0.26573050077265226	0.7904467714194889	0.9979603417267243	d__Bacteria	p__Bacillota	c__Clostridia	o__Lachnospirales	f__Lachnospiraceae	g__Lachnotalea	NA
9d2b385c3ad2c3abfa96058922b00164	1.2980412230940925	0.0024145027144805405	0.5327566711084084	0.004532092877330153	0.9963839254440056	0.9979603417267243	d__Bacteria	p__Bacillota	c__Clostridia	o__Lachnospirales	f__Lachnospiraceae	NA	NA
207bd5f725f7774412e65aafed0a542a	1.1539688576006497	0.40093398035083233	0.48855497004286935	0.8206527513488431	0.4118440910339385	NA	d__Bacteria	p__Bacillota	c__Clostridia	o__Lachnospirales	f__Lachnospiraceae	NA	NA
8106e288d2867ba56a2ae344c81b1433	1.2126636240550261	0.5875086032688086	0.48415334453042513	1.2134762878455927	0.2249477748330858	0.4618923879148993	d__Bacteria	p__Bacillota	c__Clostridia	o__Lachnospirales	f__Lachnospiraceae	NA	NA
eafd20ce1f25fbd8c737f0086f81c11b	1.4871158069903678	0.05086765139795724	0.6469515173468363	0.07862668226912381	0.93732956385297	0.9979603417267243	d__Bacteria	p__Bacillota	c__Negativicutes	o__Veillonellales-Selenomonadales	f__Veillonellaceae	g__Veillonella	NA
bd2ca363f08c9385869967132dfb8470	1.0387111791071326	0.0024142986317507334	0.5079083724409144	0.004753413731197337	0.9962073388552678	NA	d__Bacteria	p__Bacillota	c__Negativicutes	o__Veillonellales-Selenomonadales	f__Veillonellaceae	g__Veillonella	NA
3916a456bb0a3bfd02c15fd537ff5923	2.587234297349142	1.8506587946847952	0.7261611213990857	2.54855119635041	0.010817140828501819	0.058528200178627976	d__Bacteria	p__Bacillota	c__Negativicutes	o__Veillonellales-Selenomonadales	f__Veillonellaceae	g__Megasphaera	NA
7c5414ff08bdf3d67f274b04bacc6afa	2.422000537490427	-3.0518806431081145	0.5699463044195271	-5.354680992653091	8.570749195012674e-8	5.715618369424077e-6	d__Bacteria	p__Bacillota	c__Negativicutes	o__Veillonellales-Selenomonadales	f__Veillonellaceae	g__Megasphaera	NA
0c3534a03d2c2fdf8fa8793408f02414	3.574816865926882	0.7962870922835286	0.7196604463187062	1.1064761115562098	0.2685204980829628	0.5104665424256126	d__Bacteria	p__Bacillota	c__Negativicutes	o__Veillonellales-Selenomonadales	f__Veillonellaceae	g__Megasphaera	NA
1013aa8b7d7ddd27b585a4b0acfc9a3d	1.2106571077667772	0.0024143312763193637	0.5156658271923907	0.004681968726654823	0.9962643430869627	0.9979603417267243	d__Bacteria	p__Bacillota	c__Negativicutes	o__Veillonellales-Selenomonadales	f__Veillonellaceae	g__Megasphaera	NA
7971dc6acc750166c08ed54c1289d242	1.0531791811445184	0.002414296152872495	0.508193209024343	0.004750744618385579	0.9962094684751255	NA	d__Bacteria	p__Bacillota	c__Negativicutes	o__Veillonellales-Selenomonadales	f__Veillonellaceae	g__Megasphaera	NA
bffd79a65e1cd0c98d984f7df8f1ed09	9.885092718020527	1.9990966439568802	0.8764410356260186	2.2809254276061806	0.022552860005692336	0.09943761002509803	d__Bacteria	p__Bacillota	c__Negativicutes	o__Veillonellales-Selenomonadales	f__Veillonellaceae	g__Megasphaera	NA
2556faf779ac746aeedfd18da60768b7	1.0386837729171505	0.11789966199438341	0.5208770736522577	0.2263483419757774	0.8209305023932715	NA	d__Bacteria	p__Bacillota	c__Negativicutes	o__Veillonellales-Selenomonadales	f__Veillonellaceae	g__Megasphaera	NA
65ee892164739be97dc995df1a0284d7	1.0531791811445184	0.002414296152872495	0.508193209024343	0.004750744618385579	0.9962094684751255	NA	d__Bacteria	p__Bacillota	c__Negativicutes	o__Veillonellales-Selenomonadales	f__Veillonellaceae	g__Megasphaera	NA
a621d0a24e3cd33bdf02fb2d2b740604	1.2406168109377542	0.6721749844257445	0.4978473530148555	1.3501628166850717	0.1769637624509384	0.4100365221935781	d__Bacteria	p__Bacillota	c__Negativicutes	o__Veillonellales-Selenomonadales	f__Veillonellaceae	g__Megasphaera	NA
21dde35caddb538971208d819a394915	1.1544292663324598	0.4009880729562043	0.48857128413574225	0.8207360644732361	0.4117966235425852	NA	d__Bacteria	p__Bacillota	c__Negativicutes	o__Veillonellales-Selenomonadales	f__Veillonellaceae	g__Megasphaera	NA
0aaa057639ebb1839d1e83826e18fa71	1.0531791811445184	0.002414296152872495	0.508193209024343	0.004750744618385579	0.9962094684751255	NA	d__Bacteria	p__Bacillota	c__Negativicutes	o__Veillonellales-Selenomonadales	f__Veillonellaceae	g__Megasphaera	NA
219df5620d57114ac1db225525df47c2	1.314096529237143	-1.2524287652686978	0.43820349807948317	-2.858098510755218	0.0042618805848148	0.029252502538756636	d__Bacteria	p__Bacillota	c__Negativicutes	o__Veillonellales-Selenomonadales	f__Veillonellaceae	g__Megasphaera	NA
ec6f74df6166e931d81a28b9dd967364	1.3416377309121823	-1.3417462999687468	0.44225111001460127	-3.0339014862494027	0.0024141324838401097	0.019409925687508142	d__Bacteria	p__Bacillota	c__Negativicutes	o__Veillonellales-Selenomonadales	f__Veillonellaceae	g__Megasphaera	NA
a655eb52d5d96245b8e0d409b55de959	1.0531791811445184	0.002414296152872495	0.508193209024343	0.004750744618385579	0.9962094684751255	NA	d__Bacteria	p__Bacillota	c__Negativicutes	o__Veillonellales-Selenomonadales	f__Veillonellaceae	g__Megasphaera	NA
e39c3730a3fcf2fd3b9a4f28caecbb71	1.3121607499506653	0.002414543262581281	0.5368913898790854	0.004497265756347976	0.9964117131829422	0.9979603417267243	d__Bacteria	p__Bacillota	c__Negativicutes	o__Veillonellales-Selenomonadales	f__Veillonellaceae	g__Megasphaera	NA
6d7f932303cb8ce3b13ec6d15b25682e	21.96580004019351	-5.889835130981614	0.9681974308032213	-6.083299690328013	1.1773398316148094e-9	1.3958017781477798e-7	d__Bacteria	p__Bacillota	c__Negativicutes	o__Veillonellales-Selenomonadales	f__Veillonellaceae	g__Megasphaera	NA
aae4574580ba9b7a3f8a526abf671792	1.0387186569978308	-0.06470137561885686	0.5123242346852679	-0.12628989854170056	0.8995024520344506	NA	d__Bacteria	p__Bacillota	c__Negativicutes	o__Veillonellales-Selenomonadales	f__Veillonellaceae	g__Megasphaera	NA
a8811e6892c7fdec1f8377a864732532	1.0387111791071326	0.0024142986317507373	0.5079083724409144	0.004753413731197345	0.9962073388552678	NA	d__Bacteria	p__Bacillota	c__Negativicutes	o__Veillonellales-Selenomonadales	f__Veillonellaceae	g__Anaeroglobus	NA
5aedf0f91ae6d654bcfca7f68262deb9	1.0387111791071326	0.0024142986317507373	0.5079083724409144	0.004753413731197345	0.9962073388552678	NA	d__Bacteria	p__Bacillota	c__Negativicutes	o__Veillonellales-Selenomonadales	f__Veillonellaceae	g__Anaeroglobus	NA
02fc1f455a4d4d1a851b3752eef338d4	1.0531791811445184	0.002414296152872495	0.508193209024343	0.004750744618385579	0.9962094684751255	NA	d__Bacteria	p__Bacillota	c__Negativicutes	o__Veillonellales-Selenomonadales	f__Veillonellaceae	g__Anaeroglobus	NA
c92ac62278a485f343ab1c271bb2d30c	1.0531791811445184	0.002414296152872495	0.508193209024343	0.004750744618385579	0.9962094684751255	NA	d__Bacteria	p__Bacillota	c__Negativicutes	o__Veillonellales-Selenomonadales	f__Veillonellaceae	g__Anaeroglobus	NA
db11ebab656f855d357867467f755ec1	1.2119780225815395	-0.8821955219182964	0.4385689045970417	-2.011532310364913	0.04426926105228332	0.16137720528280095	d__Bacteria	p__Bacillota	c__Negativicutes	o__Veillonellales-Selenomonadales	f__Veillonellaceae	g__Anaeroglobus	NA
a40e8c857cf661836ffc29a2856520bd	1.3132339399792174	-1.2976966726691528	0.43908090348110634	-2.9554841997927896	0.0031217868662668322	0.0233820501266853	d__Bacteria	p__Bacillota	c__Negativicutes	o__Veillonellales-Selenomonadales	f__Veillonellaceae	g__Veillonella	NA
cdf842e24298a1da5f9dbe711773eaa4	1.0531791811445184	0.002414296152872495	0.508193209024343	0.004750744618385579	0.9962094684751255	NA	d__Bacteria	p__Bacillota	c__Negativicutes	o__Veillonellales-Selenomonadales	f__Veillonellaceae	g__Veillonella	NA
35a7f86c1be8b48f121d76d08410fefe	1.0531791811445184	0.002414296152872495	0.508193209024343	0.004750744618385579	0.9962094684751255	NA	d__Bacteria	p__Bacillota	c__Negativicutes	o__Veillonellales-Selenomonadales	f__Veillonellaceae	g__Veillonella	NA
923f521b9cf313f1f95c9367e09bbc1c	5.155416228681915	2.1020704483717054	0.7367744208369879	2.85307197009326	0.004329881416229788	0.029426646312848307	d__Bacteria	p__Bacillota	c__Negativicutes	o__Veillonellales-Selenomonadales	f__Veillonellaceae	g__Veillonella	NA
96fac9febdac9687a7b730f4eda6df18	1.1684083773560827	-0.6894512181786763	0.4486552337954244	-1.5367060634648673	0.1243653056131521	NA	d__Bacteria	p__Bacillota	c__Negativicutes	o__Veillonellales-Selenomonadales	f__Veillonellaceae	g__Veillonella	NA
3bae00d865b43e800a6f297f958ac2de	1.5586013527019797	0.11796784630305772	0.6464410930994062	0.18248816104411428	0.8551996444833492	0.9979603417267243	d__Bacteria	p__Bacillota	c__Negativicutes	o__Veillonellales-Selenomonadales	f__Veillonellaceae	g__Veillonella	NA
eae880eaa9c99650e399d9b4eb5dd3b0	1.038742922832062	0.11789394942079302	0.5208775888265549	0.22633715089640782	0.8209392057615048	NA	d__Bacteria	p__Bacillota	c__Negativicutes	o__Veillonellales-Selenomonadales	f__Veillonellaceae	g__Veillonella	NA
cd9401a6bce4a63af516d06d2a843f9d	12.19169947537938	4.9795423890149815	0.8764360426793736	5.681581024203322	1.3345526443048797e-8	1.3173129188972484e-6	d__Bacteria	p__Bacillota	c__Negativicutes	o__Veillonellales-Selenomonadales	f__Veillonellaceae	g__Veillonella	NA
76a2a89fb35336e7b117fc44ff915092	1.0242318376370572	-0.06470324221465922	0.5120586326510934	-0.12635904970426837	0.8994477158728273	NA	d__Bacteria	p__Bacillota	c__Negativicutes	o__Veillonellales-Selenomonadales	f__Veillonellaceae	g__Veillonella	NA
3d7f02d1487f9647971c794055b7541c	1.0386805954253813	0.002414298623663782	0.5079077491181422	0.004753419548836619	0.9962073342135157	NA	d__Bacteria	p__Bacillota	c__Negativicutes	o__Veillonellales-Selenomonadales	f__Veillonellaceae	g__Veillonella	NA
3752f2ba95ee52b598750e511f22b200	1.0386805954253813	-0.06470354653902072	0.5123236114550498	-0.12629428957071925	0.8994989763292248	NA	d__Bacteria	p__Bacillota	c__Negativicutes	o__Veillonellales-Selenomonadales	f__Veillonellaceae	g__Veillonella	NA
2740cf2417c92847cc298cbd71dd1fcd	9.958307290815984	1.7420342185893936	0.8563753776399892	2.034194658176786	0.04193197293482962	0.16094034216353673	d__Bacteria	p__Bacillota	c__Negativicutes	o__Veillonellales-Selenomonadales	f__Veillonellaceae	g__Veillonella	NA
50f065b532675ec8bab5c2d29c62757a	1.0386774672947785	-0.06470372441136593	0.5123235602098086	-0.12629464939084242	0.8994986915148221	NA	d__Bacteria	p__Bacillota	c__Negativicutes	o__Veillonellales-Selenomonadales	f__Veillonellaceae	g__Veillonella	NA
d0452a6bc7783084a83c0b0ce577e005	1.1542329893317134	-0.6191094173029105	0.45328544068398346	-1.365826831695074	0.1719933225372172	NA	d__Bacteria	p__Bacillota	c__Negativicutes	o__Veillonellales-Selenomonadales	f__Veillonellaceae	g__Veillonella	NA
209b0f9c375da503e050c43a24e70855	31.052718650946577	-0.45869594683836584	0.9369734734646049	-0.48955062211341627	0.62445192474728	0.9885611330939876	d__Bacteria	p__Bacillota	c__Negativicutes	o__Veillonellales-Selenomonadales	f__Veillonellaceae	g__Negativicoccus	NA
f1c14db955660c59d2d2ac233bb9bac8	7.905576694630138	2.006375822847573	0.7840825201602343	2.558883499197957	0.010500892572038963	0.058528200178627976	d__Bacteria	p__Bacillota	c__Negativicutes	o__Veillonellales-Selenomonadales	f__Veillonellaceae	g__Negativicoccus	NA
9e2e4c867168b068d94eb110dce64676	1.0531791811445184	0.002414296152872495	0.508193209024343	0.004750744618385579	0.9962094684751255	NA	d__Bacteria	p__Bacillota	c__Negativicutes	o__Veillonellales-Selenomonadales	f__Selenomonadaceae	g__Mitsuokella	NA
6221f5561c44216c6674b8199f23acf8	1.0531791811445184	0.002414296152872495	0.508193209024343	0.004750744618385579	0.9962094684751255	NA	d__Bacteria	p__Bacillota	c__Negativicutes	o__Veillonellales-Selenomonadales	f__Selenomonadaceae	g__Mitsuokella	NA
6dcaf5dafe4d20b4f82131ef8c1e5b19	1.1973852127878761	0.0024143194698061257	0.5143199387485521	0.00469419769274485	0.996254585890948	0.9979603417267243	d__Bacteria	p__Bacillota	c__Negativicutes	o__Veillonellales-Selenomonadales	f__Selenomonadaceae	g__Mitsuokella	NA
08a0cf376add32f3f4b57ec1e82a7a27	5.052896346472686	0.0024150438628089913	0.8777635765210521	0.002751360306360433	0.9978047348600363	0.9979603417267243	d__Bacteria	p__Bacillota	c__Negativicutes	o__Veillonellales-Selenomonadales	f__Selenomonadaceae	g__Megamonas	NA
b8ef84c56b07b2868d12614f0ba0bebe	1.038742922832062	0.11789394942079302	0.5208775888265549	0.22633715089640782	0.8209392057615048	NA	d__Bacteria	p__Bacillota	c__Negativicutes	o__Veillonellales-Selenomonadales	f__Selenomonadaceae	g__Selenomonas	NA
36fd6eb75e24fe3e4e6d664b393e88a4	4.9482986094940005	0.2340063685795077	0.7532122961165377	0.31067783915107783	0.7560455459299165	0.9979603417267243	d__Bacteria	p__Bacillota	c__Negativicutes	o__Veillonellales-Selenomonadales	f__Veillonellaceae	g__Negativicoccus	NA
0e04d44b3cf7d1bcaa9c22f31ed613d4	1.3992893105898223	0.002414809911736947	0.5668046506041607	0.004260391846049579	0.9966007094064556	0.9979603417267243	d__Bacteria	p__Bacillota	c__Negativicutes	o__Veillonellales-Selenomonadales	f__Veillonellaceae	g__Negativicoccus	NA
82d108a80782932ccbcbdbfd4713b2d9	1.168282100613917	0.44982440011265734	0.48692065417623664	0.9238145809888922	0.35558286227292896	NA	d__Bacteria	p__Bacillota	c__Negativicutes	o__Veillonellales-Selenomonadales	f__Veillonellaceae	g__Dialister	NA
d58adec53e61c18c84f74e8c07103ee7	1.1538942356802422	0.0024142979961525057	0.51140346707478	0.004720926140689372	0.9962332599113047	NA	d__Bacteria	p__Bacillota	c__Negativicutes	o__Veillonellales-Selenomonadales	f__Veillonellaceae	g__Megasphaera	NA
b47f0acc861ce9dc79d7967126bd1485	1.1398222527895048	0.0024142949286109806	0.5107492278221846	0.004726967359119549	0.9962284397701735	NA	d__Bacteria	p__Bacillota	c__Negativicutes	o__Veillonellales-Selenomonadales	f__Veillonellaceae	g__Dialister	NA
b484195da5a669012008758c2f88fb90	672.5046983168311	0.4737664948727744	0.8668614759535017	0.5465307987665	0.5847011228295922	0.9438367595448939	d__Bacteria	p__Bacillota	c__Negativicutes	o__Veillonellales-Selenomonadales	f__Veillonellaceae	g__Dialister	NA
9ea91b0bb64f8757ec697ebb82ff6a61	1.0387148832605266	-0.06470159141249184	0.5123241729176844	-0.1262903349729069	0.8995021065786138	NA	d__Bacteria	p__Bacillota	c__Negativicutes	o__Veillonellales-Selenomonadales	f__Veillonellaceae	g__Dialister	NA
b568a70a8d2541b99874d98a93085f82	1.0387111791071326	-0.06470180310896163	0.5123241122837576	-0.12629076312755247	0.8995017676740831	NA	d__Bacteria	p__Bacillota	c__Negativicutes	o__Veillonellales-Selenomonadales	f__Veillonellaceae	g__Dialister	NA
2a34b4dbdcda40879c7abd17a2ea0e33	1.0387111791071328	0.0024142986317507533	0.507908372440913	0.004753413731197389	0.9962073388552678	NA	d__Bacteria	p__Bacillota	c__Negativicutes	o__Veillonellales-Selenomonadales	f__Veillonellaceae	g__Dialister	NA
adc2434ddf9567262d641156d01c1d6a	1.0531791811445184	0.002414296152872495	0.508193209024343	0.004750744618385579	0.9962094684751255	NA	d__Bacteria	p__Bacillota	c__Negativicutes	o__Veillonellales-Selenomonadales	f__Veillonellaceae	g__Dialister	NA
5e0cc78647a8a34fc3bb336b6bdf20c0	1.0531791811445184	0.002414296152872495	0.508193209024343	0.004750744618385579	0.9962094684751255	NA	d__Bacteria	p__Bacillota	c__Negativicutes	o__Veillonellales-Selenomonadales	f__Veillonellaceae	g__Dialister	NA
818434292143daca42a3168f3728da82	484.451470159741	0.18742484208466131	1.1141613700784503	0.16822055325025706	0.8664097721947451	0.9979603417267243	d__Bacteria	p__Bacillota	c__Negativicutes	o__Veillonellales-Selenomonadales	f__Veillonellaceae	g__Dialister	NA
5437eb32e8402c12d07295689337b6d3	1.1395063707465674	0.0024142947883892558	0.5107380706925071	0.004727070345697406	0.9962283575996911	NA	d__Bacteria	p__Bacillota	c__Negativicutes	o__Veillonellales-Selenomonadales	f__Veillonellaceae	g__Dialister	NA
e021b1d10d3d00e2ef45a16fce40938e	70.90700257851053	1.980427861347694	1.0429324827389015	1.8989032311533582	0.05757720043614813	0.19380086077403802	d__Bacteria	p__Bacillota	c__Negativicutes	o__Veillonellales-Selenomonadales	f__Veillonellaceae	g__Dialister	NA
b38124656c88bcde00e621bad95ddf6e	1.0386805954253813	-0.06470354653902072	0.5123236114550498	-0.12629428957071925	0.8994989763292248	NA	d__Bacteria	p__Bacillota	c__Negativicutes	o__Veillonellales-Selenomonadales	f__Veillonellaceae	g__Dialister	NA
59110ea8f5189eb776e81aeb7d7d3592	1.0387264241175567	0.002414298635782492	0.5079086832146646	0.004753410830667179	0.9962073411695299	NA	d__Bacteria	p__Bacillota	c__Negativicutes	o__Veillonellales-Selenomonadales	f__Veillonellaceae	g__Dialister	NA
78e485ed362e52c2dd1ea76bad6f001c	114.78207516392818	0.8635035834962648	1.0539489295155111	0.8193030604369113	0.4126135269197346	0.7266943852415502	d__Bacteria	p__Bacillota	c__Negativicutes	o__Veillonellales-Selenomonadales	f__Veillonellaceae	g__Dialister	NA
a1580b985a39db6e693626a2e4f28d6d	1.0531791811445184	0.002414296152872495	0.508193209024343	0.004750744618385579	0.9962094684751255	NA	d__Bacteria	p__Bacillota	c__Negativicutes	o__Veillonellales-Selenomonadales	f__Veillonellaceae	g__Dialister	NA
8af49bc8a804f6d85ca5fa00a7c9dda8	1.0531791811445184	0.002414296152872495	0.508193209024343	0.004750744618385579	0.9962094684751255	NA	d__Bacteria	p__Bacillota	c__Negativicutes	o__Veillonellales-Selenomonadales	f__Veillonellaceae	g__Dialister	NA
9d4eb0396d0e34d9ef328a80e88e3b88	14.721302061322037	0.18381412952458925	0.7409298841365328	0.24808572775925097	0.804068078101331	0.9979603417267243	d__Bacteria	p__Bacillota	c__Negativicutes	o__Veillonellales-Selenomonadales	f__Veillonellaceae	g__Incertae_Sedis	NA
7a6dba47692f821cabeaf266b6b36593	211.4646220592501	-2.091786885233205	1.1053241170191423	-1.8924647105994328	0.05842909122248499	0.19604981237230026	d__Bacteria	p__Bacillota	c__Negativicutes	o__Veillonellales-Selenomonadales	f__Veillonellaceae	g__Incertae_Sedis	NA
94451b926d79f4c13eba64d580d5154f	4.9358836089037705	-4.443958387040411	0.644059301218654	-6.899921138677439	5.203141565232373e-12	1.6340538369044938e-9	d__Bacteria	p__Bacillota	c__Negativicutes	o__Veillonellales-Selenomonadales	f__Veillonellaceae	NA	NA
b6ecd20f301035741915d6c32bda2410	3.0743497438203997	1.712323497972473	0.7443347056788774	2.3004751557442598	0.021421315239208576	0.097204032051410455	d__Bacteria	p__Bacillota	c__Negativicutes	o__Veillonellales-Selenomonadales	f__Veillonellaceae	g__Allisonella	NA
af2ae83db0ea9b8d611094fb57b22401	1.0531791811445184	0.002414296152872495	0.508193209024343	0.004750744618385579	0.9962094684751255	NA	d__Bacteria	p__Bacillota	c__Negativicutes	o__Veillonellales-Selenomonadales	f__Veillonellaceae	g__Allisonella	NA
c83c84c8f82639c3bcb16c5630f257b2	1.0531791811445184	0.002414296152872495	0.508193209024343	0.004750744618385579	0.9962094684751255	NA	d__Bacteria	p__Bacillota	c__Negativicutes	o__Veillonellales-Selenomonadales	f__Veillonellaceae	g__Dialister	NA
961ee91f3e27eb4e3d627ce32dfb36d1	1.0531791811445184	0.002414296152872495	0.508193209024343	0.004750744618385579	0.9962094684751255	NA	d__Bacteria	p__Bacillota	c__Negativicutes	o__Veillonellales-Selenomonadales	f__Veillonellaceae	g__Dialister	NA
baeba615f83e60cde6f2d1b1b0d2ab78	1.3280712198548446	0.002414818755779977	0.5650961226462574	0.004273288488464149	0.9965904194682562	0.9979603417267243	d__Bacteria	p__Bacillota	c__Negativicutes	o__Veillonellales-Selenomonadales	f__Veillonellaceae	g__Dialister	NA
ed9cb66ccd99f149bc2a98551f7d4347	1.0531791811445184	0.002414296152872495	0.508193209024343	0.004750744618385579	0.9962094684751255	NA	d__Bacteria	p__Bacillota	c__Negativicutes	o__Veillonellales-Selenomonadales	f__Veillonellaceae	g__Dialister	NA
e7ab4b543a03582976d41c0df48b69fe	12.565100632706041	-1.828465525709681	0.8155946500277892	-2.2418802350498264	0.024969113778714504	0.10830099350361128	d__Bacteria	p__Bacillota	c__Negativicutes	o__Veillonellales-Selenomonadales	f__Veillonellaceae	g__Dialister	NA
2e0b5b83dd84d0a34978a4e9f1d9790a	1.0531791811445184	0.002414296152872495	0.508193209024343	0.004750744618385579	0.9962094684751255	NA	d__Bacteria	p__Bacillota	c__Negativicutes	o__Veillonellales-Selenomonadales	f__Veillonellaceae	g__Dialister	NA
be22632d5e3f6175707a3213d7a90ad2	1.0531791811445184	0.002414296152872495	0.508193209024343	0.004750744618385579	0.9962094684751255	NA	d__Bacteria	p__Bacillota	c__Negativicutes	o__Veillonellales-Selenomonadales	f__Veillonellaceae	g__Dialister	NA
4cb41777a79a421ce0ea64d1d234279c	2.6548971216911843	2.3377323543682245	0.6943426660298305	3.366828035694684	7.603808780336974e-4	0.00881876518328212	d__Bacteria	p__Bacillota	c__Negativicutes	o__Veillonellales-Selenomonadales	f__Veillonellaceae	g__Incertae_Sedis	NA
46696f3730b982d34aa92882f12376f1	1.0531791811445184	0.002414296152872495	0.508193209024343	0.004750744618385579	0.9962094684751255	NA	d__Bacteria	p__Bacillota	c__Negativicutes	o__Veillonellales-Selenomonadales	f__Veillonellaceae	NA	NA
f3185e97f35262dd6f654c91219ebdaf	1.0531791811445184	0.002414296152872495	0.508193209024343	0.004750744618385579	0.9962094684751255	NA	d__Bacteria	p__Bacillota	c__Negativicutes	o__Veillonellales-Selenomonadales	f__Veillonellaceae	g__Dialister	NA
f1ce4897644877cf6f1235176866dfed	29.391080934803476	-0.6784793587500373	0.9028897953701551	-0.7514531255410668	0.4523800008056542	0.7785313884832791	d__Bacteria	p__Bacillota	c__Negativicutes	o__Veillonellales-Selenomonadales	f__Veillonellaceae	g__Dialister	NA
5de7a1505c969891b68cdc23e3b5231a	1.0531791811445184	0.002414296152872495	0.508193209024343	0.004750744618385579	0.9962094684751255	NA	d__Bacteria	p__Bacillota	c__Negativicutes	o__Veillonellales-Selenomonadales	f__Veillonellaceae	g__Dialister	NA
b18d893504d87bc4f5fa46ff3229b88a	1.0531791811445184	0.002414296152872495	0.508193209024343	0.004750744618385579	0.9962094684751255	NA	d__Bacteria	p__Bacillota	c__Clostridia	o__Lachnospirales	f__Lachnospiraceae	NA	NA
ab9899b443255cd34e51705c7b8ea201	2.3167763831670367	0.07603128803812147	0.6224260266909933	0.12215313109949305	0.9027777443597441	0.9979603417267243	d__Bacteria	p__Bacillota	c__Clostridia	o__Lachnospirales	f__Lachnospiraceae	NA	NA
8ee6f70260b29cb40fdff8d4500ae32a	1.2971627608755072	0.8274225604874724	0.5154369893152457	1.605283628531777	0.10843140038787556	0.3020791232737943	d__Bacteria	p__Bacillota	c__Clostridia	o__Lachnospirales	f__Lachnospiraceae	NA	NA
2d0447008c3204f3ac97998db1edbbf2	1.0531791811445184	0.002414296152872495	0.508193209024343	0.004750744618385579	0.9962094684751255	NA	d__Bacteria	p__Bacillota	c__Clostridia	o__Lachnospirales	f__Lachnospiraceae	g__Butyribacter	NA
cbcf2a2f395a9ebf8aa80cbcece3720b	1.1966989339274532	0.5428465182618079	0.4846193455932092	1.120150326638992	0.262649707540737	0.5013367405115677	d__Bacteria	p__Bacillota	c__Negativicutes	o__Acidaminococcales	f__Acidaminococcaceae	g__Phascolarctobacterium	NA
96cf4779be686036f92ee15e58b72d52	5.559879923131277	-3.535371532460102	0.7754298271453435	-4.559241092743581	5.133880652671817e-6	1.565100187543094e-4	d__Bacteria	p__Bacillota	c__Negativicutes	o__Acidaminococcales	f__Acidaminococcaceae	g__Phascolarctobacterium	NA
e174d6cd70de66f236674a5e640b3f4f	1.0531791811445184	0.002414296152872495	0.508193209024343	0.004750744618385579	0.9962094684751255	NA	d__Bacteria	p__Bacillota	c__Negativicutes	o__Acidaminococcales	f__Acidaminococcaceae	g__Phascolarctobacterium	NA
d9c4244892c284aa32c616e0226da80e	1.038742922832062	0.002414298640146235	0.5079090195957152	0.004753407691141152	0.9962073436744809	NA	d__Bacteria	p__Bacillota	c__Negativicutes	o__Acidaminococcales	f__Acidaminococcaceae	g__Phascolarctobacterium	NA
e9377cd8cef1dcc7c0402be19c3790dc	1.038742922832062	0.002414298640146235	0.5079090195957152	0.004753407691141152	0.9962073436744809	NA	d__Bacteria	p__Bacillota	c__Negativicutes	o__Acidaminococcales	f__Acidaminococcaceae	g__Phascolarctobacterium	NA
c757acb17d61c9ba58047bacd3655b30	1.0387345039180496	-0.06470046811600559	0.5123244940043232	-0.12628806327471748	0.8995039047348368	NA	d__Bacteria	p__Bacillota	c__Negativicutes	o__Acidaminococcales	f__Acidaminococcaceae	g__Succiniclasticum	NA
456a3dc00de762135c0efae694625e3b	1.0387345039180496	-0.06470046811600559	0.5123244940043232	-0.12628806327471748	0.8995039047348368	NA	d__Bacteria	p__Bacillota	c__Negativicutes	o__Acidaminococcales	f__Acidaminococcaceae	g__Succiniclasticum	NA
1569f7ae988e26c905ab8fab427c8a0d	104.13790013866577	-3.5216351915495117	1.075039869958756	-3.2758182184300004	0.0010535634949298113	0.010846855822035302	d__Bacteria	p__Bacillota	c__Negativicutes	o__Acidaminococcales	f__Acidaminococcaceae	g__Phascolarctobacterium	NA
aac28e10889080104b51e14344404ddd	1.559705433281963	1.3772119288606424	0.5775723545150265	2.3844838107202233	0.017103100516277406	0.08183411771689683	d__Bacteria	p__Bacillota	c__Negativicutes	o__Acidaminococcales	f__Acidaminococcaceae	g__Phascolarctobacterium	NA
f06ec31a6699189d92309ca731efacbc	1.0531791811445184	0.002414296152872495	0.508193209024343	0.004750744618385579	0.9962094684751255	NA	d__Bacteria	p__Bacillota	c__Negativicutes	o__Acidaminococcales	f__Acidaminococcaceae	g__Acidaminococcus	NA
6bbff26a22040581ff0e24f9b5b40830	372.46654198212144	-1.566311306074677	1.2059142665137959	-1.2988579284352948	0.1939926901990039	0.43056679000723846	d__Bacteria	p__Bacillota	c__Negativicutes	o__Acidaminococcales	f__Acidaminococcaceae	g__Acidaminococcus	NA
55b7688dfd42d9b2545d67bb5b0f086c	1.0531791811445184	0.002414296152872495	0.508193209024343	0.004750744618385579	0.9962094684751255	NA	d__Bacteria	p__Bacillota	c__Negativicutes	o__Acidaminococcales	f__Acidaminococcaceae	g__Acidaminococcus	NA
bd2a5120a84197ef456dde8391d81854	1.0387148832605266	0.0024142986327304644	0.5079084479470138	0.004753413026479783	0.9962073394175448	NA	d__Bacteria	p__Bacillota	c__Negativicutes	o__Acidaminococcales	f__Acidaminococcaceae	g__Acidaminococcus	NA
e4eceefdcc718643cfd7adf006ad8b04	1.1682376906877614	-0.6894139033244315	0.44864933429568254	-1.5366430987950002	0.12438073228634584	NA	d__Bacteria	p__Bacillota	c__Negativicutes	o__Acidaminococcales	f__Acidaminococcaceae	g__Acidaminococcus	NA
bca3b58099e34284c059ac72237e501d	1.3998514345797644	1.0667629595713526	0.5404765227322226	1.9737452316682347	0.048410719200706435	0.1709443277213002	d__Bacteria	p__Bacillota	c__Negativicutes	o__Acidaminococcales	f__Acidaminococcaceae	g__Acidaminococcus	NA
0503d8e4bbf94c3a89cd23455a50d7ad	1.038745095909413	0.11789373858663973	0.5208776076547936	0.22633673794779946	0.8209395269144876	NA	d__Bacteria	p__Bacillota	c__Negativicutes	o__Acidaminococcales	f__Acidaminococcaceae	g__Acidaminococcus	NA
370a9ae9f5f667d72350dfcd46d58533	1.0531791811445184	0.002414296152872495	0.508193209024343	0.004750744618385579	0.9962094684751255	NA	d__Bacteria	p__Bacillota	c__Negativicutes	o__Acidaminococcales	f__Acidaminococcaceae	g__Acidaminococcus	NA
57aa8b53afbf7720e6685fe27c0e5659	1.1394730633019505	-0.5450430314579541	0.45855454907010107	-1.1886111097648955	0.23459273404139724	NA	d__Bacteria	p__Bacillota	c__Negativicutes	o__Acidaminococcales	f__Acidaminococcaceae	g__Phascolarctobacterium	NA
bed631629de0853f7f9d02d6e4d21546	1.1976259534092044	0.5429993467363632	0.48467014528449875	1.120348245129944	0.26256539043996335	0.5013367405115677	d__Bacteria	p__Bacillota	c__Negativicutes	o__Acidaminococcales	f__Acidaminococcaceae	g__Acidaminococcus	NA
cdd058255b32c7dd3dfe3b2a5f1f0cb7	1.139895723306289	0.35034916278661704	0.4904944670979793	0.7142775021693214	0.4750556010523082	NA	d__Bacteria	p__Bacillota	c__Negativicutes	o__Acidaminococcales	f__Acidaminococcaceae	g__Acidaminococcus	NA
396ffa76286336a3eeb1ea420e60f86b	2.6042369706404624	0.23923238299323502	0.6578491491314233	0.36365842124915754	0.716113095459367	0.9979603417267243	d__Bacteria	p__Bacillota	c__Clostridia	o__Lachnospirales	f__Lachnospiraceae	g__Butyribacter	NA
9484afed9f64641667938e294c07fe7c	25.622954650180137	3.035422179526597	0.9795551775605205	3.09877610681003	0.0019432180884180845	0.017007127633461898	d__Bacteria	p__Bacillota	c__Clostridia	o__Lachnospirales	f__Lachnospiraceae	NA	NA
c664f648f475bfd863f78a957eebe65a	1.2249732829142552	0.0024144627389700206	0.5270734110691463	0.004580885106824843	0.9963449952815366	0.9979603417267243	d__Bacteria	p__Bacillota	c__Clostridia	o__Lachnospirales	f__Lachnospiraceae	NA	NA
b1479e74e93e243fc221f7c8b415f507	1.456689504034929	0.00241511267537303	0.6070806836469099	0.003978240027115914	0.9968258320758037	0.9979603417267243	d__Bacteria	p__Bacillota	c__Clostridia	o__Lachnospirales	f__Lachnospiraceae	g__Roseburia	NA
d668488fa839c37c80ae10d320cf3665	1.0531791811445184	0.002414296152872495	0.508193209024343	0.004750744618385579	0.9962094684751255	NA	d__Bacteria	p__Bacillota	c__Clostridia	o__Lachnospirales	f__Lachnospiraceae	NA	NA
33ddca6781100b91d670de9a543e5aa7	1.3852131223310165	0.002415015966211871	0.5907352453707791	0.004088152831808891	0.996738135059221	0.9979603417267243	d__Bacteria	p__Bacillota	c__Clostridia	o__Lachnospirales	f__Lachnospiraceae	g__Shuttleworthia	NA
9cf3b2210a0be2963ef9c210aed1b36a	1.3121607499506651	0.0024145432625807214	0.536891389879086	0.004497265756346928	0.9964117131829431	0.9979603417267243	d__Bacteria	p__Bacillota	c__Clostridia	o__Lachnospirales	f__Lachnospiraceae	NA	NA
96040114b5274bdb987f28c63b6b6b87	1.2822379835041673	0.0024144616131196333	0.5286708298354764	0.0045670414875566695	0.9963560407760735	0.9979603417267243	d__Bacteria	p__Bacillota	c__Clostridia	o__Lachnospirales	f__Lachnospiraceae	NA	NA
fc00ed40b15cd5fa384b672502a3adc3	26.73884764116411	-4.142299373921692	0.8713760874282925	-4.753744604292428	1.996832554782452e-6	7.609358342688843e-5	d__Bacteria	p__Bacillota	c__Clostridia	o__Lachnospirales	f__Lachnospiraceae	g__Roseburia	NA
869eb4c4aad04548e2492b55091edbaa	1.0531791811445184	0.002414296152872495	0.508193209024343	0.004750744618385579	0.9962094684751255	NA	d__Bacteria	p__Bacillota	c__Clostridia	o__Lachnospirales	f__Lachnospiraceae	g__Roseburia	NA
769723e5a9c6312f2ee3ab2781ac8ad6	1.7577616264332088	0.002415121073842037	0.6225240880584494	0.0038795624461286375	0.996904564786467	0.9979603417267243	d__Bacteria	p__Bacillota	c__Clostridia	o__Lachnospirales	f__Lachnospiraceae	g__Shuttleworthia	NA
e0cdaf99e96ca363991154bd1da46a59	1.0531791811445184	0.002414296152872495	0.508193209024343	0.004750744618385579	0.9962094684751255	NA	d__Bacteria	p__Bacillota	c__Clostridia	o__Lachnospirales	f__Lachnospiraceae	NA	NA
545834b282c431706aeafbd5898d3507	1.0531791811445184	0.002414296152872495	0.508193209024343	0.004750744618385579	0.9962094684751255	NA	d__Bacteria	p__Bacillota	c__Clostridia	o__Lachnospirales	f__Lachnospiraceae	NA	NA
7923a583f5a586d281ae452dcbab9028	2.089008669611542	-2.7384782371024823	0.5527808382445923	-4.954003553738906	7.270187746363922e-7	2.9835732020655018e-5	d__Bacteria	p__Bacillota	c__Clostridia	o__Lachnospirales	f__Lachnospiraceae	g__Agathobacter	NA
3cdd5aad050b728ee09ba86a9f57e411	1.0531791811445184	0.002414296152872495	0.508193209024343	0.004750744618385579	0.9962094684751255	NA	d__Bacteria	p__Bacillota	c__Clostridia	o__Lachnospirales	f__Lachnospiraceae	g__Agathobacter	NA
263e41ea2c25dc87bd2ff5910cf30d40	403.0329588285747	-0.9920541716301537	0.9156937180727903	-1.083390823864201	0.27863498689730715	0.5234217095412442	d__Bacteria	p__Bacillota	c__Clostridia	o__Lachnospirales	f__Lachnospiraceae	g__Agathobacter	NA
26b89fe00155e0c877d2698656c41140	1.0387148832605266	0.0024142986327304644	0.5079084479470138	0.004753413026479783	0.9962073394175448	NA	d__Bacteria	p__Bacillota	c__Clostridia	o__Lachnospirales	f__Lachnospiraceae	g__Agathobacter	NA
a7c8fdf5ab5ea3c2955f9509d1732968	1.0387386692036873	0.002414298639021221	0.5079089328663855	0.004753408500606831	0.9962073430286281	NA	d__Bacteria	p__Bacillota	c__Clostridia	o__Lachnospirales	f__Lachnospiraceae	g__Agathobacter	NA
ac5a3f1c1dd4296798f1058147b20a31	1.0531791811445184	0.002414296152872495	0.508193209024343	0.004750744618385579	0.9962094684751255	NA	d__Bacteria	p__Bacillota	c__Clostridia	o__Lachnospirales	f__Lachnospiraceae	g__Agathobacter	NA
5f9b3bce3e6d7ebeeadaaa8da1c0f142	1.0531791811445184	0.002414296152872495	0.508193209024343	0.004750744618385579	0.9962094684751255	NA	d__Bacteria	p__Bacillota	c__Clostridia	o__Lachnospirales	f__Lachnospiraceae	g__Agathobacter	NA
1d6b8adff37cce201c5a358c6fc84393	1.0387264241175567	-0.06470093108887284	0.5123243617984352	-0.126288999534885	0.8995031636407089	NA	d__Bacteria	p__Bacillota	c__Clostridia	o__Lachnospirales	f__Lachnospiraceae	g__Agathobacter	NA
3b239fbcc133f26714a8f953dfc7d99d	1.0531791811445184	0.002414296152872495	0.508193209024343	0.004750744618385579	0.9962094684751255	NA	d__Bacteria	p__Bacillota	c__Clostridia	o__Lachnospirales	f__Lachnospiraceae	g__Agathobacter	NA
b617f914f18e645b8359842a1bf5b86d	1.0531791811445184	0.002414296152872495	0.508193209024343	0.004750744618385579	0.9962094684751255	NA	d__Bacteria	p__Bacillota	c__Clostridia	o__Lachnospirales	f__Lachnospiraceae	g__Agathobacter	NA
5c4563e3dd7e12dcdf279783af929eaa	94.90560544277655	0.42623196585533857	1.0524126885029566	0.40500458661482697	0.6854741395137516	0.9979603417267243	d__Bacteria	p__Bacillota	c__Clostridia	o__Lachnospirales	f__Lachnospiraceae	g__Agathobacter	NA
049be28aea0b2094a3273bc7b7974799	1.0531791811445184	0.002414296152872495	0.508193209024343	0.004750744618385579	0.9962094684751255	NA	d__Bacteria	p__Bacillota	c__Clostridia	o__Lachnospirales	f__Lachnospiraceae	g__Agathobacter	NA
63280465938679d0adf0f4d34361710b	1.0387148832605266	0.0024142986327304644	0.5079084479470138	0.004753413026479783	0.9962073394175448	NA	d__Bacteria	p__Bacillota	c__Clostridia	o__Lachnospirales	f__Lachnospiraceae	g__Agathobacter	NA
5348262d6a0043580764669cef6c6208	1.0531791811445184	0.002414296152872495	0.508193209024343	0.004750744618385579	0.9962094684751255	NA	d__Bacteria	p__Bacillota	c__Clostridia	o__Lachnospirales	f__Lachnospiraceae	g__Agathobacter	NA
d2a9961b13093f3af00cae14f9286821	1.0531791811445184	0.002414296152872495	0.508193209024343	0.004750744618385579	0.9962094684751255	NA	d__Bacteria	p__Bacillota	c__Clostridia	o__Lachnospirales	f__Lachnospiraceae	g__Roseburia	NA
8d0f4817a45a3269a4df41c6c4dbc1c2	1.0531791811445184	0.002414296152872495	0.508193209024343	0.004750744618385579	0.9962094684751255	NA	d__Bacteria	p__Bacillota	c__Clostridia	o__Lachnospirales	f__Lachnospiraceae	g__Roseburia	NA
601101d33cdf43a40bd674a50711af52	26.203652562945678	0.5857571520264584	0.9661976883490458	0.6062497965890904	0.5443488902569107	0.8991025787989531	d__Bacteria	p__Bacillota	c__Clostridia	o__Lachnospirales	f__Lachnospiraceae	g__Roseburia	NA
ab4040fe8717efa3f115680ae82cd72a	11.021029046947046	-0.5900465923925177	0.8083658147535705	-0.7299252165585364	0.46543589758857595	0.7945921643632169	d__Bacteria	p__Bacillota	c__Clostridia	o__Lachnospirales	f__Lachnospiraceae	g__Roseburia	NA
9e4392a483e801133756df91ce0ded9c	1.0531791811445184	0.002414296152872495	0.508193209024343	0.004750744618385579	0.9962094684751255	NA	d__Bacteria	p__Bacillota	c__Clostridia	o__Lachnospirales	f__Lachnospiraceae	g__Roseburia	NA
ec6732c2e0d4cf64b3d0350e7fe3defb	135.85933814068682	-0.2892623123482505	0.9915103251026083	-0.2917390823119423	0.7704861250635923	0.9979603417267243	d__Bacteria	p__Bacillota	c__Clostridia	o__Lachnospirales	f__Lachnospiraceae	g__Roseburia	NA
f70205fc13845ff93d04f8077970934f	1.0387264241175567	-0.06470093108887284	0.5123243617984352	-0.126288999534885	0.8995031636407089	NA	d__Bacteria	p__Bacillota	c__Clostridia	o__Lachnospirales	f__Lachnospiraceae	g__Roseburia	NA
fa2bd2f1500f2aadfa41c605e68f78c0	1.196340932619299	0.0024143187215184404	0.5142587483419557	0.004694754788912297	0.996254141397415	NA	d__Bacteria	p__Bacillota	c__Clostridia	o__Lachnospirales	f__Lachnospiraceae	g__Roseburia	NA
59fde92361d7af5a12b89009cc1665c3	1.167708582324343	0.002414302552495307	0.5121700260584219	0.004713869281018632	0.9962388904080333	NA	d__Bacteria	p__Bacillota	c__Clostridia	o__Lachnospirales	f__Lachnospiraceae	NA	NA
4912cd4c1f9a773f88a73c258c25c825	1.4540320852739037	0.0024151130849758614	0.6070806836843478	0.00397824070157963	0.9968258315376637	0.9979603417267243	d__Bacteria	p__Bacillota	c__Clostridia	o__Lachnospirales	f__Lachnospiraceae	g__Faecalicatena	NA
bf448678f2057e4c40f77ab168c0a053	1.0387186569978308	-0.06470137561885686	0.5123242346852679	-0.12628989854170056	0.8995024520344506	NA	d__Bacteria	p__Bacillota	c__Clostridia	o__Lachnospirales	f__Lachnospiraceae	NA	NA
7ea5bffdecae3f74c3914914602d1c63	1.0387111791071326	-0.06470180310896163	0.5123241122837576	-0.12629076312755247	0.8995017676740831	NA	d__Bacteria	p__Bacillota	c__Clostridia	o__Lachnospirales	f__Lachnospiraceae	NA	NA
7af6fc12809fdafab918881f836460f8	75.36716499133573	7.139808003996463	0.9931557295611008	7.189011543186399	6.526205711004835e-13	4.930826499848861e-10	d__Bacteria	p__Bacillota	c__Clostridia	o__Lachnospirales	f__Lachnospiraceae	NA	NA
07f7487d471e0b5065f782774391388d	1.0387264241175567	-0.06470093108887286	0.5123243617984352	-0.12628899953488504	0.8995031636407089	NA	d__Bacteria	p__Bacillota	c__Clostridia	o__Lachnospirales	f__Lachnospiraceae	NA	NA
dd0f100bf28e465b25e15a51d917bf1c	1.038742922832062	0.00241429864014624	0.5079090195957152	0.004753407691141162	0.9962073436744809	NA	d__Bacteria	p__Bacillota	c__Clostridia	o__Lachnospirales	f__Lachnospiraceae	NA	NA
bd5ef8f372e09bcf6ec35825be4f053c	82.95796052705104	0.5578289563588669	0.930854650382475	0.5992653698723671	0.5489959370381331	0.9025865405542188	d__Bacteria	p__Bacillota	c__Clostridia	o__Lachnospirales	f__Lachnospiraceae	g__Coprococcus	NA
20aa7b87c7033531cd5beba24d384812	1.0531791811445184	0.002414296152872495	0.508193209024343	0.004750744618385579	0.9962094684751255	NA	d__Bacteria	p__Bacillota	c__Clostridia	o__Lachnospirales	f__Lachnospiraceae	g__Coprococcus	NA
fe245489c9306325a5182ca0b26b3dd1	1.139964968448468	0.0024142949920187167	0.5107542729452378	0.004726920791277596	0.9962284769255205	NA	d__Bacteria	p__Bacillota	c__Clostridia	o__Lachnospirales	f__Lachnospiraceae	g__Coprococcus	NA
2bc2c164ee191217c7507105b2e375a4	1.1831437886119978	0.00241431010148397	0.5131725547695314	0.004704675024112016	0.996246226282322	NA	d__Bacteria	p__Bacillota	c__Clostridia	o__Lachnospirales	f__Lachnospiraceae	NA	NA
bfc5040baf564d53c8754c7150568997	1.0387264241175567	-0.06470093108887284	0.5123243617984352	-0.126288999534885	0.8995031636407089	NA	d__Bacteria	p__Bacillota	c__Clostridia	o__Lachnospirales	f__Lachnospiraceae	g__Mediterraneibacter	NA
664667183a91ac47de4771fa5456a698	1.312257971335853	0.0024145434163334836	0.5369061130433722	0.004497142717647606	0.9964118113526289	0.9979603417267243	d__Bacteria	p__Bacillota	c__Clostridia	o__Lachnospirales	f__Lachnospiraceae	g__Mediterraneibacter	NA
452e8489334d0ba0cf7eeccea28f1364	3.3482234366594104	-2.230394987424671	0.7027358499855466	-3.1738739207207716	0.0015041901427505354	0.013956268541868011	d__Bacteria	p__Bacillota	c__Clostridia	o__Lachnospirales	f__Lachnospiraceae	g__Mediterraneibacter	NA
496d7f479392def9414da33c9137e40a	1.8012196449934998	1.7695173041649166	0.5815452724484627	3.0427851243889763	0.0023439964184392894	0.019409925687508142	d__Bacteria	p__Bacillota	c__Clostridia	o__Lachnospirales	f__Lachnospiraceae	g__Dorea	NA
c24e0e391aa836b5eae25567c7eb89ee	196.3671401219127	0.6865218981089262	0.9210889723132994	0.7453372244645791	0.45606788316207425	0.7823543912121114	d__Bacteria	p__Bacillota	c__Clostridia	o__Lachnospirales	f__Lachnospiraceae	g__[Ruminococcus]_gnavus_group	NA
37995083dd80edb84b26af5e4905d7ba	4.202118816514666	3.4507184081362023	0.7291429231419846	4.732567921343249	2.216970837041539e-6	8.156923734908008e-5	d__Bacteria	p__Bacillota	c__Clostridia	o__Lachnospirales	f__Lachnospiraceae	g__[Ruminococcus]_gnavus_group	NA
5c74ba2a11ae3d0b382f1d1843692e02	1.0242706671663018	-0.06470164255853679	0.5120592616578702	-0.12635577051971547	0.8994503114796424	NA	d__Bacteria	p__Bacillota	c__Clostridia	o__Lachnospirales	f__Lachnospiraceae	g__[Ruminococcus]_gnavus_group	NA
d1a75593a480570277f05ec729b865de	1.4866226705451746	0.0024151959494918985	0.6208001205103216	0.0038904566376477415	0.9968958725448491	0.9979603417267243	d__Bacteria	p__Bacillota	c__Clostridia	o__Lachnospirales	f__Lachnospiraceae	g__[Ruminococcus]_gnavus_group	NA
4b5cfdee8130f5fcedcfe5134e44e5d6	1.0387148832605266	0.0024142986327304644	0.5079084479470138	0.004753413026479783	0.9962073394175448	NA	d__Bacteria	p__Bacillota	c__Clostridia	o__Lachnospirales	f__Lachnospiraceae	g__[Ruminococcus]_gnavus_group	NA
60d285e5faed1d8b89692b7e17cedd83	1.0387186569978308	-0.06470137561885686	0.5123242346852679	-0.12628989854170056	0.8995024520344506	NA	d__Bacteria	p__Bacillota	c__Clostridia	o__Lachnospirales	f__Lachnospiraceae	g__[Ruminococcus]_gnavus_group	NA
5149bdbf03de13bb38557d48d5141b87	11.96307310140116	-0.6140700335409802	0.8209217436092822	-0.7480250563727874	0.4544450442377065	0.7808258650589901	d__Bacteria	p__Bacillota	c__Clostridia	o__Lachnospirales	f__Lachnospiraceae	g__Lachnoclostridium	NA
2e4f2b53b856c4def6d021d01f5abb70	181.7835270730092	-1.4560708078779108	0.9099640620568918	-1.6001410040156903	0.1095673063612756	0.3044487392903153	d__Bacteria	p__Bacillota	c__Clostridia	o__Lachnospirales	f__Lachnospiraceae	g__Dorea	NA
836219a248a828d153d0ca03cf5b2003	1.0242359181989125	-0.06470041732283963	0.5120585203002742	-0.12635356069243592	0.8994520606476576	NA	d__Bacteria	p__Bacillota	c__Clostridia	o__Lachnospirales	f__Lachnospiraceae	g__[Ruminococcus]_gnavus_group	NA
9f1c7313b24bc98241173ae7db699bd0	2.407411766502362	0.8625181909934381	0.6805630741889909	1.2673596668777223	0.2050267146139079	0.4457237187524575	d__Bacteria	p__Bacillota	c__Clostridia	o__Lachnospirales	f__Lachnospiraceae	NA	NA
421cbd1d71d34704c6d53377261e213c	6.501038270389747	0.927107027037893	0.749322287653103	1.2372607118648724	0.21599030859285864	0.4618923879148993	d__Bacteria	p__Bacillota	c__Clostridia	o__Lachnospirales	f__Lachnospiraceae	g__[Eubacterium]_ventriosum_group	NA
d084b32d5ad7ee012fef1f2de8889355	1.0387386692036873	0.002414298639021221	0.5079089328663855	0.004753408500606831	0.9962073430286281	NA	d__Bacteria	p__Bacillota	c__Clostridia	o__Lachnospirales	f__Lachnospiraceae	g__[Eubacterium]_ventriosum_group	NA
1b5d50e4ae6a2cb153f3b2ca04699419	1.3839981301794375	-0.06471324250883109	0.5564784360971742	-0.11629065622505208	0.9074221906223964	0.9979603417267243	d__Bacteria	p__Bacillota	c__Clostridia	o__Lachnospirales	f__Lachnospiraceae	g__[Eubacterium]_ventriosum_group	NA
e220e84c750738e230e8ecfe97decc4c	2.764027109406572	-2.0489726836323845	0.6412033479763934	-3.1955115176781943	0.0013958321163041278	0.01329779346514736	d__Bacteria	p__Bacillota	c__Clostridia	o__Lachnospirales	f__Lachnospiraceae	g__Faecalimonas	NA
b1376d4b55b95caf907587f740305357	1.0387386692036873	0.002414298639021212	0.5079089328663855	0.004753408500606813	0.9962073430286281	NA	d__Bacteria	p__Bacillota	c__Clostridia	o__Lachnospirales	f__Lachnospiraceae	g__Enterocloster	NA
be83625131875728eb43add055111b7c	1.8744126387709514	0.0024154404973660876	0.6924086449404347	0.0034884609182975735	0.9972166165376597	0.9979603417267243	d__Bacteria	p__Bacillota	c__Clostridia	o__Lachnospirales	f__Lachnospiraceae	g__Enterocloster	NA
34eca2881193c58b0a145254ea4189fd	1.0531791811445184	0.002414296152872495	0.508193209024343	0.004750744618385579	0.9962094684751255	NA	d__Bacteria	p__Bacillota	c__Clostridia	o__Lachnospirales	f__Lachnospiraceae	g__Enterocloster	NA
f61600d5c3675e9acf990fe6958aca07	2.0793096850483788	0.0024154438703676263	0.7097590569049594	0.0034031885142834705	0.9972846536683367	0.9979603417267243	d__Bacteria	p__Bacillota	c__Clostridia	o__Lachnospirales	f__Lachnospiraceae	g__Enterocloster	NA
794c48d1c110499dbd6338457f2ed417	2.1001439138333255	-1.3646856437748849	0.5477169065175682	-2.4915894096672586	0.01271729546372583	0.0658706517465799	d__Bacteria	p__Bacillota	c__Clostridia	o__Lachnospirales	f__Lachnospiraceae	g__Enterocloster	NA
be113850f984a95296ddceeb1a1d09df	1.3432502980822754	1.0037279002374533	0.5382637395585302	1.864751099638784	0.06221630051217428	0.2010762225163025	d__Bacteria	p__Bacillota	c__Clostridia	o__Lachnospirales	f__Lachnospiraceae	g__Enterocloster	NA
03d0319e5420b1360552b439576b2fd1	1.0386805954253813	0.002414298623663782	0.5079077491181422	0.004753419548836619	0.9962073342135157	NA	d__Bacteria	p__Bacillota	c__Clostridia	o__Lachnospirales	f__Lachnospiraceae	g__Enterocloster	NA
770d3a65e5e65a156b1c584c2b25adf6	1.0531791811445184	0.002414296152872495	0.508193209024343	0.004750744618385579	0.9962094684751255	NA	d__Bacteria	p__Bacillota	c__Clostridia	o__Lachnospirales	f__Lachnospiraceae	g__Enterocloster	NA
5d66e4011eca075a126ddc7ef27f5595	1.0387225030027176	0.0024142986347454954	0.5079086032774005	0.004753411576741685	0.9962073405742553	NA	d__Bacteria	p__Bacillota	c__Clostridia	o__Lachnospirales	f__Lachnospiraceae	g__Enterocloster	NA
c67445ed68d61f49e41b7bdd1de019fb	434.0479769456085	2.7142176008573906	0.8962871685511982	3.028290146387773	0.0024594182726170575	0.0194520039865535	d__Bacteria	p__Bacillota	c__Clostridia	o__Lachnospirales	f__Lachnospiraceae	g__Enterocloster	NA
5225de25bf8902d5a02c4af6e90cb5e8	1.1684083773560827	-0.6894512181786763	0.4486552337954244	-1.5367060634648673	0.1243653056131521	NA	d__Bacteria	p__Bacillota	c__Clostridia	o__Lachnospirales	f__Lachnospiraceae	g__[Ruminococcus]_gauvreauii_group	NA
d00a358047dbcb9ce8d036d8f18962a7	1.5432850741468054	1.0020216121434817	0.5702306828576366	1.7572214934524066	0.07888006308456329	0.2350978416514777	d__Bacteria	p__Bacillota	c__Clostridia	o__Lachnospirales	f__Lachnospiraceae	g__Extibacter	NA
deeae5ebd73410f1931afba21ddc5f63	1.557403743968395	0.4005912097563565	0.6078904179022655	0.6589858927843179	0.5099048276642083	0.8501069548714223	d__Bacteria	p__Bacillota	c__Clostridia	o__Lachnospirales	f__Lachnospiraceae	g__Extibacter	NA
a248d70e41d75f4773ef7c94e831a21a	20.62729518851841	-0.6774845969769074	0.9579909039479166	-0.7071931415893072	0.4794464600653228	0.8107280077491275	d__Bacteria	p__Bacillota	c__Clostridia	o__Lachnospirales	f__Lachnospiraceae	g__Faecalimonas	NA
9624ce4cefb03530aaafca65b645cfcc	1.0243024108912309	0.0024143015007227053	0.5076416077657767	0.004755917292415187	0.9962053413250042	NA	d__Bacteria	p__Bacillota	c__Clostridia	o__Lachnospirales	f__Lachnospiraceae	g__Extibacter	NA
ea98cf5f7face95ade2d7795b0339265	1.2117802525080257	0.5873432769263542	0.48409603088685166	1.2132784395078726	0.22502338321136636	0.4618923879148993	d__Bacteria	p__Bacillota	c__Clostridia	o__Lachnospirales	f__Lachnospiraceae	NA	NA
8affc3372dd79282c7f4f49b2bc24d60	1.0387386692036873	0.002414298639021212	0.5079089328663855	0.004753408500606813	0.9962073430286281	NA	d__Bacteria	p__Bacillota	c__Clostridia	o__Lachnospirales	f__Lachnospiraceae	g__Lachnoclostridium	NA
67e8859e108281ee7971084bfa759522	187.18863993497854	1.9783401651956185	0.9650178359432372	2.05005554458165	0.040359010855473186	0.15602559631445612	d__Bacteria	p__Bacillota	c__Clostridia	o__Lachnospirales	f__Lachnospiraceae	g__Lachnoclostridium	NA
a83874fd792e8ebbe5e3e4931548337a	1.0387111791071328	0.0024142986317507533	0.507908372440913	0.004753413731197389	0.9962073388552678	NA	d__Bacteria	p__Bacillota	c__Clostridia	o__Lachnospirales	f__Lachnospiraceae	g__Lachnoclostridium	NA
ce546184b8868a04258ac2285a351da1	1.0387111791071326	-0.06470180310896163	0.5123241122837576	-0.12629076312755247	0.8995017676740831	NA	d__Bacteria	p__Bacillota	c__Clostridia	o__Lachnospirales	f__Lachnospiraceae	g__Lachnoclostridium	NA
8f4496a6a6bdcbfbe4cdea4292d96d70	5.9783211036799715	-1.9678150995892725	0.8098882178139408	-2.429736667735235	0.015109796463479597	0.07492945174666904	d__Bacteria	p__Bacillota	c__Clostridia	o__Lachnospirales	f__Lachnospiraceae	g__Moryella	NA
b4efe03198767cdc475cfa45d91e1670	1.0531791811445184	0.002414296152872495	0.508193209024343	0.004750744618385579	0.9962094684751255	NA	d__Bacteria	p__Bacillota	c__Clostridia	o__Lachnospirales	f__Lachnospiraceae	g__Moryella	NA
0b1dbb89f4c3b96aa67893b4b6a89ce0	1.1680465674183298	-0.6893720840159104	0.4486427398757151	-1.5365724723571437	0.12439803790891298	NA	d__Bacteria	p__Bacillota	c__Clostridia	o__Lachnospirales	f__Lachnospiraceae	g__Moryella	NA
d4b167f0fb11588dad2ab415a535461c	1.3567694221223319	0.0024149493434733483	0.5812266037148283	0.004154918801098468	0.9966848639756091	0.9979603417267243	d__Bacteria	p__Bacillota	c__Clostridia	o__Lachnospirales	f__Lachnospiraceae	g__Moryella	NA
bed00446163a7786d89d581534b8a6db	3.238609365523712	1.7872225212476733	0.6906884667045582	2.5875957213748544	0.00966483384782697	0.05514640489642447	d__Bacteria	p__Bacillota	c__Clostridia	o__Lachnospirales	f__Lachnospiraceae	g__Moryella	NA
053498cdf4623851e84f48b1dc827ffa	1.1395063707465674	0.3503077419411993	0.490482260459187	0.714210829181147	0.4750968215718361	NA	d__Bacteria	p__Bacillota	c__Clostridia	o__Lachnospirales	f__Lachnospiraceae	g__Moryella	NA
7e87735c204e7966d544fda276496db7	1.0531791811445184	0.002414296152872495	0.508193209024343	0.004750744618385579	0.9962094684751255	NA	d__Bacteria	p__Bacillota	c__Clostridia	o__Lachnospirales	f__Lachnospiraceae	g__Stomatobaculum	NA
ed4a03b1e46ddd4d47f13068cfbb5011	1.2689971551496408	0.7520336877795768	0.5071063117534991	1.4829901942635162	0.13807701604751738	0.35960153981584003	d__Bacteria	p__Bacillota	c__Clostridia	o__Lachnospirales	f__Lachnospiraceae	g__Moryella	NA
cdb51e76d8a1285c98a2b962844419db	3.138559319093005	0.0024153594368386496	0.7830758793488746	0.003084451329093439	0.9975389678082802	0.9979603417267243	d__Bacteria	p__Bacillota	c__Clostridia	o__Lachnospirales	f__Lachnospiraceae	g__Moryella	NA
1544a917781a731ce08f46b1340b6bc0	1.1978592015183742	0.0024143198105292443	0.5143478060649029	0.004693944023987134	0.9962547882871035	0.9979603417267243	d__Bacteria	p__Bacillota	c__Clostridia	o__Lachnospirales	f__Lachnospiraceae	NA	NA
534cd2b914aca908f5add4d4e610e867	1.2409058363753223	0.002414535220075981	0.5339354331512711	0.004522148316371262	0.9963918599743498	0.9979603417267243	d__Bacteria	p__Pseudomonadota	c__Gammaproteobacteria	o__Enterobacterales	f__Enterobacteriaceae	g__Escherichia-Shigella	NA
e529807be3e770854166f88b7d84ffb9	1.2409058363753223	0.002414535220075981	0.5339354331512711	0.004522148316371262	0.9963918599743498	0.9979603417267243	d__Bacteria	p__Pseudomonadota	c__Gammaproteobacteria	o__Enterobacterales	f__Enterobacteriaceae	g__Escherichia-Shigella	NA
3255e1d0697c4bddcb23a990175b6302	1.2404266249883102	0.6720927912885013	0.4979384809722821	1.3497506558966137	0.17709597761082385	0.4100365221935781	d__Bacteria	p__Pseudomonadota	c__Gammaproteobacteria	o__Enterobacterales	f__Enterobacteriaceae	g__Escherichia-Shigella	NA
b813a59e34c790af75c0805553f8aa4f	1.1822869864377934	-0.7564343617634937	0.4446411429620476	-1.7012244002531705	0.08890085767022488	NA	d__Bacteria	p__Pseudomonadota	c__Gammaproteobacteria	o__Enterobacterales	f__Enterobacteriaceae	g__Escherichia-Shigella	NA
54182fbde6df75e40927ec139f146d60	1.2843593057577014	-1.155480526627305	0.4351766284034938	-2.655198949599721	0.007926164663444948	0.046836736855934584	d__Bacteria	p__Pseudomonadota	c__Gammaproteobacteria	o__Enterobacterales	f__Enterobacteriaceae	g__Escherichia-Shigella	NA
f4084ff26b7403151eacd101315e4bc1	1.1390762320293868	0.002414294597723047	0.5107228991193987	0.004727210395080844	0.9962282458576988	NA	d__Bacteria	p__Pseudomonadota	c__Gammaproteobacteria	o__Enterobacterales	f__Enterobacteriaceae	g__Escherichia-Shigella	NA
ae3202798dd65f0f9c9de3117a56ccb9	1.2846079472883842	0.0024144650887095577	0.5289852363240555	0.004564333601232039	0.9963582013342452	0.9979603417267243	d__Bacteria	p__Pseudomonadota	c__Gammaproteobacteria	o__Enterobacterales	f__Enterobacteriaceae	g__Escherichia-Shigella	NA
12f9203b937a20a91b08aab804b28cd9	2.1309099900205717	0.3999183699798771	0.6661077906498917	0.600380862667429	0.548252438883664	0.9025865405542188	d__Bacteria	p__Bacillota	c__Clostridia	o__Lachnospirales	f__Lachnospiraceae	g__Marvinbryantia	NA
d71feb1923fa288790187009e8efa6d3	2.847205314909842	0.8958472980673324	0.6362381796733866	1.4080376291269041	0.1591199279170903	0.3867447906321989	d__Bacteria	p__Bacillota	c__Clostridia	o__Lachnospirales	f__Lachnospiraceae	NA	NA
160ba81e303e4b37d60f3516078b7914	1.0531791811445184	0.002414296152872495	0.508193209024343	0.004750744618385579	0.9962094684751255	NA	d__Bacteria	p__Bacillota	c__Clostridia	o__Lachnospirales	f__Lachnospiraceae	NA	NA
2de0f958e30d26f04cba8d2a920bbe46	1.0531791811445184	0.002414296152872495	0.508193209024343	0.004750744618385579	0.9962094684751255	NA	d__Bacteria	p__Bacillota	c__Clostridia	o__Lachnospirales	f__Lachnospiraceae	g__Blautia	NA
bed671b4676144142cebd192b690f499	35.741290933402944	-0.23939557385787372	0.8060976249495083	-0.2969808698702825	0.76648111424739	0.9979603417267243	d__Bacteria	p__Bacillota	c__Clostridia	o__Lachnospirales	f__Lachnospiraceae	g__Blautia	NA
3dd7acf39ab927348aafcd8acb08dd9a	1.3848125002987235	-0.888387469527388	0.49412246123726333	-1.797909504665909	0.07219134968577416	0.22259580857848466	d__Bacteria	p__Bacillota	c__Clostridia	o__Lachnospirales	f__Lachnospiraceae	g__Blautia	NA
a63f65ad0f7a1ffc9e5ea828e95cdd6b	19.02715512308605	5.511550402048946	0.8996663536351004	6.12621599082764	8.99936217781892e-10	1.2002899304665984e-7	d__Bacteria	p__Bacillota	c__Clostridia	o__Lachnospirales	f__Lachnospiraceae	g__Blautia	NA
9f02839251e1419ee447381f263b14ed	1.0387186569978308	-0.06470137561885686	0.5123242346852679	-0.12628989854170056	0.8995024520344506	NA	d__Bacteria	p__Bacillota	c__Clostridia	o__Lachnospirales	f__Lachnospiraceae	g__Blautia	NA
932965d7ed2166402b521fea7a1029a4	1.0531791811445184	0.002414296152872495	0.508193209024343	0.004750744618385579	0.9962094684751255	NA	d__Bacteria	p__Bacillota	c__Clostridia	o__Lachnospirales	f__Lachnospiraceae	g__Blautia	NA
79b5361a8906fbfe030167eb84f87c8a	1.2843593057577019	0.0024144647238373267	0.5289521993191934	0.004564617988061963	0.9963579744287481	0.9979603417267243	d__Bacteria	p__Bacillota	c__Clostridia	o__Lachnospirales	f__Lachnospiraceae	g__Blautia	NA
c6c3ab4e828fb40d6e05967b7aac9338	212.91114652343288	-0.5842327435652694	0.7746085951872304	-0.7542296163445679	0.45071135688544955	0.7769127912710415	d__Bacteria	p__Bacillota	c__Clostridia	o__Lachnospirales	f__Lachnospiraceae	g__Blautia	NA
b11a2d1e705cb618833eb9d7b973c9fa	1.0531791811445184	0.002414296152872495	0.508193209024343	0.004750744618385579	0.9962094684751255	NA	d__Bacteria	p__Bacillota	c__Clostridia	o__Lachnospirales	f__Lachnospiraceae	g__Blautia	NA
2de5ccd5d5d8484edf5b47be19c7687e	1.038742922832062	0.00241429864014624	0.5079090195957152	0.004753407691141162	0.9962073436744809	NA	d__Bacteria	p__Bacillota	c__Clostridia	o__Lachnospirales	f__Lachnospiraceae	g__Blautia	NA
c84d13308b8608a006759b82fcb5e4ac	1.514542719691464	-0.252570307402392	0.48778579318799725	-0.5177893881485987	0.6046052231027634	0.9657391812135458	d__Bacteria	p__Bacillota	c__Clostridia	o__Lachnospirales	f__Lachnospiraceae	g__Blautia	NA
16c6da40e31fdb377aa763d3dd0f6f56	1.4272636694200638	0.0024150406674024274	0.5958929409629937	0.004052809659902326	0.9967663345967961	0.9979603417267243	d__Bacteria	p__Bacillota	c__Clostridia	o__Lachnospirales	f__Lachnospiraceae	g__Blautia	NA
019e4cd4c464f2bc395e5c7830925669	1.0531791811445184	0.002414296152872495	0.508193209024343	0.004750744618385579	0.9962094684751255	NA	d__Bacteria	p__Bacillota	c__Clostridia	o__Lachnospirales	f__Lachnospiraceae	g__Marvinbryantia	NA
26f085ea92fdbbeedc72785b303f8455	1.167994983370866	0.44978679606306043	0.48690904676415775	0.92375937364935	0.3556116115713664	NA	d__Bacteria	p__Bacillota	c__Clostridia	o__Lachnospirales	f__Lachnospiraceae	g__Marvinbryantia	NA
f73bc660ad02cf25a2e30bead37e34fd	1.038742922832062	0.00241429864014624	0.5079090195957152	0.004753407691141162	0.9962073436744809	NA	d__Bacteria	p__Bacillota	c__Clostridia	o__Lachnospirales	f__Lachnospiraceae	g__Blautia	NA
00a96fbd0ac34bfd245f9c24f8737f7d	33.24711789432188	-1.163838135536922	0.862383665810621	-1.3495595773407196	0.1771572977799808	0.4100365221935781	d__Bacteria	p__Bacillota	c__Clostridia	o__Lachnospirales	f__Lachnospiraceae	g__Blautia	NA
2a7169b7465789a82b4f47c3d934d259	1.0242400834845502	-0.06470324239078391	0.5120587890620321	-0.12635901145121367	0.8994477461516566	NA	d__Bacteria	p__Bacillota	c__Clostridia	o__Lachnospirales	f__Lachnospiraceae	g__Blautia	NA
8aaed79d6563ff7925c774e39b662a14	1.872114437887564	0.0024152796362018223	0.6566721544149751	0.0036780600790870736	0.9970653392659359	0.9979603417267243	d__Bacteria	p__Bacillota	c__Clostridia	o__Lachnospirales	f__Lachnospiraceae	g__Marvinbryantia	NA
c7d28b7a0a9a95666a7a6df27bdd7472	1.0531791811445184	0.002414296152872495	0.508193209024343	0.004750744618385579	0.9962094684751255	NA	d__Bacteria	p__Bacillota	c__Clostridia	o__Lachnospirales	f__Lachnospiraceae	g__Marvinbryantia	NA
0a68ec564e278b0246c920ad7de41880	60.42760637181104	0.49034732047186275	0.8264640449709689	0.5933075049732951	0.5529753770743396	0.9063359866948085	d__Bacteria	p__Bacillota	c__Clostridia	o__Lachnospirales	f__Lachnospiraceae	g__Blautia	NA
da3b4b899cecf42ff30d58718834592a	1.2543693413126589	0.002414395892355888	0.5221979890212965	0.004623525833335645	0.9963109732644949	0.9979603417267243	d__Bacteria	p__Bacillota	c__Clostridia	o__Lachnospirales	f__Lachnospiraceae	g__Blautia	NA
8ca0b9917d926bb6241ce6e23673fce4	2.330396840019253	-1.580431899325188	0.6205416506044653	-2.5468586964077273	0.010869743716688939	0.058528200178627976	d__Bacteria	p__Bacillota	c__Clostridia	o__Lachnospirales	f__Lachnospiraceae	g__Blautia	NA
d49783e7800974b5f2bcce554e26072e	4.496018185653991	2.6845065335196887	0.8109245697684827	3.3104269294567183	9.315377028392615e-4	0.010142354376831551	d__Bacteria	p__Bacillota	c__Clostridia	o__Lachnospirales	f__Lachnospiraceae	g__Blautia	NA
bc7f6c40d5f8e134763db884ca78cb1d	1.0387111791071326	0.0024142986317507373	0.5079083724409144	0.004753413731197345	0.9962073388552678	NA	d__Bacteria	p__Bacillota	c__Clostridia	o__Lachnospirales	f__Lachnospiraceae	g__Blautia	NA
3525e8f55cd3355cc02bb9df648623e2	1.8716093083454242	-2.423189938628393	0.5238942349840827	-4.62534186638266	3.739810418672325e-6	1.330125905574457e-4	d__Bacteria	p__Bacillota	c__Clostridia	o__Lachnospirales	f__Lachnospiraceae	g__Blautia	NA
27a7197b6f932b622896bc3dc90f3200	1.914328384809039	-2.291142350618748	0.5525801729133354	-4.146262321608999	3.379466337333077e-5	6.803567135725269e-4	d__Bacteria	p__Bacillota	c__Clostridia	o__Lachnospirales	f__Lachnospiraceae	g__[Ruminococcus]_gauvreauii_group	NA
ab3ff2e0d51ea7efcada5c69c9dd85ad	1.0531791811445184	0.002414296152872495	0.508193209024343	0.004750744618385579	0.9962094684751255	NA	d__Bacteria	p__Bacillota	c__Clostridia	o__Lachnospirales	f__Lachnospiraceae	g__[Ruminococcus]_gauvreauii_group	NA
61535a40adb8221483821e3984d0b1ac	22.90035383290515	2.3526099225710975	0.8649249290661117	2.7200163199265037	0.0065278694459247645	0.040261483808102454	d__Bacteria	p__Bacillota	c__Clostridia	o__Lachnospirales	f__Lachnospiraceae	g__[Ruminococcus]_gauvreauii_group	NA
db74b0f5f9e396a0c984f4a1a039b60c	1.0387148832605266	0.0024142986327304644	0.5079084479470138	0.004753413026479783	0.9962073394175448	NA	d__Bacteria	p__Bacillota	c__Clostridia	o__Lachnospirales	f__Lachnospiraceae	g__[Ruminococcus]_gauvreauii_group	NA
02b4317d07dfa2d4bcf0b885431ba6ce	1.9776025291871535	-0.06475189013708228	0.679577396317798	-0.095282583687939	0.9240903759131369	0.9979603417267243	d__Bacteria	p__Bacillota	c__Clostridia	o__Lachnospirales	f__Lachnospiraceae	g__Blautia	NA
a3b8524c1b273413d45d6b635db3103f	1.0386805954253813	0.002414298623663782	0.5079077491181422	0.004753419548836619	0.9962073342135157	NA	d__Bacteria	p__Bacillota	c__Clostridia	o__Lachnospirales	f__Lachnospiraceae	g__Blautia	NA
fcffedae608fe4871be42936a1cb523a	11.218253639745381	-0.49325350833112047	0.8867249486192177	-0.5562643851390451	0.5780301302244675	0.9373224148168796	d__Bacteria	p__Bacillota	c__Clostridia	o__Lachnospirales	f__Lachnospiraceae	NA	NA
d12e59471502034ef5ef8182d1624b13	1.0387264241175567	-0.06470093108887284	0.5123243617984352	-0.126288999534885	0.8995031636407089	NA	d__Bacteria	p__Bacillota	c__Clostridia	o__Lachnospirales	f__Lachnospiraceae	NA	NA
0a6b9615944301a29e20464d2ebb5ae1	1.2260229754618648	-0.9409732678856999	0.4364669836604473	-2.1558864773554944	0.031092530638193488	0.1257018554875982	d__Bacteria	p__Bacillota	c__Clostridia	o__Lachnospirales	f__Lachnospiraceae	NA	NA
55e8fd9e2a3868ef69575fcb459fc7c5	1.0386805954253813	-0.06470354653902072	0.5123236114550498	-0.12629428957071925	0.8994989763292248	NA	d__Bacteria	p__Bacillota	c__Clostridia	o__Lachnospirales	f__Lachnospiraceae	NA	NA
4e2e6735331ad01a30c94d2f4c285dc2	11.92287240066855	1.5262093870110387	0.85823449025509	1.7783128088424982	0.07535249380042043	0.22983281446359602	d__Bacteria	p__Bacillota	c__Clostridia	o__Lachnospirales	f__Lachnospiraceae	g__CAG-56	NA
a85414d00d7f63d6e200967b1ba7d397	1.7748192792057906	1.5897911920297312	0.6227545588100015	2.552837501611556	0.010684933358952785	0.058528200178627976	d__Bacteria	p__Bacillota	c__Clostridia	o__Lachnospirales	f__Lachnospiraceae	g__Mediterraneibacter	NA
9e3226efaf559eb14a478f880462cb8a	32.70806463850266	-0.8448174986714028	0.9077978596172116	-0.9306229241690814	0.3520486520171673	0.6334501040511256	d__Bacteria	p__Bacillota	c__Clostridia	o__Lachnospirales	f__Lachnospiraceae	g__Mediterraneibacter	NA
1516474efc3aa785c8f2fc6d144d597b	1.1540397021384277	0.0024142980676864967	0.511409191241235	0.004720873439577384	0.9962333019602397	NA	d__Bacteria	p__Bacillota	c__Clostridia	o__Lachnospirales	f__Lachnospiraceae	g__Mediterraneibacter	NA
6d427b86c309a70208622ecd4c8cbf09	1.2120930721410814	0.5874018187631501	0.48411629934630107	1.213348568425221	0.2249965811435291	0.4618923879148993	d__Bacteria	p__Bacillota	c__Clostridia	o__Lachnospirales	f__Lachnospiraceae	g__Lachnospiraceae_UCG-008	NA
04ae944353d0c5edc33268d567833235	1.139859485324462	0.3503453150591045	0.4904933296714122	0.7142713139316397	0.475059426842471	NA	d__Bacteria	p__Bacillota	c__Clostridia	o__Lachnospirales	f__Lachnospiraceae	NA	NA
4ada3d8098e9706fcebb85f1e427fea6	1.0531791811445184	0.002414296152872495	0.508193209024343	0.004750744618385579	0.9962094684751255	NA	d__Bacteria	p__Bacillota	c__Clostridia	o__Lachnospirales	f__Lachnospiraceae	NA	NA
c4d8f2c0d74388b488782cd32486fb9d	1.0531791811445184	0.002414296152872495	0.508193209024343	0.004750744618385579	0.9962094684751255	NA	d__Bacteria	p__Bacillota	c__Clostridia	o__Lachnospirales	f__Lachnospiraceae	NA	NA
68bf460c51538574bc80654a718cda60	1.0531791811445184	0.002414296152872495	0.508193209024343	0.004750744618385579	0.9962094684751255	NA	d__Bacteria	p__Bacillota	c__Clostridia	o__Lachnospirales	f__Lachnospiraceae	NA	NA
08bd43071a06abf56df235fca6655bea	176.59685464906934	0.6820141613592035	0.8987334058327711	0.7588614787577029	0.44793542440819195	0.7733771809766032	d__Bacteria	p__Bacillota	c__Clostridia	o__Lachnospirales	f__Lachnospiraceae	g__Mediterraneibacter	NA
51fc57b160bb0784010a1b9993e5b541	1.0531791811445184	0.002414296152872495	0.508193209024343	0.004750744618385579	0.9962094684751255	NA	d__Bacteria	p__Bacillota	c__Clostridia	o__Lachnospirales	f__Lachnospiraceae	g__Mediterraneibacter	NA
79c28c77327e355fb81dce890c619793	1.1968864384074758	0.0024143191119962394	0.5142906773373617	0.004694464081083288	0.9962543733461474	0.9979603417267243	d__Bacteria	p__Bacillota	c__Clostridia	o__Lachnospirales	f__Lachnospiraceae	g__Sellimonas	NA
58bd181f757283f5a4ceebdf90ff6243	7.939936584663747	0.9247654821725143	0.7789070571403536	1.1872603716901207	0.2351249340957411	0.47690071791255156	d__Bacteria	p__Bacillota	c__Clostridia	o__Lachnospirales	f__Lachnospiraceae	g__Sellimonas	NA
645ad704bb17e791a05ee9cf57bfdcb6	1.0531791811445184	0.002414296152872495	0.508193209024343	0.004750744618385579	0.9962094684751255	NA	d__Bacteria	p__Bacillota	c__Clostridia	o__Lachnospirales	f__Lachnospiraceae	g__Sellimonas	NA
544dc3c469fceaa44e25d68991df11f4	1.1396010783031918	0.002414294830412445	0.5107414144327034	0.0047270394806226525	0.9962283822261826	NA	d__Bacteria	p__Bacillota	c__Clostridia	o__Lachnospirales	f__Lachnospiraceae	g__Fusicatenibacter	NA
d76d59ec71de0e3b22da0c9cd564d41a	72.16914457237462	-0.40689769271449283	0.8306679844985146	-0.48984395728233393	0.6242443227435094	0.9885611330939876	d__Bacteria	p__Bacillota	c__Clostridia	o__Lachnospirales	f__Lachnospiraceae	g__Fusicatenibacter	NA
deb841129eee6d29398d1ab4efaefccc	1.1981332634181987	-0.8209393617038995	0.4413274948122148	-1.8601591139324094	0.06286301772807582	0.2010762225163025	d__Bacteria	p__Bacillota	c__Clostridia	o__Lachnospirales	f__Lachnospiraceae	g__Fusicatenibacter	NA
5e2990e8ea901b1a6d8d6c6d04aa64e3	1.0531791811445184	0.002414296152872495	0.508193209024343	0.004750744618385579	0.9962094684751255	NA	d__Bacteria	p__Bacillota	c__Clostridia	o__Lachnospirales	f__Lachnospiraceae	NA	NA
d622c6bc1d5e3a4f0403d7d208981372	25.53569011246297	-1.7380404530788727	0.9425547926527982	-1.843967551411201	0.06518786924452491	0.20639601330536522	d__Bacteria	p__Bacillota	c__Clostridia	o__Lachnospirales	f__Lachnospiraceae	g__Lachnospiraceae_NK4A136_group	NA
caea322863a57bb2b14c7317fa120dc4	15.730901665409961	-0.9225485157102213	0.8850003093985271	-1.0424273369319081	0.29721359780584006	0.5534501027204736	d__Bacteria	p__Bacillota	c__Clostridia	o__Lachnospirales	f__Lachnospiraceae	g__Lachnospiraceae_NK4A136_group	NA
497155739b0b28f97faa1878ae95ca75	1.3408254550026257	-1.3410712647564533	0.442124792839011	-3.033241488551337	0.0024194190407109493	0.019409925687508142	d__Bacteria	p__Bacillota	c__Clostridia	o__Lachnospirales	f__Lachnospiraceae	g__Lachnospiraceae_NK4A136_group	NA
48d6e0badb90f052133ee4b44ec77c1d	1.0531791811445184	0.002414296152872495	0.508193209024343	0.004750744618385579	0.9962094684751255	NA	d__Bacteria	p__Bacillota	c__Clostridia	o__Lachnospirales	f__Lachnospiraceae	g__Lachnospiraceae_NK4A136_group	NA
b05080b88bcf581a4e0ad0be14acecdb	1.1977067514141362	0.5430126586709215	0.48467458554815984	1.1203654469664057	0.26255806300831636	0.5013367405115677	d__Bacteria	p__Bacillota	c__Clostridia	o__Lachnospirales	f__Lachnospiraceae	NA	NA
98143d3e3cd541c0028117de28d58c8c	1.3854536805009676	1.0350819383845369	0.5372843480700384	1.92650677821273	0.05404112631528121	0.18476950931709357	d__Bacteria	p__Bacillota	c__Clostridia	o__Lachnospirales	f__Lachnospiraceae	g__Sellimonas	NA
2da432982b7f27d1f8672b093c6a90c0	1.0387111791071328	-0.06470180310896166	0.5123241122837631	-0.1262907631275512	0.8995017676740841	NA	d__Bacteria	p__Bacillota	c__Clostridia	o__Lachnospirales	f__Lachnospiraceae	NA	NA
e3b5a4a0bf06ad5a4ee1400fbee3665d	1.4286324916061257	0.0024150404767617132	0.5958929409452426	0.004052809340098618	0.9967663348519604	0.9979603417267243	d__Bacteria	p__Bacillota	c__Clostridia	o__Lachnospirales	f__Lachnospiraceae	NA	NA
42060670426da942e8158ded54478b51	1.3413520982699731	0.0024148819242001407	0.5727112016657052	0.0042165788222345985	0.9966356668277147	0.9979603417267243	d__Bacteria	p__Bacillota	c__Clostridia	o__Lachnospirales	f__Lachnospiraceae	g__Sellimonas	NA
68e7e3599b8727dad8fb579a21279b55	1.2260229754618648	-0.9409732678856999	0.4364669836604473	-2.1558864773554944	0.031092530638193488	0.1257018554875982	d__Bacteria	p__Bacillota	c__Clostridia	o__Lachnospirales	f__Lachnospiraceae	g__Sellimonas	NA
7b6b1061c5015981f17a06c394aad1b6	1.32654861488434	-1.2968135045464264	0.43991114083318	-2.9478987553947738	0.0031994182928735274	0.0233820501266853	d__Bacteria	p__Bacillota	c__Clostridia	o__Lachnospirales	f__Lachnospiraceae	g__Sellimonas	NA
c6b90711837508687841b1d5cbff2f65	3.350715473954434	2.7460470588130126	0.7310456636672739	3.7563276759450708	1.7242490250269927e-4	0.002787918803236647	d__Bacteria	p__Bacillota	c__Clostridia	o__Lachnospirales	f__Lachnospiraceae	NA	NA
6eebb297aa85ef6c9bf9f89f02fed0b2	1.0531791811445184	0.002414296152872495	0.508193209024343	0.004750744618385579	0.9962094684751255	NA	d__Bacteria	p__Bacillota	c__Clostridia	o__Lachnospirales	f__Lachnospiraceae	NA	NA
05a5fd28f8d722854393a59ba180f256	1.0531791811445184	0.002414296152872495	0.508193209024343	0.004750744618385579	0.9962094684751255	NA	d__Bacteria	p__Bacillota	c__Clostridia	o__Lachnospirales	f__Lachnospiraceae	NA	NA
12615dfed222d35c1582cbd6cef48013	1.0242901658051002	-0.0647008423795335	0.5120595778136131	-0.12635412983737657	0.8994516101462819	NA	d__Bacteria	p__Bacillota	c__Clostridia	o__Lachnospirales	f__Lachnospiraceae	g__Mediterraneibacter	NA
c81d2bd60b0b2a355bc6e63534ecc66c	1.1971297064940722	-0.06470714020793333	0.533262106020137	-0.1213420932735278	0.9034200807083512	0.9979603417267243	d__Bacteria	p__Bacillota	c__Clostridia	o__Lachnospirales	f__Lachnospiraceae	g__Blautia	NA
9ca16919b367f73d91ecf1b3d61d801e	1.038742922832062	0.00241429864014624	0.5079090195957152	0.004753407691141162	0.9962073436744809	NA	d__Bacteria	p__Bacillota	c__Clostridia	o__Lachnospirales	f__Lachnospiraceae	g__Blautia	NA
9adf9f609d6f4a79fd2c70f7c9490f80	1.0531791811445184	0.002414296152872495	0.508193209024343	0.004750744618385579	0.9962094684751255	NA	d__Bacteria	p__Bacillota	c__Clostridia	o__Lachnospirales	f__Lachnospiraceae	g__Dorea	NA
55bf45ec97fa611aeb7c11c4445f16d6	1.0387148832605266	0.0024142986327304644	0.5079084479470138	0.004753413026479783	0.9962073394175448	NA	d__Bacteria	p__Bacillota	c__Clostridia	o__Lachnospirales	f__Lachnospiraceae	g__Dorea	NA
f4cc6e4932f507b33d1335d801f54563	84.42701899501573	-1.365405819204538	0.8562641940395985	-1.594608099590106	0.11079990023257144	0.3070740092159837	d__Bacteria	p__Bacillota	c__Clostridia	o__Lachnospirales	f__Lachnospiraceae	g__Dorea	NA
4cb1ca2f2159e76e6985e5e3961a3826	1.0387148832605266	0.0024142986327304644	0.5079084479470138	0.004753413026479783	0.9962073394175448	NA	d__Bacteria	p__Bacillota	c__Clostridia	o__Lachnospirales	f__Lachnospiraceae	g__Dorea	NA
7d2c8371ed23c6916729809b7a2990f8	1.0531791811445184	0.002414296152872495	0.508193209024343	0.004750744618385579	0.9962094684751255	NA	d__Bacteria	p__Bacillota	c__Clostridia	o__Lachnospirales	f__Lachnospiraceae	g__Extibacter	NA
83b3aacc4571eb88c497efc244b4c927	2.5948620539336034	1.671279749211139	0.6849142194949639	2.440130021601089	0.014681976498440417	0.07354774142645974	d__Bacteria	p__Bacillota	c__Clostridia	o__Lachnospirales	f__Lachnospiraceae	g__Lachnospiraceae_FE2018_group	NA
1eafd1521ed34517ba04ee3e47fdf7b4	1.0531791811445184	0.002414296152872495	0.508193209024343	0.004750744618385579	0.9962094684751255	NA	d__Bacteria	p__Bacillota	c__Clostridia	o__Lachnospirales	f__Lachnospiraceae	g__Lachnospiraceae_FE2018_group	NA
b044a86e33a67caceb0a9f59149747ac	3.232382836030635	-0.6050203593389264	0.5883939675294162	-1.0282572438315811	0.30382883757983187	0.563800642952488	d__Bacteria	p__Bacillota	c__Clostridia	o__Lachnospirales	f__Lachnospiraceae	g__Howardella	NA
efcfc19372879de4763f111fd3dd8487	1.0531791811445184	0.002414296152872495	0.508193209024343	0.004750744618385579	0.9962094684751255	NA	d__Bacteria	p__Bacillota	c__Clostridia	o__Lachnospirales	f__Lachnospiraceae	g__Howardella	NA
12596212f81c470bb18586314a5ea8e2	10.115763390635285	-0.37702928239704697	0.7733169371109163	-0.48754820217130446	0.6258698924855804	0.9893380374549843	d__Bacteria	p__Bacillota	c__Clostridia	o__Lachnospirales	f__Lachnospiraceae	g__Howardella	NA
53e54ec48a512f8a31b439db41a322b3	1.1826699655475916	0.0024143098045743988	0.513148474064846	0.004704895223500763	0.9962460505905738	NA	d__Bacteria	p__Bacillota	c__Clostridia	o__Lachnospirales	f__Lachnospiraceae	g__Howardella	NA
d5fee03c103b88588b71cb36c6bd9506	1.1396010783031916	0.0024142948304125005	0.5107414144327037	0.0047270394806227575	0.9962283822261825	NA	d__Bacteria	p__Bacillota	c__Clostridia	o__Lachnospirales	f__Lachnospiraceae	NA	NA
2114414db001c21b5f663a9d3e7b56e6	1.0387386692036873	0.0024142986390212283	0.5079089328663855	0.004753408500606846	0.9962073430286281	NA	d__Bacteria	p__Bacillota	c__Clostridia	o__Lachnospirales	f__Lachnospiraceae	g__Shuttleworthia	NA
f6e582a67a3c26bb63c7f206507e00bc	1.0531791811445184	0.002414296152872495	0.508193209024343	0.004750744618385579	0.9962094684751255	NA	d__Bacteria	p__Bacillota	c__Clostridia	o__Lachnospirales	f__Lachnospiraceae	g__Shuttleworthia	NA
5b9308235b866c5544ad11c115839c69	1.0531791811445184	0.002414296152872495	0.508193209024343	0.004750744618385579	0.9962094684751255	NA	d__Bacteria	p__Bacillota	c__Clostridia	o__Lachnospirales	f__Lachnospiraceae	g__Shuttleworthia	NA
f1edd3c769f15cfd799e6ed84675bd86	1.0531791811445184	0.002414296152872495	0.508193209024343	0.004750744618385579	0.9962094684751255	NA	d__Bacteria	p__Bacillota	c__Clostridia	o__Lachnospirales	f__Lachnospiraceae	g__Shuttleworthia	NA
1f1364256c4afbd77469dbde5b3ccf2d	1.0531791811445184	0.002414296152872495	0.508193209024343	0.004750744618385579	0.9962094684751255	NA	d__Bacteria	p__Bacillota	c__Clostridia	o__Lachnospirales	f__Lachnospiraceae	g__Shuttleworthia	NA
8caae6c556fcdf0598c9f290a8977f65	1.0531791811445184	0.002414296152872495	0.508193209024343	0.004750744618385579	0.9962094684751255	NA	d__Bacteria	p__Fusobacteriota	c__Fusobacteriia	o__Fusobacteriales	f__Leptotrichiaceae	g__Sneathia	NA
99fc2d99215491954b4bbe587ecef861	1.0531791811445184	0.002414296152872495	0.508193209024343	0.004750744618385579	0.9962094684751255	NA	d__Bacteria	p__Fusobacteriota	c__Fusobacteriia	o__Fusobacteriales	f__Leptotrichiaceae	g__Sneathia	NA
b1a2eb74f17971864ed1ed964da108e5	107.85052866175413	6.684135539926136	1.192523915938995	5.605032696273464	2.082156550342688e-8	1.8513841993463733e-6	d__Bacteria	p__Fusobacteriota	c__Fusobacteriia	o__Fusobacteriales	f__Leptotrichiaceae	g__Sneathia	NA
697e9cded9dd9f9e45bfa6363ca5bbd0	1.0531791811445184	0.002414296152872495	0.508193209024343	0.004750744618385579	0.9962094684751255	NA	d__Bacteria	p__Fusobacteriota	c__Fusobacteriia	o__Fusobacteriales	f__Leptotrichiaceae	g__Sneathia	NA
ae576337f19d0f18d56c014b87bd9de3	1.0531791811445184	0.002414296152872495	0.508193209024343	0.004750744618385579	0.9962094684751255	NA	d__Bacteria	p__Fusobacteriota	c__Fusobacteriia	o__Fusobacteriales	f__Leptotrichiaceae	g__Sneathia	NA
fc7cb4dae6f66576fab33f7fdb41caf5	1.0531791811445184	0.002414296152872495	0.508193209024343	0.004750744618385579	0.9962094684751255	NA	d__Bacteria	p__Fusobacteriota	c__Fusobacteriia	o__Fusobacteriales	f__Leptotrichiaceae	g__Sneathia	NA
63749f93fa752451b71632e68523bb95	8.681032744686988	4.472194073516798	0.8488209681922612	5.268713004393913	1.373835616484677e-7	8.143792237717503e-6	d__Bacteria	p__Fusobacteriota	c__Fusobacteriia	o__Fusobacteriales	f__Leptotrichiaceae	g__Sneathia	NA
160487812b1fafbb16ea2dbb2708985b	1.0531791811445184	0.002414296152872495	0.508193209024343	0.004750744618385579	0.9962094684751255	NA	d__Bacteria	p__Fusobacteriota	c__Fusobacteriia	o__Fusobacteriales	f__Leptotrichiaceae	g__Sneathia	NA
6997d881388e677a1e757921263f658f	1.0531791811445184	0.002414296152872495	0.508193209024343	0.004750744618385579	0.9962094684751255	NA	d__Bacteria	p__Fusobacteriota	c__Fusobacteriia	o__Fusobacteriales	f__Leptotrichiaceae	g__Sneathia	NA
8674dcf0cfe35939037fa9a5b986866f	1.1827889653983064	0.0024143098790875878	0.5131545172607259	0.004704839961217596	0.9962460946830084	NA	d__Bacteria	p__Fusobacteriota	c__Fusobacteriia	o__Fusobacteriales	f__Fusobacteriaceae	g__Fusobacterium	NA
fae6d0c5cd2a53341a4ec984541b1541	1.1110137998405702	0.2978817695929433	0.4922857868080823	0.6050992687080616	0.5451130401275617	NA	d__Bacteria	p__Fusobacteriota	c__Fusobacteriia	o__Fusobacteriales	f__Fusobacteriaceae	g__Fusobacterium	NA
e708751e62639cc0951c413f92ea7620	1.0387111791071328	0.0024142986317507533	0.507908372440913	0.004753413731197389	0.9962073388552678	NA	d__Bacteria	p__Fusobacteriota	c__Fusobacteriia	o__Fusobacteriales	f__Fusobacteriaceae	g__Fusobacterium	NA
f4e78e2e397dc8bd3ca2f87c245a8773	1.0242287095064544	0.050777149594493275	0.5249248255758969	0.09673223120812677	0.9229390430452211	NA	d__Bacteria	p__Fusobacteriota	c__Fusobacteriia	o__Fusobacteriales	f__Fusobacteriaceae	g__Fusobacterium	NA
7f85ac088481e3811666998c6ba22231	1.6027996664505406	1.4508750157375225	0.5544482142701049	2.6167908533126134	0.008876070838272727	0.05119333829425406	d__Bacteria	p__Fusobacteriota	c__Fusobacteriia	o__Fusobacteriales	f__Fusobacteriaceae	g__Fusobacterium	NA
4a1fcd915d60feef39e0e6440bcc0637	1.0387148832605266	-0.06470159141249184	0.5123241729176844	-0.1262903349729069	0.8995021065786138	NA	d__Bacteria	p__Fusobacteriota	c__Fusobacteriia	o__Fusobacteriales	f__Fusobacteriaceae	g__Fusobacterium	NA
089441fc51f22ba8ecf9182625422b67	1.038742922832062	0.11789394942079302	0.5208775888265549	0.22633715089640782	0.8209392057615048	NA	d__Bacteria	p__Fusobacteriota	c__Fusobacteriia	o__Fusobacteriales	f__Fusobacteriaceae	g__Fusobacterium	NA
0fac00bdf345de6ec3883615d1aa61b4	1.0531791811445184	0.002414296152872495	0.508193209024343	0.004750744618385579	0.9962094684751255	NA	d__Bacteria	p__Fusobacteriota	c__Fusobacteriia	o__Fusobacteriales	f__Fusobacteriaceae	g__Fusobacterium	NA
8dda459cc6a36c5cafef39150f5bff56	1.0531791811445184	0.002414296152872495	0.508193209024343	0.004750744618385579	0.9962094684751255	NA	d__Bacteria	p__Fusobacteriota	c__Fusobacteriia	o__Fusobacteriales	f__Fusobacteriaceae	g__Fusobacterium	NA
f6304925fe231028801d4ad83f85b704	1.0531791811445184	0.002414296152872495	0.508193209024343	0.004750744618385579	0.9962094684751255	NA	d__Bacteria	p__Fusobacteriota	c__Fusobacteriia	o__Fusobacteriales	f__Fusobacteriaceae	g__Fusobacterium	NA
8ea0c3f22295dcc9639c3b3a112ba9b4	1.0531791811445184	0.002414296152872495	0.508193209024343	0.004750744618385579	0.9962094684751255	NA	d__Bacteria	p__Fusobacteriota	c__Fusobacteriia	o__Fusobacteriales	f__Fusobacteriaceae	g__Fusobacterium	NA
e35ed7f7950e5384ba7ece1250f5aaa0	1.038742922832062	0.11789394942079302	0.5208775888265549	0.22633715089640782	0.8209392057615048	NA	d__Bacteria	p__Fusobacteriota	c__Fusobacteriia	o__Fusobacteriales	f__Fusobacteriaceae	g__Fusobacterium	NA
e502ebea2a54a6f839d310d6d57e7d47	203.16053339423425	0.875483785524552	1.102821892260352	0.7938578220732939	0.42727820637226355	0.7461634144013178	d__Bacteria	p__Fusobacteriota	c__Fusobacteriia	o__Fusobacteriales	f__Fusobacteriaceae	g__Fusobacterium	NA
7c9ef2c6a12006ce70b8de00bfe55a83	1.038742922832062	0.11789394942079302	0.5208775888265549	0.22633715089640782	0.8209392057615048	NA	d__Bacteria	p__Fusobacteriota	c__Fusobacteriia	o__Fusobacteriales	f__Fusobacteriaceae	g__Fusobacterium	NA
24e4a3997e50367598b3152939b4fb75	1.0387304233561945	0.002414298636840288	0.5079087647476233	0.004753410069700093	0.9962073417766869	NA	d__Bacteria	p__Fusobacteriota	c__Fusobacteriia	o__Fusobacteriales	f__Fusobacteriaceae	g__Fusobacterium	NA
bb13530168243d1db4c26492f04e7937	1.1976667590277583	0.0024143196721119996	0.5143364846975432	0.004694047076072672	0.9962547060643413	0.9979603417267243	d__Bacteria	p__Fusobacteriota	c__Fusobacteriia	o__Fusobacteriales	f__Fusobacteriaceae	g__Fusobacterium	NA
4b7712254e4dd8d5bc585d4a6c5c2e88	1.675459664313115	0.0024153246647510744	0.6535567727147331	0.003695661594505921	0.9970512953839858	0.9979603417267243	d__Bacteria	p__Fusobacteriota	c__Fusobacteriia	o__Fusobacteriales	f__Fusobacteriaceae	g__Fusobacterium	NA
37125fc6b7326af0e29ddb765d441528	1.0531791811445184	0.002414296152872495	0.508193209024343	0.004750744618385579	0.9962094684751255	NA	d__Bacteria	p__Fusobacteriota	c__Fusobacteriia	o__Fusobacteriales	f__Fusobacteriaceae	g__Fusobacterium	NA
e193807cce7f4b5555c6feedecbe8258	1.2847254074398105	0.002414465261096765	0.5290008474400152	0.004564199231024006	0.9963583085450429	0.9979603417267243	d__Bacteria	p__Fusobacteriota	c__Fusobacteriia	o__Fusobacteriales	f__Fusobacteriaceae	g__Fusobacterium	NA
b9bd4ddc71b5261571e53f606451241d	1.1687692434511097	0.002414303137369465	0.5122171224713923	0.004713437000545224	0.9962392353141173	NA	d__Bacteria	p__Fusobacteriota	c__Fusobacteriia	o__Fusobacteriales	f__Fusobacteriaceae	g__Cetobacterium	NA
dcc6a52cec637e586b0cb4f27c746f4f	1.154669281178478	0.0024142983777575536	0.5114340030794406	0.004720645016210513	0.9962334842136866	NA	d__Bacteria	p__Fusobacteriota	c__Fusobacteriia	o__Fusobacteriales	f__Fusobacteriaceae	g__Fusobacterium	NA
f483115cf9def110ac01dc2ddc065a6c	4.379558824599629	0.0024151651616450736	0.851454216370101	0.0028365179421406205	0.9977367891624292	0.9979603417267243	d__Bacteria	p__Fusobacteriota	c__Fusobacteriia	o__Fusobacteriales	f__Fusobacteriaceae	g__Fusobacterium	NA
e7c0ca19ade0aeb3c2fea30e3207d871	1.0387075420010623	0.002414298630789	0.5079082983040794	0.004753414423135857	0.996207338303187	NA	d__Bacteria	p__Fusobacteriota	c__Fusobacteriia	o__Fusobacteriales	f__Fusobacteriaceae	g__Fusobacterium	NA
5a2fd811723c3e5114e900cac5df17eb	1.0531791811445184	0.002414296152872495	0.508193209024343	0.004750744618385579	0.9962094684751255	NA	d__Bacteria	p__Fusobacteriota	c__Fusobacteriia	o__Fusobacteriales	f__Fusobacteriaceae	g__Fusobacterium	NA
0f5acbee6e1036e86fcd29f411e3935d	1.3275489080203084	0.0024148188063474836	0.5650961226512226	0.004273288577911391	0.9965904193968883	0.9979603417267243	d__Bacteria	p__Bacillota	c__Clostridia	o__Lachnospirales	f__Lachnospiraceae	NA	NA
85350432bd8703c85d15a922a6208b10	1.2121155168160818	-0.8822378677259199	0.43857715373524	-2.0115910284248613	0.044263065907922346	0.16137720528280095	d__Bacteria	p__Bacillota	c__Clostridia	o__Lachnospirales	f__Lachnospiraceae	g__Lachnospiraceae_UCG-004	NA
cfea15f977f1e64f069cdebe6743870b	1.1824049907025562	-0.7564631471722003	0.4446459954502826	-1.7012705723485664	0.08889219118977515	NA	d__Bacteria	p__Bacillota	c__Clostridia	o__Lachnospirales	f__Lachnospiraceae	g__Lachnospiraceae_UCG-004	NA
956c3d31706ecfd689f7ef246aac8bc3	1.2260229754618648	0.6303662082438558	0.48397042616614927	1.3024891071080615	0.19274923926401533	0.42950964312767165	d__Bacteria	p__Bacillota	c__Clostridia	o__Lachnospirales	f__Lachnospiraceae	g__Lachnospiraceae_UCG-004	NA
ea598500527a8224c83ce36ad302af57	1.140170695459341	0.35037831005218	0.49050310668906166	0.7143243442783959	0.47502664213133033	NA	d__Bacteria	p__Bacillota	c__Clostridia	o__Lachnospirales	f__Lachnospiraceae	g__Lachnospiraceae_UCG-004	NA
1414bef8969ec0b320ad6b75847c0274	1.1831055059566264	-0.756633834477858	0.4446749031676169	-1.7015438224375137	0.08884091621150579	NA	d__Bacteria	p__Bacillota	c__Clostridia	o__Lachnospirales	f__Lachnospiraceae	NA	NA
c72af37438571df8f99f5994b1bc0d1f	1.154004727829637	0.0024142980504836303	0.5114078146897492	0.004720886113068665	0.9962332918483694	NA	d__Bacteria	p__Bacillota	c__Clostridia	o__Lachnospirales	f__Lachnospiraceae	g__Lachnospiraceae_UCG-004	NA
6f9479c9d6e8fb172cbc5bac24c91d62	1.1541071356485686	0.40095024625351167	0.48855986492117714	0.8206778228051946	0.4118298062788263	NA	d__Bacteria	p__Bacillota	c__Clostridia	o__Lachnospirales	f__Lachnospiraceae	g__Blautia	NA
23f6cc646c729e5fe1a7527709eddcba	1.3566030946993208	0.002414949363557051	0.5812266037167462	0.004154918835638755	0.9966848639480502	0.9979603417267243	d__Bacteria	p__Bacteroidota	c__Bacteroidia	o__Bacteroidales	f__Bacteroidaceae	g__Bacteroides	NA
48a6761ba486de8be643cee1126c9153	1.2109776098362992	-0.8818874928323356	0.43850910242838353	-2.0111041890546932	0.04431445280961638	0.16137720528280095	d__Bacteria	p__Bacteroidota	c__Bacteroidia	o__Bacteroidales	f__Bacteroidaceae	g__Bacteroides	NA
c3f34fbb5d6e5eef690bd2aab1e6d55a	1.1396010783031916	0.0024142948304125005	0.5107414144327037	0.0047270394806227575	0.9962283822261825	NA	d__Bacteria	p__Bacteroidota	c__Bacteroidia	o__Bacteroidales	f__Bacteroidaceae	g__Bacteroides	NA
1f643921b7835f92be7b7683d5d2d8f1	1.3566030946993208	0.002414949363557051	0.5812266037167462	0.004154918835638755	0.9966848639480502	0.9979603417267243	d__Bacteria	p__Bacteroidota	c__Bacteroidia	o__Bacteroidales	f__Bacteroidaceae	g__Bacteroides	NA
18ab95aa1f5f98278170ab8d011fbd1b	1.1543484803332507	0.40097859518329126	0.48856841822670155	0.8207214797851147	0.4118049329060584	NA	d__Bacteria	p__Bacteroidota	c__Bacteroidia	o__Bacteroidales	f__Bacteroidaceae	g__Bacteroides	NA
baf39284afad4f9a96260d0ffd34e347	1.1540397021384277	0.0024142980676864967	0.511409191241235	0.004720873439577384	0.9962333019602397	NA	d__Bacteria	p__Bacteroidota	c__Bacteroidia	o__Bacteroidales	f__Bacteroidaceae	g__Bacteroides	NA
e935acdf264a8f1d2812da4466ce0771	1.1536430080925726	0.40089558194925184	0.4885434518617904	0.8205935018092634	0.4118778503192071	NA	d__Bacteria	p__Bacteroidota	c__Bacteroidia	o__Bacteroidales	f__Bacteroidaceae	g__Bacteroides	NA
fcd9493efb666147a8a98c658580e68e	1.1978592015183749	0.0024143198105308185	0.5143478060649022	0.0046939440239902016	0.996254788287101	0.9979603417267243	d__Bacteria	p__Bacteroidota	c__Bacteroidia	o__Bacteroidales	f__Bacteroidaceae	g__Bacteroides	NA
0f6b7495021bd8009e203b3a63699d0e	1.139329720849877	-0.5450173283746276	0.4585509816208395	-1.188564304121988	0.2346111615033512	NA	d__Bacteria	p__Bacillota	c__Clostridia	o__Oscillospirales	f__Oscillospiraceae	g__UCG-002	NA
2bec453987b8809abf9cf37b1ec388dc	1.1544551954062179	0.40099111372004653	0.4885722042793828	0.8207407425305466	0.4117939583247248	NA	d__Bacteria	p__Bacillota	c__Clostridia	o__Lachnospirales	f__Lachnospiraceae	g__Lachnospiraceae_UCG-008	NA
05bec6161578c8eb8cb4dd19c05a5b73	1.2109017738852237	0.002414331478518945	0.5156825236486003	0.004681817528809904	0.9962644637240665	0.9979603417267243	d__Bacteria	p__Bacillota	c__Clostridia	o__Lachnospirales	f__Lachnospiraceae	NA	NA
360b8779251bfde96f1165e5202f83d6	9.271107413123714	-1.8950681972052072	0.7759243851885073	-2.442336177828474	0.014592550884889494	0.0734445839347976	d__Bacteria	p__Bacillota	c__Clostridia	o__Lachnospirales	f__Lachnospiraceae	NA	NA
7555e4e60606c6c09f49d343da029b33	1.2965541586516454	0.0024145003743779596	0.5325393523984175	0.004533937939992009	0.9963824533121189	0.9979603417267243	d__Bacteria	p__Bacillota	c__Clostridia	o__Lachnospirales	f__Lachnospiraceae	NA	NA
47f770032218f91b352999ff1f663807	26.321702157477866	1.0665689762925152	0.9029681073695704	1.1811812262113324	0.23753073762718444	0.4800100322882686	d__Bacteria	p__Bacillota	c__Clostridia	o__Lachnospirales	f__Lachnospiraceae	NA	NA
6326f3883ecfa02452ebaa3af9c5d84c	1.0387264241175567	0.002414298635782492	0.5079086832146646	0.004753410830667179	0.9962073411695299	NA	d__Bacteria	p__Bacillota	c__Clostridia	o__Lachnospirales	f__Lachnospiraceae	NA	NA
2799ad5c90e307f0e897fecda5a2924e	1.0531791811445184	0.002414296152872495	0.508193209024343	0.004750744618385579	0.9962094684751255	NA	d__Bacteria	p__Bacillota	c__Clostridia	o__Lachnospirales	f__Lachnospiraceae	g__Eisenbergiella	NA
b7bbd3d2e5fd999afc045cd4d36979e0	1.0531791811445184	0.002414296152872495	0.508193209024343	0.004750744618385579	0.9962094684751255	NA	d__Bacteria	p__Bacillota	c__Clostridia	o__Lachnospirales	f__Lachnospiraceae	NA	NA
23d6e67ff377b63cc8506920f662b5a5	1.3405775832642013	0.5426218399645397	0.5034776618742574	1.0777475964764025	0.2811464113282119	0.5272112845117787	d__Bacteria	p__Bacillota	c__Clostridia	o__Lachnospirales	f__Lachnospiraceae	NA	NA
8646bffa210e3f061cc57f1b1cf2f751	32.85961539754866	1.0159024444352511	0.9878286564034403	1.0284196938910681	0.30375244853661854	0.563800642952488	d__Bacteria	p__Bacillota	c__Clostridia	o__Lachnospirales	f__Lachnospiraceae	g__Hungatella	NA
4205d93a032f445a1687829d22eaa2b2	1.0531791811445184	0.002414296152872495	0.508193209024343	0.004750744618385579	0.9962094684751255	NA	d__Bacteria	p__Bacillota	c__Clostridia	o__Lachnospirales	f__Lachnospiraceae	g__Hungatella	NA
da8644094f1d480f3b3a6a03a7027ab4	62.35957452420954	4.6313929689421585	1.0049996810458877	4.608352675418105	4.0587180370906654e-6	1.3837425656088254e-4	d__Bacteria	p__Bacillota	c__Clostridia	o__Lachnospirales	f__Lachnospiraceae	g__Hungatella	NA
32c99ead10486b0b4c3cfc79c646c7e7	1.0387324637811943	-0.06470058506865593	0.5123244606249034	-0.12628829978123227	0.8995037175287555	NA	d__Bacteria	p__Bacillota	c__Clostridia	o__Lachnospirales	f__Lachnospiraceae	g__Hungatella	NA
b79dde003fac2946cfe3cb1d5c7aaac7	1.0531791811445184	0.002414296152872495	0.508193209024343	0.004750744618385579	0.9962094684751255	NA	d__Bacteria	p__Bacillota	c__Clostridia	o__Lachnospirales	f__Lachnospiraceae	g__Hungatella	NA
b1d8e09561b600103cc3d8b388c02478	1.3267998367914045	0.002414818879106566	0.5650961226583672	0.004273288706612595	0.9965904192942006	0.9979603417267243	d__Bacteria	p__Bacillota	c__Clostridia	o__Lachnospirales	f__Lachnospiraceae	NA	NA
4f480409cf34da6fb985eaa1cf33a65b	1.699490334854001	0.002415234602518735	0.6386929915865063	0.0037815267027109835	0.9969827854186449	0.9979603417267243	d__Bacteria	p__Bacillota	c__Clostridia	o__Lachnospirales	f__Lachnospiraceae	NA	NA
c2e94d7cfaa554a2bbf511ddcecabea2	1.2263882039657805	-0.9411007623838089	0.43649301752361996	-2.156049981562152	0.031079762563803178	0.1257018554875982	d__Bacteria	p__Bacillota	c__Clostridia	o__Lachnospirales	f__Lachnospiraceae	g__Lachnospiraceae_NK4A136_group	NA
18d1d3003cc423b568ba5b5ccb433023	1.6699311922088975	-0.8195128511580493	0.5868683218485201	-1.3964169144055085	0.16258898450602963	0.39160823130459055	d__Bacteria	p__Bacillota	c__Clostridia	o__Lachnospirales	f__Lachnospiraceae	NA	NA
f266466f018dc8bf6c6772cfd6fb85ae	1.0531791811445184	0.002414296152872495	0.508193209024343	0.004750744618385579	0.9962094684751255	NA	d__Bacteria	p__Bacillota	c__Clostridia	o__Lachnospirales	f__Lachnospiraceae	g__Lachnospiraceae_NK4A136_group	NA
278c2a9599f0d608fc70845d26c6c722	1.0531791811445184	0.002414296152872495	0.508193209024343	0.004750744618385579	0.9962094684751255	NA	d__Bacteria	p__Bacillota	c__Clostridia	o__Lachnospirales	f__Lachnospiraceae	g__Lachnospiraceae_NK4A136_group	NA
b4d07c2a22af0c99c73cf9722200d878	13.351986262820414	2.276024959589259	0.8877648953829417	2.56376994790663	0.010354214826944992	0.05814709063342267	d__Bacteria	p__Bacillota	c__Clostridia	o__Lachnospirales	f__Lachnospiraceae	g__Lachnospiraceae_NK4A136_group	NA
db7f42d2a4ded289e177bb4c00edff61	31.96278870532565	-0.13568117513749403	0.9232091335103831	-0.14696688996304005	0.8831581544746343	0.9979603417267243	d__Bacteria	p__Bacillota	c__Clostridia	o__Lachnospirales	f__Lachnospiraceae	g__Lachnospiraceae_NK4A136_group	NA
eba6ad448ed6a1fcd744350655065065	1.0531791811445184	0.002414296152872495	0.508193209024343	0.004750744618385579	0.9962094684751255	NA	d__Bacteria	p__Bacillota	c__Clostridia	o__Lachnospirales	f__Lachnospiraceae	g__Lachnospiraceae_NK4A136_group	NA
aeadf3dab1935eb291cfc4ab4bda96b7	1.2696578684174982	0.0024144284121529335	0.5253768762262937	0.004595612257424469	0.9963332448391347	0.9979603417267243	d__Bacteria	p__Bacillota	c__Clostridia	o__Lachnospirales	f__Lachnospiraceae	NA	NA
df0ede5bf2e15f4f0bd3b32c36bb36a2	1.2689971551496408	0.7520336877795768	0.5071063117534991	1.4829901942635162	0.13807701604751738	0.35960153981584003	d__Bacteria	p__Bacillota	c__Clostridia	o__Lachnospirales	f__Lachnospiraceae	g__Lachnospiraceae_UCG-009	NA
6b5c5532185593c41966b2173ea9df1c	9.35503764336947	1.3584090037060474	0.748916916146826	1.8138313802485	0.06970368973445981	0.21620301437985062	d__Bacteria	p__Bacillota	c__Clostridia	o__Lachnospirales	f__Lachnospiraceae	g__Lachnospiraceae_UCG-009	NA
82ab916363b5f190874c8774502afa6a	1.1538553769948559	-0.6190349661687591	0.4532743968364982	-1.36569585771696	0.1720344450318211	NA	d__Bacteria	p__Bacillota	c__Clostridia	o__Lachnospirales	f__Lachnospiraceae	g__Lachnospiraceae_UCG-009	NA
e1e57dba2b0942b4229961b847aa98e8	1.327705579122673	0.0024148187911654504	0.5650961226497317	0.0042732885510563794	0.9965904194183153	0.9979603417267243	d__Bacteria	p__Bacillota	c__Clostridia	o__Lachnospirales	f__Lachnospiraceae	NA	NA
19a36b16af23deb4230ba84ab6f02f01	1.8774179425089352	1.8480936242463357	0.607327437785132	3.042993794230943	0.002342371636150042	0.019409925687508142	d__Bacteria	p__Bacillota	c__Clostridia	o__Lachnospirales	f__Lachnospiraceae	NA	NA
24646f903382ae52da1b45805982e09f	9.588801746311814	-2.3627194434826064	0.8426509909260743	-2.8039122589602314	0.005048664215349415	0.033918270422357996	d__Bacteria	p__Bacillota	c__Clostridia	o__Lachnospirales	f__Lachnospiraceae	g__Extibacter	NA
ed8746a919274371bea412882a1c6bb5	2.5662800897767593	0.002415374311627794	0.7281299948106089	0.0033172295178638365	0.9973532386372232	0.9979603417267243	d__Bacteria	p__Bacillota	c__Clostridia	o__Lachnospirales	f__Lachnospiraceae	g__Extibacter	NA
0e226d197c2f253bcee5f15026512f90	1.2843761510611598	0.002414499846243028	0.5320768746305667	0.00453787781684643	0.9963793097775437	0.9979603417267243	d__Bacteria	p__Bacillota	c__Clostridia	o__Lachnospirales	f__Lachnospiraceae	g__Extibacter	NA
504b29d7282c288d06f7f26759d3fac9	1.0531791811445184	0.002414296152872495	0.508193209024343	0.004750744618385579	0.9962094684751255	NA	d__Bacteria	p__Bacillota	c__Clostridia	o__Lachnospirales	f__Lachnospiraceae	NA	NA
119eea33cb9f505d6a20297d132e792a	160.5113329774747	-2.3509617277689	0.9852019016848172	-2.3862740457041998	0.017020062782836163	0.08180363508687472	d__Bacteria	p__Bacillota	c__Clostridia	o__Lachnospirales	f__Lachnospiraceae	g__Lachnoclostridium	NA
99f18c96105b8daa3bfa2da885431750	1.0531791811445184	0.002414296152872495	0.508193209024343	0.004750744618385579	0.9962094684751255	NA	d__Bacteria	p__Bacillota	c__Clostridia	o__Lachnospirales	f__Lachnospiraceae	g__Lachnoclostridium	NA
17dc28d8c7ea59f13a71ea36287aba80	1.0531791811445184	0.002414296152872495	0.508193209024343	0.004750744618385579	0.9962094684751255	NA	d__Bacteria	p__Bacillota	c__Clostridia	o__Lachnospirales	f__Lachnospiraceae	g__Lachnoclostridium	NA
52fe22d345da0a890591507e33a1f1c3	1.0387304233561943	0.0024142986368403084	0.5079087647476208	0.004753410069700156	0.9962073417766869	NA	d__Bacteria	p__Bacillota	c__Clostridia	o__Lachnospirales	f__Lachnospiraceae	g__Lachnoclostridium	NA
7eac17dba253d45b7426ebc866487e31	3.2078050461206744	2.962874836854631	0.7030263972760992	4.2144574490152795	2.5037934983032638e-5	5.23832875037173e-4	d__Bacteria	p__Bacillota	c__Clostridia	o__Lachnospirales	f__Lachnospiraceae	NA	NA
c9487a3260aac1c2c358a02bf68935bf	1.915674056553346	0.0024152474235923063	0.6526960811721289	0.00370041661542527	0.99704750145215	0.9979603417267243	d__Bacteria	p__Bacillota	c__Clostridia	o__Lachnospirales	f__Lachnospiraceae	g__UC5-1-2E3	NA
6e57b32b545e72b802822e1554c70868	8.72812596986928	-0.23254250682036967	0.8372537644069531	-0.2777443550643037	0.7812086092094676	0.9979603417267243	d__Bacteria	p__Bacillota	c__Clostridia	o__Lachnospirales	f__Lachnospiraceae	g__Lachnoclostridium	NA
7d2402f1612fe6c2f5c20bfda4a90aa0	12.617538185149154	-1.1483161493371177	0.8508757871771303	-1.3495696629783966	0.17715406074197787	0.4100365221935781	d__Bacteria	p__Bacillota	c__Clostridia	o__Lachnospirales	f__Lachnospiraceae	NA	NA
369bbf86b13d5924c095aad30bba9af1	1.9030772011833545	-1.2039676981670469	0.5854191062724813	-2.0565910563340313	0.03972557925982951	0.15474573502965103	d__Bacteria	p__Bacillota	c__Clostridia	o__Lachnospirales	f__Lachnospiraceae	NA	NA
70ab6b98e35982b1578a04d951d31f86	1.2825367229164035	0.7898986602310178	0.5113123428628054	1.5448456726243402	0.12238359688494159	0.32603214179559936	d__Bacteria	p__Bacillota	c__Clostridia	o__Lachnospirales	f__Lachnospiraceae	NA	NA
01e1c2e370af8df0435a70bc1f621599	1.2111218372710093	-0.8819318925454536	0.43851770024428005	-2.0111660077898015	0.04430792492507127	0.16137720528280095	d__Bacteria	p__Bacillota	c__Clostridia	o__Lachnospirales	f__Lachnospiraceae	NA	NA
a5a4b4d58bdd795871acf39629c9e584	18.648780996821767	-1.235718448104495	0.84686606845189	-1.4591663240959043	0.14451933511673631	0.3680241779703047	d__Bacteria	p__Bacillota	c__Clostridia	o__Lachnospirales	f__Lachnospiraceae	NA	NA
f3e2f267fab4fc03d821b0356d2e2902	1.4564096210451924	0.0024151127183723964	0.6070806836508399	0.003978240097919899	0.9968258320193107	0.9979603417267243	d__Bacteria	p__Bacillota	c__Clostridia	o__Lachnospirales	f__Lachnospiraceae	NA	NA
0a39f269a92286a2fc485a177298da7a	1.197745962562525	0.002414319729066759	0.5143411430628443	0.004694004673026454	0.9962547398967044	0.9979603417267243	d__Bacteria	p__Bacillota	c__Clostridia	o__Lachnospirales	f__Lachnospiraceae	NA	NA
e97725fbbcadfed36a81eb5e5a120067	1.3419043473936472	0.0024148818642707663	0.5727112016598986	0.004216578717635823	0.9966356669111717	0.9979603417267243	d__Bacteria	p__Bacillota	c__Clostridia	o__Lachnospirales	f__Lachnospiraceae	NA	NA
a018c928d38812591f601ece2136d6e7	1.2109017738852237	0.002414331478518945	0.5156825236486003	0.004681817528809904	0.9962644637240665	0.9979603417267243	d__Bacteria	p__Bacillota	c__Clostridia	o__Lachnospirales	f__Lachnospiraceae	g__Lachnospiraceae_FCS020_group	NA
4d334598e144b1d31c0b92a301b5cc68	1.3278560658387308	-1.2978241963152468	0.44010859044737394	-2.948872674800549	0.003189353451049649	0.0233820501266853	d__Bacteria	p__Bacillota	c__Clostridia	o__Lachnospirales	f__Lachnospiraceae	g__Lachnospiraceae_FCS020_group	NA
69b90707f6f3da7941026fbe6a1597ce	1.9322604112919004	0.002415311646055524	0.666774836704394	0.003622379719656879	0.9971097654690888	0.9979603417267243	d__Bacteria	p__Bacillota	c__Clostridia	o__Lachnospirales	f__Lachnospiraceae	g__Lachnospiraceae_FCS020_group	NA
e077952506f967683cfab662f5980ed7	1.2689971551496408	0.002414427511978372	0.5252974070215416	0.004596305787360111	0.9963326914881507	0.9979603417267243	d__Bacteria	p__Bacillota	c__Clostridia	o__Lachnospirales	f__Lachnospiraceae	g__Lachnospiraceae_FCS020_group	NA
e02967778c804350d971534895b0dfae	29.807346424560482	-4.778278915600513	0.8922378487366516	-5.355386932269498	8.537352063209978e-8	5.715618369424077e-6	d__Bacteria	p__Bacillota	c__Clostridia	o__Lachnospirales	f__Lachnospiraceae	NA	NA
cbe31c346daa88b15b916873cfb5bd20	1.3832746125452677	1.0331543776105707	0.5370269399426382	1.9238408742044222	0.05437453226388696	0.18476950931709357	d__Bacteria	p__Bacillota	c__Clostridia	o__Lachnospirales	f__Lachnospiraceae	NA	NA
662a40a2523f7669fa865700fc74a1cf	29.439723680462	0.915707596115218	0.9823868836931646	0.9321252261356809	0.3512718126020284	0.6334501040511256	d__Bacteria	p__Bacillota	c__Clostridia	o__Lachnospirales	f__Lachnospiraceae	NA	NA
e0c0042b8b725048eaa20ed472b9ebeb	1.038742922832062	0.00241429864014624	0.5079090195957152	0.004753407691141162	0.9962073436744809	NA	d__Bacteria	p__Bacillota	c__Clostridia	o__Lachnospirales	f__Lachnospiraceae	NA	NA
643cc83fd8abab40ea2393c9e1a8365d	1.255690892377431	-0.06470587447577565	0.5286779429871551	-0.12239185563553531	0.9025886882813647	0.9979603417267243	d__Bacteria	p__Bacillota	c__Clostridia	o__Lachnospirales	f__Lachnospiraceae	NA	NA
a5af97c864a48da5a31864d5382cea20	5.080728609827865	-3.057663758686862	0.5922192828571708	-5.163060115055892	2.4294507524745805e-7	1.3643283962580932e-5	d__Bacteria	p__Bacillota	c__Clostridia	o__Lachnospirales	f__Lachnospiraceae	NA	NA
64cdad777808dde2fad9b1be7bc91b85	6.012651824486592	1.0727668177803737	0.7761728457838359	1.3821236128107723	0.16693374936351285	0.4011673661506041	d__Bacteria	p__Bacillota	c__Clostridia	o__Lachnospirales	f__Lachnospiraceae	NA	NA
7ad51bee2bbc81fce627d65568de8757	1.0531791811445184	0.002414296152872495	0.508193209024343	0.004750744618385579	0.9962094684751255	NA	d__Bacteria	p__Bacillota	c__Clostridia	o__Lachnospirales	f__Lachnospiraceae	g__Lachnospiraceae_UCG-004	NA
5f25904e073fe5c114cadfde74349518	12.361658928984236	-1.2364005072715378	0.8670810235596325	-1.4259342249190694	0.15388732913384004	0.38182958362897357	d__Bacteria	p__Bacillota	c__Clostridia	o__Lachnospirales	f__Lachnospiraceae	g__Lachnospiraceae_UCG-004	NA
383d4a0528edd18fb0ddc225c36e99e1	1.354486378954518	1.0008207218881833	0.5357822674481874	1.8679616379520574	0.061767418278690527	0.2010762225163025	d__Bacteria	p__Bacillota	c__Clostridia	o__Lachnospirales	f__Lachnospiraceae	g__Lachnospiraceae_UCG-004	NA
bb1df253475092e884ead44c7c4fe60b	1.0531791811445184	0.002414296152872495	0.508193209024343	0.004750744618385579	0.9962094684751255	NA	d__Bacteria	p__Bacillota	c__Clostridia	o__Lachnospirales	f__Lachnospiraceae	g__Lachnospiraceae_UCG-004	NA
ee1bf3ddf54c3ff0a01a5f4cf41e4930	1.0531791811445184	0.002414296152872495	0.508193209024343	0.004750744618385579	0.9962094684751255	NA	d__Bacteria	p__Bacillota	c__Clostridia	o__Lachnospirales	f__Lachnospiraceae	g__Lachnospiraceae_UCG-004	NA
bd3bbca5aad5457e69027d3c0524dfbe	1.7170514108014483	0.350028918176654	0.6393628592334911	0.5474652040255997	0.5840591695964457	0.9438367595448939	d__Bacteria	p__Bacillota	c__Clostridia	o__Lachnospirales	f__Lachnospiraceae	g__Lachnospiraceae_UCG-004	NA
19715b1593c19aa6d35a4d1e3cd09374	66.28092474335338	-0.7406797943816351	0.9058633342979013	-0.8176507055070361	0.41355666545923836	0.72696039875619	d__Bacteria	p__Bacillota	c__Clostridia	o__Lachnospirales	f__Lachnospiraceae	g__Lachnospiraceae_UCG-004	NA
3a4b3a292173af68a29706927fe92684	1.0531791811445184	0.002414296152872495	0.508193209024343	0.004750744618385579	0.9962094684751255	NA	d__Bacteria	p__Bacillota	c__Clostridia	o__Lachnospirales	f__Lachnospiraceae	g__Lachnospiraceae_UCG-004	NA
2dfdd820ff27822a4c0df6bab41a5574	1.0531791811445184	0.002414296152872495	0.508193209024343	0.004750744618385579	0.9962094684751255	NA	d__Bacteria	p__Bacillota	c__Clostridia	o__Lachnospirales	f__Lachnospiraceae	g__Lachnospiraceae_UCG-004	NA
8db5dcc0ac4a25d5d9faac0ad2c1c786	1.0531791811445184	0.002414296152872495	0.508193209024343	0.004750744618385579	0.9962094684751255	NA	d__Bacteria	p__Bacillota	c__Clostridia	o__Lachnospirales	f__Lachnospiraceae	g__Lachnospiraceae_UCG-004	NA
ad83d626f16b30d5ca2cb0af4c628a63	1.038742922832062	0.11789394942079302	0.5208775888265549	0.22633715089640782	0.8209392057615048	NA	d__Bacteria	p__Bacillota	c__Clostridia	o__Lachnospirales	f__Lachnospiraceae	g__Lachnospiraceae_UCG-004	NA
6ac3217b3d15de5971f718cb3a3a94cd	1.038742922832062	0.002414298640146235	0.5079090195957152	0.004753407691141152	0.9962073436744809	NA	d__Bacteria	p__Bacillota	c__Clostridia	o__Lachnospirales	f__Lachnospiraceae	g__Lachnospiraceae_UCG-004	NA
b07af5f863fb0c1c6672a4b4980faa2d	2.3357581499498914	-1.2991781292051454	0.6590889685688848	-1.9711726203309403	0.048704134521857186	0.1709443277213002	d__Bacteria	p__Bacillota	c__Clostridia	o__Lachnospirales	f__Lachnospiraceae	g__Enterocloster	NA
6a90057b6e7a186c4d4e8974cd089f3f	1.7881055290928864	0.0024152888188619884	0.6535766672338182	0.0036954942548429663	0.9970514289008076	0.9979603417267243	d__Bacteria	p__Bacillota	c__Clostridia	o__Lachnospirales	f__Lachnospiraceae	g__Enterocloster	NA
941cc85653474d3d8dfcf3fd605ab3c0	1.2543693413126589	0.002414395892355888	0.5221979890212965	0.004623525833335645	0.9963109732644949	0.9979603417267243	d__Bacteria	p__Bacillota	c__Clostridia	o__Lachnospirales	f__Lachnospiraceae	NA	NA
a891fb44241e433fa8acf251ef4d328f	30.169774799030776	-1.295147345992541	0.8855365627941976	-1.4625566017351888	0.14358874568765062	0.3672302015705078	d__Bacteria	p__Bacillota	c__Clostridia	o__Lachnospirales	f__Lachnospiraceae	g__Lachnoclostridium	NA
8b0ffce6d3488c01116aff68beda52bf	1.0531791811445184	0.002414296152872495	0.508193209024343	0.004750744618385579	0.9962094684751255	NA	d__Bacteria	p__Bacillota	c__Clostridia	o__Lachnospirales	f__Lachnospiraceae	NA	NA
4e9410ec9da59a460d3579b451e3b208	1.2267507557524178	0.630521870478594	0.48402562210627204	1.3026621767145985	0.19269012035278074	0.42950964312767165	d__Bacteria	p__Bacillota	c__Clostridia	o__Lachnospirales	f__Lachnospiraceae	g__Lachnoclostridium	NA
fdbee64f10b65465dea41a6f3491e81c	1.0387186569978308	-0.06470137561885686	0.5123242346852679	-0.12628989854170056	0.8995024520344506	NA	d__Bacteria	p__Bacillota	c__Clostridia	o__Lachnospirales	f__Lachnospiraceae	NA	NA
708b000c48dbefb1454b79108d2a1f70	74.95847087168892	-0.5056746303500037	0.9978420668313364	-0.50676820226249	0.6123174697767675	0.9751384182862849	d__Bacteria	p__Bacillota	c__Clostridia	o__Lachnospirales	f__Lachnospiraceae	NA	NA
c5619065fbb2332fe286b698e6b6c58d	1.0531791811445184	0.002414296152872495	0.508193209024343	0.004750744618385579	0.9962094684751255	NA	d__Bacteria	p__Bacillota	c__Clostridia	o__Lachnospirales	f__Lachnospiraceae	NA	NA
6898e5f0ac46c4fa949b2a17a307a783	1.0531791811445184	0.002414296152872495	0.508193209024343	0.004750744618385579	0.9962094684751255	NA	d__Bacteria	p__Bacillota	c__Clostridia	o__Lachnospirales	f__Lachnospiraceae	NA	NA
6eaef2dd2e8097421a196c104a2b76c8	12.17210099797607	-4.448931042263358	0.8966358307679014	-4.96180376647806	6.984153732271983e-7	2.980836812933682e-5	d__Bacteria	p__Bacillota	c__Clostridia	o__Lachnospirales	f__Lachnospiraceae	g__Enterocloster	NA
8ce212aaf7d867e84eab351d75eeecfa	2.190082555976502	0.0024153645069291455	0.6962183258096083	0.0034692630420499223	0.9972319341340269	0.9979603417267243	d__Bacteria	p__Bacillota	c__Clostridia	o__Lachnospirales	f__Lachnospiraceae	NA	NA
42764707c5f0400036ee8777610a35c1	1.0531791811445184	0.002414296152872495	0.508193209024343	0.004750744618385579	0.9962094684751255	NA	d__Bacteria	p__Bacillota	c__Clostridia	o__Lachnospirales	f__Lachnospiraceae	g__Enterocloster	NA
a17bb1cd59c8dc7435e93a2604b425ad	1.1828789277878644	0.002414309935442923	0.5131590879021334	0.004704798165638968	0.9962461280306861	NA	d__Bacteria	p__Bacillota	c__Clostridia	o__Lachnospirales	f__Lachnospiraceae	NA	NA
42d6476b2b37e8836199ec2e87140f1d	1.0531791811445184	0.002414296152872495	0.508193209024343	0.004750744618385579	0.9962094684751255	NA	d__Bacteria	p__Bacillota	c__Clostridia	o__Lachnospirales	f__Lachnospiraceae	g__Enterocloster	NA
2c0c62ea09b2efe01bacdcbcf558d2b8	116.33156298124466	-1.9880383432991178	0.9696668787338419	-2.0502281627841414	0.04034217097224052	0.15602559631445612	d__Bacteria	p__Bacillota	c__Clostridia	o__Lachnospirales	f__Lachnospiraceae	g__Enterocloster	NA
543818d6869d7b4271bd4cf11ba898cb	1.5880762723911424	-1.9431787664682563	0.5029949184308955	-3.863217490407355	1.1190329303837415e-4	0.002058634718481814	d__Bacteria	p__Bacillota	c__Clostridia	o__Lachnospirales	f__Lachnospiraceae	g__Enterocloster	NA
0e573f05d90169d75e65a2a1fa3c53fd	1.0531791811445184	0.002414296152872495	0.508193209024343	0.004750744618385579	0.9962094684751255	NA	d__Bacteria	p__Bacillota	c__Clostridia	o__Lachnospirales	f__Lachnospiraceae	g__Enterocloster	NA
539f4432343708437a33c55cf334427b	1.2404266249883102	0.6720927912885013	0.4979384809722821	1.3497506558966137	0.17709597761082385	0.4100365221935781	d__Bacteria	p__Bacillota	c__Clostridia	o__Lachnospirales	f__Lachnospiraceae	g__Enterocloster	NA
65a8557efe47cf194d09ce4fb816316e	1.1687692434511097	0.002414303137369465	0.5122171224713923	0.004713437000545224	0.9962392353141173	NA	d__Bacteria	p__Bacillota	c__Clostridia	o__Lachnospirales	f__Lachnospiraceae	g__Enterocloster	NA
0a035a7ec1f4a194dd7fbda3c5660db0	63.403808701899486	-2.31476310006127	0.9558036859591289	-2.4217976285982346	0.015443948429410903	0.07492945174666904	d__Bacteria	p__Bacillota	c__Clostridia	o__Lachnospirales	f__Lachnospiraceae	g__Enterocloster	NA
16577d051299f0072d87ffee13a4ef59	1.0531791811445184	0.002414296152872495	0.508193209024343	0.004750744618385579	0.9962094684751255	NA	d__Bacteria	p__Bacillota	c__Clostridia	o__Lachnospirales	f__Lachnospiraceae	g__Enterocloster	NA
1afa3015d3a14eb3a8968df771beacf3	1.0531791811445184	0.002414296152872495	0.508193209024343	0.004750744618385579	0.9962094684751255	NA	d__Bacteria	p__Bacillota	c__Clostridia	o__Lachnospirales	f__Lachnospiraceae	g__Enterocloster	NA
f35b00aec9a541d1f96cbdc1c6ae68a0	1.8586762884638708	0.0024152800560715442	0.6559678296594361	0.0036820099200985264	0.9970621877701151	0.9979603417267243	d__Bacteria	p__Bacillota	c__Clostridia	o__Lachnospirales	f__Lachnospiraceae	g__Extibacter	NA
3f112a88250b1496f6ed61056487cd75	1.441188775754503	0.002415117944541938	0.6070806841285192	0.003978248703479844	0.9968258251531216	0.9979603417267243	d__Bacteria	p__Bacillota	c__Clostridia	o__Lachnospirales	f__Lachnospiraceae	g__Mediterraneibacter	NA
ff772f18ec3760046ea9dd413fc88de7	1.0531791811445184	0.002414296152872495	0.508193209024343	0.004750744618385579	0.9962094684751255	NA	d__Bacteria	p__Bacillota	c__Clostridia	o__Lachnospirales	f__Lachnospiraceae	g__Mediterraneibacter	NA
3177fde531c9d09eb52f3a7bc4426c7b	1.0531791811445184	0.002414296152872495	0.508193209024343	0.004750744618385579	0.9962094684751255	NA	d__Bacteria	p__Bacillota	c__Clostridia	o__Lachnospirales	f__Lachnospiraceae	g__Mediterraneibacter	NA
ab2bf06813483fc14a49518863849a59	1.1539867911196868	0.0024142980416623242	0.5114071087930979	0.004720892612071779	0.996233286662973	NA	d__Bacteria	p__Bacillota	c__Clostridia	o__Lachnospirales	f__Lachnospiraceae	g__Mediterraneibacter	NA
f005c8c557afa9e8ed92a77753fc6770	1.2258335603486163	0.6303257179622371	0.4839560898063106	1.3024440258919083	0.19276464076136918	0.42950964312767165	d__Bacteria	p__Bacillota	c__Clostridia	o__Lachnospirales	f__Lachnospiraceae	g__Mediterraneibacter	NA
dc41692600de807e3e76f265cdc14075	1.0531791811445184	0.002414296152872495	0.508193209024343	0.004750744618385579	0.9962094684751255	NA	d__Bacteria	p__Bacillota	c__Clostridia	o__Lachnospirales	f__Lachnospiraceae	g__Mediterraneibacter	NA
56be4da3a014f35ce47922774c9156c9	1.6154219353479387	0.4218409057922631	0.5052187849916424	0.8349667873082776	0.40373640872961164	0.7144058841036411	d__Bacteria	p__Bacillota	c__Clostridia	o__Lachnospirales	f__Lachnospiraceae	g__Extibacter	NA
