Feature ID	Taxon	Confidence
f7447c8e079023f4f2579d8580575dd3	d__Bacteria; p__Bacillota; c__Bacilli; o__Lactobacillales; f__Lactobacillaceae; g__Lactobacillus	0.9849533158341188
3bac14d2805bf995afe9d316a5777b1e	d__Bacteria; p__Bacillota; c__Bacilli; o__Lactobacillales; f__Lactobacillaceae; g__Lactobacillus	0.9999644644189528
a8e53bd66879cd51ecb4e7daf552accb	d__Bacteria; p__Actinomycetota; c__Actinobacteria; o__Bifidobacteriales; f__Bifidobacteriaceae; g__Gardnerella	0.9999995613210299
99deb3c5ecb022ec05609ebd1112a557	d__Bacteria; p__Bacteroidota; c__Bacteroidia; o__Bacteroidales; f__Bacteroidaceae; g__Bacteroides	0.9999999999415934
d46e2205f0c6ecf67b51f83d111c509c	d__Bacteria; p__Pseudomonadota; c__Gammaproteobacteria; o__Enterobacterales; f__Enterobacteriaceae; g__Escherichia-Shigella	0.9894925893214492
a22c8ef72659b99e76dd5d4ec6b37843	d__Bacteria; p__Actinomycetota; c__Coriobacteriia; o__Coriobacteriales; f__Atopobiaceae; g__Fannyhessea	0.9999999984721342
0df6c802966e8670279671824da4f10a	d__Bacteria; p__Bacillota; c__Bacilli; o__Lactobacillales; f__Lactobacillaceae; g__Lactobacillus	0.7687341527516579
2c982937754e6321f861027032db80f7	d__Bacteria; p__Bacteroidota; c__Bacteroidia; o__Bacteroidales; f__Bacteroidaceae; g__Bacteroides	0.9999999997702957
edb02840fe91e2472e2935917600da98	d__Bacteria; p__Bacteroidota; c__Bacteroidia; o__Bacteroidales; f__Prevotellaceae; g__Prevotella	0.9999439043145162
bffd79a65e1cd0c98d984f7df8f1ed09	d__Bacteria; p__Bacillota; c__Negativicutes; o__Veillonellales-Selenomonadales; f__Veillonellaceae; g__Megasphaera	0.9999562471510589
b2574632cd105083065793a728d40c81	d__Bacteria; p__Bacillota; c__Clostridia; o__Peptostreptococcales-Tissierellales; f__Family_XI; g__Peptoniphilus	0.9999999999999716
f5f5e0da89730462abaf6301a9557193	d__Bacteria; p__Bacillota; c__Clostridia; o__Oscillospirales; f__Ruminococcaceae; g__Faecalibacterium	0.9998824626360134
22b3c70cdfb1714224e1bf8a6314bee9	d__Bacteria; p__Bacillota; c__Clostridia; o__Peptostreptococcales-Tissierellales; f__Family_XI; g__Finegoldia	0.9999999999603375
23bd044024010c3ba28e2542b98a22e1	d__Bacteria; p__Actinomycetota; c__Actinobacteria; o__Bifidobacteriales; f__Bifidobacteriaceae; g__Gardnerella	0.9999999750273648
fd44d4cb468fd7dc9b3227867714ed87	d__Bacteria; p__Bacteroidota; c__Bacteroidia; o__Bacteroidales; f__Bacteroidaceae; g__Bacteroides	0.9999999998626521
f4c2587bbaa6e03cd0452af030d28bb5	d__Bacteria; p__Bacteroidota; c__Bacteroidia; o__Bacteroidales; f__Prevotellaceae; g__Prevotella	0.9995392356318054
052ed87a5bce8789c20b59effda065d6	d__Bacteria; p__Bacillota; c__Clostridia; o__Peptostreptococcales-Tissierellales; f__Family_XI; g__Fenollaria	0.9999999999998579
8365c56e7d1f57079c8821b426206d94	d__Bacteria; p__Campylobacterota; c__Campylobacteria; o__Campylobacterales; f__Campylobacteraceae; g__Campylobacter	0.9999999843916642
b1a2eb74f17971864ed1ed964da108e5	d__Bacteria; p__Fusobacteriota; c__Fusobacteriia; o__Fusobacteriales; f__Leptotrichiaceae; g__Sneathia	0.9999996121830789
63749f93fa752451b71632e68523bb95	d__Bacteria; p__Fusobacteriota; c__Fusobacteriia; o__Fusobacteriales; f__Leptotrichiaceae; g__Sneathia	0.9999624204610936
958d54f6c2724fdc04ad01d39d59aaca	d__Bacteria; p__Bacteroidota; c__Bacteroidia; o__Bacteroidales; f__Prevotellaceae; g__Hoylesella	0.9999996224448895
9d5054752ed33d6a22bd0f96b5618b1c	d__Bacteria; p__Bacteroidota; c__Bacteroidia; o__Bacteroidales; f__Bacteroidaceae; g__Bacteroides	0.9999999858673619
b484195da5a669012008758c2f88fb90	d__Bacteria; p__Bacillota; c__Negativicutes; o__Veillonellales-Selenomonadales; f__Veillonellaceae; g__Dialister	0.9995855215699313
d900eb33f6b4bc449aab64df16ae18b2	d__Bacteria; p__Bacteroidota; c__Bacteroidia; o__Bacteroidales; f__Bacteroidaceae; g__Bacteroides	0.9999999069289104
59777186ad2e0947e97615b5d6225136	d__Bacteria; p__Bacillota; c__Clostridia; o__Oscillospirales; f__Ruminococcaceae; g__Faecalibacterium	0.9998765214240256
675c847bccbc53942ebb7b8cbb4efc4d	d__Bacteria; p__Bacteroidota; c__Bacteroidia; o__Bacteroidales; f__Prevotellaceae; g__Segatella	0.9999998074584554
8e175abe6a746b8f33bae9cd7c8192bb	d__Bacteria; p__Bacillota; c__Clostridia; o__Oscillospirales; f__Ruminococcaceae; g__Faecalibacterium	0.9999298593577634
d8e7f9181e4d5a4a6453e9ca9996a43f	d__Bacteria; p__Bacteroidota; c__Bacteroidia; o__Bacteroidales; f__Tannerellaceae; g__Parabacteroides	0.9993521044581852
5dc4a87514f65e55bd373c1283e95fc4	d__Bacteria; p__Bacteroidota; c__Bacteroidia; o__Bacteroidales; f__Prevotellaceae; g__Prevotella	0.999574895305304
ed2705c46014388e410c33059f14abbf	d__Bacteria; p__Bacteroidota; c__Bacteroidia; o__Bacteroidales; f__Prevotellaceae; g__Hoylesella	0.9999602587606443
fd2eb1fe2266eed160a855f715f7c77e	d__Bacteria; p__Bacillota; c__Bacilli; o__Lactobacillales; f__Streptococcaceae; g__Streptococcus	0.9999973901423922
9ee9d7f1e7a96963f1ee2668f858fced	d__Bacteria; p__Bacillota; c__Clostridia; o__Peptostreptococcales-Tissierellales; f__Family_XI; g__Anaerococcus	0.9999999999999858
b407c0316dbd17ba50708ee7a6bb48e6	d__Bacteria; p__Bacillota; c__Clostridia; o__Peptostreptococcales-Tissierellales; f__Family_XI; g__Peptoniphilus	0.9999999999012346
69a11f927915e2a3ba1f7b9c84486527	d__Bacteria; p__Pseudomonadota; c__Gammaproteobacteria; o__Burkholderiales; f__Sutterellaceae; g__Parasutterella	0.9987665634127085
7fb08fa9b7b2eef6a3db57d0de769227	d__Bacteria; p__Bacillota; c__Clostridia; o__Peptostreptococcales-Tissierellales; f__Family_XI; g__Peptoniphilus	0.9999999999999147
06f825b512d903b9230e1a55d87359ee	d__Bacteria; p__Bacillota; c__Bacilli; o__Lactobacillales; f__Streptococcaceae; g__Streptococcus	0.9999391432388365
818434292143daca42a3168f3728da82	d__Bacteria; p__Bacillota; c__Negativicutes; o__Veillonellales-Selenomonadales; f__Veillonellaceae; g__Dialister	0.9999991839172883
e7ab4b543a03582976d41c0df48b69fe	d__Bacteria; p__Bacillota; c__Negativicutes; o__Veillonellales-Selenomonadales; f__Veillonellaceae; g__Dialister	0.9985506170741661
19a779b06d85c489c23dcd3d3817226b	d__Bacteria; p__Bacillota; c__Clostridia; o__Peptostreptococcales-Tissierellales; f__Family_XI; g__Peptoniphilus	0.9999999219009256
c67445ed68d61f49e41b7bdd1de019fb	d__Bacteria; p__Bacillota; c__Clostridia; o__Lachnospirales; f__Lachnospiraceae; g__Enterocloster	0.9914829717278103
b15193fce14759d1c06728933e044af6	d__Bacteria; p__Bacteroidota; c__Bacteroidia; o__Bacteroidales; f__Bacteroidaceae; g__Bacteroides	0.9999999883365548
232aa5d7540fb57bd4f9cf8be191c9a8	d__Bacteria; p__Bacillota; c__Bacilli; o__Lactobacillales; f__Lactobacillaceae; g__Lactobacillus	0.9972246197667974
263e41ea2c25dc87bd2ff5910cf30d40	d__Bacteria; p__Bacillota; c__Clostridia; o__Lachnospirales; f__Lachnospiraceae; g__Agathobacter	0.9199479228922182
2114414db001c21b5f663a9d3e7b56e6	d__Bacteria; p__Bacillota; c__Clostridia; o__Lachnospirales; f__Lachnospiraceae; g__Shuttleworthia	0.999999988410437
7fae613f7cc102eb5599d1caa6893bb9	d__Bacteria; p__Bacillota; c__Clostridia; o__Peptostreptococcales-Tissierellales; f__Family_XI; g__Ezakiella	1.0
385197fd9f310da44597d7a6a8ad6916	d__Bacteria; p__Bacteroidota; c__Bacteroidia; o__Bacteroidales; f__Prevotellaceae; g__Prevotella	0.9999989737312099
6bbff26a22040581ff0e24f9b5b40830	d__Bacteria; p__Bacillota; c__Negativicutes; o__Acidaminococcales; f__Acidaminococcaceae; g__Acidaminococcus	0.9997916063506149
18916ff01c5cc30f13e73cab657abe0e	d__Bacteria; p__Bacillota; c__Bacilli; o__Lactobacillales; f__Lactobacillaceae; g__Lactobacillus	0.9965010275913425
5fbc483f79cd97d3a7253931f37c33e8	d__Bacteria; p__Bacillota; c__Clostridia; o__Oscillospirales; f__Oscillospiraceae; g__Flavonifractor	0.9999204963729242
6616dc3bd6aeb3e26b9b2218290ea574	d__Bacteria; p__Bacteroidota; c__Bacteroidia; o__Bacteroidales; f__Bacteroidaceae; g__Bacteroides	0.9999999996089741
cbba35c0152682628245fca0d2efa51e	d__Bacteria; p__Bacteroidota; c__Bacteroidia; o__Bacteroidales; f__Prevotellaceae; g__Prevotella	0.999917413346753
5c1dd48ef0a674513626f5c85ea126ee	d__Bacteria; p__Bacteroidota; c__Bacteroidia; o__Bacteroidales; f__Prevotellaceae; g__Hoylesella	0.9999995798494327
836cd5ea357ad392c00a7e48d921be1d	d__Bacteria; p__Bacteroidota; c__Bacteroidia; o__Bacteroidales; f__Bacteroidaceae; g__Bacteroides	0.9999999999568701
31ae90207edd94c7ec56db3a9778c2e7	d__Bacteria; p__Bacteroidota; c__Bacteroidia; o__Bacteroidales; f__Prevotellaceae; g__Hoylesella	0.9999739950559117
7b28c20e72c6c95b3e604f0849245770	d__Bacteria; p__Verrucomicrobiota; c__Verrucomicrobiia; o__Verrucomicrobiales; f__Akkermansiaceae; g__Akkermansia	1.0
c53e42b981a64c89c69a5e6032bf49a2	d__Bacteria; p__Bacteroidota; c__Bacteroidia; o__Bacteroidales; f__Prevotellaceae; g__Prevotellaceae_UCG-001	0.950911286799746
9639a3291729a3758207b47715d9205f	d__Bacteria; p__Bacillota; c__Clostridia; o__Oscillospirales; f__Ruminococcaceae; g__Gemmiger	0.7470587694589634
b59663fd23553a90c237e6b94095cfc3	d__Bacteria; p__Bacteroidota; c__Bacteroidia; o__Bacteroidales; f__Prevotellaceae; g__Prevotella	0.9999842177042502
6d7f932303cb8ce3b13ec6d15b25682e	d__Bacteria; p__Bacillota; c__Negativicutes; o__Veillonellales-Selenomonadales; f__Veillonellaceae; g__Megasphaera	0.9999999938271742
4c8e9e9625bae27df7fdc81da666be14	d__Bacteria; p__Bacillota; c__Bacilli; o__Lactobacillales; f__Lactobacillaceae; g__Lactobacillus	0.9999928682594195
ca647fe90e501808421954e5fbf9faa6	d__Bacteria; p__Bacillota; c__Clostridia; o__Peptostreptococcales-Tissierellales; f__Peptostreptococcaceae; g__Peptostreptococcus	0.99999997848947
e55126d48e57348ad1410ca3c987d5a7	d__Bacteria; p__Bacillota; c__Bacilli; o__Lactobacillales; f__Lactobacillaceae; g__Lactobacillus	0.9999865899144179
c5e48d33cc9cb2091f9867c5937315dd	d__Bacteria; p__Actinomycetota; c__Actinobacteria; o__Actinomycetales; f__Actinomycetaceae; g__Mobiluncus	0.99999999999784
76b39e86c95e0c7dd8b9c57b974f6532	d__Bacteria; p__Bacteroidota; c__Bacteroidia; o__Bacteroidales; f__Bacteroidaceae; g__Bacteroides	0.9999999991911608
1b8dec58597978264025b9eba656ffb5	d__Bacteria; p__Bacteroidota; c__Bacteroidia; o__Bacteroidales; f__Bacteroidaceae; g__Bacteroides	0.9999999983211012
f479c23321346918723839e33a3544f4	d__Bacteria; p__Bacillota; c__Clostridia; o__Oscillospirales; f__Ruminococcaceae; g__Ruthenibacterium	0.9999814171853821
c48070f3061b086b60ff32f77e0002fa	d__Bacteria; p__Bacillota; c__Clostridia; o__Oscillospirales; f__Ruminococcaceae; g__Gemmiger	0.754176826813975
0dcf5023e96fb8175d7bf02d900c9dd1	d__Bacteria; p__Bacillota; c__Clostridia; o__Oscillospirales; f__[Eubacterium]_coprostanoligenes_group; g__Incertae_Sedis	0.9999922752863953
7af6fc12809fdafab918881f836460f8	d__Bacteria; p__Bacillota; c__Clostridia; o__Lachnospirales; f__Lachnospiraceae	0.9999994993900654
742e1f191223f58590661de80b9d6e3b	d__Bacteria; p__Bacteroidota; c__Bacteroidia; o__Bacteroidales; f__Rikenellaceae; g__Alistipes	0.9999999999980105
a40e8c857cf661836ffc29a2856520bd	d__Bacteria; p__Bacillota; c__Negativicutes; o__Veillonellales-Selenomonadales; f__Veillonellaceae; g__Veillonella	0.9999998393980563
be0f17ccabbe709007e9b9f2260f2654	d__Bacteria; p__Bacteroidota; c__Bacteroidia; o__Bacteroidales; f__Prevotellaceae; g__Prevotella	0.9997981228174933
945184b6386c192c0066e0a98a154780	d__Bacteria; p__Pseudomonadota; c__Gammaproteobacteria; o__Enterobacterales; f__Enterobacteriaceae	0.8849998680975519
333bbf9224442fc10cd497377d2b1d01	d__Bacteria; p__Bacteroidota; c__Bacteroidia; o__Bacteroidales; f__Bacteroidaceae; g__Bacteroides	0.9999999957384489
27f098662c8f87b4aaff903d9c0f28d3	d__Bacteria; p__Thermodesulfobacteriota; c__Desulfovibrionia; o__Desulfovibrionales; f__Desulfovibrionaceae; g__Bilophila	0.9999999467382722
08a0cf376add32f3f4b57ec1e82a7a27	d__Bacteria; p__Bacillota; c__Negativicutes; o__Veillonellales-Selenomonadales; f__Selenomonadaceae; g__Megamonas	0.9996292035002486
c6c3ab4e828fb40d6e05967b7aac9338	d__Bacteria; p__Bacillota; c__Clostridia; o__Lachnospirales; f__Lachnospiraceae; g__Blautia	0.9908301854662422
7a6dba47692f821cabeaf266b6b36593	d__Bacteria; p__Bacillota; c__Negativicutes; o__Veillonellales-Selenomonadales; f__Veillonellaceae; g__Incertae_Sedis	0.8382479069986182
e502ebea2a54a6f839d310d6d57e7d47	d__Bacteria; p__Fusobacteriota; c__Fusobacteriia; o__Fusobacteriales; f__Fusobacteriaceae; g__Fusobacterium	0.9999999999998153
dbcdaca3ee9e9fe75d8829e87b8551dc	d__Bacteria; p__Pseudomonadota; c__Gammaproteobacteria; o__Burkholderiales; f__Sutterellaceae; g__Sutterella	0.9999999943912741
da6a7cba87e0895b9cbe6037b9bd8b3b	d__Bacteria; p__Bacteroidota; c__Bacteroidia; o__Bacteroidales; f__Prevotellaceae; g__Segatella	0.9999998047124783
c24e0e391aa836b5eae25567c7eb89ee	d__Bacteria; p__Bacillota; c__Clostridia; o__Lachnospirales; f__Lachnospiraceae; g__[Ruminococcus]_gnavus_group	0.9997021065225457
689a7bbbb932d7be2fa6b6f63dd0870e	d__Bacteria; p__Actinomycetota; c__Actinobacteria; o__Bifidobacteriales; f__Bifidobacteriaceae; g__Alloscardovia	0.9999996819914906
609d1ae0045de753ac19f31803e3e19d	d__Bacteria; p__Bacillota; c__Clostridia; o__Oscillospirales; f__Oscillospiraceae; g__UCG-002	0.9998808145561029
dfbcf643d39da3d96679e19c7ab6b3a1	d__Bacteria; p__Bacillota; c__Clostridia; o__Oscillospirales; f__Oscillospiraceae; g__Fastidiosipila	0.999794033037107
67e8859e108281ee7971084bfa759522	d__Bacteria; p__Bacillota; c__Clostridia; o__Lachnospirales; f__Lachnospiraceae; g__Lachnoclostridium	0.9609036221241951
9a76c2c2904fcae623e236b6818a712e	d__Bacteria; p__Bacteroidota; c__Bacteroidia; o__Bacteroidales; f__Tannerellaceae; g__Parabacteroides	0.9999999999254925
9908fffab7ed4f3bec44cda2f5084d49	d__Bacteria; p__Bacillota; c__Bacilli; o__Lactobacillales; f__Enterococcaceae; g__Enterococcus	0.930093508863469
2e4f2b53b856c4def6d021d01f5abb70	d__Bacteria; p__Bacillota; c__Clostridia; o__Lachnospirales; f__Lachnospiraceae; g__Dorea	0.9686300672249056
644fd07dc284e48b3f9bdbf76078fd2e	d__Bacteria; p__Bacillota; c__Clostridia; o__Peptostreptococcales-Tissierellales; f__Anaerovoracaceae; g__S5-A14a	0.9999998672722031
08bd43071a06abf56df235fca6655bea	d__Bacteria; p__Bacillota; c__Clostridia; o__Lachnospirales; f__Lachnospiraceae; g__Mediterraneibacter	0.998513271277724
332a6411ff00b4010ac2397f504c4695	d__Bacteria; p__Bacteroidota; c__Bacteroidia; o__Bacteroidales; f__Rikenellaceae; g__Alistipes	0.9999999999995168
149465e40c1bdbc6230588a58a4d6eb0	d__Bacteria; p__Bacillota; c__Clostridia; o__Oscillospirales; f__Ruminococcaceae; g__Acutalibacter	0.9936337405461817
73133b45b140eb6dd888998e03250e84	d__Bacteria; p__Bacillota; c__Bacilli; o__Lactobacillales; f__Lactobacillaceae; g__Lactobacillus	0.965222350924049
8135beec331a8d558070c38b580e4b8e	d__Bacteria; p__Bacillota; c__Clostridia; o__Oscillospirales; f__Ruminococcaceae	0.9999127229003502
bf611493002f5918a68778bde2def567	d__Bacteria; p__Bacteroidota; c__Bacteroidia; o__Bacteroidales; f__Bacteroidaceae; g__Bacteroides	0.9999999983711803
5edd946e0a26ae1c85ed8c498c328387	d__Bacteria; p__Bacillota; c__Clostridia; o__Oscillospirales; f__Ruminococcaceae; g__Faecalibacterium	0.9998035131884304
c45a3b1ba3c7be52bf6cfd79c71d1286	d__Bacteria; p__Bacillota; c__Bacilli; o__Lactobacillales; f__Aerococcaceae; g__Aerococcus	0.9999999457708398
306885bb108656641ce13c5a740ef46c	d__Bacteria; p__Bacillota; c__Clostridia; o__Peptostreptococcales-Tissierellales; f__Family_XI; g__Murdochiella	0.9999999999999858
4fba6fef450158c1bd1cbcb5a0e8f5e5	d__Bacteria; p__Bacteroidota; c__Bacteroidia; o__Bacteroidales; f__Prevotellaceae; g__Segatella	0.999999685843441
32cc17e12d08b4011ab0ec8c393fd12c	d__Bacteria; p__Bacillota; c__Clostridia; o__Oscillospirales; f__Oscillospiraceae; g__UCG-002	0.9996955011156852
735cb9abbbc8ff2b5b354be608a3a869	d__Bacteria; p__Bacillota; c__Bacilli; o__Lactobacillales; f__Streptococcaceae; g__Streptococcus	0.9999986096893282
119eea33cb9f505d6a20297d132e792a	d__Bacteria; p__Bacillota; c__Clostridia; o__Lachnospirales; f__Lachnospiraceae; g__Lachnoclostridium	0.8556365858081381
9192b3275c36e56540678451adfa601f	d__Bacteria; p__Bacillota; c__Clostridia; o__Oscillospirales; f__Oscillospiraceae; g__UCG-002	0.9999567362694998
f6db88de2de2cc9c70a0fad702c78246	d__Bacteria; p__Actinomycetota; c__Actinobacteria; o__Bifidobacteriales; f__Bifidobacteriaceae; g__Gardnerella	0.9999999892767023
77c2dc197e6b3dbebc4ee240c6a1c559	d__Bacteria; p__Bacillota; c__Clostridia; o__Oscillospirales; f__Oscillospiraceae; g__Oscillibacter	0.999993598219063
1569f7ae988e26c905ab8fab427c8a0d	d__Bacteria; p__Bacillota; c__Negativicutes; o__Acidaminococcales; f__Acidaminococcaceae; g__Phascolarctobacterium	0.9999998954873687
0640e9dab39f8ff89a9bdef119e0fe6f	d__Bacteria; p__Bacillota; c__Bacilli; o__Lactobacillales; f__Lactobacillaceae; g__Lactobacillus	0.9836107476495282
2359b6a4d6a1188eac7ed4daae3e165f	d__Bacteria; p__Actinomycetota; c__Actinobacteria; o__Actinomycetales; f__Actinomycetaceae; g__Varibaculum	0.9999999999739657
21401b105dc53b367b8fdc0ec97a9f02	d__Bacteria; p__Pseudomonadota; c__Gammaproteobacteria; o__Burkholderiales; f__Sutterellaceae; g__Sutterella	0.9999999998435811
31f567f59096ed2d57feecc6c3621a58	d__Bacteria; p__Bacteroidota; c__Bacteroidia; o__Bacteroidales; f__Porphyromonadaceae; g__Porphyromonas	0.9999997578594284
79782755a18c72d86cf07428121c811d	d__Bacteria; p__Actinomycetota; c__Coriobacteriia; o__Coriobacteriales; f__Atopobiaceae; g__Fannyhessea	0.9999999756297772
708b000c48dbefb1454b79108d2a1f70	d__Bacteria; p__Bacillota; c__Clostridia; o__Lachnospirales; f__Lachnospiraceae	0.9999998725258115
d639e9434c8f50838a4a89f78f19998f	d__Bacteria; p__Bacteroidota; c__Bacteroidia; o__Bacteroidales; f__Porphyromonadaceae; g__Porphyromonas	0.9999999594312933
13c1b2a8c491cf3fba2fa50e45717450	d__Bacteria; p__Bacillota; c__Clostridia; o__Peptostreptococcales-Tissierellales; f__Family_XI; g__Anaerococcus	1.0
c994a2772a648316e21e664e3a878e80	d__Bacteria; p__Bacteroidota; c__Bacteroidia; o__Bacteroidales; f__Prevotellaceae; g__Segatella	0.9999988206806014
86ff0efd7fd88b82809500c90c4a7832	d__Bacteria; p__Bacillota; c__Clostridia; o__Oscillospirales; f__Ruminococcaceae; g__Faecalibacterium	0.9998780129792857
878fc53ff6f6333a92673b700951fa1b	d__Bacteria; p__Bacteroidota; c__Bacteroidia; o__Bacteroidales; f__Tannerellaceae; g__Parabacteroides	0.999999999947434
195a6faf067d7e7afcefd42a76f1e1dc	d__Bacteria; p__Bacteroidota; c__Bacteroidia; o__Bacteroidales; f__Porphyromonadaceae; g__Porphyromonas	0.999993091038938
ec6732c2e0d4cf64b3d0350e7fe3defb	d__Bacteria; p__Bacillota; c__Clostridia; o__Lachnospirales; f__Lachnospiraceae; g__Roseburia	0.9538052337781568
35cbb315e019e0a8768d4b73862df415	d__Bacteria; p__Actinomycetota; c__Coriobacteriia; o__Coriobacteriales; f__Coriobacteriaceae; g__Collinsella	0.9999999999287894
173c825a18291f2ba18b5e46d9db8408	d__Bacteria; p__Bacteroidota; c__Bacteroidia; o__Bacteroidales; f__Tannerellaceae; g__Parabacteroides	0.9999999998875495
cbd78efd85b15ef4ac0450160a74dda3	d__Bacteria; p__Bacteroidota; c__Bacteroidia; o__Bacteroidales; f__Bacteroidaceae; g__Bacteroides	0.999999999871676
394eda29c886632f514dd94b58381186	d__Bacteria; p__Pseudomonadota; c__Gammaproteobacteria; o__Enterobacterales; f__Pasteurellaceae; g__Haemophilus	0.9122583650518356
797be95b1577a87d579b6bee98485d87	d__Bacteria; p__Bacillota; c__Bacilli; o__Lactobacillales; f__Lactobacillaceae; g__Lactobacillus	0.9606986111196859
f1ce4897644877cf6f1235176866dfed	d__Bacteria; p__Bacillota; c__Negativicutes; o__Veillonellales-Selenomonadales; f__Veillonellaceae; g__Dialister	0.9177572243523521
b2062ae94fb00a931014b67b499295a8	d__Bacteria; p__Bacteroidota; c__Bacteroidia; o__Bacteroidales; f__Bacteroidaceae; g__Bacteroides	0.9999999998444764
66063c3a2e5cc0fd8b0b301cdbb7c0ce	d__Bacteria; p__Bacillota; c__Clostridia; o__Lachnospirales; f__Lachnospiraceae	0.9999999668902212
5a6c87d6a4eb5e114959f6192f29b641	d__Bacteria; p__Actinomycetota; c__Actinobacteria; o__Bifidobacteriales; f__Bifidobacteriaceae; g__Bifidobacterium	0.999999567148572
e68712d76951fcc660c7df2d1116d320	d__Bacteria; p__Bacillota; c__Bacilli; o__Lactobacillales; f__Aerococcaceae; g__Aerococcus	0.9999998293565543
b0e56c25ca193e27096e8fb4eb560eee	d__Bacteria; p__Bacillota; c__Clostridia; o__Lachnospirales; f__Lachnospiraceae; g__Eisenbergiella	0.999772957732536
32f8fd11d2bee278d609a1d4ab767554	d__Bacteria; p__Bacteroidota; c__Bacteroidia; o__Bacteroidales; f__Prevotellaceae; g__Prevotella	0.9999979561994219
174b92af2be8de6574c205ce68f97bb7	d__Bacteria; p__Bacteroidota; c__Bacteroidia; o__Bacteroidales; f__Prevotellaceae; g__Prevotella	0.9998571829279255
9db6065dfa5f306778c1a370f3267d73	d__Bacteria; p__Bacteroidota; c__Bacteroidia; o__Bacteroidales; f__Bacteroidaceae; g__Bacteroides	0.9999999969014226
a4880d08bdaee32b18e27f365e1bea71	d__Bacteria; p__Actinomycetota; c__Actinobacteria; o__Actinomycetales; f__Actinomycetaceae; g__Mobiluncus	0.9999999999787974
f0232e28323111f209fbb997f84dd4a7	d__Bacteria; p__Bacteroidota; c__Bacteroidia; o__Bacteroidales; f__Prevotellaceae	0.9999999999778166
2c0c62ea09b2efe01bacdcbcf558d2b8	d__Bacteria; p__Bacillota; c__Clostridia; o__Lachnospirales; f__Lachnospiraceae; g__Enterocloster	0.9995605192398894
78e485ed362e52c2dd1ea76bad6f001c	d__Bacteria; p__Bacillota; c__Negativicutes; o__Veillonellales-Selenomonadales; f__Veillonellaceae; g__Dialister	0.9985161739949817
da8644094f1d480f3b3a6a03a7027ab4	d__Bacteria; p__Bacillota; c__Clostridia; o__Lachnospirales; f__Lachnospiraceae; g__Hungatella	0.9996827057456951
6928971040e6116b9a3f5c9c9bf41adb	d__Bacteria; p__Bacteroidota; c__Bacteroidia; o__Bacteroidales; f__Bacteroidaceae; g__Bacteroides	0.9999999749973799
f805b4e18d0fd74a157b519414a2ba3e	d__Bacteria; p__Bacillota; c__Bacilli; o__Lactobacillales; f__Lactobacillaceae; g__Lactobacillus	0.9999748532979914
09ecf5a6ae593fbc03199102562aeb4b	d__Bacteria; p__Actinomycetota; c__Actinobacteria; o__Actinomycetales; f__Actinomycetaceae; g__Schaalia	0.9996965641092306
fd142f8d5321b7cc15800fa19096a231	d__Bacteria; p__Bacillota; c__Clostridia; o__Peptostreptococcales-Tissierellales; f__Family_XI; g__Peptoniphilus	0.9999999162049882
9fcec8cede65c4ee615159628e314a35	d__Bacteria; p__Bacillota; c__Clostridia; o__Peptostreptococcales-Tissierellales; f__Family_XI; g__Murdochiella	0.9999999996454818
df37b62e507e32409df4885c1ad2ce14	d__Bacteria; p__Bacteroidota; c__Bacteroidia; o__Bacteroidales; f__Bacteroidaceae; g__Bacteroides	0.9999997273023186
0b1f6cb9c07f848ba25971a32b3cc49d	d__Bacteria; p__Bacteroidota; c__Bacteroidia; o__Bacteroidales; f__Bacteroidaceae; g__Bacteroides	0.9999999999673577
45ddc69a3fbf19ff4953211c157cb9ac	d__Bacteria; p__Bacteroidota; c__Bacteroidia; o__Bacteroidales; f__Prevotellaceae; g__Massiliprevotella	0.9999999997359623
3b010dbd9eae72a79f11af5d24eb3ca3	d__Bacteria; p__Verrucomicrobiota; c__Verrucomicrobiia; o__Verrucomicrobiales; f__Akkermansiaceae; g__Akkermansia	0.9999999999999858
78500c826f22cac8943b1e6a24736ddf	d__Bacteria; p__Bacillota; c__Bacilli; o__Lactobacillales; f__Lactobacillaceae; g__Lactobacillus	0.9999858630337826
9104e464668ba956eb9de3d3d2f9eb19	d__Bacteria; p__Campylobacterota; c__Campylobacteria; o__Campylobacterales; f__Campylobacteraceae; g__Campylobacter	0.9999999999805453
9485b25a0c921cb845dc9c4142ae4a0f	d__Bacteria; p__Bacillota; c__Clostridia; o__Peptostreptococcales-Tissierellales; f__Family_XI; g__Parvimonas	0.9999999673145089
2740cf2417c92847cc298cbd71dd1fcd	d__Bacteria; p__Bacillota; c__Negativicutes; o__Veillonellales-Selenomonadales; f__Veillonellaceae; g__Veillonella	0.9999999998832294
e4ef1c7b616eb842c0ff7a327e83bd76	d__Bacteria; p__Bacteroidota; c__Bacteroidia; o__Bacteroidales; f__Tannerellaceae	0.9999995514707207
c8364ffd28638c0516d23fb9cbe39cec	d__Bacteria; p__Bacillota; c__Bacilli; o__Mycoplasmatales; f__Mycoplasmataceae; g__Ureaplasma	1.0
5c4563e3dd7e12dcdf279783af929eaa	d__Bacteria; p__Bacillota; c__Clostridia; o__Lachnospirales; f__Lachnospiraceae; g__Agathobacter	0.8178027032064697
629f41c0de31ba20f5d2b3f4c69e09c1	d__Bacteria; p__Actinomycetota; c__Coriobacteriia; o__Coriobacteriales; f__Eggerthellaceae; g__Eggerthella	0.9999998503964888
8343cf4c26bb977e05e4d9c5125441ef	d__Bacteria; p__Bacteroidota; c__Bacteroidia; o__Bacteroidales; f__Tannerellaceae; g__Parabacteroides	0.9999999999281499
cb9d64ad78fab4cdb5b990e951460a2c	d__Bacteria; p__Bacillota; c__Bacilli; o__Lactobacillales; f__Lactobacillaceae; g__Lactobacillus	0.9668410055259541
40c00caf4aba9abc8cf5384e6e8e438c	d__Bacteria; p__Pseudomonadota; c__Gammaproteobacteria; o__Enterobacterales; f__Enterobacteriaceae	0.9330408641713956
e021b1d10d3d00e2ef45a16fce40938e	d__Bacteria; p__Bacillota; c__Negativicutes; o__Veillonellales-Selenomonadales; f__Veillonellaceae; g__Dialister	0.9981204751081644
d37c35f73fc21285f14723633ad2fbcd	d__Bacteria; p__Pseudomonadota; c__Gammaproteobacteria; o__Burkholderiales; f__Sutterellaceae; g__Sutterella	0.9999999900263674
4f1ddb6e7d5befadf0b9ab146d9d037b	d__Bacteria; p__Actinomycetota; c__Coriobacteriia; o__Coriobacteriales; f__Eggerthellaceae; g__Berryella	0.9997819521336407
6a40f8a61f9fc0f87ea4ffed17131e1d	d__Bacteria; p__Bacteroidota; c__Bacteroidia; o__Bacteroidales; f__Prevotellaceae; g__Prevotella	0.9995951562782683
f4cc6e4932f507b33d1335d801f54563	d__Bacteria; p__Bacillota; c__Clostridia; o__Lachnospirales; f__Lachnospiraceae; g__Dorea	0.9187217677528883
4bd01f90398375480101204bbcdd2ceb	d__Bacteria; p__Bacillota; c__Clostridia; o__Oscillospirales; f__Oscillospiraceae; g__UCG-005	0.9960730267576042
3219af75ee8056ed06ba81e873b0d0cb	d__Bacteria; p__Bacillota; c__Clostridia; o__Oscillospirales; f__Oscillospiraceae; g__UCG-002	0.9994713960129605
bd5ef8f372e09bcf6ec35825be4f053c	d__Bacteria; p__Bacillota; c__Clostridia; o__Lachnospirales; f__Lachnospiraceae; g__Coprococcus	0.9872791772374001
8e2daae0f076acb2d186378cb883210a	d__Bacteria; p__Bacillota; c__Clostridia; o__Oscillospirales; f__Ruminococcaceae	0.9999999914904699
5513af247a74e9450c886a68765a8f6e	d__Bacteria; p__Bacillota; c__Bacilli; o__Lactobacillales; f__Lactobacillaceae; g__Lactobacillus	0.9999247848459477
ef6a209f17415ca40777d4f3e0459647	d__Bacteria; p__Bacteroidota; c__Bacteroidia; o__Bacteroidales; f__Bacteroidaceae; g__Bacteroides	0.999999999879833
f57cabd02554d88ba107201d7c772fbd	d__Bacteria; p__Pseudomonadota; c__Gammaproteobacteria; o__Enterobacterales; f__Enterobacteriaceae; g__Escherichia-Shigella	0.984927632308418
fbd67349783ebeacc69814257b694d56	d__Bacteria; p__Bacteroidota; c__Bacteroidia; o__Bacteroidales; f__Bacteroidaceae; g__Bacteroides	0.9999999976747205
1f0532e025d966a685fd0d1f3144bc8a	d__Bacteria; p__Bacillota; c__Clostridia; o__Peptostreptococcales-Tissierellales; f__Peptostreptococcaceae; g__Peptostreptococcus	0.999999931312035
65d43491988bfe557da4d86a5ba25dae	d__Bacteria; p__Bacillota; c__Bacilli; o__Staphylococcales; f__Staphylococcaceae; g__Staphylococcus	0.9994941935965389
74d852d0838dc88b0c653a7955770ed3	d__Bacteria; p__Actinomycetota; c__Actinobacteria; o__Actinomycetales; f__Actinomycetaceae; g__Varibaculum	0.9999999987109618
49f7701312ac7878e8c245d65760c2cf	d__Bacteria; p__Bacteroidota; c__Bacteroidia; o__Bacteroidales; f__Prevotellaceae; g__Prevotella	0.9999846841848584
d76d59ec71de0e3b22da0c9cd564d41a	d__Bacteria; p__Bacillota; c__Clostridia; o__Lachnospirales; f__Lachnospiraceae; g__Fusicatenibacter	0.9998676244924218
4102c0c9284b080a36ae312a7b497915	d__Bacteria; p__Thermodesulfobacteriota; c__Desulfovibrionia; o__Desulfovibrionales; f__Desulfovibrionaceae; g__Desulfovibrio	0.9999796941466554
533b6c05a74b2c25a94f884d6fe42f9d	d__Bacteria; p__Bacillota; c__Bacilli; o__Erysipelotrichales; f__Erysipelatoclostridiaceae; g__Catenibacterium	0.9999995686961334
96cf4779be686036f92ee15e58b72d52	d__Bacteria; p__Bacillota; c__Negativicutes; o__Acidaminococcales; f__Acidaminococcaceae; g__Phascolarctobacterium	0.999999935870607
be55f2c3cea91fd2eed842b94a484d20	d__Bacteria; p__Pseudomonadota; c__Gammaproteobacteria; o__Enterobacterales; f__Enterobacteriaceae	0.9984155934228721
ad507e5af33142b0fa3228bd0eb25923	d__Bacteria; p__Bacteroidota; c__Bacteroidia; o__Bacteroidales; f__Porphyromonadaceae; g__Porphyromonas	0.999999619006603
e3055f1b3a2ef5ffe239567f02e0e758	d__Bacteria; p__Bacillota; c__Bacilli; o__Lactobacillales; f__Streptococcaceae; g__Streptococcus	0.9999985884801831
785d67b0c0232c96a21b7bf1c46f0a79	d__Bacteria; p__Bacteroidota; c__Bacteroidia; o__Bacteroidales; f__Prevotellaceae; g__Prevotella	0.9999987638672929
c532c2c02cdb1cec71b6500c5d6c2edf	d__Bacteria; p__Bacteroidota; c__Bacteroidia; o__Bacteroidales; f__Porphyromonadaceae; g__Porphyromonas	0.9999979778650906
19715b1593c19aa6d35a4d1e3cd09374	d__Bacteria; p__Bacillota; c__Clostridia; o__Lachnospirales; f__Lachnospiraceae; g__Lachnospiraceae_UCG-004	0.9986045960848801
65990c74559e4adfaa672a884ad7d464	d__Bacteria; p__Bacillota; c__Clostridia; o__Lachnospirales; f__Lachnospiraceae; g__Coprococcus	0.9975767634698851
4ddcfae7911092976b66d0799c96d4d7	d__Bacteria; p__Bacteroidota; c__Bacteroidia; o__Bacteroidales; f__Muribaculaceae; g__Incertae_Sedis	0.9999994786265001
58529dd65c9373ab07909325cc829705	d__Bacteria; p__Bacteroidota; c__Bacteroidia; o__Bacteroidales; f__Prevotellaceae; g__Incertae_Sedis	0.9999999953364949
824b9c5e131ccef5ab3286cfde31640c	d__Bacteria; p__Bacteroidota; c__Bacteroidia; o__Bacteroidales; f__Bacteroidaceae; g__Bacteroides	0.9999999408557745
33518e48b174ac428cb7be1a216c6c6e	d__Bacteria; p__Bacillota; c__Clostridia; o__Lachnospirales; f__Lachnospiraceae; g__Anaerostipes	0.9999999092081892
0a035a7ec1f4a194dd7fbda3c5660db0	d__Bacteria; p__Bacillota; c__Clostridia; o__Lachnospirales; f__Lachnospiraceae; g__Enterocloster	0.9964868970901859
e865f29a716e8d51f83931befa951240	d__Bacteria; p__Bacillota; c__Bacilli; o__Erysipelotrichales; f__Erysipelatoclostridiaceae; g__Erysipelotrichaceae_UCG-003	0.9999985568049437
5f69e7570cbc0562106258b3252493c0	d__Bacteria; p__Actinomycetota; c__Coriobacteriia; o__Coriobacteriales; f__Atopobiaceae; g__Fannyhessea	0.9999990656760035
2556faf779ac746aeedfd18da60768b7	d__Bacteria; p__Bacillota; c__Negativicutes; o__Veillonellales-Selenomonadales; f__Veillonellaceae; g__Megasphaera	0.9999770770501942
e4fb0081d4b0d27e8f5f9c663cb660d5	d__Bacteria; p__Bacteroidota; c__Bacteroidia; o__Bacteroidales; f__Porphyromonadaceae; g__Porphyromonas	0.9999999582445023
fd496fd32dc8c08ade2e8b6c9d8ee13d	d__Bacteria; p__Bacillota; c__Bacilli; o__Lactobacillales; f__Streptococcaceae; g__Streptococcus	0.9999995558959531
84f9cf6d08ccc7adb4e945c4fd8be494	d__Bacteria; p__Bacillota; c__Clostridia; o__Oscillospirales; f__Oscillospiraceae; g__UCG-002	0.9999862135457593
601101d33cdf43a40bd674a50711af52	d__Bacteria; p__Bacillota; c__Clostridia; o__Lachnospirales; f__Lachnospiraceae; g__Roseburia	0.8996382099489375
0a68ec564e278b0246c920ad7de41880	d__Bacteria; p__Bacillota; c__Clostridia; o__Lachnospirales; f__Lachnospiraceae; g__Blautia	0.9472873368790471
a730ef0685ea600be854be1842a6b362	d__Bacteria; p__Bacteroidota; c__Bacteroidia; o__Bacteroidales; f__Marinifilaceae; g__Odoribacter	0.9999999999998295
a18c0c17fce3d52dc60506e8730bc996	d__Bacteria; p__Bacillota; c__Clostridia; o__Oscillospirales; f__Butyricicoccaceae; g__Agathobaculum	0.9999987468219197
ebfa2bf5f3b4bcbc56de0128026b4ace	d__Bacteria; p__Bacillota; c__Clostridia; o__Peptostreptococcales-Tissierellales; f__Family_XI; g__Peptoniphilus	0.999999991450693
90af3675c266d09bb7986147ac5885ec	d__Bacteria; p__Bacillota; c__Clostridia; o__Christensenellales; f__Christensenellaceae; g__Incertae_Sedis	0.7839285562235634
35ffcc3b809d667286737d79670b8de5	d__Bacteria; p__Actinomycetota; c__Actinobacteria; o__Bifidobacteriales; f__Bifidobacteriaceae; g__Bifidobacterium	0.9999973726861792
dd2e6b7323c370b05ba4d9a0568f99e9	d__Bacteria; p__Bacillota; c__Bacilli; o__Lactobacillales; f__Lactobacillaceae; g__Lactobacillus	0.8253040597609173
8646bffa210e3f061cc57f1b1cf2f751	d__Bacteria; p__Bacillota; c__Clostridia; o__Lachnospirales; f__Lachnospiraceae; g__Hungatella	0.9991660573274054
e09d949d7cec463caece6ea299532d89	d__Bacteria; p__Actinomycetota; c__Coriobacteriia; o__Coriobacteriales; f__Atopobiaceae; g__Fannyhessea	0.999999995807471
df14354ec277348c54d0c9dd49eb4da0	d__Bacteria; p__Bacillota; c__Clostridia; o__Oscillospirales; f__Ruminococcaceae; g__[Eubacterium]_siraeum_group	0.9999999284378757
04160ba54c21aeed9435ec51e581ac46	d__Bacteria; p__Bacteroidota; c__Bacteroidia; o__Bacteroidales; f__Rikenellaceae; g__Alistipes	0.9999999999887308
11b7d5a0dd0446562be236a4a9144c75	d__Bacteria; p__Bacillota; c__Clostridia; o__Oscillospirales; f__Oscillospiraceae; g__Colidextribacter	0.998766690093535
47c305878bfc73bfeda34b2ae1a82ee1	d__Bacteria; p__Bacteroidota; c__Bacteroidia; o__Bacteroidales; f__Bacteroidaceae; g__Bacteroides	0.9999999952036802
07b148ebe6cc2c05b1faa8d187c51114	d__Bacteria; p__Verrucomicrobiota; c__Verrucomicrobiia; o__Verrucomicrobiales; f__Akkermansiaceae; g__Akkermansia	1.0
ee72ee97db064e5d745356f479b9e576	d__Bacteria; p__Bacillota; c__Clostridia; o__Oscillospirales; f__Ruminococcaceae	0.9999458308144474
160487812b1fafbb16ea2dbb2708985b	d__Bacteria; p__Fusobacteriota; c__Fusobacteriia; o__Fusobacteriales; f__Leptotrichiaceae; g__Sneathia	0.9999766223053561
506efac48dc5d5be2c0122c381639a3f	d__Bacteria; p__Bacteroidota; c__Bacteroidia; o__Bacteroidales; f__Rikenellaceae; g__Alistipes	0.9999999999920135
e617358af0b4a2029693b6d525a121d5	d__Bacteria; p__Bacillota; c__Clostridia; o__Peptostreptococcales-Tissierellales; f__Family_XI; g__Parvimonas	0.9999999981206713
36d9ad396b85196c9b4cf68b81789585	d__Bacteria; p__Bacillota; c__Clostridia; o__Lachnospirales; f__Lachnospiraceae; g__Lachnospira	0.9995891913102828
8795c5a86013864dc11f24b89e8cdd8c	d__Bacteria; p__Bacteroidota; c__Bacteroidia; o__Bacteroidales; f__Rikenellaceae; g__Alistipes	0.9999999999951683
46e9544e9c5e7ed6d90a7b50a8a9c990	d__Bacteria; p__Bacillota; c__Clostridia; o__Peptostreptococcales-Tissierellales; f__Family_XI; g__Anaerococcus	1.0
1b92901eaf73176b86069084ac8c13e3	d__Bacteria; p__Bacillota; c__Clostridia; o__Lachnospirales; f__Lachnospiraceae; g__Lachnospiraceae_UCG-010	0.9998991423261006
8e493df449e84acb4e24f5811ff3599b	d__Bacteria; p__Bacillota; c__Bacilli; o__Erysipelotrichales; f__Erysipelotrichaceae; g__Solobacterium	0.9367860546937955
a1580b985a39db6e693626a2e4f28d6d	d__Bacteria; p__Bacillota; c__Negativicutes; o__Veillonellales-Selenomonadales; f__Veillonellaceae; g__Dialister	0.9975337775737627
8538d07b8c1e8676f9b9c8c242aab14a	d__Bacteria; p__Bacillota; c__Clostridia; o__Oscillospirales; f__[Eubacterium]_coprostanoligenes_group; g__Incertae_Sedis	0.9999860041718889
8d5153b41e59c5ffb5a1fc080eb784cf	d__Bacteria; p__Bacillota; c__Clostridia; o__Oscillospirales; f__Oscillospiraceae; g__Incertae_Sedis	0.7915455649100687
9419ea5aca20e7558640dfdf7f434837	d__Bacteria; p__Bacteroidota; c__Bacteroidia; o__Bacteroidales; f__Prevotellaceae; g__Hoylesella	0.9999909319246886
70ccde8ba36f6355483b86ee336e82c2	d__Bacteria; p__Bacillota; c__Bacilli; o__Staphylococcales; f__Gemellaceae; g__Gemella	0.9999999742306901
fcf550b93132029d88ab8865dad8ed66	d__Bacteria; p__Bacillota; c__Bacilli; o__Lactobacillales; f__Lactobacillaceae; g__Lactobacillus	0.9690579043570278
d9eea834805833ac21a86fdabedd8556	d__Bacteria; p__Bacillota; c__Clostridia; o__Oscillospirales; f__Ruminococcaceae; g__Ruminococcus	0.9990522348288657
b4bb370a59f2637d406ccc0f5a1b2a1e	d__Bacteria; p__Pseudomonadota; c__Gammaproteobacteria; o__Enterobacterales; f__Morganellaceae; g__Morganella	0.9999971893487177
5669f9055e393154386d3ad1196d3f03	d__Bacteria; p__Bacteroidota; c__Bacteroidia; o__Bacteroidales; f__Rikenellaceae; g__Alistipes	0.9999999999895977
cd9401a6bce4a63af516d06d2a843f9d	d__Bacteria; p__Bacillota; c__Negativicutes; o__Veillonellales-Selenomonadales; f__Veillonellaceae; g__Veillonella	0.9999999997861551
a663a01aeb4dbb88bbe0a9840e8f64dc	d__Bacteria; p__Bacillota; c__Bacilli; o__Erysipelotrichales; f__Erysipelatoclostridiaceae; g__Thomasclavelia	0.9999998607307913
6851a4ee264b56be2fff4686ce269907	d__Bacteria; p__Bacillota; c__Clostridia; o__Lachnospirales; f__Lachnospiraceae; g__Anaerobutyricum	0.999999885808044
9e1f282914b07cd79711ce21e7cf4aff	d__Bacteria; p__Bacillota; c__Clostridia; o__Lachnospirales; f__Lachnospiraceae; g__[Eubacterium]_eligens_group	0.9999700735454339
68d79c3035521e82b504b081a197d2ed	d__Bacteria; p__Bacillota; c__Clostridia; o__Oscillospirales; f__Oscillospiraceae; g__UCG-002	0.9994948029641553
bb7e5c6df18c100b97f890fc35eb2911	d__Bacteria; p__Pseudomonadota; c__Gammaproteobacteria; o__Enterobacterales; f__Morganellaceae; g__Proteus	0.9323710339587814
5d08d1eb4b8a0672652dd0fc0af2dcf0	d__Bacteria; p__Bacillota; c__Clostridia; o__Oscillospirales; f__Oscillospiraceae; g__UCG-003	0.9999714166495787
820f6693f569e339f183638cd73a7fe6	d__Bacteria; p__Actinomycetota; c__Actinobacteria; o__Mycobacteriales; f__Corynebacteriaceae; g__Lawsonella	0.9999999995543902
1af612d90153f4aa10245d1e813d3dc3	d__Bacteria; p__Bacillota; c__Clostridia; o__Oscillospirales; f__[Eubacterium]_coprostanoligenes_group; g__Incertae_Sedis	0.9999897138043072
6fe33250c45ddbda2700682431270ddc	d__Bacteria; p__Pseudomonadota; c__Gammaproteobacteria; o__Burkholderiales; f__Sutterellaceae; g__Sutterella	0.9999991408331108
3f33a2dc6cb3f0ffa1987719f06af323	d__Bacteria; p__Bacteroidota; c__Bacteroidia; o__Bacteroidales; f__Prevotellaceae; g__Segatella	0.9999995176658016
662a40a2523f7669fa865700fc74a1cf	d__Bacteria; p__Bacillota; c__Clostridia; o__Lachnospirales; f__Lachnospiraceae	0.9999926915239846
3740da8e2b75174ae1fa2531a5c50fab	d__Bacteria; p__Bacillota; c__Bacilli; o__Lactobacillales; f__Lactobacillaceae; g__Lactobacillus	0.9936228879929707
282dd7867741c58a5b4084ad8dcf416e	d__Bacteria; p__Actinomycetota; c__Actinobacteria; o__Bifidobacteriales; f__Bifidobacteriaceae; g__Gardnerella	0.9999997977745272
85c44c83eddc5d3028261a1000b7d0e1	d__Bacteria; p__Bacillota; c__Bacilli; o__Staphylococcales; f__Gemellaceae; g__Gemella	0.9999999967949265
b4d07c2a22af0c99c73cf9722200d878	d__Bacteria; p__Bacillota; c__Clostridia; o__Lachnospirales; f__Lachnospiraceae; g__Lachnospiraceae_NK4A136_group	0.8243675020772896
de68af3f62b2b04e42f894e18839bb57	d__Bacteria; p__Bacillota; c__Bacilli; o__Erysipelotrichales; f__Erysipelotrichaceae; g__Dielma	0.9999999973081088
598d37aa0ecec87f152ac33f00540309	d__Bacteria; p__Bacteroidota; c__Bacteroidia; o__Bacteroidales; f__Porphyromonadaceae; g__Porphyromonas	0.9999863481529797
14d0d57ff9ee90927a8c2ea4bc946ba0	d__Bacteria; p__Bacillota; c__Clostridia; o__Peptostreptococcales-Tissierellales; f__Family_XI; g__Fenollaria	0.9999999999996732
3a4f402fbd24224f50514f9e42f0789d	d__Bacteria; p__Bacteroidota; c__Bacteroidia; o__Bacteroidales; f__Bacteroidaceae; g__Bacteroides	0.9999999995959996
f483115cf9def110ac01dc2ddc065a6c	d__Bacteria; p__Fusobacteriota; c__Fusobacteriia; o__Fusobacteriales; f__Fusobacteriaceae; g__Fusobacterium	0.999900005946292
410e1eaa1468a3d40595898f671ba0b3	d__Bacteria; p__Bacillota; c__Clostridia; o__Oscillospirales; f__[Eubacterium]_coprostanoligenes_group; g__Incertae_Sedis	0.9999935735748705
e2cfe099d4a73a03ac5f80d4f8369dbc	d__Bacteria; p__Bacillota; c__Clostridia; o__Oscillospirales; f__Oscillospiraceae; g__NK4A214_group	0.9979295292616365
208c0c43c7c5d4a6bb549e0c8365cd21	d__Bacteria; p__Bacillota; c__Clostridia; o__Lachnospirales; f__Lachnospiraceae; g__[Eubacterium]_eligens_group	0.9999402148270399
7a3090aa682623800304aca0da51c22c	d__Bacteria; p__Bacillota; c__Bacilli; o__Erysipelotrichales; f__Erysipelotrichaceae; g__Faecalitalea	0.9344064369650575
4ebcf74b2783b601ceaf1ca7a994420a	d__Bacteria; p__Bacillota; c__Clostridia; o__Clostridiales; f__Clostridiaceae; g__Clostridium	0.9897649535634276
70745fa69950bfb64db28e3afff2b1e5	d__Bacteria; p__Bacillota; c__Clostridia; o__Lachnospirales; f__Lachnospiraceae; g__Frisingicoccus	0.9996879533153793
788d568979c4dff8ffc0dd1a378be1d4	d__Bacteria; p__Bacillota; c__Clostridia; o__Peptostreptococcales-Tissierellales; f__Family_XI; g__Anaerococcus	0.9999999999999858
6eaef2dd2e8097421a196c104a2b76c8	d__Bacteria; p__Bacillota; c__Clostridia; o__Lachnospirales; f__Lachnospiraceae; g__Enterocloster	0.8102430840327842
a63aaf1c1a9cfb4676d4db578720075d	d__Bacteria; p__Bacillota; c__Clostridia; o__Peptostreptococcales-Tissierellales; f__Family_XI; g__Anaerococcus	0.9999999999999858
bed671b4676144142cebd192b690f499	d__Bacteria; p__Bacillota; c__Clostridia; o__Lachnospirales; f__Lachnospiraceae; g__Blautia	0.9242091963999344
c83c84c8f82639c3bcb16c5630f257b2	d__Bacteria; p__Bacillota; c__Negativicutes; o__Veillonellales-Selenomonadales; f__Veillonellaceae; g__Dialister	0.9948195312048027
b7e5e417da183df1d5cb33a51a10991d	d__Bacteria; p__Bacteroidota; c__Bacteroidia; o__Bacteroidales; f__Bacteroidaceae; g__Bacteroides	0.9999999997841087
8ae518dbb29595b3f79214be0b589066	d__Bacteria; p__Bacillota; c__Bacilli; o__Lactobacillales; f__Listeriaceae; g__Listeria	0.9999563691964762
edf42f357f8934fc004c334c5c7b5e6e	d__Bacteria; p__Bacteroidota; c__Bacteroidia; o__Bacteroidales; f__Prevotellaceae; g__Paraprevotella	0.9999999999608633
315ca0a729f126b941ba111a16d4d97a	d__Bacteria; p__Actinomycetota; c__Actinobacteria; o__Bifidobacteriales; f__Bifidobacteriaceae; g__Bifidobacterium	0.9999558489000806
d11290f5a8d806b455f66a2c7ca1cad1	d__Bacteria; p__Bacillota; c__Clostridia; o__Oscillospirales; f__Ruminococcaceae	0.9955113832872946
eafd20ce1f25fbd8c737f0086f81c11b	d__Bacteria; p__Bacillota; c__Negativicutes; o__Veillonellales-Selenomonadales; f__Veillonellaceae; g__Veillonella	0.9942318170299836
a9601f8bae67758ed2e01e9484eb5b3c	d__Bacteria; p__Bacteroidota; c__Bacteroidia; o__Bacteroidales; f__Prevotellaceae; g__Prevotella	0.9999602163971562
942ec60e75a4f9183b9b69cbf8960379	d__Bacteria; p__Bacillota; c__Bacilli; o__Lactobacillales; f__Carnobacteriaceae; g__Granulicatella	0.8901113630164751
00a96fbd0ac34bfd245f9c24f8737f7d	d__Bacteria; p__Bacillota; c__Clostridia; o__Lachnospirales; f__Lachnospiraceae; g__Blautia	0.8132408467025833
65ee892164739be97dc995df1a0284d7	d__Bacteria; p__Bacillota; c__Negativicutes; o__Veillonellales-Selenomonadales; f__Veillonellaceae; g__Megasphaera	0.9997946430453222
549118d496a8b0a2f64e99d8ee90fa88	d__Bacteria; p__Bacteroidota; c__Bacteroidia; o__Bacteroidales; f__Prevotellaceae; g__Hoylesella	0.9999964917118839
abacccb67bb672221511c894fffbe89c	d__Bacteria; p__Bacillota; c__Bacilli; o__Lactobacillales; f__Lactobacillaceae; g__Lactobacillus	0.9999593729335805
27335f508429bf2100f5dded19cea135	d__Bacteria; p__Bacillota; c__Clostridia; o__Peptococcales; f__Peptococcaceae; g__Peptococcus	0.999999998184748
9e3226efaf559eb14a478f880462cb8a	d__Bacteria; p__Bacillota; c__Clostridia; o__Lachnospirales; f__Lachnospiraceae; g__Mediterraneibacter	0.988766491842933
db7f42d2a4ded289e177bb4c00edff61	d__Bacteria; p__Bacillota; c__Clostridia; o__Lachnospirales; f__Lachnospiraceae; g__Lachnospiraceae_NK4A136_group	0.7437732824473371
e7c0ca19ade0aeb3c2fea30e3207d871	d__Bacteria; p__Fusobacteriota; c__Fusobacteriia; o__Fusobacteriales; f__Fusobacteriaceae; g__Fusobacterium	0.9992020984418243
2516fcdef52f115c169203708028018a	d__Bacteria; p__Bacteroidota; c__Bacteroidia; o__Bacteroidales; f__Prevotellaceae; g__Prevotella	0.9999981946911258
410f8b6fd50ded3f5de25fb5610f49a8	d__Bacteria; p__Bacteroidota; c__Bacteroidia; o__Bacteroidales; f__Bacteroidaceae; g__Bacteroides	0.9999999999222666
a4cbe987942964b584e95e4efab6a176	d__Bacteria; p__Bacillota; c__Bacilli; o__Bacillales; f__Bacillaceae	0.9998982244266927
99bccd58aaeb00f98e22add40be6e36b	d__Bacteria; p__Bacillota; c__Clostridia; o__Peptostreptococcales-Tissierellales; f__Peptostreptococcaceae; g__Clostridioides	0.9986658923084774
209b0f9c375da503e050c43a24e70855	d__Bacteria; p__Bacillota; c__Negativicutes; o__Veillonellales-Selenomonadales; f__Veillonellaceae; g__Negativicoccus	0.9999999999986073
4cb41777a79a421ce0ea64d1d234279c	d__Bacteria; p__Bacillota; c__Negativicutes; o__Veillonellales-Selenomonadales; f__Veillonellaceae; g__Incertae_Sedis	0.7728315096754116
ad139328ba8ac39c2e5ccef543df2deb	d__Bacteria; p__Bacillota; c__Clostridia; o__Oscillospirales; f__Ruminococcaceae; g__Acutalibacter	0.9999981923578214
412b0b2c43975195a230e493a7a2b763	d__Bacteria; p__Bacteroidota; c__Bacteroidia; o__Bacteroidales; f__Barnesiellaceae; g__Barnesiella	0.999999999460627
dd46e2d5cd81a8add2304556257a92f7	d__Bacteria; p__Bacillota; c__Clostridia; o__Oscillospirales; f__Ruminococcaceae; g__Faecalibacterium	0.9997868478743176
b621d4b3cca1ec89ceca12efca8a94fb	d__Bacteria; p__Bacillota; c__Clostridia; o__Christensenellales; f__Christensenellaceae; g__Christensenellaceae_R-7_group	0.8768964526953841
99fc2d99215491954b4bbe587ecef861	d__Bacteria; p__Fusobacteriota; c__Fusobacteriia; o__Fusobacteriales; f__Leptotrichiaceae; g__Sneathia	0.9999997046121091
a891fb44241e433fa8acf251ef4d328f	d__Bacteria; p__Bacillota; c__Clostridia; o__Lachnospirales; f__Lachnospiraceae; g__Lachnoclostridium	0.7042425053596105
2c5e87b291147c04e1b8d1c808b1aee0	d__Bacteria; p__Actinomycetota; c__Actinobacteria; o__Bifidobacteriales; f__Bifidobacteriaceae; g__Bifidobacterium	0.9999998592604228
e02967778c804350d971534895b0dfae	d__Bacteria; p__Bacillota; c__Clostridia; o__Lachnospirales; f__Lachnospiraceae	0.9999954631982825
4cbfff144d4e7a4e0f4619ed505be070	d__Bacteria; p__Pseudomonadota; c__Gammaproteobacteria; o__Enterobacterales; f__Enterobacteriaceae	0.9133889160879555
52573485a4521e007e4c5217fc5d7c68	d__Bacteria; p__Bacillota; c__Clostridia; o__Lachnospirales; f__Lachnospiraceae; g__Lachnospiraceae_UCG-010	0.9962653556217933
beac131eb0e7b729d01e68c9c5bee91b	d__Bacteria; p__Bacteroidota; c__Bacteroidia; o__Bacteroidales; f__Tannerellaceae; g__Parabacteroides	0.9999999999586322
6ec1023583647a401269990c4e8ad716	d__Bacteria; p__Bacillota; c__Clostridia; o__Lachnospirales; f__Lachnospiraceae; g__Lachnospira	0.9999857743371665
e5ff4bfd3abdba76d7833cf8de92749e	d__Bacteria; p__Bacillota; c__Clostridia	0.9479964472499091
76addc8524e10c6faff0161e36a1987a	d__Eukaryota	0.9314772045769695
5f8d35126b0a7321413d21487ec72b73	d__Bacteria; p__Bacillota; c__Bacilli; o__Erysipelotrichales; f__Erysipelotrichaceae; g__[Clostridium]_innocuum_group	0.9999973526848945
fae6d0c5cd2a53341a4ec984541b1541	d__Bacteria; p__Fusobacteriota; c__Fusobacteriia; o__Fusobacteriales; f__Fusobacteriaceae; g__Fusobacterium	0.9999999999995026
db6fbb8818ad578ef5c3961480fd6dd9	d__Bacteria; p__Bacteroidota; c__Bacteroidia; o__Bacteroidales; f__Marinifilaceae; g__Odoribacter	1.0
98733e7d335f309921890faeea796c8c	d__Bacteria; p__Bacillota; c__Clostridia; o__Christensenellales; f__Christensenellaceae; g__Christensenellaceae_R-7_group	0.9174240289254344
ab4040fe8717efa3f115680ae82cd72a	d__Bacteria; p__Bacillota; c__Clostridia; o__Lachnospirales; f__Lachnospiraceae; g__Roseburia	0.9147510272596185
a868201429067d69e423117dcd041d33	d__Bacteria; p__Bacteroidota; c__Bacteroidia; o__Bacteroidales; f__Prevotellaceae; g__Leyella	0.9999999997766338
fc00ed40b15cd5fa384b672502a3adc3	d__Bacteria; p__Bacillota; c__Clostridia; o__Lachnospirales; f__Lachnospiraceae; g__Roseburia	0.7514441307902269
1a537ff77f046aaacf7588f1a0687cc4	d__Bacteria; p__Bacillota; c__Bacilli; o__Lactobacillales; f__Lactobacillaceae; g__Lactobacillus	0.710702745547909
bdb6ddef008a6d31c019642fb28d7c1d	d__Bacteria; p__Bacillota; c__Clostridia; o__Oscillospirales; f__Oscillospiraceae; g__Colidextribacter	0.9985050021263505
b726627e18f29e0da5289f81ca294f92	d__Bacteria; p__Bacillota; c__Clostridia; o__Oscillospirales; f__Ruminococcaceae; g__Gemmiger	0.9823548813735632
a754e414789fe804b750276776d70618	d__Bacteria; p__Bacteroidota; c__Bacteroidia; o__Bacteroidales; f__Prevotellaceae; g__Hoylesella	0.9999853691365916
a333ee090a52b582e1a0e2dd776eb937	d__Bacteria; p__Bacillota; c__Bacilli; o__Erysipelotrichales; f__Erysipelatoclostridiaceae; g__Coprobacillus	0.8761080876497149
fc7cb4dae6f66576fab33f7fdb41caf5	d__Bacteria; p__Fusobacteriota; c__Fusobacteriia; o__Fusobacteriales; f__Leptotrichiaceae; g__Sneathia	0.9999427613166004
47f770032218f91b352999ff1f663807	d__Bacteria; p__Bacillota; c__Clostridia; o__Lachnospirales; f__Lachnospiraceae	0.9999999407178735
31774b2ab198d7b5abc9f0d6e8a5ffc2	d__Bacteria; p__Thermodesulfobacteriota; c__Desulfovibrionia; o__Desulfovibrionales; f__Desulfovibrionaceae; g__Bilophila	0.9999999423854308
c92ac62278a485f343ab1c271bb2d30c	d__Bacteria; p__Bacillota; c__Negativicutes; o__Veillonellales-Selenomonadales; f__Veillonellaceae; g__Anaeroglobus	0.9999998613096704
c0044f57ec04cd70905d690c5b7bd147	d__Bacteria; p__Bacillota; c__Clostridia; o__Lachnospirales; f__Lachnospiraceae; g__Coprococcus	0.9994937577131018
9484afed9f64641667938e294c07fe7c	d__Bacteria; p__Bacillota; c__Clostridia; o__Lachnospirales; f__Lachnospiraceae	0.9999990201068027
64cdad777808dde2fad9b1be7bc91b85	d__Bacteria; p__Bacillota; c__Clostridia; o__Lachnospirales; f__Lachnospiraceae	0.9999770652002684
d622c6bc1d5e3a4f0403d7d208981372	d__Bacteria; p__Bacillota; c__Clostridia; o__Lachnospirales; f__Lachnospiraceae; g__Lachnospiraceae_NK4A136_group	0.8725217276254211
7c5414ff08bdf3d67f274b04bacc6afa	d__Bacteria; p__Bacillota; c__Negativicutes; o__Veillonellales-Selenomonadales; f__Veillonellaceae; g__Megasphaera	0.9999999810575846
1a9df3fbbc7fc8cecec4239cf801d2fc	d__Bacteria; p__Bacillota; c__Clostridia; o__Monoglobales; f__Monoglobaceae; g__Monoglobus	0.9999993831578478
81d231c420963eaa054991ff732a0b9f	d__Bacteria; p__Bacillota; c__Clostridia; o__Clostridia_UCG-014; f__Incertae_Sedis; g__Incertae_Sedis	0.9999988880467967
67c4934e16f2290a941e0aa78d87569c	d__Bacteria; p__Bacteroidota; c__Bacteroidia; o__Bacteroidales; f__Prevotellaceae; g__Prevotella	0.9998962756069578
b79da6351eafa397e464a8aaa687a970	d__Bacteria; p__Bacillota; c__Clostridia; o__Peptostreptococcales-Tissierellales; f__Family_XI; g__Fenollaria	0.9999999999991758
a63f65ad0f7a1ffc9e5ea828e95cdd6b	d__Bacteria; p__Bacillota; c__Clostridia; o__Lachnospirales; f__Lachnospiraceae; g__Blautia	0.8224765732799633
19da890972569b6859c360e9b4c8751e	d__Bacteria; p__Bacteroidota; c__Bacteroidia; o__Bacteroidales; f__Porphyromonadaceae; g__Porphyromonas	0.9999998373686471
e335f74033bc634af43ee6baa84fa247	d__Bacteria; p__Bacillota; c__Clostridia; o__Peptostreptococcales-Tissierellales; f__Peptostreptococcaceae; g__Romboutsia	0.9889838641433769
fcffedae608fe4871be42936a1cb523a	d__Bacteria; p__Bacillota; c__Clostridia; o__Lachnospirales; f__Lachnospiraceae	0.9999998589686918
c2da7cc0247443dccd2e3d6a62f7be45	d__Bacteria; p__Bacillota; c__Clostridia; o__Oscillospirales; f__Oscillospiraceae; g__UCG-005	0.995182907580149
31654b0fabcee256ee93ddfc89c8b048	d__Bacteria; p__Bacillota; c__Clostridia; o__Oscillospirales; f__Oscillospiraceae; g__NK4A214_group	0.9974776736611854
2489471b3729e885a2c1ddaa10774d8e	d__Bacteria; p__Bacillota; c__Clostridia; o__Oscillospirales; f__Ruminococcaceae; g__Negativibacillus	0.9999998065308137
596db8ce20ae5cbfdc338a62f1bed1d9	d__Bacteria; p__Bacillota; c__Clostridia; o__Oscillospirales; f__Ruminococcaceae; g__Acutalibacter	0.9992679343944828
cbef40f459197faa8de7bba6a4764a34	d__Bacteria; p__Bacteroidota; c__Bacteroidia; o__Bacteroidales; f__Prevotellaceae; g__Prevotella	0.9999999950797474
2828cbbe163e824e587b01c4196e6e93	d__Bacteria; p__Bacillota; c__Clostridia; o__Peptostreptococcales-Tissierellales; f__Family_XI; g__Peptoniphilus	0.9999979255262078
9904009a0e14e24b0a6e25eeeeff3e95	d__Bacteria; p__Bacillota; c__Clostridia; o__Oscillospirales; f__Oscillospiraceae; g__Colidextribacter	0.9706375434455303
61535a40adb8221483821e3984d0b1ac	d__Bacteria; p__Bacillota; c__Clostridia; o__Lachnospirales; f__Lachnospiraceae; g__[Ruminococcus]_gauvreauii_group	0.9890628338868107
8f4496a6a6bdcbfbe4cdea4292d96d70	d__Bacteria; p__Bacillota; c__Clostridia; o__Lachnospirales; f__Lachnospiraceae; g__Moryella	0.9947036274649528
3a4a246cdaf2ee7e109536faef354a46	d__Bacteria; p__Bacillota; c__Clostridia; o__Oscillospirales; f__Oscillospiraceae; g__Intestinimonas	0.8968313155277848
8caae6c556fcdf0598c9f290a8977f65	d__Bacteria; p__Fusobacteriota; c__Fusobacteriia; o__Fusobacteriales; f__Leptotrichiaceae; g__Sneathia	0.999999459455712
efa1af4386010f7d05e16a663f32f792	d__Bacteria; p__Bacillota; c__Clostridia; o__Peptostreptococcales-Tissierellales; f__Anaerovoracaceae; g__Mogibacterium	0.9999987464683114
a1f9cfde6161fd628689e6a401f94f26	d__Bacteria; p__Bacillota; c__Clostridia; o__Peptostreptococcales-Tissierellales; f__Family_XI; g__Peptoniphilus	0.9999965572268228
2ddd42722497082a323c3317657ae6c0	d__Bacteria; p__Bacillota; c__Clostridia; o__Peptostreptococcales-Tissierellales; f__Family_XI; g__Anaerococcus	1.0
53dc403fe18d6241b8b05a0853471556	d__Bacteria; p__Bacillota; c__Bacilli; o__Lactobacillales; f__Lactobacillaceae; g__Lactobacillus	0.9880710832392849
6a1f9223fe78243056d2ddb2ad7a01dc	d__Bacteria; p__Bacillota; c__Clostridia; o__Clostridiales; f__Clostridiaceae; g__Clostridium	0.9853360595531309
360b8779251bfde96f1165e5202f83d6	d__Bacteria; p__Bacillota; c__Clostridia; o__Lachnospirales; f__Lachnospiraceae	0.9999999479145978
66b2998f05c3d93576ca9b71b2421176	d__Bacteria; p__Bacteroidota; c__Bacteroidia; o__Bacteroidales; f__Prevotellaceae; g__Hoylesella	0.9998002901838523
5f25904e073fe5c114cadfde74349518	d__Bacteria; p__Bacillota; c__Clostridia; o__Lachnospirales; f__Lachnospiraceae; g__Lachnospiraceae_UCG-004	0.9952468634704698
aac0099991c8518a5268b1a19a84550b	d__Bacteria; p__Bacillota; c__Clostridia; o__Lachnospirales; f__Lachnospiraceae; g__Anaerobutyricum	0.9999998713174504
ab149525cad479f6599c7923acc49691	d__Bacteria; p__Bacillota; c__Clostridia; o__Lachnospirales; f__Lachnospiraceae; g__Lachnospiraceae_UCG-010	0.9983464078531671
7eac17dba253d45b7426ebc866487e31	d__Bacteria; p__Bacillota; c__Clostridia; o__Lachnospirales; f__Lachnospiraceae	0.9999998514113208
ff3739dd5a3c35cf09f01a391ce07570	d__Bacteria; p__Bacillota; c__Bacilli; o__Lactobacillales; f__Lactobacillaceae; g__Limosilactobacillus	0.9983730969265209
50580a45889411b3866db7fcfe157cc2	d__Bacteria; p__Bacteroidota; c__Bacteroidia; o__Bacteroidales; f__Prevotellaceae; g__Hoylesella	0.9999967807167798
7923a583f5a586d281ae452dcbab9028	d__Bacteria; p__Bacillota; c__Clostridia; o__Lachnospirales; f__Lachnospiraceae; g__Agathobacter	0.9555926197404301
94451b926d79f4c13eba64d580d5154f	d__Bacteria; p__Bacillota; c__Negativicutes; o__Veillonellales-Selenomonadales; f__Veillonellaceae	0.9999999999901964
923f521b9cf313f1f95c9367e09bbc1c	d__Bacteria; p__Bacillota; c__Negativicutes; o__Veillonellales-Selenomonadales; f__Veillonellaceae; g__Veillonella	0.9999999997338591
5ca4ec70e0319aa4e6e75595df17d8dc	d__Bacteria; p__Bacillota; c__Clostridia; o__Oscillospirales; f__Oscillospiraceae; g__UCG-005	0.9931674840168334
a248d70e41d75f4773ef7c94e831a21a	d__Bacteria; p__Bacillota; c__Clostridia; o__Lachnospirales; f__Lachnospiraceae; g__Faecalimonas	0.9363218495817002
4245fe74d6dc62e222f933d3dc8502f5	d__Bacteria; p__Bacillota; c__Clostridia; o__Peptostreptococcales-Tissierellales; f__Family_XI; g__Anaerococcus	0.9999999999999858
528ab10d1f4195ae040d8149f1be1af4	d__Bacteria; p__Bacillota; c__Clostridia; o__Peptostreptococcales-Tissierellales; f__Family_XI; g__Anaerococcus	0.9999999999978826
6d860023f7cb5928a25af41e9f53ed30	d__Bacteria; p__Bacteroidota; c__Bacteroidia; o__Bacteroidales; f__Porphyromonadaceae; g__Porphyromonas	0.9999998001275601
160ba81e303e4b37d60f3516078b7914	d__Bacteria; p__Bacillota; c__Clostridia; o__Lachnospirales; f__Lachnospiraceae	0.9999999778304007
e8f506b37852bebb7e958b1fb38be050	d__Bacteria; p__Bacillota; c__Clostridia; o__Peptostreptococcales-Tissierellales; f__Family_XI; g__Peptoniphilus	0.9999999968505904
452d18b2725260f5f93490c7f6517f87	d__Bacteria; p__Bacteroidota; c__Bacteroidia; o__Bacteroidales; f__Barnesiellaceae; g__Barnesiella	0.9999999974549354
6addbdcf8cdad8201770ae689f90e870	d__Bacteria; p__Bacteroidota; c__Bacteroidia; o__Bacteroidales; f__Porphyromonadaceae; g__Porphyromonas	0.999996825304075
3f6dce06719bb11b6b9bbb8f2c8a5644	d__Bacteria; p__Bacillota; c__Clostridia; o__Oscillospirales; f__Butyricicoccaceae; g__Agathobaculum	0.9997495904440756
07699fa14cb8970eee5e8dda19dd5dbe	d__Bacteria; p__Bacillota; c__Clostridia; o__Lachnospirales; f__Lachnospiraceae; g__Eisenbergiella	0.9995599415826866
9639ca37e5214345658dd3d1087b4404	d__Bacteria; p__Bacteroidota; c__Bacteroidia; o__Bacteroidales; f__Porphyromonadaceae; g__Porphyromonas	0.9999998980815742
a5a4b4d58bdd795871acf39629c9e584	d__Bacteria; p__Bacillota; c__Clostridia; o__Lachnospirales; f__Lachnospiraceae	0.9999874393437819
ed0b2c436e0aa37c7501df9927eca476	d__Bacteria; p__Pseudomonadota; c__Gammaproteobacteria; o__Burkholderiales; f__Sutterellaceae; g__Sutterella	0.9999999919881049
f98dab4619ff896a9cee45a9b9ddc792	d__Bacteria; p__Bacillota; c__Clostridia; o__Oscillospirales; f__Oscillospiraceae; g__Intestinimonas	0.9253625261345734
55beed6d1a19ce34788b66488ffe3917	d__Bacteria; p__Bacillota; c__Clostridia; o__Oscillospirales; f__Ruminococcaceae; g__Incertae_Sedis	0.9968914333652807
4e2e6735331ad01a30c94d2f4c285dc2	d__Bacteria; p__Bacillota; c__Clostridia; o__Lachnospirales; f__Lachnospiraceae; g__CAG-56	0.9999012534726015
9c4d4b6d306824a963a9ea03bf5ed140	d__Bacteria; p__Pseudomonadota; c__Gammaproteobacteria; o__Enterobacterales; f__Enterobacteriaceae; g__Escherichia-Shigella	0.995072203163744
ef5eb562fe991ed96648e6c579255545	d__Bacteria; p__Bacteroidota; c__Bacteroidia; o__Bacteroidales; f__Prevotellaceae; g__Hoylesella	0.9999620366819709
40874d61006874f7c87d904707d320d9	d__Bacteria; p__Bacillota; c__Clostridia; o__Clostridiales; f__Clostridiaceae; g__Clostridium	0.9968158922056227
12596212f81c470bb18586314a5ea8e2	d__Bacteria; p__Bacillota; c__Clostridia; o__Lachnospirales; f__Lachnospiraceae; g__Howardella	0.9999999952027849
d4dd050cdba11363174e698bb4d13eb5	d__Bacteria; p__Bacteroidota; c__Bacteroidia; o__Bacteroidales; f__Bacteroidaceae; g__Bacteroides	0.9999999999232045
18812bd61aeb2cea2081498cfa9ee3c8	d__Bacteria; p__Bacteroidota; c__Bacteroidia; o__Bacteroidales; f__Tannerellaceae; g__Parabacteroides	0.9869343014757002
cdb51e76d8a1285c98a2b962844419db	d__Bacteria; p__Bacillota; c__Clostridia; o__Lachnospirales; f__Lachnospiraceae; g__Moryella	0.9976604496968379
7536bf8021eb12334150b97a2a42a302	d__Bacteria; p__Bacteroidota; c__Bacteroidia; o__Bacteroidales; f__Tannerellaceae; g__Parabacteroides	0.9999999999080131
0243b68c76049aa1b8c51a20333da950	d__Bacteria; p__Bacillota; c__Clostridia; o__Lachnospirales; f__Lachnospiraceae; g__Lachnospiraceae_ND3007_group	0.9999994623314759
f61600d5c3675e9acf990fe6958aca07	d__Bacteria; p__Bacillota; c__Clostridia; o__Lachnospirales; f__Lachnospiraceae; g__Enterocloster	0.9773790124363021
37995083dd80edb84b26af5e4905d7ba	d__Bacteria; p__Bacillota; c__Clostridia; o__Lachnospirales; f__Lachnospiraceae; g__[Ruminococcus]_gnavus_group	0.9996084859404888
df16a09f3e448ddd3b1ec54066d3081d	d__Bacteria; p__Bacillota; c__Clostridia; o__Oscillospirales; f__Butyricicoccaceae; g__Agathobaculum	0.9999984588794968
8001826dafd338cf078dd28c2eae05ed	d__Bacteria; p__Bacteroidota; c__Bacteroidia; o__Bacteroidales; f__Bacteroidaceae; g__Bacteroides	0.9999999999290878
7f68cdb24a46c3c6121ad93e2bfcbe57	d__Bacteria; p__Bacillota; c__Clostridia; o__Christensenellales; f__Christensenellaceae; g__Christensenellaceae_R-7_group	0.7014293376766249
f5d8a80d3113182796c3d7061e260d73	d__Bacteria; p__Bacillota; c__Clostridia; o__Peptostreptococcales-Tissierellales; f__Family_XI; g__Incertae_Sedis	0.9349599503006619
2ef1e51ab1cf99a3c6417b05a060830e	d__Bacteria; p__Bacillota; c__Bacilli; o__Lactobacillales; f__Lactobacillaceae	0.9999999999998964
6e57b32b545e72b802822e1554c70868	d__Bacteria; p__Bacillota; c__Clostridia; o__Lachnospirales; f__Lachnospiraceae; g__Lachnoclostridium	0.7449130581784369
69659d7edd60cd37bbdc9e3bb7f77431	d__Bacteria; p__Actinomycetota; c__Coriobacteriia; o__Coriobacteriales; f__Coriobacteriaceae; g__Collinsella	0.9999998831823614
a8ac01afffd265cc3a0552d5bc56e029	d__Bacteria; p__Bacillota; c__Clostridia; o__Clostridia_vadinBB60_group; f__Incertae_Sedis; g__Incertae_Sedis	0.999999840557207
04645342dcaccc29b2078b063aec6f81	d__Bacteria; p__Bacteroidota; c__Bacteroidia; o__Bacteroidales; f__Prevotellaceae; g__Segatella	0.9999983022180091
e673dc964cf400af5e4dbeb2991f4b11	d__Bacteria; p__Actinomycetota; c__Coriobacteriia; o__Coriobacteriales; f__Eggerthellaceae; g__Slackia	0.9999999663524909
caea322863a57bb2b14c7317fa120dc4	d__Bacteria; p__Bacillota; c__Clostridia; o__Lachnospirales; f__Lachnospiraceae; g__Lachnospiraceae_NK4A136_group	0.8841461421095858
ee1783274bd16e3b9950d77594f27f9a	d__Bacteria; p__Bacteroidota; c__Bacteroidia; o__Bacteroidales; f__Dysgonomonadaceae; g__Dysgonomonas	0.9997610587998023
185ef6bb79a2ba1a7599caa613caabda	d__Bacteria; p__Bacteroidota; c__Bacteroidia; o__Bacteroidales; f__Prevotellaceae; g__Incertae_Sedis	0.9999999879368745
525d027b7e21f60ddd1537854b79419c	d__Bacteria; p__Bacillota; c__Clostridia; o__Oscillospirales; f__Ruminococcaceae	0.9989508375551591
d380b9ae91e3875a70ff329e4889cb72	d__Bacteria; p__Bacillota; c__Clostridia; o__Lachnospirales; f__Lachnospiraceae; g__Anaerostipes	0.9999998238523076
948a960b3f069d6eaabc5f61d6e74516	d__Bacteria; p__Bacteroidota; c__Bacteroidia; o__Bacteroidales; f__Barnesiellaceae; g__Barnesiella	0.999999999236465
8adadd953ff6f3831d8492aaecdbe713	d__Bacteria; p__Pseudomonadota; c__Gammaproteobacteria; o__Enterobacterales; f__Succinivibrionaceae; g__Succinivibrio	0.8157034828813338
c2ce9ab4dfd49adefe174ba650b84aae	d__Bacteria; p__Bacillota; c__Bacilli; o__Lactobacillales; f__Lactobacillaceae; g__Lactobacillus	0.9999377880804237
6420671c26eef32065e0275c8cd6701e	d__Bacteria; p__Bacillota; c__Clostridia; o__Peptostreptococcales-Tissierellales; f__Peptostreptococcaceae; g__Intestinibacter	0.9980865155428019
fee421dd182111e1d718ac10decab1e9	d__Bacteria; p__Bacteroidota; c__Bacteroidia; o__Bacteroidales; f__Rikenellaceae; g__Alistipes	0.9999227959475695
c757acb17d61c9ba58047bacd3655b30	d__Bacteria; p__Bacillota; c__Negativicutes; o__Acidaminococcales; f__Acidaminococcaceae; g__Succiniclasticum	0.9999999999974563
2cb97f7a5774ba36b0efe6ac27085be3	d__Bacteria; p__Bacteroidota; c__Bacteroidia; o__Bacteroidales; f__Prevotellaceae; g__Prevotella	0.9997348998197155
be113850f984a95296ddceeb1a1d09df	d__Bacteria; p__Bacillota; c__Clostridia; o__Lachnospirales; f__Lachnospiraceae; g__Enterocloster	0.9950788164678261
e7ce00b0e59f5a4a080ac984080d8dee	d__Bacteria; p__Bacillota; c__Bacilli; o__Lactobacillales; f__Lactobacillaceae; g__Lactobacillus	0.9887843458667219
9d4eb0396d0e34d9ef328a80e88e3b88	d__Bacteria; p__Bacillota; c__Negativicutes; o__Veillonellales-Selenomonadales; f__Veillonellaceae; g__Incertae_Sedis	0.7510768539801432
55b7688dfd42d9b2545d67bb5b0f086c	d__Bacteria; p__Bacillota; c__Negativicutes; o__Acidaminococcales; f__Acidaminococcaceae; g__Acidaminococcus	0.999973154859212
22c159771ea409e7a5cf617dae2ec8f0	d__Bacteria; p__Bacillota; c__Clostridia; o__Clostridia_UCG-014; f__Incertae_Sedis; g__Incertae_Sedis	0.9999999988876169
f8a1fba13fea6294ac6a4f4071785e8a	d__Bacteria; p__Actinomycetota; c__Coriobacteriia; o__Coriobacteriales; f__Atopobiaceae	0.9999999930199807
29aae8b625298e07e7aee01534951d17	d__Bacteria; p__Bacillota; c__Clostridia; o__Oscillospirales; f__Ruminococcaceae; g__Faecalibacterium	0.9996931899559213
c1c7e161e750636f4e9fe462583252c1	d__Bacteria; p__Bacillota; c__Clostridia; o__Peptostreptococcales-Tissierellales; f__Family_XI; g__Peptoniphilus	0.9999999999998721
c66ec67719e54d2cb0afc3154b3c23af	d__Bacteria; p__Bacillota; c__Clostridia; o__Christensenellales; f__Christensenellaceae; g__Christensenellaceae_R-7_group	0.9986480940132378
e657205bc51c1db7e6a38c33a084749d	d__Bacteria; p__Bacillota; c__Clostridia; o__Oscillospirales; f__Oscillospiraceae	0.9999976332959901
eb736939d75ad207f5c1a4f3053d2ee4	d__Bacteria; p__Pseudomonadota; c__Gammaproteobacteria; o__Burkholderiales; f__Sutterellaceae; g__Sutterella	0.9999999985688959
f6cba9b8a57bb49f57a00f18bf1e64b0	d__Bacteria; p__Pseudomonadota; c__Gammaproteobacteria; o__Burkholderiales; f__Sutterellaceae; g__Sutterella	0.9999034371706526
1a069ea36017c7efc95d851374fa7382	d__Bacteria; p__Bacillota; c__Bacilli; o__Lactobacillales; f__Lactobacillaceae; g__Limosilactobacillus	0.7964448220661069
f794d24c79f7cc5ff6a50778953c671c	d__Bacteria; p__Bacillota; c__Clostridia; o__Oscillospirales; f__Ruminococcaceae; g__Faecalibacterium	0.9998411788433004
c7b23cc9d5432b282aa969eb64643edf	d__Bacteria; p__Bacteroidota; c__Bacteroidia; o__Bacteroidales; f__Prevotellaceae; g__Hoylesella	0.9999991348716625
bbc4db59e83e62944384e429ac6b3c4d	d__Bacteria; p__Bacillota; c__Clostridia; o__Clostridia_UCG-014; f__Incertae_Sedis; g__Incertae_Sedis	0.9632934629696266
8af49bc8a804f6d85ca5fa00a7c9dda8	d__Bacteria; p__Bacillota; c__Negativicutes; o__Veillonellales-Selenomonadales; f__Veillonellaceae; g__Dialister	0.9967489783738881
f1c14db955660c59d2d2ac233bb9bac8	d__Bacteria; p__Bacillota; c__Negativicutes; o__Veillonellales-Selenomonadales; f__Veillonellaceae; g__Negativicoccus	0.9999999999992752
16d139ad0f5d3f9e3b84cb43b9528b45	d__Bacteria; p__Bacillota; c__Clostridia; o__Peptostreptococcales-Tissierellales; f__Family_XI; g__Ezakiella	0.9999999999994742
9624ce4cefb03530aaafca65b645cfcc	d__Bacteria; p__Bacillota; c__Clostridia; o__Lachnospirales; f__Lachnospiraceae; g__Extibacter	0.9955294213159241
7ee3e4343242684ba3ce459672348ff7	d__Bacteria; p__Bacteroidota; c__Bacteroidia; o__Bacteroidales; f__Bacteroidaceae; g__Bacteroides	0.9999999996887823
1f1364256c4afbd77469dbde5b3ccf2d	d__Bacteria; p__Bacillota; c__Clostridia; o__Lachnospirales; f__Lachnospiraceae; g__Shuttleworthia	0.9999999846001942
26736c7ee02864e6bbab37424d69a4ed	d__Bacteria; p__Bacillota; c__Clostridia; o__Christensenellales; f__Christensenellaceae; g__Christensenellaceae_R-7_group	0.75019495685969
94928715987dcb9638dd5c0e8f9b20f4	d__Bacteria; p__Bacillota; c__Clostridia; o__Christensenellales; f__Christensenellaceae; g__Christensenellaceae_R-7_group	0.8574681259879848
605cc047d6200f294e043f8ce6cb5af7	d__Bacteria; p__Bacteroidota; c__Bacteroidia; o__Bacteroidales; f__Barnesiellaceae; g__Coprobacter	0.9999999999948699
a01b3da2645cda5a1311bca65b756fb2	d__Bacteria; p__Bacillota; c__Bacilli; o__Erysipelotrichales; f__Erysipelotrichaceae; g__Dielma	0.9999964576494094
136d7660236f555e2218c16aa08cfabd	d__Bacteria; p__Bacteroidota; c__Bacteroidia; o__Bacteroidales; f__Porphyromonadaceae; g__Porphyromonas	0.9995042420411935
7814c2b485cc601b885f117c70bbdf5d	d__Bacteria; p__Bacillota; c__Clostridia; o__Oscillospirales; f__Ruminococcaceae; g__Ruminococcus	0.9999944628528362
2959329bf2fece574ffd26f40e874459	d__Bacteria; p__Bacteroidota; c__Bacteroidia; o__Bacteroidales; f__Prevotellaceae; g__Hoylesella	0.9999993127485513
c26af4c22f01bb994a68df0c15a529a3	d__Bacteria; p__Bacillota; c__Clostridia; o__Oscillospirales; f__Oscillospiraceae; g__Oscillospira	0.8688868137649316
d611e03044e800bf023cfc92bec2106a	d__Bacteria; p__Bacteroidota; c__Bacteroidia; o__Bacteroidales; f__Marinifilaceae; g__Butyricimonas	0.9999999999999716
69fa8c8a51c800c951e9d463f8c80059	d__Bacteria; p__Bacillota; c__Clostridia; o__Oscillospirales; f__Ruminococcaceae; g__Faecalibacterium	0.9993528533687308
d5e95cf12a309c54ce0a6a504fdc2e92	d__Bacteria; p__Bacteroidota; c__Bacteroidia; o__Bacteroidales; f__Prevotellaceae; g__Segatella	0.9999996684850013
5edad5fe169fa3d414d60cf1f00af012	d__Bacteria; p__Bacillota; c__Bacilli; o__Erysipelotrichales; f__Erysipelotrichaceae; g__Dielma	0.9975991747246581
58bd181f757283f5a4ceebdf90ff6243	d__Bacteria; p__Bacillota; c__Clostridia; o__Lachnospirales; f__Lachnospiraceae; g__Sellimonas	0.9999111774511904
1f8f31872fb44c8c3e8d4116f774a2b4	d__Bacteria; p__Campylobacterota; c__Campylobacteria; o__Campylobacterales; f__Campylobacteraceae; g__Campylobacter	0.9999997782617062
8bafedeb678c6cb11deef4768047bfc7	d__Bacteria; p__Pseudomonadota; c__Gammaproteobacteria; o__Enterobacterales; f__Enterobacteriaceae; g__Escherichia-Shigella	0.9852969728206933
3f49f2e33639f81618c76b5807f6498c	d__Bacteria; p__Bacillota; c__Clostridia; o__Oscillospirales; f__[Eubacterium]_coprostanoligenes_group; g__Incertae_Sedis	0.9999996740382037
502417a975f52e88a31cf5254b2e04c8	d__Bacteria; p__Actinomycetota; c__Actinobacteria; o__Bifidobacteriales; f__Bifidobacteriaceae; g__Gardnerella	0.9999997314800672
a383bbf0dc0a9f5c17cf3303b55af028	d__Bacteria; p__Bacillota; c__Clostridia; o__Oscillospirales; f__Ruminococcaceae; g__Faecalibacterium	0.9997707413874948
ca9c66d47347c03d0343d6fe03ed8636	d__Bacteria; p__Pseudomonadota; c__Gammaproteobacteria; o__Enterobacterales; f__Pasteurellaceae; g__Haemophilus	0.9643700130313064
6f824b7c90f7e6f9f761b446247e9ec5	d__Bacteria; p__Bacillota; c__Clostridia; o__Peptostreptococcales-Tissierellales; f__Family_XI; g__Fenollaria	0.99999999999838
5159e647eea3c9a159beb76d8c87d094	d__Bacteria; p__Bacteroidota; c__Bacteroidia; o__Bacteroidales; f__Bacteroidaceae; g__Bacteroides	0.9999999999386517
943044e578890f056435fc195d922f76	d__Bacteria; p__Bacillota; c__Clostridia	0.9946981332948241
45c80843dac191f771b11018ff90d94c	d__Bacteria; p__Bacillota; c__Clostridia; o__Oscillospirales; f__Ruminococcaceae; g__Ruminococcus	0.9999948674648758
7d2402f1612fe6c2f5c20bfda4a90aa0	d__Bacteria; p__Bacillota; c__Clostridia; o__Lachnospirales; f__Lachnospiraceae	0.9999845597595052
16abb37658f0d89cf9462696b61b312c	d__Bacteria; p__Bacillota; c__Clostridia; o__Peptococcales; f__Peptococcaceae; g__Incertae_Sedis	0.9999968557795688
cc7231cc6b5f4d5717e1ce0b1fb78d11	d__Bacteria; p__Bacillota; c__Clostridia; o__Peptostreptococcales-Tissierellales; f__Anaerovoracaceae; g__Mogibacterium	0.9999981112639704
00250e4a9d4f542d986024e1d3f39698	d__Bacteria; p__Bacillota; c__Clostridia; o__Peptostreptococcales-Tissierellales; f__Family_XI; g__Anaerococcus	0.9999999999999858
504efe2f63f610a0f92e8cd040e2f916	d__Bacteria; p__Bacillota; c__Clostridia; o__Oscillospirales; f__Ruminococcaceae; g__Negativibacillus	0.9999997412691265
d49783e7800974b5f2bcce554e26072e	d__Bacteria; p__Bacillota; c__Clostridia; o__Lachnospirales; f__Lachnospiraceae; g__Blautia	0.9409163197236905
1b40855f894139ee825ba676916e6644	d__Bacteria; p__Bacteroidota; c__Bacteroidia; o__Bacteroidales; f__Bacteroidaceae; g__Bacteroides	0.9999999984537027
603c708a04bad70ea8e5099a5197c62a	d__Bacteria; p__Bacillota; c__Clostridia; o__Peptostreptococcales-Tissierellales; f__Family_XI; g__Fenollaria	0.9999999999972999
3ee2737f18047cff2f0d8eb20c8385c3	d__Bacteria; p__Bacillota; c__Bacilli; o__Mycoplasmatales; f__Mycoplasmataceae; g__Mycoplasma	0.9999999999998437
5149bdbf03de13bb38557d48d5141b87	d__Bacteria; p__Bacillota; c__Clostridia; o__Lachnospirales; f__Lachnospiraceae; g__Lachnoclostridium	0.9087702818866202
dee632b7432fc9dd0f5077f1f879363f	d__Bacteria; p__Actinomycetota; c__Actinobacteria; o__Mycobacteriales; f__Corynebacteriaceae; g__Corynebacterium	0.9999648522258808
501345d9336cb02e0afb2890cd3e0a78	d__Bacteria; p__Bacteroidota; c__Bacteroidia; o__Bacteroidales; f__Tannerellaceae; g__Parabacteroides	0.99999999979741
edc9e5c16e40aff1eadce6597940f08f	d__Bacteria; p__Bacillota; c__Bacilli; o__Lactobacillales; f__Streptococcaceae; g__Streptococcus	0.9999819747758187
5cae10424570f575a812a5a31f5f1483	d__Bacteria; p__Actinomycetota; c__Coriobacteriia; o__Coriobacteriales; f__Atopobiaceae; g__Atopobium	0.9995466544498207
547ed9d63f007845c48db64ef3e5aab6	d__Bacteria; p__Bacteroidota; c__Bacteroidia; o__Bacteroidales; f__Bacteroidaceae; g__Bacteroides	0.9999971249550559
d8dac293df1e2ec3d5e828987d7b65e6	d__Bacteria; p__Bacillota; c__Clostridia; o__Peptostreptococcales-Tissierellales; f__Family_XI; g__Murdochiella	0.9999999999998863
27a7197b6f932b622896bc3dc90f3200	d__Bacteria; p__Bacillota; c__Clostridia; o__Lachnospirales; f__Lachnospiraceae; g__[Ruminococcus]_gauvreauii_group	0.9937464773599445
12792e17be6f75e36fd57c86fd77d836	d__Bacteria; p__Bacillota; c__Clostridia; o__Oscillospirales; f__Ruminococcaceae; g__Faecalibacterium	0.9998388034987608
697e9cded9dd9f9e45bfa6363ca5bbd0	d__Bacteria; p__Fusobacteriota; c__Fusobacteriia; o__Fusobacteriales; f__Leptotrichiaceae; g__Sneathia	0.9999996121830789
b1376d4b55b95caf907587f740305357	d__Bacteria; p__Bacillota; c__Clostridia; o__Lachnospirales; f__Lachnospiraceae; g__Enterocloster	0.9201643512060821
baa3ee92750f65a79400a3496948666f	d__Bacteria; p__Bacteroidota; c__Bacteroidia; o__Bacteroidales; f__Prevotellaceae; g__Incertae_Sedis	0.9999999702442754
c3337d877a02fb500fc37be8aa4fd234	d__Bacteria; p__Bacillota; c__Clostridia; o__Peptostreptococcales-Tissierellales; f__Anaerovoracaceae; g__Family_XIII_AD3011_group	0.9995259894221373
581a55014641e1cd55cdc272c0365a28	d__Bacteria; p__Bacillota; c__Bacilli; o__Lactobacillales; f__Lactobacillaceae; g__Limosilactobacillus	0.9997872916929467
6f899e58ffc768754891187809557d7d	d__Bacteria; p__Bacillota; c__Bacilli; o__Lactobacillales; f__Lactobacillaceae; g__Ligilactobacillus	0.969795199808225
ff48ea2b9d30c737b53aeb9841179d57	d__Bacteria; p__Bacillota; c__Clostridia; o__Peptostreptococcales-Tissierellales; f__Family_XI; g__Parvimonas	0.9999999876058326
b48ab571a89a6f8e4839593015db7403	d__Bacteria; p__Bacillota; c__Clostridia; o__Oscillospirales; f__Ruminococcaceae	0.9999999115157152
a814e18dc6c018749b8c0e8f314a63aa	d__Bacteria; p__Actinomycetota; c__Actinobacteria; o__Actinomycetales; f__Actinomycetaceae; g__Winkia	0.9999999999891287
b6ecd20f301035741915d6c32bda2410	d__Bacteria; p__Bacillota; c__Negativicutes; o__Veillonellales-Selenomonadales; f__Veillonellaceae; g__Allisonella	0.9998071132389805
50c2e92f3b001c0f07a654b597605f95	d__Bacteria; p__Bacillota; c__Clostridia; o__Oscillospirales; f__Oscillospiraceae; g__Flavonifractor	0.789991002484998
3bae00d865b43e800a6f297f958ac2de	d__Bacteria; p__Bacillota; c__Negativicutes; o__Veillonellales-Selenomonadales; f__Veillonellaceae; g__Veillonella	0.999999999766942
78d4f442773fc72402c01693d81a45e6	d__Bacteria; p__Bacillota; c__Clostridia; o__Oscillospirales; f__Ruminococcaceae; g__Faecalibacterium	0.9998038335407068
f4da0157d94638fb359a0a9585b21ec4	d__Bacteria; p__Bacteroidota; c__Bacteroidia; o__Bacteroidales; f__Prevotellaceae; g__Prevotella	0.999537374390825
e93b313352019b8113e7fc66bf757917	d__Bacteria; p__Bacillota; c__Clostridia; o__Peptostreptococcales-Tissierellales; f__Family_XI; g__Parvimonas	0.9999999922366243
656fc22d077cc5d6ef83285bcd081cbe	d__Bacteria; p__Pseudomonadota; c__Alphaproteobacteria; o__Rhodospirillales; f__Incertae_Sedis; g__Incertae_Sedis	0.9999999292772824
6896ebe2cc3802a0374e249cc0d11938	d__Bacteria; p__Bacillota; c__Clostridia; o__Oscillospirales; f__[Eubacterium]_coprostanoligenes_group; g__Incertae_Sedis	0.9999897422621326
f8094a37afb3d454a2bc9654445d7a64	d__Bacteria; p__Bacteroidota; c__Bacteroidia; o__Bacteroidales; f__Prevotellaceae; g__Prevotellaceae_UCG-001	0.8879234450552728
7fbd34fbe0bb06c8ad8108a17c73bf3f	d__Bacteria; p__Actinomycetota; c__Coriobacteriia; o__Coriobacteriales; f__Eggerthellaceae; g__Eggerthella	0.9999999105492816
564b04caae509e17ecafe2aeb2331180	d__Bacteria; p__Bacteroidota; c__Bacteroidia; o__Bacteroidales; f__Incertae_Sedis; g__Incertae_Sedis	0.9999617149536366
566ff3542af7a37670c308327c3c782c	d__Bacteria; p__Bacillota; c__Bacilli; o__Staphylococcales; f__Gemellaceae; g__Gemella	0.9999999306015919
ff9d93d7b7e46787568f2d241caeaf3b	d__Bacteria; p__Pseudomonadota; c__Gammaproteobacteria; o__Pseudomonadales; f__Pseudomonadaceae; g__Pseudomonas	0.9957124543368415
12cc4c8a5d46fec0b6738bfe7c6c8a08	d__Bacteria; p__Bacteroidota; c__Bacteroidia; o__Bacteroidales; f__Bacteroidaceae; g__Bacteroides	0.9999981107212162
47282dc0e0f0aba75eace38dd3a9915d	d__Bacteria; p__Bacteroidota; c__Bacteroidia; o__Bacteroidales; f__Prevotellaceae; g__Segatella	0.9999986617371379
c54ecd701d322d197b9000b235740969	d__Bacteria; p__Bacillota; c__Clostridia; o__Oscillospirales; f__Ruminococcaceae	0.9999999422938035
b0074af6b9640c09199843a3114c6a6c	d__Bacteria; p__Bacteroidota; c__Bacteroidia; o__Bacteroidales; f__Porphyromonadaceae; g__Porphyromonas	0.999999798116014
9a67e1965fe9ce8fed8d8fbe40c3ec36	d__Bacteria; p__Actinomycetota; c__Coriobacteriia; o__Coriobacteriales; f__Coriobacteriaceae; g__Collinsella	0.9999396232166152
c6b90711837508687841b1d5cbff2f65	d__Bacteria; p__Bacillota; c__Clostridia; o__Lachnospirales; f__Lachnospiraceae	0.9999983290562858
004eaff35d1b108351c9510c9ef5b049	d__Bacteria; p__Bacteroidota; c__Bacteroidia; o__Bacteroidales; f__Porphyromonadaceae; g__Porphyromonas	0.9999998984024694
b78e348dfb22815a4db4373d02d70631	d__Bacteria; p__Bacteroidota; c__Bacteroidia; o__Bacteroidales; f__Bacteroidaceae; g__Bacteroides	0.9999999953596301
0f603a9018080b298f6f858569d3b3e2	d__Bacteria; p__Bacillota; c__Clostridia; o__Oscillospirales; f__Oscillospiraceae; g__UCG-005	0.8816479134846504
87c18e8ee3789954404f2c1a35079a09	d__Bacteria; p__Bacillota; c__Clostridia; o__Lachnospirales; f__Lachnospiraceae; g__Anaerobutyricum	0.9999998939920033
aae4c4ed528ae16ec417df816699cfdb	d__Bacteria; p__Bacillota; c__Clostridia; o__Oscillospirales; f__Oscillospiraceae; g__UCG-005	0.9999032176888505
9ea77e95fbfd1a99c9c28db3b03a01a8	d__Bacteria; p__Bacteroidota; c__Bacteroidia; o__Bacteroidales; f__Barnesiellaceae; g__Barnesiella	0.9999999998400426
1a7a9d14747af9f14fcdabdef2549a77	d__Bacteria; p__Bacillota; c__Clostridia; o__Oscillospirales; f__Oscillospiraceae; g__Colidextribacter	0.751466251190205
1e97042b60d468d9cc9fadf7213b4a72	d__Bacteria; p__Bacillota; c__Clostridia; o__Oscillospirales; f__Oscillospiraceae; g__UCG-002	0.9999119509684462
d1b9cd324ba837bb9f2e780dc1116882	d__Bacteria; p__Bacillota; c__Clostridia; o__Christensenellales; f__Christensenellaceae; g__Incertae_Sedis	0.805244484640567
be22632d5e3f6175707a3213d7a90ad2	d__Bacteria; p__Bacillota; c__Negativicutes; o__Veillonellales-Selenomonadales; f__Veillonellaceae; g__Dialister	0.9990995370383579
f50508546ae13143015f8c4cb976d0e4	d__Bacteria; p__Bacillota; c__Clostridia; o__Lachnospirales; f__Lachnospiraceae; g__[Eubacterium]_ruminantium_group	0.9999637784292345
51d4f17b8dda9f7d972bf3dd0ecc4e59	d__Bacteria; p__Bacteroidota; c__Bacteroidia; o__Bacteroidales; f__Rikenellaceae; g__Alistipes	0.9999999999444782
4eb8b5f93f0e959308bef61d3babbe34	d__Bacteria; p__Bacteroidota; c__Bacteroidia; o__Bacteroidales; f__Tannerellaceae; g__Parabacteroides	0.9999999999571685
e74a5cb3fbe028ec4c07f35adf4ecdc5	d__Bacteria; p__Bacteroidota; c__Bacteroidia; o__Bacteroidales; f__Barnesiellaceae; g__Barnesiella	0.9999999993382573
13e5e67a2599db5c3cdfa82c4c9ea6fd	d__Bacteria; p__Bacillota; c__Clostridia; o__Oscillospirales; f__Oscillospiraceae; g__NK4A214_group	0.7634149691150127
72ec78ecd4c30c1ddc64900630f35387	d__Bacteria; p__Bacillota; c__Clostridia; o__Lachnospirales; f__Lachnospiraceae; g__Lachnospira	0.9992684719780501
d807cf3088ea1a4377f3fb48e67d1b34	d__Bacteria; p__Bacillota; c__Clostridia; o__Lachnospirales; f__Lachnospiraceae; g__Eisenbergiella	0.9994407133438288
cc7b0c4fe7613151aee46e9be3ea14a9	d__Bacteria; p__Bacillota; c__Clostridia; o__Oscillospirales; f__Oscillospiraceae; g__Intestinimonas	0.9612322384742658
24646f903382ae52da1b45805982e09f	d__Bacteria; p__Bacillota; c__Clostridia; o__Lachnospirales; f__Lachnospiraceae; g__Extibacter	0.941190840237594
05dbbf0301a9625e1f1a41470a92f7fe	d__Bacteria; p__Bacillota; c__Clostridia; o__Lachnospirales; f__Lachnospiraceae; g__Anaerostipes	0.9994939110251675
5322567d7de1d94e6cf65390deb29b1c	d__Bacteria; p__Bacillota; c__Clostridia; o__Lachnospirales; f__Lachnospiraceae; g__[Eubacterium]_eligens_group	0.99984119033233
8dda459cc6a36c5cafef39150f5bff56	d__Bacteria; p__Fusobacteriota; c__Fusobacteriia; o__Fusobacteriales; f__Fusobacteriaceae; g__Fusobacterium	0.9999999999996021
8142e3d90b86f98cd298120b2451382e	d__Bacteria; p__Bacillota; c__Clostridia; o__Peptostreptococcales-Tissierellales; f__Family_XI; g__Anaerococcus	1.0
50d2bcfe618afef2607f5475a1d512e4	d__Bacteria; p__Campylobacterota; c__Campylobacteria; o__Campylobacterales; f__Campylobacteraceae; g__Campylobacter	0.9999999999769926
0e2d370f860f8262fe2d1fd778dd030f	d__Bacteria; p__Actinomycetota; c__Actinobacteria; o__Mycobacteriales; f__Corynebacteriaceae; g__Corynebacterium	0.9999110812520124
efa231614a5eb97a385a5cae7b440348	d__Bacteria; p__Bacteroidota; c__Bacteroidia; o__Bacteroidales; f__Rikenellaceae; g__Alistipes	0.9997730652696964
6b5c5532185593c41966b2173ea9df1c	d__Bacteria; p__Bacillota; c__Clostridia; o__Lachnospirales; f__Lachnospiraceae; g__Lachnospiraceae_UCG-009	0.8163169439681197
e9f900358bb9297e10b9fbb1321b1e6e	d__Bacteria; p__Bacillota; c__Bacilli; o__Erysipelotrichales; f__Erysipelatoclostridiaceae; g__Thomasclavelia	0.9999998581982611
a471645f99a79630b8b3299997bf7a33	d__Bacteria; p__Bacteroidota; c__Bacteroidia; o__Bacteroidales; f__Prevotellaceae; g__Segatella	0.9999998611220161
eebdf542c58b46b9406e8329ec3c4637	d__Bacteria; p__Bacillota; c__Clostridia; o__Peptostreptococcales-Tissierellales; f__Family_XI; g__Anaerococcus	1.0
3b94c19ef326eea0918e1c3d244c999c	d__Bacteria; p__Pseudomonadota; c__Gammaproteobacteria; o__Enterobacterales	0.9999999999291045
3d7f02d1487f9647971c794055b7541c	d__Bacteria; p__Bacillota; c__Negativicutes; o__Veillonellales-Selenomonadales; f__Veillonellaceae; g__Veillonella	0.9999999996588826
31e3f64d5d2212f7d32e2dc3e2142ff3	d__Bacteria; p__Bacillota; c__Bacilli; o__Erysipelotrichales; f__Erysipelatoclostridiaceae; g__Catenibacterium	0.9999945317682811
46696f3730b982d34aa92882f12376f1	d__Bacteria; p__Bacillota; c__Negativicutes; o__Veillonellales-Selenomonadales; f__Veillonellaceae	0.9999999999563551
f8a0f81a9c727efd3cdf8c8ee1af699a	d__Bacteria; p__Bacteroidota; c__Bacteroidia; o__Bacteroidales; f__Prevotellaceae; g__Segatella	0.9999998641821811
2a34b4dbdcda40879c7abd17a2ea0e33	d__Bacteria; p__Bacillota; c__Negativicutes; o__Veillonellales-Selenomonadales; f__Veillonellaceae; g__Dialister	0.9979257395074571
ba64f4fa502258a89d2b7468af3cbb28	d__Bacteria; p__Bacillota; c__Bacilli; o__Erysipelotrichales; f__Erysipelatoclostridiaceae; g__Longibaculum	0.9999564699706343
f179bd107516ffa74815272feed765a8	d__Bacteria; p__Pseudomonadota; c__Gammaproteobacteria; o__Burkholderiales; f__Sutterellaceae; g__Sutterella	0.9999999997687468
0c3534a03d2c2fdf8fa8793408f02414	d__Bacteria; p__Bacillota; c__Negativicutes; o__Veillonellales-Selenomonadales; f__Veillonellaceae; g__Megasphaera	0.999997725745345
abca34d3f46ee1af5c154ab909fd55c9	d__Bacteria; p__Bacteroidota; c__Bacteroidia; o__Bacteroidales; f__Prevotellaceae; g__Segatella	0.9999988767552195
3900a2bd2208989e959860d9c729484d	d__Bacteria; p__Bacteroidota; c__Bacteroidia; o__Bacteroidales; f__Prevotellaceae; g__Prevotella	0.9999197452454287
02b4317d07dfa2d4bcf0b885431ba6ce	d__Bacteria; p__Bacillota; c__Clostridia; o__Lachnospirales; f__Lachnospiraceae; g__Blautia	0.8422345324489484
deb90060cd7e33d6b3e583a968e4a11e	d__Bacteria; p__Bacteroidota; c__Bacteroidia; o__Bacteroidales; f__Prevotellaceae; g__Segatella	0.9999640020234027
90a9fb8aa0250e153dcc950cef478ff0	d__Bacteria; p__Bacillota; c__Clostridia; o__Peptostreptococcales-Tissierellales; f__Family_XI; g__Peptoniphilus	0.9999992075197368
39c746e6698d4935484f50bf45508965	d__Bacteria; p__Bacillota; c__Clostridia; o__Oscillospirales; f__Oscillospiraceae; g__NK4A214_group	0.9323177036216295
d23a867d55cfafa513f34ea224089f8e	d__Bacteria; p__Pseudomonadota; c__Gammaproteobacteria; o__Burkholderiales; f__Sutterellaceae; g__Sutterella	0.9999999984896419
9e2e4c867168b068d94eb110dce64676	d__Bacteria; p__Bacillota; c__Negativicutes; o__Veillonellales-Selenomonadales; f__Selenomonadaceae; g__Mitsuokella	0.9921930529571058
9580aa8a52ec18a4e92e701cdb595faa	d__Bacteria; p__Bacillota; c__Clostridia; o__Clostridiales; f__Clostridiaceae; g__Clostridium	0.9993026390969877
b452284fca181520c11d087351ff43df	d__Bacteria; p__Bacteroidota; c__Bacteroidia; o__Bacteroidales; f__Marinifilaceae; g__Butyricimonas	0.9999999999999858
66a9ece5a3664b5fd81ad0244ed3b5d3	d__Bacteria; p__Bacteroidota; c__Bacteroidia; o__Bacteroidales; f__Prevotellaceae; g__Prevotella	0.9999999666768394
809eb18e709bf0b62ccb9cecd25ef6d9	d__Bacteria; p__Bacteroidota; c__Bacteroidia; o__Bacteroidales; f__Prevotellaceae; g__Prevotella	0.9999689772673647
396ffa76286336a3eeb1ea420e60f86b	d__Bacteria; p__Bacillota; c__Clostridia; o__Lachnospirales; f__Lachnospiraceae; g__Butyribacter	0.9292134600889845
1b9ab7ba8573cbfe5f1a9f59f0b38ff4	d__Bacteria; p__Actinomycetota; c__Coriobacteriia; o__Coriobacteriales; f__Eggerthellaceae; g__Asaccharobacter	0.7307538195679331
bed00446163a7786d89d581534b8a6db	d__Bacteria; p__Bacillota; c__Clostridia; o__Lachnospirales; f__Lachnospiraceae; g__Moryella	0.9977037756694488
3f9afe17105dd0c33bf41ce08824f362	d__Bacteria; p__Bacillota; c__Clostridia; o__Oscillospirales; f__Butyricicoccaceae; g__Agathobaculum	0.9996292001176005
51f600c5b8221ceec71b58a89e76f628	d__Bacteria; p__Actinomycetota; c__Actinobacteria; o__Bifidobacteriales; f__Bifidobacteriaceae; g__Gardnerella	0.999999576498273
d509a9b999e826dc5f7982d3b443a791	d__Bacteria; p__Pseudomonadota; c__Gammaproteobacteria; o__Enterobacterales; f__Enterobacteriaceae; g__Escherichia-Shigella	0.9944134414851088
ad83d626f16b30d5ca2cb0af4c628a63	d__Bacteria; p__Bacillota; c__Clostridia; o__Lachnospirales; f__Lachnospiraceae; g__Lachnospiraceae_UCG-004	0.9976864755597077
350cd8e890b27c7fa7ec3a0d77dbaa9b	d__Bacteria; p__Bacillota; c__Clostridia; o__Oscillospirales; f__Oscillospiraceae; g__Colidextribacter	0.987540195635967
53e3a7d0830e15c8da2eaa66c65f55b6	d__Bacteria; p__Actinomycetota; c__Actinobacteria; o__Actinomycetales; f__Actinomycetaceae; g__Trueperella	0.9999999473229351
73ddef4c71b516586e803b622be15dd0	d__Bacteria; p__Actinomycetota; c__Actinobacteria; o__Actinomycetales; f__Actinomycetaceae; g__Arcanobacterium	0.9999372691123238
3d675bc2e3ca7ae2dbd80044122f82b0	d__Bacteria; p__Bacillota; c__Clostridia; o__Oscillospirales; f__Ruminococcaceae; g__Ruminococcus	0.9997184841371687
cd0866c5fffa3da0653f75faee220193	d__Bacteria; p__Bacteroidota; c__Bacteroidia; o__Bacteroidales; f__Bacteroidaceae; g__Bacteroides	0.9999999999352696
973ca62579b1246f54829278d51475ea	d__Bacteria; p__Bacillota; c__Clostridia; o__Lachnospirales; f__Lachnospiraceae; g__[Eubacterium]_xylanophilum_group	0.9996650903557025
84aaf0e8aaafa4138e3a8dd837359272	d__Bacteria; p__Bacillota; c__Clostridia; o__Christensenellales; f__Christensenellaceae; g__Incertae_Sedis	0.9654602496794493
27af6946079ffdcc29ae6f9f6640a637	d__Bacteria; p__Bacteroidota; c__Bacteroidia; o__Bacteroidales; f__Bacteroidaceae; g__Bacteroides	0.9999999356121684
0a31b6c7f2925ff1b5938b225c4bb98f	d__Bacteria; p__Bacteroidota; c__Bacteroidia; o__Bacteroidales; f__Prevotellaceae; g__Prevotella	0.9998964255037722
fd0735e70b2bbc107c3e0ae09d8fc2df	d__Bacteria; p__Bacteroidota; c__Bacteroidia; o__Bacteroidales; f__Prevotellaceae; g__Hoylesella	0.9999949240355555
7c3d7711fd15460714ece118b35c0576	d__Bacteria; p__Bacillota; c__Clostridia; o__Oscillospirales; f__Ruminococcaceae; g__Anaerotruncus	0.9999654812047652
36fd6eb75e24fe3e4e6d664b393e88a4	d__Bacteria; p__Bacillota; c__Negativicutes; o__Veillonellales-Selenomonadales; f__Veillonellaceae; g__Negativicoccus	0.9999999998915712
a6f150307a48d996f282bab7ffe7405f	d__Bacteria; p__Campylobacterota; c__Campylobacteria; o__Campylobacterales; f__Campylobacteraceae; g__Campylobacter	0.999999935330154
e8997e4ec742548b2c0908a8630ef419	d__Bacteria; p__Bacteroidota; c__Bacteroidia; o__Bacteroidales; f__Tannerellaceae; g__Parabacteroides	0.9999999995101945
551d5342b46ac267bc6a5da9d67b261a	d__Bacteria; p__Pseudomonadota; c__Gammaproteobacteria; o__Enterobacterales; f__Enterobacteriaceae; g__Escherichia-Shigella	0.98348748887526
b457f87b78c4aed33270ae43607b7094	d__Bacteria; p__Bacteroidota; c__Bacteroidia; o__Bacteroidales; f__Rikenellaceae; g__Rikenellaceae_RC9_gut_group	0.9965104669977799
6f980c6f3f2ffefd2013c721461cc1c6	d__Bacteria; p__Bacillota; c__Bacilli; o__Erysipelotrichales; f__Erysipelotrichaceae; g__Holdemania	0.9999984020832476
d0833ce681acbdd482a03911d447756d	d__Bacteria; p__Bacillota; c__Clostridia; o__Oscillospirales; f__Oscillospiraceae; g__UCG-003	0.9969540465072012
4e7592405ffecb210854f136ba3b73e3	d__Bacteria; p__Bacteroidota; c__Bacteroidia; o__Bacteroidales; f__Marinifilaceae; g__Odoribacter	0.9999999999999147
03d0319e5420b1360552b439576b2fd1	d__Bacteria; p__Bacillota; c__Clostridia; o__Lachnospirales; f__Lachnospiraceae; g__Enterocloster	0.987237613699796
6e6bf831e6f7e98cffe6824ba27a738e	d__Bacteria; p__Bacillota; c__Bacilli; o__Lactobacillales; f__Streptococcaceae; g__Streptococcus	0.9996109482809157
d2fade2384e876f54ba4056ee01e09a1	d__Bacteria; p__Bacillota; c__Clostridia; o__Peptostreptococcales-Tissierellales; f__Family_XI; g__Peptoniphilus	0.9999999998587299
b8e850a95bb5fb660d506a45258b451c	d__Bacteria; p__Bacillota; c__Clostridia; o__Peptostreptococcales-Tissierellales; f__Family_XI; g__Finegoldia	0.9999999994441566
4b7712254e4dd8d5bc585d4a6c5c2e88	d__Bacteria; p__Fusobacteriota; c__Fusobacteriia; o__Fusobacteriales; f__Fusobacteriaceae; g__Fusobacterium	0.9998314233574184
fbba667fc7f1f9165f613562cfef0fe4	d__Bacteria; p__Bacteroidota; c__Bacteroidia; o__Bacteroidales; f__Prevotellaceae; g__Prevotella	0.9999134268048552
ad03570a6623c3fe543fb52f514b234f	d__Bacteria; p__Bacillota; c__Clostridia; o__Oscillospirales; f__Ruminococcaceae; g__Ruminococcus	0.9999872961331617
b354a1e7a29c4f05aace7e65edc75c7f	d__Bacteria; p__Thermodesulfobacteriota; c__Desulfovibrionia; o__Desulfovibrionales; f__Desulfovibrionaceae; g__Desulfovibrio	0.9999754941610751
e367dacc4cf58de7164775e5899d4ab2	d__Bacteria; p__Bacillota; c__Clostridia; o__Oscillospirales; f__Ruminococcaceae; g__DTU089	0.9999995714451794
dffd48b1005574979781e104156691c1	d__Bacteria; p__Bacteroidota; c__Bacteroidia; o__Bacteroidales; f__Prevotellaceae; g__Paraprevotella	0.9999999997935305
3916a456bb0a3bfd02c15fd537ff5923	d__Bacteria; p__Bacillota; c__Negativicutes; o__Veillonellales-Selenomonadales; f__Veillonellaceae; g__Megasphaera	0.997282530737302
0fd672291b9b2013b63d4b3ab74a11a2	d__Bacteria; p__Cyanobacteriota; c__Vampirivibrionia; o__Gastranaerophilales; f__Gastranaerophilaceae; g__Zag_111	0.9999407264613038
47e24d74765fbb7c836987830e14e8e7	d__Bacteria; p__Bacteroidota; c__Bacteroidia; o__Bacteroidales; f__Bacteroidaceae; g__Bacteroides	0.9999998883834484
24e4a3997e50367598b3152939b4fb75	d__Bacteria; p__Fusobacteriota; c__Fusobacteriia; o__Fusobacteriales; f__Fusobacteriaceae; g__Fusobacterium	0.9999999999996589
e3071eccbbbd1ee2c34f2f169c488e5e	d__Bacteria; p__Bacillota; c__Bacilli; o__Lactobacillales; f__Aerococcaceae	0.9389171022786466
6aa92e9b0cb6b82cbf81068cb87268c9	d__Bacteria; p__Bacteroidota; c__Bacteroidia; o__Bacteroidales; f__Bacteroidaceae; g__Bacteroides	0.9999999907913804
a85414d00d7f63d6e200967b1ba7d397	d__Bacteria; p__Bacillota; c__Clostridia; o__Lachnospirales; f__Lachnospiraceae; g__Mediterraneibacter	0.9937335639356201
b044a86e33a67caceb0a9f59149747ac	d__Bacteria; p__Bacillota; c__Clostridia; o__Lachnospirales; f__Lachnospiraceae; g__Howardella	0.9999999995118287
6ee91bd06f6e189fe0bf12eafec77e58	d__Bacteria; p__Pseudomonadota; c__Gammaproteobacteria; o__Burkholderiales; f__Sutterellaceae; g__Sutterella	0.9999999895663194
9557f8088b37dfccf28312167dc1e885	d__Bacteria; p__Bacillota; c__Clostridia; o__Peptostreptococcales-Tissierellales; f__Family_XI; g__Peptoniphilus	0.9999997228818629
a9c65f22ab35a2635324961ee4e44023	d__Bacteria; p__Bacillota; c__Clostridia; o__Oscillospirales; f__Ruminococcaceae; g__Negativibacillus	0.9999989096803408
ab9899b443255cd34e51705c7b8ea201	d__Bacteria; p__Bacillota; c__Clostridia; o__Lachnospirales; f__Lachnospiraceae	0.9999948336949571
517b36b986012394a442af4336b89612	d__Bacteria; p__Bacillota; c__Bacilli; o__Erysipelotrichales; f__Erysipelotrichaceae; g__Absiella	0.9999754498726684
aba41a8d90400448d2ad3403942c2360	d__Bacteria; p__Bacteroidota; c__Bacteroidia; o__Bacteroidales; f__Prevotellaceae; g__Prevotella	0.9996441762922549
5d5f9ea96902c7e15830ff9763324c68	d__Bacteria; p__Bacteroidota; c__Bacteroidia; o__Bacteroidales; f__Bacteroidaceae; g__Bacteroides	0.9999999991983657
1595757c017000381cfdfdf769029685	d__Bacteria; p__Bacteroidota; c__Bacteroidia; o__Bacteroidales; f__Prevotellaceae; g__Leyella	0.9999999754903118
da926fb16ba77a381b6e12ad17c285a1	d__Bacteria; p__Bacteroidota; c__Bacteroidia; o__Bacteroidales; f__Prevotellaceae; g__Prevotella	0.9980781171811491
18d1d3003cc423b568ba5b5ccb433023	d__Bacteria; p__Bacillota; c__Clostridia; o__Lachnospirales; f__Lachnospiraceae	0.999999653108544
b270c275c943841ada8dd7b126594834	d__Bacteria; p__Bacillota; c__Clostridia; o__Peptostreptococcales-Tissierellales; f__Family_XI; g__Peptoniphilus	0.9999999805874042
e595115ea036045e11142e00a5650d2e	d__Bacteria; p__Bacillota; c__Clostridia; o__Peptostreptococcales-Tissierellales; f__Family_XI; g__Peptoniphilus	0.9999999625063516
43904939ba355dce37c93c12823b71e2	d__Bacteria; p__Actinomycetota; c__Actinobacteria; o__Mycobacteriales; f__Corynebacteriaceae; g__Corynebacterium	0.9999939652887
3120660c883750285d85c12f7d898f67	d__Bacteria; p__Bacillota; c__Clostridia; o__Oscillospirales; f__Oscillospiraceae; g__Oscillibacter	0.9999939399113364
9282e20164736c7ada9bd98d04654b5e	d__Bacteria; p__Pseudomonadota; c__Gammaproteobacteria; o__Burkholderiales; f__Sutterellaceae; g__Sutterella	0.9999859760595599
efd90b9656ce4a8030584e0beea0390c	d__Bacteria; p__Bacillota; c__Clostridia; o__Oscillospirales; f__Oscillospiraceae; g__Fastidiosipila	0.9999999950218523
8879b282a2181421e9c4262d14f60409	d__Bacteria; p__Bacteroidota; c__Bacteroidia; o__Bacteroidales; f__Bacteroidaceae; g__Bacteroides	0.9999999996968114
c56875638ccefe8ec7d11e6e66435aae	d__Bacteria; p__Bacteroidota; c__Bacteroidia; o__Bacteroidales; f__Prevotellaceae; g__Hoylesella	0.9999995395907101
782a79a0725adc6ac22fc1fd15933a12	d__Bacteria; p__Bacillota; c__Bacilli; o__Erysipelotrichales; f__Erysipelotrichaceae; g__Holdemanella	0.9999999999988631
756e9c33696716a5484135c832f18f12	d__Bacteria; p__Bacillota; c__Clostridia; o__Oscillospirales; f__Ruminococcaceae; g__Acutalibacter	0.9999978228167206
12615dfed222d35c1582cbd6cef48013	d__Bacteria; p__Bacillota; c__Clostridia; o__Lachnospirales; f__Lachnospiraceae; g__Mediterraneibacter	0.9005010704721627
794cc1c6386320420a2c2ea76eedaaf8	d__Bacteria; p__Bacillota; c__Clostridia; o__Oscillospirales; f__[Eubacterium]_coprostanoligenes_group; g__Incertae_Sedis	0.9999983329484761
cdf842e24298a1da5f9dbe711773eaa4	d__Bacteria; p__Bacillota; c__Negativicutes; o__Veillonellales-Selenomonadales; f__Veillonellaceae; g__Veillonella	0.9999994975980099
a08df493c68ca1b0549dc0404dd5cb28	d__Bacteria; p__Bacteroidota; c__Bacteroidia; o__Bacteroidales; f__Porphyromonadaceae; g__Porphyromonas	0.9999968849173857
0fc1b4b38c76ff1d5614d73496426a3e	d__Bacteria; p__Actinomycetota; c__Actinobacteria; o__Mycobacteriales; f__Corynebacteriaceae; g__Corynebacterium	0.9999976735393322
a6835ee7fc97773c805e48c5e8ba3fae	d__Bacteria; p__Spirochaetota; c__Spirochaetia; o__Spirochaetales; f__Spirochaetaceae; g__Treponema	0.9998966995928865
c25f86904b550e2f97731ac7daa8c01f	d__Bacteria; p__Bacteroidota; c__Bacteroidia; o__Bacteroidales; f__Barnesiellaceae; g__Barnesiella	0.9999999996011013
c87a2ef0523bf10d944f583fa016f47c	d__Bacteria; p__Bacillota; c__Clostridia; o__Peptostreptococcales-Tissierellales; f__Family_XI; g__Anaerococcus	0.9999999999885887
3652788e84d52e1a7133359c67311619	d__Bacteria; p__Pseudomonadota; c__Gammaproteobacteria; o__Burkholderiales; f__Sutterellaceae; g__Sutterella	0.9998515567028347
f1eb372635240322c36cc8d43ad0b70f	d__Bacteria; p__Bacteroidota; c__Bacteroidia; o__Bacteroidales; f__Prevotellaceae; g__Prevotellaceae_NK3B31_group	0.999999540852008
25394a604bbcd078c80186b300dab8ee	d__Bacteria; p__Bacillota; c__Bacilli; o__Erysipelotrichales; f__Erysipelotrichaceae; g__Holdemanella	0.9999999999993605
1636df577567be4aadea8383b4af2b86	d__Bacteria; p__Bacteroidota; c__Bacteroidia; o__Bacteroidales; f__Muribaculaceae; g__Incertae_Sedis	0.999999779128085
8ee6f70260b29cb40fdff8d4500ae32a	d__Bacteria; p__Bacillota; c__Clostridia; o__Lachnospirales; f__Lachnospiraceae	0.9999866830522439
ed8746a919274371bea412882a1c6bb5	d__Bacteria; p__Bacillota; c__Clostridia; o__Lachnospirales; f__Lachnospiraceae; g__Extibacter	0.9923469201794894
3edf5034a84bf32a642483a02e8af657	d__Bacteria; p__Bacteroidota; c__Bacteroidia; o__Bacteroidales; f__Tannerellaceae; g__Parabacteroides	0.9999999999485993
49335daf329096054e8f188cdb2b10a8	d__Bacteria; p__Bacillota; c__Clostridia; o__Peptostreptococcales-Tissierellales; f__Family_XI; g__Peptoniphilus	0.9999999999997584
aa9b3a1418d146c262ec63305292065a	d__Bacteria; p__Actinomycetota; c__Actinobacteria; o__Mycobacteriales; f__Corynebacteriaceae; g__Corynebacterium	0.9999988407761191
c36c7aa5e6c47fc763828a8add383940	d__Bacteria; p__Pseudomonadota; c__Gammaproteobacteria; o__Enterobacterales; f__Pasteurellaceae; g__Haemophilus	0.9558227654519554
923fed1e3a5c67f886eb287b585a924a	d__Bacteria; p__Bacillota; c__Clostridia; o__Lachnospirales; f__Lachnospiraceae; g__GCA-900066575	0.9909378466039076
6cb84d89628deb90155586631bf75655	d__Bacteria; p__Actinomycetota; c__Actinobacteria; o__Actinomycetales; f__Actinomycetaceae; g__Actinotignum	0.9905269215954801
871b99772b7ead3ed8a217f566729af6	d__Bacteria; p__Actinomycetota; c__Coriobacteriia; o__Coriobacteriales; f__Coriobacteriales_Incertae_Sedis; g__Incertae_Sedis	0.9999999846646689
7656df7fd630620c3e31f81604a67bac	d__Bacteria; p__Bacillota; c__Bacilli; o__Lactobacillales; f__Lactobacillaceae; g__Lactobacillus	0.9934787764139421
dd3e5c36d5f5e1661966858526a1d39e	d__Bacteria; p__Bacteroidota; c__Bacteroidia; o__Bacteroidales; f__Tannerellaceae	0.9999933397267877
b5a69fb7a66fdb2bf437bd286b439706	d__Bacteria; p__Bacteroidota; c__Bacteroidia; o__Bacteroidales; f__Rikenellaceae; g__Alistipes	0.9999999961824244
6f8c47d73aa0314f2a331192ba432b32	d__Bacteria; p__Bacillota; c__Clostridia; o__Peptostreptococcales-Tissierellales; f__Anaerovoracaceae; g__S5-A14a	0.9999998976279637
43a39fa4815bda79d6470002c8172dcb	d__Bacteria; p__Bacteroidota; c__Bacteroidia; o__Bacteroidales; f__Barnesiellaceae; g__Barnesiella	0.9999999968775626
64b75473aff451e76e946c655fcbb361	d__Bacteria; p__Bacillota; c__Clostridia; o__Oscillospirales; f__Ruminococcaceae; g__Fournierella	0.9147836831860552
643cc83fd8abab40ea2393c9e1a8365d	d__Bacteria; p__Bacillota; c__Clostridia; o__Lachnospirales; f__Lachnospiraceae	0.9999900862234326
794c48d1c110499dbd6338457f2ed417	d__Bacteria; p__Bacillota; c__Clostridia; o__Lachnospirales; f__Lachnospiraceae; g__Enterocloster	0.9935478377286496
e174d6cd70de66f236674a5e640b3f4f	d__Bacteria; p__Bacillota; c__Negativicutes; o__Acidaminococcales; f__Acidaminococcaceae; g__Phascolarctobacterium	0.9999998835800806
bb518fecd8ffb68f2c76deb00d50f592	d__Bacteria; p__Bacillota; c__Bacilli; o__RF39; f__Incertae_Sedis; g__Incertae_Sedis	0.9999999999990621
f0015c3b64e80303ed3d858f0618bc43	d__Bacteria; p__Bacillota; c__Clostridia; o__Monoglobales; f__Monoglobaceae; g__Monoglobus	0.9868205547749247
d4263873dfde10ee5059a11b5fb34d40	d__Bacteria; p__Actinomycetota; c__Actinobacteria; o__Mycobacteriales; f__Corynebacteriaceae; g__Corynebacterium	0.9999981124813268
be83625131875728eb43add055111b7c	d__Bacteria; p__Bacillota; c__Clostridia; o__Lachnospirales; f__Lachnospiraceae; g__Enterocloster	0.9846229552682585
aa20849f82828d2d6b4647130ba42dc7	d__Bacteria; p__Synergistota; c__Synergistia; o__Synergistales; f__Synergistaceae; g__Jonquetella	1.0
ab331fff290777ec31cb379b7258fc9e	d__Bacteria; p__Bacillota; c__Bacilli; o__Lactobacillales; f__Lactobacillaceae; g__Lactobacillus	0.9826091161184134
e708751e62639cc0951c413f92ea7620	d__Bacteria; p__Fusobacteriota; c__Fusobacteriia; o__Fusobacteriales; f__Fusobacteriaceae; g__Fusobacterium	0.9999999999989484
ed66913c64e880ea0b4cf78c59280664	d__Bacteria; p__Thermodesulfobacteriota; c__Desulfovibrionia; o__Desulfovibrionales; f__Desulfovibrionaceae; g__Desulfovibrio	0.9999995143301745
71e2f677a92258de3ffebd9814e0db39	d__Bacteria; p__Bacteroidota; c__Bacteroidia; o__Bacteroidales; f__Bacteroidaceae; g__Bacteroides	0.9999999922121106
421cbd1d71d34704c6d53377261e213c	d__Bacteria; p__Bacillota; c__Clostridia; o__Lachnospirales; f__Lachnospiraceae; g__[Eubacterium]_ventriosum_group	0.9994263697907384
787ab1672520289680427986b59e3417	d__Bacteria; p__Bacillota; c__Clostridia; o__Clostridia_vadinBB60_group; f__Incertae_Sedis; g__Incertae_Sedis	0.9999946915628255
a62fa6e25e8805dafe5b628529c90023	d__Bacteria; p__Bacillota; c__Clostridia; o__Oscillospirales; f__Ruminococcaceae; g__Ruminococcus	0.9846828274964528
5c0eb2cc0831a4b7304ec1fa20756159	d__Bacteria; p__Bacillota; c__Clostridia; o__Oscillospirales; f__Butyricicoccaceae; g__UCG-009	0.9999675941762437
5d0e047aec9ad659e06c6f00ff178cc8	d__Bacteria; p__Bacillota; c__Clostridia; o__Oscillospirales; f__Oscillospiraceae; g__NK4A214_group	0.8999614509191532
16d727e4303275d6c585035f380f0bac	d__Bacteria; p__Actinomycetota; c__Actinobacteria; o__Bifidobacteriales; f__Bifidobacteriaceae; g__Gardnerella	0.9999994854686536
44396f15b10f6577d61a11c6047c939f	d__Archaea; p__Methanobacteriota; c__Methanobacteria; o__Methanobacteriales; f__Methanobacteriaceae; g__Methanobrevibacter	0.9999999985616199
93ffcf9781cf84717a401e9ebaa48be6	d__Bacteria; p__Bacteroidota; c__Bacteroidia; o__Bacteroidales; f__Tannerellaceae; g__Parabacteroides	0.9999999999039488
454ff5fa8a3c6b293cea935aeb9cfb8e	d__Bacteria; p__Bacillota; c__Clostridia; o__Clostridiales; f__Clostridiaceae; g__Clostridium	0.9981937958364734
26c6e3ed14694582e207478c1f23c21f	d__Bacteria; p__Bacillota; c__Bacilli; o__Erysipelotrichales; f__Erysipelotrichaceae; g__Turicibacter	0.9999999953792269
3c77299a572864be87ed7657838a3434	d__Bacteria; p__Bacillota; c__Clostridia; o__Oscillospirales; f__Ruminococcaceae; g__Faecalibacterium	0.999920099344394
ff5ec9cf8912a9f97ee4eae8b668d921	d__Bacteria; p__Bacteroidota; c__Bacteroidia; o__Bacteroidales; f__Incertae_Sedis; g__Incertae_Sedis	0.9996519265326627
030e9f546dc8475a2502f2e316d6408e	d__Bacteria; p__Bacillota; c__Clostridia; o__Oscillospirales; f__Ruminococcaceae	0.9999997415523397
928eea08226b8f0007d70a0b289f0795	d__Bacteria; p__Bacteroidota; c__Bacteroidia; o__Bacteroidales; f__Tannerellaceae; g__Parabacteroides	0.9997151302151808
aa0d22e3cae06a85b97c6181d08c648a	d__Bacteria; p__Bacillota; c__Clostridia; o__Oscillospirales; f__Ruminococcaceae; g__Acutalibacter	0.9791638125757955
4ada3d8098e9706fcebb85f1e427fea6	d__Bacteria; p__Bacillota; c__Clostridia; o__Lachnospirales; f__Lachnospiraceae	0.9999979401280512
d6a0db7938b5bf40df8ea7f9f97e9d64	d__Bacteria; p__Bacillota; c__Clostridia; o__Peptostreptococcales-Tissierellales; f__Peptostreptococcaceae; g__Peptostreptococcus	0.9999999188181794
aac28e10889080104b51e14344404ddd	d__Bacteria; p__Bacillota; c__Negativicutes; o__Acidaminococcales; f__Acidaminococcaceae; g__Phascolarctobacterium	0.9999992044030005
6c324279c1fc2965e594486ac26b0548	d__Bacteria; p__Bacillota; c__Clostridia; o__Lachnospirales; f__Lachnospiraceae; g__Coprococcus	0.9998036027841212
a6162510c606a443e3cce1e7d6f598b6	d__Bacteria; p__Bacillota; c__Clostridia; o__Oscillospirales; f__Ruminococcaceae; g__Faecalibacterium	0.9996693046163843
222391ff48fdfdcd3e9fe543b7276630	d__Bacteria; p__Actinomycetota; c__Actinobacteria; o__Actinomycetales; f__Actinomycetaceae; g__Arcanobacterium	0.9997756396694842
9232f4ad524ebf27e8d228b685818362	d__Bacteria; p__Bacillota; c__Clostridia; o__Peptostreptococcales-Tissierellales; f__Family_XI; g__Parvimonas	0.9999999974247658
64047158420a8a9df9d35d8719329c5b	d__Bacteria; p__Bacteroidota; c__Bacteroidia; o__Bacteroidales; f__Barnesiellaceae; g__Barnesiella	0.9999999997767475
543818d6869d7b4271bd4cf11ba898cb	d__Bacteria; p__Bacillota; c__Clostridia; o__Lachnospirales; f__Lachnospiraceae; g__Enterocloster	0.9992572422750988
8e22ba1c20e8aef2d81a1d6b45e10de8	d__Bacteria; p__Bacillota; c__Clostridia; o__Oscillospirales; f__Oscillospiraceae; g__Mageeibacillus	0.9999999893252608
429bec9801227761ba42ccc30c1c0e32	d__Bacteria; p__Bacteroidota; c__Bacteroidia; o__Bacteroidales; f__Muribaculaceae; g__Incertae_Sedis	0.9999994688439376
8969bc2e58173c5b645d59c167584d71	d__Bacteria; p__Bacillota; c__Clostridia; o__Oscillospirales; f__Ruminococcaceae	0.9999999999989035
c5031390a5fabd8e9ca73b98b0fe5a3d	d__Bacteria; p__Bacillota; c__Bacilli; o__Lactobacillales; f__Enterococcaceae; g__Enterococcus	0.9364977390817634
ac11726e4c3f29d2e1beb38dc31eb68e	d__Bacteria; p__Actinomycetota; c__Coriobacteriia; o__Coriobacteriales; f__Eggerthellaceae; g__Eggerthella	0.9999999251033557
43202fe954709a694e31c3a1be7e889b	d__Bacteria; p__Bacillota; c__Clostridia; o__Clostridia_UCG-014; f__Incertae_Sedis; g__Incertae_Sedis	0.9999999745086402
b205bfbb7b12662505532cfa0b3d5258	d__Bacteria; p__Bacillota; c__Clostridia; o__Oscillospirales; f__Ruminococcaceae; g__Faecalibacterium	0.9999267849267449
7b25fe2a8e4d57a05ef403d1d0e831e2	d__Bacteria; p__Bacillota; c__Clostridia; o__Oscillospirales; f__Oscillospiraceae; g__Intestinimonas	0.9159584544130949
0a857f235b897d7c44e86f0c1b75c69b	d__Bacteria; p__Bacteroidota; c__Bacteroidia; o__Bacteroidales; f__Prevotellaceae; g__Incertae_Sedis	0.9999999396584816
35ea9460c84f1e75f939a7fa94bdb441	d__Bacteria; p__Bacillota; c__Clostridia; o__Christensenellales; f__Christensenellaceae; g__Christensenellaceae_R-7_group	0.9590932981399388
b4efe03198767cdc475cfa45d91e1670	d__Bacteria; p__Bacillota; c__Clostridia; o__Lachnospirales; f__Lachnospiraceae; g__Moryella	0.9986875338090381
26b89fe00155e0c877d2698656c41140	d__Bacteria; p__Bacillota; c__Clostridia; o__Lachnospirales; f__Lachnospiraceae; g__Agathobacter	0.9377626504348433
557b236b805bd4ec867cc86bd78e4dd6	d__Bacteria; p__Actinomycetota; c__Coriobacteriia; o__Coriobacteriales; f__Eggerthellaceae; g__Berryella	0.9733181856918641
d80ecd40c3ec6b9051c0011e0d666990	d__Bacteria; p__Actinomycetota; c__Coriobacteriia; o__Coriobacteriales; f__Atopobiaceae; g__Atopobium	0.999298374898382
f3384f1f36a908bd09b3c265bac26f8c	d__Bacteria; p__Pseudomonadota; c__Gammaproteobacteria; o__Enterobacterales; f__Pasteurellaceae	0.9999999999999896
ad1171e25c458f68ef7a3b40b45dc9e5	d__Bacteria; p__Bacteroidota; c__Bacteroidia; o__Bacteroidales; f__Porphyromonadaceae; g__Porphyromonas	0.9999954564877431
4533bf5ce3fb980fcb1a62e29b3b304b	d__Bacteria; p__Bacteroidota; c__Bacteroidia; o__Bacteroidales; f__Marinifilaceae; g__Butyricimonas	0.9999999999997868
73d9a139e017712e591ccbb4cb1ac896	d__Bacteria; p__Thermodesulfobacteriota; c__Desulfovibrionia; o__Desulfovibrionales; f__Desulfovibrionaceae; g__Bilophila	0.9999999195671908
3dd7acf39ab927348aafcd8acb08dd9a	d__Bacteria; p__Bacillota; c__Clostridia; o__Lachnospirales; f__Lachnospiraceae; g__Blautia	0.9013959278092563
1d35d0a2fb99c554d8a1d71d4c19fe95	d__Bacteria; p__Bacillota; c__Clostridia; o__Oscillospirales; f__Butyricicoccaceae; g__Incertae_Sedis	0.9998179313746048
f7870a4e6cccb8a029cf6f0091c106f5	d__Bacteria; p__Bacillota; c__Bacilli; o__Erysipelotrichales; f__Erysipelotrichaceae; g__Amedibacillus	0.9999926968980699
cec5a19c0bc75874dbf4cba133b10815	d__Bacteria; p__Bacteroidota; c__Bacteroidia; o__Bacteroidales; f__Prevotellaceae; g__Hoylesella	0.9999898776512607
35195a80f6fb69ef8bd6827d1b045aad	d__Bacteria; p__Actinomycetota; c__Coriobacteriia; o__Coriobacteriales; f__Eggerthellaceae; g__Senegalimassilia	0.999997619277514
b32f7f224c7c13fc104a6c85c344485d	d__Bacteria; p__Bacillota; c__Bacilli; o__Erysipelotrichales; f__Erysipelotrichaceae; g__Holdemanella	0.9999999999982379
c3726591d58a1266fa84775969018cd7	d__Bacteria; p__Bacillota; c__Clostridia; o__Oscillospirales; f__Ruminococcaceae; g__Faecalibacterium	0.999850151387309
42764707c5f0400036ee8777610a35c1	d__Bacteria; p__Bacillota; c__Clostridia; o__Lachnospirales; f__Lachnospiraceae; g__Enterocloster	0.893028921197905
1541faf3a457cc8cc05b01ce30983449	d__Bacteria; p__Bacillota; c__Bacilli; o__Erysipelotrichales; f__Erysipelatoclostridiaceae; g__Catenibacterium	0.9999939257500072
7c9d63ea03311fdd9765198ef24b3673	d__Bacteria; p__Bacillota; c__Clostridia; o__Peptostreptococcales-Tissierellales; f__Family_XI; g__Incertae_Sedis	0.7888100701845228
6a4c0e5943a7eb8c9f0b5b5e69171828	d__Bacteria; p__Actinomycetota; c__Actinobacteria; o__Mycobacteriales; f__Corynebacteriaceae; g__Corynebacterium	0.999996194838949
aff3962bbd7607a2971161d9840ca409	d__Bacteria; p__Bacillota; c__Clostridia; o__Oscillospirales; f__Ruminococcaceae; g__Acutalibacter	0.9999828810080124
a1b31da3a50890aadc04fca003e3e007	d__Bacteria; p__Bacillota; c__Bacilli; o__Lactobacillales; f__Streptococcaceae; g__Streptococcus	0.9999962662835528
a443e786f67086749ef29ce0ab494c9e	d__Bacteria; p__Bacillota; c__Bacilli; o__Lactobacillales; f__Enterococcaceae; g__Enterococcus	0.8705368127673875
bd2a5120a84197ef456dde8391d81854	d__Bacteria; p__Bacillota; c__Negativicutes; o__Acidaminococcales; f__Acidaminococcaceae; g__Acidaminococcus	0.9996471990733667
3f2d26632509e4e5fe1a7f94e66e7999	d__Bacteria; p__Bacillota; c__Clostridia; o__Peptostreptococcales-Tissierellales; f__Family_XI; g__Peptoniphilus	0.9999998000661265
21dcfff18d552ae0ca669d213652bda3	d__Bacteria; p__Bacillota; c__Clostridia; o__Oscillospirales; f__[Eubacterium]_coprostanoligenes_group; g__Incertae_Sedis	0.999999245060679
53b2e8677ee8134bbcb5396218d5b4dc	d__Bacteria; p__Bacillota; c__Clostridia; o__Christensenellales; f__Christensenellaceae; g__Christensenellaceae_R-7_group	0.9608887016004489
54ec3041ed02d098b3c5e4395466c441	d__Bacteria; p__Bacillota; c__Clostridia; o__Oscillospirales; f__Oscillospiraceae; g__UCG-002	0.9999615577696371
eb2c67615eb41fa15a21c4d3a12528c6	d__Bacteria; p__Bacillota; c__Clostridia; o__Oscillospirales; f__Oscillospiraceae; g__Ruminiclostridium	0.9845425843841318
f73bc660ad02cf25a2e30bead37e34fd	d__Bacteria; p__Bacillota; c__Clostridia; o__Lachnospirales; f__Lachnospiraceae; g__Blautia	0.9708741113347015
d71feb1923fa288790187009e8efa6d3	d__Bacteria; p__Bacillota; c__Clostridia; o__Lachnospirales; f__Lachnospiraceae	0.9999997762009644
9d550bab71b8b21528e0f0a59d4903c9	d__Bacteria; p__Bacillota; c__Clostridia; o__Oscillospirales; f__Ruminococcaceae; g__Faecalibacterium	0.9996417855936992
f8f8263590c6b2a3b8000d05647efdae	d__Bacteria; p__Bacillota; c__Clostridia; o__Peptostreptococcales-Tissierellales; f__Family_XI; g__Peptoniphilus	0.9999998100315576
6221f5561c44216c6674b8199f23acf8	d__Bacteria; p__Bacillota; c__Negativicutes; o__Veillonellales-Selenomonadales; f__Selenomonadaceae; g__Mitsuokella	0.9991675577783993
b76fb65897eec48dec94d23d66c0f8f0	d__Bacteria; p__Bacillota; c__Clostridia; o__Oscillospirales; f__Oscillospiraceae; g__UCG-005	0.9087733933029827
c7f4c7d7e11af5c1d2a576b085288a41	d__Bacteria; p__Bacillota; c__Clostridia; o__Oscillospirales; f__Ruminococcaceae; g__Faecalibacterium	0.9998943198107269
a5af97c864a48da5a31864d5382cea20	d__Bacteria; p__Bacillota; c__Clostridia; o__Lachnospirales; f__Lachnospiraceae	0.9999811096766504
fff9fd9fdd5a143852810cc1efda341f	d__Bacteria; p__Bacillota; c__Clostridia; o__Oscillospirales; f__Butyricicoccaceae; g__Butyricicoccus	0.999806990238766
a553a33230e324c88c51d9bfb08d062f	d__Bacteria; p__Actinomycetota; c__Actinobacteria; o__Actinomycetales; f__Actinomycetaceae; g__Schaalia	0.999494720134076
b7bd3c9381627856472384813fe3b213	d__Bacteria; p__Bacillota; c__Clostridia; o__Christensenellales; f__Christensenellaceae; g__Christensenellaceae_R-7_group	0.9563484675671805
2acb338202e6fbb14e43e93e96d5d258	d__Bacteria; p__Bacteroidota; c__Bacteroidia; o__Bacteroidales; f__Bacteroidaceae; g__Bacteroides	0.9999999975116225
3525e8f55cd3355cc02bb9df648623e2	d__Bacteria; p__Bacillota; c__Clostridia; o__Lachnospirales; f__Lachnospiraceae; g__Blautia	0.9548146176443454
a2b9b9deddf3af6663a2c624e9cde107	d__Bacteria; p__Actinomycetota; c__Coriobacteriia; o__Coriobacteriales; f__Atopobiaceae; g__Olsenella	0.9832230036393921
16577d051299f0072d87ffee13a4ef59	d__Bacteria; p__Bacillota; c__Clostridia; o__Lachnospirales; f__Lachnospiraceae; g__Enterocloster	0.99764688231574
e90fc6f2d0779677454c887c9ca6c93b	d__Bacteria; p__Bacillota; c__Clostridia; o__Peptostreptococcales-Tissierellales; f__Family_XI; g__Peptoniphilus	0.9999994479684164
5bbd680b1ac82cec54b4f2897f339639	d__Bacteria; p__Bacillota; c__Bacilli; o__Lactobacillales; f__Lactobacillaceae; g__Lactobacillus	0.7272885275531722
4ebdcaa777667a819d5ae7a040f5f11d	d__Bacteria; p__Patescibacteria; c__Saccharimonadia; o__Saccharimonadales; f__Incertae_Sedis; g__Incertae_Sedis	0.9999956732208473
851f12ea182c1ef77241b94d46b94306	d__Bacteria; p__Bacillota; c__Bacilli; o__Lactobacillales; f__Aerococcaceae; g__Aerococcus	0.999999193324895
5d66e4011eca075a126ddc7ef27f5595	d__Bacteria; p__Bacillota; c__Clostridia; o__Lachnospirales; f__Lachnospiraceae; g__Enterocloster	0.991753480529007
b07af5f863fb0c1c6672a4b4980faa2d	d__Bacteria; p__Bacillota; c__Clostridia; o__Lachnospirales; f__Lachnospiraceae; g__Enterocloster	0.785150069030255
2bd9309f2f97cae51d18d06ea1ca519a	d__Bacteria; p__Bacillota; c__Bacilli; o__Lactobacillales; f__Carnobacteriaceae; g__Granulicatella	0.8519856654230081
452e8489334d0ba0cf7eeccea28f1364	d__Bacteria; p__Bacillota; c__Clostridia; o__Lachnospirales; f__Lachnospiraceae; g__Mediterraneibacter	0.9808887643078328
625305f2606f4b51ae832a2a1ec34c06	d__Bacteria; p__Bacillota; c__Clostridia; o__Peptostreptococcales-Tissierellales; f__Family_XI; g__Peptoniphilus	0.9999997953177268
9a91e2e1c9d7c179afb558a3fd4664fd	d__Bacteria; p__Bacillota; c__Clostridia; o__Oscillospirales; f__Ruminococcaceae; g__Ruminococcus	0.999997841737253
383d4a0528edd18fb0ddc225c36e99e1	d__Bacteria; p__Bacillota; c__Clostridia; o__Lachnospirales; f__Lachnospiraceae; g__Lachnospiraceae_UCG-004	0.9964530581940005
d3880084f8d19b70530996fc5b0b4f15	d__Bacteria; p__Bacteroidota; c__Bacteroidia; o__Bacteroidales; f__Muribaculaceae; g__Incertae_Sedis	0.9999997313312795
d56fd4c21346f6d694c7e638f6bdcb70	d__Bacteria; p__Bacillota; c__Clostridia; o__Oscillospirales; f__Ruminococcaceae; g__Incertae_Sedis	0.8790219282937208
bd2ca363f08c9385869967132dfb8470	d__Bacteria; p__Bacillota; c__Negativicutes; o__Veillonellales-Selenomonadales; f__Veillonellaceae; g__Veillonella	0.9973153962877699
b5b19790d1246cbef7be61f374975229	d__Bacteria; p__Bacteroidota; c__Bacteroidia; o__Bacteroidales; f__Prevotellaceae; g__Hoylesella	0.9999970025497351
1e5108b91db80489fd5d9ddd294ca72a	d__Bacteria; p__Bacteroidota; c__Bacteroidia; o__Bacteroidales; f__Prevotellaceae; g__Prevotella	0.999479737289265
39b7592a8a28facf6a3dfd81e013eaad	d__Bacteria; p__Pseudomonadota; c__Gammaproteobacteria; o__Enterobacterales; f__Enterobacteriaceae; g__Escherichia-Shigella	0.9848455899407444
76a2a89fb35336e7b117fc44ff915092	d__Bacteria; p__Bacillota; c__Negativicutes; o__Veillonellales-Selenomonadales; f__Veillonellaceae; g__Veillonella	0.9999999996165911
b8f3e25d11280a9e2189700e107de07c	d__Bacteria; p__Actinomycetota; c__Coriobacteriia; o__Coriobacteriales; f__Eggerthellaceae; g__Adlercreutzia	0.9999998618038528
9e4392a483e801133756df91ce0ded9c	d__Bacteria; p__Bacillota; c__Clostridia; o__Lachnospirales; f__Lachnospiraceae; g__Roseburia	0.8502079509313025
868be84b9daccd25a648f872c8d5e9ab	d__Bacteria; p__Bacillota; c__Negativicutes; o__Veillonellales-Selenomonadales	0.9999999912304357
b7b4ecb07e1719860260746a5443092a	d__Bacteria; p__Bacteroidota; c__Bacteroidia; o__Bacteroidales; f__Prevotellaceae; g__Prevotella	0.9999133362213027
09bfa8d8f5a34bea0e9dd7dc07f1e7a3	d__Bacteria; p__Bacillota; c__Clostridia; o__Oscillospirales; f__Ruminococcaceae; g__[Eubacterium]_siraeum_group	0.9999997337464136
c0a8f5074b73b0648d1a21b1f3d8ffaf	d__Bacteria; p__Bacillota; c__Clostridia; o__Oscillospirales; f__Oscillospiraceae; g__NK4A214_group	0.9999824706654649
243a590b7a6c17e5a16dff4bc7033ac1	d__Bacteria; p__Bacteroidota; c__Bacteroidia; o__Bacteroidales; f__Bacteroidaceae; g__Bacteroides	0.9999999030313422
d6d857679e85f77b060f4b6651217212	d__Bacteria; p__Bacillota; c__Clostridia; o__Oscillospirales; f__Ruminococcaceae	0.9999999997416242
5f9b3bce3e6d7ebeeadaaa8da1c0f142	d__Bacteria; p__Bacillota; c__Clostridia; o__Lachnospirales; f__Lachnospiraceae; g__Agathobacter	0.7883086292633291
5b6a78a51c1c9c045d0051cd4b9c9e1a	d__Bacteria; p__Bacteroidota; c__Bacteroidia; o__Bacteroidales; f__Prevotellaceae; g__Prevotella	0.9999181622208005
cad9a0184a1685d8a9ce0fd386af09d1	d__Bacteria; p__Bacillota; c__Clostridia; o__Clostridiales; f__Clostridiaceae; g__Clostridium	0.9987884668118634
d4454a4ebd63a8e375dadd2632588f59	d__Bacteria; p__Bacillota; c__Clostridia; o__Oscillospirales; f__Ruminococcaceae; g__Ruminococcus	0.8431402616964266
9fec7bdd6bd88e710bd69b15692e54a0	d__Bacteria; p__Bacillota; c__Bacilli; o__Lactobacillales; f__Streptococcaceae; g__Streptococcus	0.999997931358231
3114d42cc9f862a2a18d7e5efde7fa9b	d__Bacteria; p__Actinomycetota; c__Coriobacteriia; o__Coriobacteriales; f__Eggerthellaceae; g__Slackia	0.9999999999993037
a12a086985ef700cc8f5a0bd3c7b45c1	d__Bacteria; p__Bacteroidota; c__Bacteroidia; o__Bacteroidales; f__Barnesiellaceae; g__Barnesiella	0.9999999986298178
c82c7b675ce5c6a0d3eca83879abf4aa	d__Bacteria; p__Bacillota; c__Clostridia; o__Oscillospirales; f__Butyricicoccaceae; g__Agathobaculum	0.9999985017339126
a1720628c4f47b9107208f814f56fcf5	d__Bacteria; p__Bacillota; c__Clostridia; o__Oscillospirales; f__Butyricicoccaceae; g__Butyricicoccus	0.9997364229955076
da1d26d90a7443d34675778207d2c227	d__Bacteria; p__Bacillota; c__Clostridia; o__Oscillospirales; f__Oscillospiraceae; g__Colidextribacter	0.960227005758879
2f590cb63f9311c157ef8aee6b18b188	d__Bacteria; p__Bacillota; c__Bacilli; o__Lactobacillales; f__Streptococcaceae; g__Streptococcus	0.999998340516923
9acb555d3c5dd77e9035a661e7ad1bb6	d__Bacteria; p__Bacillota; c__Clostridia; o__Clostridiales; f__Clostridiaceae; g__Clostridium	0.9987455388605391
74d519816d4cfb9cf4ec9605f76301d6	d__Bacteria; p__Bacillota; c__Clostridia; o__Peptostreptococcales-Tissierellales; f__Anaerovoracaceae; g__Family_XIII_UCG-001	0.9984507093995217
45aea834beb1b1b53d8db337520b771e	d__Bacteria; p__Bacillota; c__Clostridia; o__Christensenellales; f__Christensenellaceae; g__Christensenellaceae_R-7_group	0.8332448235297828
1e7d14975ac82ced9a7752e896f667ef	d__Bacteria; p__Thermodesulfobacteriota; c__Desulfovibrionia; o__Desulfovibrionales; f__Desulfovibrionaceae; g__Bilophila	0.999999402116708
69781875067ad8281d038dba6a154509	d__Bacteria; p__Actinomycetota; c__Actinobacteria; o__Actinomycetales; f__Actinomycetaceae; g__Schaalia	0.9988659922797313
1d6b8adff37cce201c5a358c6fc84393	d__Bacteria; p__Bacillota; c__Clostridia; o__Lachnospirales; f__Lachnospiraceae; g__Agathobacter	0.8145569026662248
5509728c192071867b52bc7165eda7f3	d__Bacteria; p__Actinomycetota; c__Actinobacteria; o__Bifidobacteriales; f__Bifidobacteriaceae; g__Bifidobacterium	0.9999227401470893
a1a2a4326524ddcb86d54831586052d2	d__Bacteria; p__Actinomycetota; c__Coriobacteriia; o__Coriobacteriales; f__Eggerthellaceae; g__Slackia	0.9999739769740926
f8d1b6567bca78638227d413f6170e06	d__Bacteria; p__Bacillota; c__Clostridia; o__Oscillospirales; f__Oscillospiraceae; g__UCG-002	0.999862092976814
f35b00aec9a541d1f96cbdc1c6ae68a0	d__Bacteria; p__Bacillota; c__Clostridia; o__Lachnospirales; f__Lachnospiraceae; g__Extibacter	0.9960954515849708
ac4274f46d9ec670be0cfb4126304a8d	d__Bacteria; p__Bacillota; c__Clostridia; o__Oscillospirales; f__Oscillospiraceae; g__Oscillibacter	0.9999887373927697
c81d2bd60b0b2a355bc6e63534ecc66c	d__Bacteria; p__Bacillota; c__Clostridia; o__Lachnospirales; f__Lachnospiraceae; g__Blautia	0.7868124717534838
edd418053a744b62aa296a5a85039b3a	d__Bacteria; p__Bacillota; c__Clostridia; o__Oscillospirales; f__Ruminococcaceae; g__Hydrogenoanaerobacterium	0.9999986336168787
59fbeb729956dc5b7c07eeb17f87596f	d__Bacteria; p__Bacillota; c__Clostridia; o__Peptostreptococcales-Tissierellales; f__Family_XI; g__Parvimonas	0.999999963968208
16c0796c006308528e5db2d872fa458b	d__Bacteria; p__Pseudomonadota; c__Gammaproteobacteria; o__Burkholderiales; f__Sutterellaceae; g__Sutterella	0.99999998250496
9cece8cf135e366f9aef51e461bf9888	d__Bacteria; p__Bacteroidota; c__Bacteroidia; o__Bacteroidales; f__Bacteroidaceae; g__Bacteroides	0.9999999998908464
1c2edba6f16fd68a4972f9933d463941	d__Bacteria; p__Bacteroidota; c__Bacteroidia; o__Bacteroidales; f__Marinifilaceae; g__Butyricimonas	0.9999999999999432
20aa7b87c7033531cd5beba24d384812	d__Bacteria; p__Bacillota; c__Clostridia; o__Lachnospirales; f__Lachnospiraceae; g__Coprococcus	0.9910049165700014
2858fb0d985caf63ed6f75ab7b85482e	d__Bacteria; p__Bacillota; c__Bacilli; o__Lactobacillales; f__Lactobacillaceae	0.9999999959278817
880005af6ed906f0687f0a3f95a078d1	d__Bacteria; p__Bacillota; c__Clostridia; o__Oscillospirales; f__Oscillospiraceae; g__UCG-002	0.9999880063480793
ef1243f7818d1e35c1e968e8539173cf	d__Bacteria; p__Bacillota; c__Clostridia; o__Oscillospirales; f__Ruminococcaceae; g__Anaerotruncus	0.9998664242628803
63afe8e6aac58bf0d670a82ca5bc574c	d__Bacteria; p__Pseudomonadota; c__Gammaproteobacteria; o__Enterobacterales; f__Yersiniaceae	0.8158133761357036
cf4a3714646f3c97bb3489da222228b7	d__Bacteria; p__Bacillota; c__Clostridia; o__Oscillospirales; f__UCG-010; g__Incertae_Sedis	0.8137403564840348
e603a72ebbc7a4fcb5a657b52c3e8c50	d__Bacteria; p__Pseudomonadota; c__Alphaproteobacteria; o__Rhodospirillales; f__Incertae_Sedis; g__Incertae_Sedis	0.9999989012335743
496d7f479392def9414da33c9137e40a	d__Bacteria; p__Bacillota; c__Clostridia; o__Lachnospirales; f__Lachnospiraceae; g__Dorea	0.7942635635367908
6412ab154c6964a9aecd4261cdfbbcd4	d__Bacteria; p__Bacillota; c__Bacilli; o__Erysipelotrichales; f__Erysipelotrichaceae; g__Bulleidia	0.9795396260832883
a8811e6892c7fdec1f8377a864732532	d__Bacteria; p__Bacillota; c__Negativicutes; o__Veillonellales-Selenomonadales; f__Veillonellaceae; g__Anaeroglobus	0.9999994541750181
e14f743e40eb38976db9d9d544548a13	d__Bacteria; p__Bacillota; c__Clostridia; o__Oscillospirales; f__Oscillospiraceae; g__NK4A214_group	0.8738623882603272
57b4d2f4c517fee7b768d372c4af4b39	d__Bacteria; p__Bacillota; c__Clostridia; o__Oscillospirales; f__Oscillospiraceae; g__UCG-002	0.9997781862983505
56be4da3a014f35ce47922774c9156c9	d__Bacteria; p__Bacillota; c__Clostridia; o__Lachnospirales; f__Lachnospiraceae; g__Extibacter	0.9701469921453375
fb428d07d03e32be0b85eacbed10df0a	d__Bacteria; p__Bacillota; c__Clostridia; o__Lachnospirales; f__Lachnospiraceae; g__Coprococcus	0.9994294817132666
19a36b16af23deb4230ba84ab6f02f01	d__Bacteria; p__Bacillota; c__Clostridia; o__Lachnospirales; f__Lachnospiraceae	0.999999770092145
b1f0b65b560701f74c4f43db4234d6c9	d__Bacteria; p__Bacillota; c__Clostridia; o__Oscillospirales; f__[Eubacterium]_coprostanoligenes_group; g__Incertae_Sedis	0.9999985025684579
f5abea898fb49a4770e0a5d036c9f2e9	d__Bacteria; p__Bacteroidota; c__Bacteroidia; o__Bacteroidales; f__Prevotellaceae; g__Leyella	0.999999957370151
51fc57b160bb0784010a1b9993e5b541	d__Bacteria; p__Bacillota; c__Clostridia; o__Lachnospirales; f__Lachnospiraceae; g__Mediterraneibacter	0.9976614767872382
2f5aec7a7b202c2d8d6be290faa11c61	d__Bacteria; p__Bacteroidota; c__Bacteroidia; o__Bacteroidales; f__Bacteroidaceae; g__Bacteroides	0.9999999970702191
5c74ba2a11ae3d0b382f1d1843692e02	d__Bacteria; p__Bacillota; c__Clostridia; o__Lachnospirales; f__Lachnospiraceae; g__[Ruminococcus]_gnavus_group	0.9993507418799082
6c2d943bfa600161d41df3bee4830389	d__Bacteria; p__Bacteroidota; c__Bacteroidia; o__Bacteroidales; f__Bacteroidaceae; g__Bacteroides	0.9999999997235705
5aedf0f91ae6d654bcfca7f68262deb9	d__Bacteria; p__Bacillota; c__Negativicutes; o__Veillonellales-Selenomonadales; f__Veillonellaceae; g__Anaeroglobus	0.9999999678734645
95b3524e555cc42a09f7b09ef63189fa	d__Bacteria; p__Bacillota; c__Bacilli; o__Lactobacillales; f__Lactobacillaceae	0.9999999999997029
5b846d1ab66d3631a31c9678f4e4b8d5	d__Bacteria; p__Bacillota; c__Clostridia; o__Christensenellales; f__Christensenellaceae; g__Christensenellaceae_R-7_group	0.9909664796327292
c67ba62f34a05261ea7a810ff643a52c	d__Bacteria; p__Bacillota; c__Clostridia; o__Peptostreptococcales-Tissierellales; f__Family_XI; g__Anaerococcus	1.0
2a7169b7465789a82b4f47c3d934d259	d__Bacteria; p__Bacillota; c__Clostridia; o__Lachnospirales; f__Lachnospiraceae; g__Blautia	0.9549645652607869
098db241728e041aa7ef9d2116efcefa	d__Bacteria; p__Actinomycetota; c__Actinobacteria; o__Actinomycetales; f__Actinomycetaceae; g__Pauljensenia	0.9999999678520203
bea2245c01baedd6d4a6d6e4e857f9f6	d__Bacteria; p__Bacteroidota; c__Bacteroidia; o__Bacteroidales; f__Marinifilaceae; g__Butyricimonas	0.9999999999999005
2de5ccd5d5d8484edf5b47be19c7687e	d__Bacteria; p__Bacillota; c__Clostridia; o__Lachnospirales; f__Lachnospiraceae; g__Blautia	0.9876957465382176
347be72bb849d1b4f2564f920dbafb57	d__Bacteria; p__Bacillota; c__Clostridia; o__Peptostreptococcales-Tissierellales; f__Anaerovoracaceae; g__S5-A14a	0.9999997847436594
a72bc4bbcb65e31aac628de5b9a9b0af	d__Bacteria; p__Bacillota; c__Clostridia	0.9991128482615765
a7c8fdf5ab5ea3c2955f9509d1732968	d__Bacteria; p__Bacillota; c__Clostridia; o__Lachnospirales; f__Lachnospiraceae; g__Agathobacter	0.9018232416131887
d9b1b7e177fd2cde69dc86ec0c0ec098	d__Bacteria; p__Bacillota; c__Clostridia; o__Oscillospirales; f__Ruminococcaceae; g__Faecalibacterium	0.9998692527634552
3b4cabf8962f05db11ca9e79fa492351	d__Bacteria; p__Bacteroidota; c__Bacteroidia; o__Bacteroidales; f__Prevotellaceae; g__Paraprevotella	0.9999999996926192
fc8c61060b93b4670fe0b70d6bd1b57a	d__Bacteria; p__Bacillota; c__Clostridia; o__Peptostreptococcales-Tissierellales; f__Family_XI; g__Peptoniphilus	0.9999999820797855
3a657bf3d3e1de20be04c65f10805494	d__Bacteria; p__Bacillota; c__Clostridia; o__Oscillospirales; f__Ruminococcaceae; g__Faecalibacterium	0.999589900627237
545834b282c431706aeafbd5898d3507	d__Bacteria; p__Bacillota; c__Clostridia; o__Lachnospirales; f__Lachnospiraceae	0.9999971274563155
7c1a172d5e47e2c61f8bdb715ea0850f	d__Bacteria; p__Bacteroidota; c__Bacteroidia; o__Bacteroidales; f__Prevotellaceae; g__Hoylesella	0.9999869384348111
5a2fd811723c3e5114e900cac5df17eb	d__Bacteria; p__Fusobacteriota; c__Fusobacteriia; o__Fusobacteriales; f__Fusobacteriaceae; g__Fusobacterium	0.9998288211078352
fa3d2114cfb8f1e6185bb490a3548733	d__Bacteria; p__Bacteroidota; c__Bacteroidia; o__Bacteroidales; f__Prevotellaceae; g__Paraprevotella	0.9999999995224869
67712faac9e2fae22c08613a11104b10	d__Bacteria; p__Bacillota; c__Bacilli; o__Lactobacillales; f__Lactobacillaceae; g__Lactobacillus	0.9999989476040976
0d398b9529cb273f36013d706d7a8261	d__Bacteria; p__Bacteroidota; c__Bacteroidia; o__Bacteroidales; f__Prevotellaceae; g__Prevotella	0.9999961687783873
49558ae4f9539ab4bd70a10f555aa675	d__Bacteria; p__Bacillota; c__Clostridia; o__Peptostreptococcales-Tissierellales; f__Family_XI; g__Anaerococcus	0.9999999999999858
7d8914c9bc5bd0df97f29e99b0e5fa2f	d__Bacteria; p__Bacillota; c__Clostridia; o__Peptostreptococcales-Tissierellales; f__Family_XI; g__W5053	0.999995588925907
e9377cd8cef1dcc7c0402be19c3790dc	d__Bacteria; p__Bacillota; c__Negativicutes; o__Acidaminococcales; f__Acidaminococcaceae; g__Phascolarctobacterium	0.9999996765601747
d9c4244892c284aa32c616e0226da80e	d__Bacteria; p__Bacillota; c__Negativicutes; o__Acidaminococcales; f__Acidaminococcaceae; g__Phascolarctobacterium	0.9999998730712828
68a9a8d8da1080f31a76648ced142371	d__Bacteria; p__Actinomycetota; c__Actinobacteria; o__Mycobacteriales; f__Corynebacteriaceae; g__Corynebacterium	0.9984866267574499
d5c34a5c01d28b731f12b218bbd43d75	d__Bacteria; p__Bacillota; c__Clostridia; o__Oscillospirales; f__UCG-010; g__Incertae_Sedis	0.999999966771839
ac5a3f1c1dd4296798f1058147b20a31	d__Bacteria; p__Bacillota; c__Clostridia; o__Lachnospirales; f__Lachnospiraceae; g__Agathobacter	0.8586900424909175
a39090b6ec547ca876f6583c79c7f963	d__Bacteria; p__Bacillota; c__Bacilli; o__Erysipelotrichales; f__Erysipelatoclostridiaceae; g__Catenibacterium	0.9999978207766573
96040114b5274bdb987f28c63b6b6b87	d__Bacteria; p__Bacillota; c__Clostridia; o__Lachnospirales; f__Lachnospiraceae	0.9999990676074677
a81eeef79efbeed60fe844aa4e71619b	d__Bacteria; p__Bacteroidota; c__Bacteroidia; o__Bacteroidales; f__Bacteroidaceae; g__Bacteroides	0.9999999993549125
73cd1c10175eb846badd2f34bd86dd08	d__Bacteria; p__Bacillota; c__Clostridia; o__Oscillospirales; f__Oscillospiraceae; g__Intestinimonas	0.9870729520105737
b48f57c20643c5e46e43c56656b38058	d__Bacteria; p__Bacillota; c__Clostridia; o__Peptostreptococcales-Tissierellales; f__Family_XI; g__Parvimonas	0.9999999913389104
0fac00bdf345de6ec3883615d1aa61b4	d__Bacteria; p__Fusobacteriota; c__Fusobacteriia; o__Fusobacteriales; f__Fusobacteriaceae; g__Fusobacterium	0.9999999999992042
7ea5bffdecae3f74c3914914602d1c63	d__Bacteria; p__Bacillota; c__Clostridia; o__Lachnospirales; f__Lachnospiraceae	0.9999989392472916
04ca162b3dd2dc7f483ab3503bc605c3	d__Bacteria; p__Bacillota; c__Bacilli; o__Erysipelotrichales; f__Erysipelotrichaceae; g__[Clostridium]_innocuum_group	0.9999923443226798
9b12ea14bff8a37dc1d39b36b5b904d6	d__Bacteria; p__Bacillota; c__Clostridia; o__Peptostreptococcales-Tissierellales; f__Anaerovoracaceae; g__Family_XIII_AD3011_group	0.9078257659930458
8dbd84f5836dcae2eedeefd923e3b94b	d__Bacteria; p__Actinomycetota; c__Actinobacteria; o__Actinomycetales; f__Actinomycetaceae; g__Varibaculum	0.9999999999322142
9ca16919b367f73d91ecf1b3d61d801e	d__Bacteria; p__Bacillota; c__Clostridia; o__Lachnospirales; f__Lachnospiraceae; g__Blautia	0.7646958367021385
05b07ca026c6d57a6d11a453a16f59c8	d__Bacteria; p__Bacillota; c__Bacilli; o__Lactobacillales; f__Lactobacillaceae; g__Lactobacillus	0.9999476017335074
1fae9fa505264a550b5fb89b9b8eed35	d__Bacteria; p__Bacteroidota; c__Bacteroidia; o__Bacteroidales; f__Bacteroidaceae; g__Bacteroides	0.99999999455855
bd7bb5b11e9ccba1afbf45d9e0d5808a	d__Bacteria; p__Bacillota; c__Bacilli; o__Lactobacillales; f__Lactobacillaceae; g__Limosilactobacillus	0.8392101532537672
ad60a2e41201dc42447b53ee71937736	d__Bacteria; p__Pseudomonadota; c__Gammaproteobacteria; o__Enterobacterales; f__Succinivibrionaceae; g__Succinivibrio	0.7816543660282277
ec77511ed0d1b26f5e5906fe73dff013	d__Bacteria; p__Bacillota; c__Bacilli; o__Izemoplasmatales; f__Incertae_Sedis; g__Incertae_Sedis	0.9999999994647197
8af94e431832ea5ca7e2d2ddc5769fb8	d__Bacteria; p__Bacteroidota; c__Bacteroidia; o__Bacteroidales; f__Porphyromonadaceae; g__Porphyromonas	0.9999998166530898
ac26691b1cdabb4d1fba5fc650c1b2d5	d__Bacteria; p__Pseudomonadota; c__Gammaproteobacteria; o__Burkholderiales; f__Sutterellaceae; g__Parasutterella	0.9981234237836859
bd6cf3f5a66cefd7b96fb6cf75d23cd2	d__Bacteria; p__Bacillota; c__Bacilli; o__RF39; f__Incertae_Sedis; g__Incertae_Sedis	0.9999999999670592
f266466f018dc8bf6c6772cfd6fb85ae	d__Bacteria; p__Bacillota; c__Clostridia; o__Lachnospirales; f__Lachnospiraceae; g__Lachnospiraceae_NK4A136_group	0.7669693951790802
8b347740b250e572d99f77d9442388ce	d__Bacteria; p__Bacillota; c__Clostridia; o__Peptostreptococcales-Tissierellales; f__Family_XI; g__Anaerococcus	1.0
cb3bfa7ac2b500c6a49d88ce9412dbea	d__Bacteria; p__Bacillota; c__Bacilli; o__Erysipelotrichales; f__Erysipelotrichaceae	0.9999999937194722
60d285e5faed1d8b89692b7e17cedd83	d__Bacteria; p__Bacillota; c__Clostridia; o__Lachnospirales; f__Lachnospiraceae; g__[Ruminococcus]_gnavus_group	0.9959474017895719
456d174dbfd7362d3148d338ba43b555	d__Bacteria; p__Bacillota; c__Bacilli; o__Lactobacillales; f__Lactobacillaceae; g__Lactobacillus	0.9999883599430206
1f1ce81caa3ef7500d4a91b484de8bfd	d__Bacteria; p__Bacillota; c__Clostridia; o__Peptostreptococcales-Tissierellales; f__Family_XI; g__Anaerococcus	1.0
6d23b1a911e94074b127424a8fb2d5ad	d__Bacteria; p__Bacillota; c__Clostridia; o__Lachnospirales; f__Lachnospiraceae; g__Lachnospiraceae_UCG-010	0.9180194083094143
c5619065fbb2332fe286b698e6b6c58d	d__Bacteria; p__Bacillota; c__Clostridia; o__Lachnospirales; f__Lachnospiraceae	0.9999997206386995
91af70c75e266c12086c731dfc474d5a	d__Bacteria; p__Bacteroidota; c__Bacteroidia; o__Bacteroidales; f__Prevotellaceae	0.9999999996990574
af2ae83db0ea9b8d611094fb57b22401	d__Bacteria; p__Bacillota; c__Negativicutes; o__Veillonellales-Selenomonadales; f__Veillonellaceae; g__Allisonella	0.9845702292841155
eaa8c65cb4ccf4c015caf9728e6e66fb	d__Bacteria; p__Synergistota; c__Synergistia; o__Synergistales; f__Synergistaceae; g__Rarimicrobium	1.0
3e762f18e3ba9a63434160de80a9f74d	d__Bacteria; p__Bacillota; c__Clostridia; o__Peptostreptococcales-Tissierellales; f__Family_XI; g__W5053	0.9999934060783007
707d94241e0071e2f7f28c8eaab5b87a	d__Bacteria; p__Bacteroidota; c__Bacteroidia; o__Bacteroidales; f__Prevotellaceae; g__Hoylesella	0.999957882610835
29314436954b65ebdb30b273a9c40043	d__Bacteria; p__Bacillota; c__Bacilli; o__Lactobacillales; f__Lactobacillaceae; g__Lactobacillus	0.9854505336829588
9b6acfb0708fe91f75081d6801659932	d__Bacteria; p__Bacillota; c__Clostridia; o__Peptostreptococcales-Tissierellales; f__Anaerovoracaceae; g__Family_XIII_AD3011_group	0.9932797261247643
9ede43375463ada2290cf867b37e0e83	d__Bacteria; p__Bacteroidota; c__Bacteroidia; o__Bacteroidales; f__Prevotellaceae; g__Prevotella	0.9998815435225464
0cf9119c9d8e440d5dd731e22ce0f537	d__Bacteria; p__Bacillota; c__Bacilli; o__Lactobacillales; f__Lactobacillaceae; g__Lactobacillus	0.9999586517385614
a78f5a615f91a760ffc238c7c4ce3056	d__Bacteria; p__Bacillota; c__Clostridia; o__Peptococcales; f__Peptococcaceae; g__Peptococcus	0.9999990295044816
450a5976afcf7b809d1e75d7fa5943a1	d__Bacteria; p__Bacillota; c__Clostridia; o__Lachnospirales; f__Lachnospiraceae; g__Anaerobutyricum	0.9999997818734794
f9017efdb1860db7b2d1e9b197eb7821	d__Bacteria; p__Bacillota; c__Clostridia; o__Peptostreptococcales-Tissierellales; f__Family_XI; g__Finegoldia	0.9999999999533173
3752f2ba95ee52b598750e511f22b200	d__Bacteria; p__Bacillota; c__Negativicutes; o__Veillonellales-Selenomonadales; f__Veillonellaceae; g__Veillonella	0.9999999996681623
cb7c9a82654d3ef267e1738cb0fe5569	d__Bacteria; p__Bacillota; c__Clostridia; o__Oscillospirales; f__Ruminococcaceae; g__Acutalibacter	0.9998611308785786
f6304925fe231028801d4ad83f85b704	d__Bacteria; p__Fusobacteriota; c__Fusobacteriia; o__Fusobacteriales; f__Fusobacteriaceae; g__Fusobacterium	0.9999999999993605
1bc1f0e94c2e5c3f32e5b2746769efb4	d__Bacteria; p__Bacillota; c__Clostridia; o__Clostridia_UCG-014; f__Incertae_Sedis; g__Incertae_Sedis	0.9999999976110843
5e0cc78647a8a34fc3bb336b6bdf20c0	d__Bacteria; p__Bacillota; c__Negativicutes; o__Veillonellales-Selenomonadales; f__Veillonellaceae; g__Dialister	0.9979046982672818
665cdf4f926f0d35ee50f8a7aa7f8864	d__Bacteria; p__Bacillota; c__Clostridia; o__Peptostreptococcales-Tissierellales; f__Family_XI; g__Anaerococcus	1.0
c08c41c826072dc8bb892e9305ac1a7b	d__Bacteria; p__Bacillota; c__Clostridia; o__Oscillospirales; f__Ruminococcaceae; g__Gemmiger	0.9431033573139451
584e748cbed7518903a643d6de83bafa	d__Bacteria; p__Bacillota; c__Clostridia; o__Clostridia_UCG-014; f__Incertae_Sedis; g__Incertae_Sedis	0.9999999999162696
59110ea8f5189eb776e81aeb7d7d3592	d__Bacteria; p__Bacillota; c__Negativicutes; o__Veillonellales-Selenomonadales; f__Veillonellaceae; g__Dialister	0.998584062341375
2e8606b18df22328b95715fbed4b4e60	d__Bacteria; p__Bacteroidota; c__Bacteroidia; o__Bacteroidales; f__Prevotellaceae; g__Prevotella	0.9997086866809497
ca164e68ce5db67ae0182d9c3bafc5fa	d__Bacteria; p__Bacillota; c__Clostridia; o__Christensenellales; f__Christensenellaceae; g__Christensenellaceae_R-7_group	0.998735171117325
d6aca1ce3a8896b5a4ac550a4108ddd9	d__Bacteria; p__Bacillota; c__Clostridia; o__Oscillospirales; f__Ruminococcaceae; g__Incertae_Sedis	0.8942007805999788
fafabb1c20c5f8873c3726e4485e3352	d__Bacteria; p__Bacillota; c__Bacilli; o__RF39; f__Incertae_Sedis; g__Incertae_Sedis	0.9999988384933469
1df4ea697ddf438a11fa5348fdf26879	d__Bacteria; p__Bacillota; c__Clostridia; o__Oscillospirales; f__Oscillospiraceae	0.9999435101310288
afb1399a4ff5e4f489139363ac0c14eb	d__Bacteria; p__Bacteroidota; c__Bacteroidia; o__Bacteroidales; f__Bacteroidaceae; g__Bacteroides	0.9999999845379365
63e7b429d91966909c8b2e461d471b7c	d__Bacteria; p__Bacillota; c__Clostridia; o__Oscillospirales; f__Butyricicoccaceae; g__Butyricicoccus	0.9868435216911691
376365347b1a4473ab806ea391141257	d__Bacteria; p__Bacteroidota; c__Bacteroidia; o__Bacteroidales; f__Tannerellaceae; g__Parabacteroides	0.9999999998398295
22ca7d870ab8e58df51a2ec1fb54c8d2	d__Bacteria; p__Bacillota; c__Clostridia; o__Oscillospirales; f__Ruminococcaceae; g__Faecalibacterium	0.9998944385410887
e8491108aacbe1ca3c8953a1999c4e28	d__Bacteria; p__Bacteroidota; c__Bacteroidia; o__Bacteroidales; f__Bacteroidaceae; g__Bacteroides	0.9999999998562146
db74b0f5f9e396a0c984f4a1a039b60c	d__Bacteria; p__Bacillota; c__Clostridia; o__Lachnospirales; f__Lachnospiraceae; g__[Ruminococcus]_gauvreauii_group	0.9912939132415909
9bca75ec3830a37d53e0ebbf443358f1	d__Bacteria; p__Bacteroidota; c__Bacteroidia; o__Bacteroidales; f__Prevotellaceae; g__Prevotella	0.999993762508636
814bfbcbcb52ced93388ec7c6a771752	d__Bacteria; p__Bacillota; c__Bacilli; o__Lactobacillales; f__Lactobacillaceae	0.9999999999990105
8ce212aaf7d867e84eab351d75eeecfa	d__Bacteria; p__Bacillota; c__Clostridia; o__Lachnospirales; f__Lachnospiraceae	0.9999999124352372
986601969786e8a0bcc7ef7b2d735681	d__Bacteria; p__Thermodesulfobacteriota; c__Desulfovibrionia; o__Desulfovibrionales; f__Desulfovibrionaceae; g__Bilophila	0.9999998869976061
e220e84c750738e230e8ecfe97decc4c	d__Bacteria; p__Bacillota; c__Clostridia; o__Lachnospirales; f__Lachnospiraceae; g__Faecalimonas	0.9825292269256036
df8456a1abbfb4c8a2c450b44378d4cb	d__Bacteria; p__Actinomycetota; c__Actinobacteria; o__Actinomycetales; f__Actinomycetaceae; g__Schaalia	0.9986785465910287
8801f26a5b321b116087b50306effdaf	d__Bacteria; p__Bacillota; c__Clostridia; o__Peptostreptococcales-Tissierellales; f__Family_XI; g__Anaerococcus	1.0
fba8de101f066a8890971d3249317685	d__Bacteria; p__Bacillota; c__Clostridia; o__Peptostreptococcales-Tissierellales; f__Family_XI; g__Anaerococcus	0.9999999999994884
523abb162e15669ce6b4361df6650302	d__Bacteria; p__Bacteroidota; c__Bacteroidia; o__Bacteroidales; f__Prevotellaceae; g__Prevotella	0.9999897662692356
850cd943df43949eb6f9b3d608b92b87	d__Bacteria; p__Bacillota; c__Bacilli; o__Erysipelotrichales; f__Erysipelotrichaceae; g__Faecalitalea	0.9351315275883819
c2fce4d038c0d3e28601144696c09504	d__Bacteria; p__Pseudomonadota; c__Gammaproteobacteria; o__Burkholderiales; f__Sutterellaceae; g__Parasutterella	0.9976823785367213
2899243bc8281851532fdb9d22e646ea	d__Bacteria; p__Bacillota; c__Clostridia; o__Peptostreptococcales-Tissierellales; f__Family_XI; g__Peptoniphilus	0.9999999999999432
63280465938679d0adf0f4d34361710b	d__Bacteria; p__Bacillota; c__Clostridia; o__Lachnospirales; f__Lachnospiraceae; g__Agathobacter	0.8977837197484881
3b4cfb5c1817cb306fe3ab275bb4b008	d__Bacteria; p__Bacillota; c__Clostridia; o__Oscillospirales; f__Ruminococcaceae; g__Faecalibacterium	0.9996196840371055
7470286d51334c6100cbc907f07c363b	d__Bacteria; p__Bacteroidota; c__Bacteroidia; o__Bacteroidales; f__Marinifilaceae; g__Butyricimonas	0.9999999999999432
8ce62d0f068f4ee5d2c4b90068804af0	d__Bacteria; p__Bacillota; c__Clostridia; o__Oscillospirales; f__Oscillospiraceae; g__Colidextribacter	0.9954427035183924
1afa3015d3a14eb3a8968df771beacf3	d__Bacteria; p__Bacillota; c__Clostridia; o__Lachnospirales; f__Lachnospiraceae; g__Enterocloster	0.9961188839416407
5de7a1505c969891b68cdc23e3b5231a	d__Bacteria; p__Bacillota; c__Negativicutes; o__Veillonellales-Selenomonadales; f__Veillonellaceae; g__Dialister	0.9626104340571576
39affe4f24aab02b897ece4e7d11f23d	d__Bacteria; p__Bacteroidota; c__Bacteroidia; o__Bacteroidales; f__Porphyromonadaceae; g__Porphyromonas	0.9999999989481267
68bf460c51538574bc80654a718cda60	d__Bacteria; p__Bacillota; c__Clostridia; o__Lachnospirales; f__Lachnospiraceae	0.9999969715352074
3b033258840679f74d766028fa8e4444	d__Bacteria; p__Bacillota; c__Clostridia; o__Peptostreptococcales-Tissierellales; f__Family_XI; g__Anaerococcus	0.9999999999999432
3e50347c5ac0537609d6f20e15a1492a	d__Bacteria; p__Bacillota; c__Clostridia; o__Peptostreptococcales-Tissierellales; f__Family_XI; g__Peptoniphilus	0.9999982067493696
91587a85e342f8dba27f54e15ac0ea77	d__Bacteria; p__Bacillota; c__Clostridia; o__Lachnospirales; f__Lachnospiraceae; g__Tyzzerella	0.9999993614743139
9d583502f595e3a521989b645d50e327	d__Bacteria; p__Bacteroidota; c__Bacteroidia; o__Bacteroidales; f__Rikenellaceae; g__Alistipes	0.9999999999980957
5c4fd1d0cbe7b43a93c2ed9286af0847	d__Bacteria; p__Bacillota; c__Clostridia; o__Oscillospirales; f__Oscillospiraceae; g__Flavonifractor	0.9964287156510246
6d914a702d3c71527cfb3484a6317810	d__Bacteria; p__Bacteroidota; c__Bacteroidia; o__Bacteroidales; f__Marinifilaceae; g__Butyricimonas	0.9999999999999005
efcfc19372879de4763f111fd3dd8487	d__Bacteria; p__Bacillota; c__Clostridia; o__Lachnospirales; f__Lachnospiraceae; g__Howardella	0.9999999945254388
1c2839401c960dd49de918c7e785ddaf	d__Bacteria; p__Bacteroidota; c__Bacteroidia; o__Bacteroidales; f__Bacteroidaceae; g__Bacteroides	0.9999999997751274
c7a0e0fc9343afc90e85d8fa29fcaa37	d__Bacteria; p__Actinomycetota; c__Actinobacteria; o__Micrococcales; f__Brevibacteriaceae; g__Brevibacterium	0.9979407352505146
17dc28d8c7ea59f13a71ea36287aba80	d__Bacteria; p__Bacillota; c__Clostridia; o__Lachnospirales; f__Lachnospiraceae; g__Lachnoclostridium	0.8513352851107318
3b694fd662a4aaa9f9d17143f0bb3875	d__Bacteria; p__Bacillota; c__Clostridia; o__Clostridia_UCG-014; f__Incertae_Sedis; g__Incertae_Sedis	0.9999999999582201
cf0e29b1acfd7c9cc92b326cbfc88908	d__Bacteria; p__Bacillota; c__Clostridia; o__Eubacteriales; f__Eubacteriaceae; g__Eubacterium	0.9999999700281852
9adf9f609d6f4a79fd2c70f7c9490f80	d__Bacteria; p__Bacillota; c__Clostridia; o__Lachnospirales; f__Lachnospiraceae; g__Dorea	0.9122447945320344
f646c254e568a1126ec17324cc80ad69	d__Bacteria; p__Bacillota; c__Bacilli; o__RF39; f__Incertae_Sedis; g__Incertae_Sedis	0.9999999999994742
8ca0b9917d926bb6241ce6e23673fce4	d__Bacteria; p__Bacillota; c__Clostridia; o__Lachnospirales; f__Lachnospiraceae; g__Blautia	0.8343763050685464
50f065b532675ec8bab5c2d29c62757a	d__Bacteria; p__Bacillota; c__Negativicutes; o__Veillonellales-Selenomonadales; f__Veillonellaceae; g__Veillonella	0.9999999995055617
aece197f1dcbc89d27c3a60dd4477d52	d__Bacteria; p__Pseudomonadota; c__Gammaproteobacteria; o__Burkholderiales; f__Sutterellaceae; g__Sutterella	0.9999999894518795
d3e280b7fc88765c0b66e5bd845d439f	d__Bacteria; p__Campylobacterota; c__Campylobacteria; o__Campylobacterales; f__Campylobacteraceae; g__Campylobacter	0.9999999997428972
8cde5eace37ee2a7ee97a22d324d510b	d__Bacteria; p__Pseudomonadota; c__Gammaproteobacteria; o__Burkholderiales; f__Sutterellaceae; g__Sutterella	0.9998862098207727
11401ee29264e6f60b65371a2601cd07	d__Bacteria; p__Bacillota; c__Clostridia; o__Peptococcales; f__Peptococcaceae; g__Incertae_Sedis	0.999999963772084
75bf5a0b24ffb76d3ba75ad1d75b7d23	d__Bacteria; p__Bacillota; c__Clostridia; o__Oscillospirales; f__Oscillospiraceae; g__Ruminiclostridium	0.9655794481258668
7a6a394fe7285b50ee54b56f316a3944	d__Bacteria; p__Bacteroidota; c__Bacteroidia; o__Bacteroidales; f__Rikenellaceae; g__Alistipes	0.9999999999959073
baabfbb252def48a72b6fe6bbf907801	d__Bacteria; p__Bacteroidota; c__Bacteroidia; o__Bacteroidales; f__Prevotellaceae; g__Prevotellaceae_NK3B31_group	0.9999976556769264
6513039f8225f3c93ab2a462ab8b9c7f	d__Bacteria; p__Pseudomonadota; c__Gammaproteobacteria; o__Burkholderiales; f__Neisseriaceae; g__Incertae_Sedis	0.8723756474415489
8523b98a8304aef5a4b0a9e36c453bf5	d__Bacteria; p__Bacillota; c__Clostridia; o__Peptostreptococcales-Tissierellales; f__Family_XI; g__Peptoniphilus	0.999999984642102
51ea85f428a5daaaf348c94671af386e	d__Bacteria; p__Bacillota; c__Bacilli; o__Erysipelotrichales; f__Erysipelatoclostridiaceae; g__Massiliomicrobiota	0.9982201162275584
0bae11e18b7d5b6f905fcb2cecf94bcf	d__Bacteria; p__Bacillota; c__Clostridia; o__Clostridia_UCG-014; f__Incertae_Sedis; g__Incertae_Sedis	0.9999999983055687
9bcdff78f108f90ce33eea9907c345d2	d__Bacteria; p__Bacillota; c__Clostridia; o__Oscillospirales; f__Ruminococcaceae	0.9999999786740846
73b2174095c5979c36846f4950fc96d1	d__Bacteria; p__Bacteroidota; c__Bacteroidia; o__Bacteroidales; f__Prevotellaceae; g__Prevotella	0.9787842761576773
48d6e0badb90f052133ee4b44ec77c1d	d__Bacteria; p__Bacillota; c__Clostridia; o__Lachnospirales; f__Lachnospiraceae; g__Lachnospiraceae_NK4A136_group	0.87575630633215
088e71a0b399b4a88aaea45af78dbe72	d__Bacteria; p__Bacillota; c__Clostridia; o__Christensenellales; f__Christensenellaceae; g__Christensenellaceae_R-7_group	0.9342459884532411
10e6cf56141c30d43420492f5d54c5cb	d__Bacteria; p__Bacteroidota; c__Bacteroidia; o__Bacteroidales; f__Prevotellaceae; g__Incertae_Sedis	0.9441746226100078
83b3aacc4571eb88c497efc244b4c927	d__Bacteria; p__Bacillota; c__Clostridia; o__Lachnospirales; f__Lachnospiraceae; g__Lachnospiraceae_FE2018_group	0.9998453056442139
4d72007c70f4abc0bf9e8fe8b826d07d	d__Bacteria; p__Pseudomonadota; c__Gammaproteobacteria; o__Enterobacterales; f__Enterobacteriaceae	0.8983603161067921
9048d6f1c8112875d0a3c2f5402343af	d__Bacteria; p__Bacillota; c__Clostridia; o__Peptostreptococcales-Tissierellales; f__Anaerovoracaceae	0.999999978193492
eb9529f0c886343a7359dc1a014da203	d__Bacteria; p__Bacillota; c__Bacilli; o__Lactobacillales; f__Lactobacillaceae; g__Limosilactobacillus	0.8750859915002599
089441fc51f22ba8ecf9182625422b67	d__Bacteria; p__Fusobacteriota; c__Fusobacteriia; o__Fusobacteriales; f__Fusobacteriaceae; g__Fusobacterium	0.9999999999973852
eb51a6482b09f0c5962e362d2d23abb9	d__Bacteria; p__Bacillota; c__Clostridia; o__Clostridia_UCG-014; f__Incertae_Sedis; g__Incertae_Sedis	0.9999999999401439
95bf2227469960757c08b536edf1db8d	d__Bacteria; p__Bacillota; c__Clostridia; o__Oscillospirales; f__Ruminococcaceae	0.9999999999997012
adb33442e0d50f08eac8ecd41cafd4ab	d__Bacteria; p__Bacillota; c__Clostridia; o__Christensenellales; f__Christensenellaceae; g__Christensenellaceae_R-7_group	0.7800218180332736
5628275be869fb0867257b685f5bcf44	d__Bacteria; p__Bacillota; c__Clostridia; o__Lachnospirales; f__Lachnospiraceae; g__Anaerobutyricum	0.999999884725987
ca72a089674006d2e9cade617df3d5d7	d__Bacteria; p__Actinomycetota; c__Coriobacteriia; o__Coriobacteriales; f__Eggerthellaceae; g__Gordonibacter	0.999996780454832
b892a377de283ef34540e60931454d35	d__Bacteria; p__Bacillota; c__Clostridia; o__Oscillospirales; f__Ruminococcaceae; g__Gemmiger	0.9844769211816914
2bfa557403fda092b8fd1a03217d7f7d	d__Bacteria; p__Pseudomonadota; c__Gammaproteobacteria; o__Burkholderiales; f__Sutterellaceae; g__Sutterella	0.9999998613857127
7ea6aefb9b9611299846da49e41ff0ea	d__Bacteria; p__Bacteroidota; c__Bacteroidia; o__Bacteroidales; f__Bacteroidaceae; g__Bacteroides	0.9999999735236859
b1162bcb5e03ffb9e3911aec18b6f761	d__Bacteria; p__Bacillota; c__Clostridia; o__Christensenellales; f__Christensenellaceae; g__Christensenellaceae_R-7_group	0.8974455423587314
13afc120695e6644b50964b83fb1cb2b	d__Bacteria; p__Bacillota; c__Clostridia; o__Lachnospirales; f__Lachnospiraceae; g__Lachnospiraceae_UCG-010	0.9517445584569555
961ee91f3e27eb4e3d627ce32dfb36d1	d__Bacteria; p__Bacillota; c__Negativicutes; o__Veillonellales-Selenomonadales; f__Veillonellaceae; g__Dialister	0.9675473665342369
e6de6480d9bff89bb2db6e6d1867433a	d__Bacteria; p__Bacillota; c__Clostridia; o__Clostridiales; f__Clostridiaceae; g__Clostridium	0.9550093644861528
cffbe01a90a30b25cbe5b6d5f1d0a234	d__Bacteria; p__Synergistota; c__Synergistia; o__Synergistales; f__Synergistaceae; g__Rarimicrobium	1.0
8a80b5cf4ed21ee1617aa27d0542d4a2	d__Bacteria; p__Bacillota; c__Clostridia; o__Oscillospirales; f__Oscillospiraceae; g__UCG-005	0.9342666214117524
ee1bf3ddf54c3ff0a01a5f4cf41e4930	d__Bacteria; p__Bacillota; c__Clostridia; o__Lachnospirales; f__Lachnospiraceae; g__Lachnospiraceae_UCG-004	0.9985551616058078
3a4b3a292173af68a29706927fe92684	d__Bacteria; p__Bacillota; c__Clostridia; o__Lachnospirales; f__Lachnospiraceae; g__Lachnospiraceae_UCG-004	0.998658426869664
99f18c96105b8daa3bfa2da885431750	d__Bacteria; p__Bacillota; c__Clostridia; o__Lachnospirales; f__Lachnospiraceae; g__Lachnoclostridium	0.7355305984384791
0e5d008bd33e01f7c84a20a650ff453d	d__Bacteria; p__Bacillota; c__Clostridia; o__Peptostreptococcales-Tissierellales; f__Family_XI; g__Murdochiella	0.999999998291969
e0cdaf99e96ca363991154bd1da46a59	d__Bacteria; p__Bacillota; c__Clostridia; o__Lachnospirales; f__Lachnospiraceae	0.9999984439916926
2de0f958e30d26f04cba8d2a920bbe46	d__Bacteria; p__Bacillota; c__Clostridia; o__Lachnospirales; f__Lachnospiraceae; g__Blautia	0.9162094916233521
32079bbbdce1a901a55f415bf3ab6cb7	d__Bacteria; p__Bacillota; c__Clostridia; o__Lachnospirales; f__Lachnospiraceae; g__Coprococcus	0.9948437536993421
40ac3979c05fe30df6ecfaaa78ae3e9f	d__Bacteria; p__Bacillota; c__Clostridia; o__Oscillospirales; f__Butyricicoccaceae; g__UCG-009	0.9999846538308671
d084b32d5ad7ee012fef1f2de8889355	d__Bacteria; p__Bacillota; c__Clostridia; o__Lachnospirales; f__Lachnospiraceae; g__[Eubacterium]_ventriosum_group	0.9994475522599698
dd918c333e5c4fef9c92068fddda1c3e	d__Bacteria; p__Bacillota; c__Clostridia; o__Clostridiales; f__Clostridiaceae; g__Clostridium	0.9951039315059982
623ed2fd811bd95c8519e7926bf65072	d__Bacteria; p__Bacillota; c__Clostridia; o__Oscillospirales; f__Ruminococcaceae; g__Faecalibacterium	0.9997731949184183
f422c51f7c7baf6e61938deec2ea6af7	d__Bacteria; p__Bacteroidota; c__Bacteroidia; o__Bacteroidales; f__Rikenellaceae; g__Rikenellaceae_RC9_gut_group	0.9960338007937127
4850a238b7fbbd5ffa204c5a5a396f2c	d__Bacteria; p__Pseudomonadota; c__Gammaproteobacteria; o__Enterobacterales; f__Hafniaceae; g__Hafnia-Obesumbacterium	0.9903158444153713
b2506d7e0328de8e0b8e68da4f7fad5e	d__Bacteria; p__Bacillota; c__Clostridia; o__Oscillospirales; f__Oscillospiraceae; g__UCG-005	0.9820411986837208
37125fc6b7326af0e29ddb765d441528	d__Bacteria; p__Fusobacteriota; c__Fusobacteriia; o__Fusobacteriales; f__Fusobacteriaceae; g__Fusobacterium	0.9996625438588742
aa052f6ed7696840ff494c82879d3e1a	d__Bacteria; p__Bacillota; c__Bacilli; o__Erysipelotrichales; f__Erysipelotrichaceae; g__Holdemania	0.99999975638987
bc7f3f3f3af5b386336ef880486cf17d	d__Bacteria; p__Bacteroidota; c__Bacteroidia; o__Bacteroidales; f__Prevotellaceae; g__Paraprevotella	0.9999999996995967
2dfdd820ff27822a4c0df6bab41a5574	d__Bacteria; p__Bacillota; c__Clostridia; o__Lachnospirales; f__Lachnospiraceae; g__Lachnospiraceae_UCG-004	0.9978585648950362
6dfb118aa8b73ede1bdb71dedc23838c	d__Bacteria; p__Bacillota; c__Bacilli; o__Erysipelotrichales; f__Erysipelotrichaceae; g__Holdemanella	0.9999999999982805
2b16eb77298603505ec51fc70e43b1ea	d__Bacteria; p__Bacteroidota; c__Bacteroidia; o__Bacteroidales; f__Tannerellaceae; g__Parabacteroides	0.999999999911978
40895b99da91904ceb2e55ab79012529	d__Bacteria; p__Bacillota; c__Clostridia; o__Lachnospirales; f__Lachnospiraceae; g__[Eubacterium]_eligens_group	0.999939070855609
7f9c14ef4eb251a43b71add4c10a821f	d__Bacteria; p__Bacillota; c__Clostridia; o__Oscillospirales; f__Ruminococcaceae; g__DTU089	0.9999994144089621
732cc7b3829202576424e8d3c65f0036	d__Bacteria; p__Bacillota; c__Clostridia; o__Peptostreptococcales-Tissierellales; f__Family_XI; g__Anaerococcus	0.9999999999999716
8c8a105de3169d2d55fcb9cfc2f52cf9	d__Bacteria; p__Bacillota; c__Clostridia; o__Lachnospirales; f__Lachnospiraceae; g__GCA-900066575	0.9966305217996732
32946a13151283c45561a1d0ca4223a0	d__Bacteria; p__Bacillota; c__Clostridia; o__Christensenellales; f__Christensenellaceae; g__Christensenellaceae_R-7_group	0.9942116512319519
17683eaef94c567c87f79b3623aaae3f	d__Bacteria; p__Bacillota; c__Clostridia; o__Peptostreptococcales-Tissierellales; f__Family_XI; g__Finegoldia	0.9999999997622666
c939ee112ba982665e012437dae05c1e	d__Bacteria; p__Pseudomonadota; c__Gammaproteobacteria; o__Enterobacterales; f__Enterobacteriaceae	0.8848225448130039
ee6f1ad3007b7380824da57876e6c8c3	d__Bacteria; p__Bacillota; c__Clostridia; o__Oscillospirales; f__Oscillospiraceae; g__UCG-005	0.9866005799456649
369bbf86b13d5924c095aad30bba9af1	d__Bacteria; p__Bacillota; c__Clostridia; o__Lachnospirales; f__Lachnospiraceae	0.9999892460520474
f8d7d660ef4336007263541c286b045b	d__Bacteria; p__Bacillota; c__Clostridia; o__Monoglobales; f__Monoglobaceae; g__Monoglobus	0.9999964919177273
274d44a105684512d6df0a983a5b6663	d__Bacteria; p__Bacillota; c__Clostridia; o__Oscillospirales; f__Oscillospiraceae; g__NK4A214_group	0.9999838901675614
456a3dc00de762135c0efae694625e3b	d__Bacteria; p__Bacillota; c__Negativicutes; o__Acidaminococcales; f__Acidaminococcaceae; g__Succiniclasticum	0.9999999999940883
96f95f5116bde81398404e036b47f03e	d__Bacteria; p__Bacillota; c__Clostridia; o__Oscillospirales; f__Ruminococcaceae; g__Faecalibacterium	0.9998288041533515
2d0447008c3204f3ac97998db1edbbf2	d__Bacteria; p__Bacillota; c__Clostridia; o__Lachnospirales; f__Lachnospiraceae; g__Butyribacter	0.712512276305881
205f8255db56fbbc2c5999ed97063cab	d__Bacteria; p__Bacillota; c__Bacilli; o__Lactobacillales; f__Streptococcaceae; g__Streptococcus	0.9999993259137196
496d9baadb2e81714fb04a5253200b00	d__Bacteria; p__Bacillota; c__Clostridia; o__Oscillospirales; f__Oscillospiraceae; g__Fastidiosipila	0.9999999930850976
91f0bfa8c51f250c466cda365f249c87	d__Bacteria; p__Bacteroidota; c__Bacteroidia; o__Bacteroidales; f__Rikenellaceae; g__Alistipes	0.9999999999911324
877643a6259d1ae9cf9218b8e0900c94	d__Bacteria; p__Synergistota; c__Synergistia; o__Synergistales; f__Synergistaceae; g__Jonquetella	0.9999999999999858
3a5632d9c409049eb130a69aadbb0f22	d__Bacteria; p__Bacillota; c__Bacilli; o__Lactobacillales; f__Lactobacillaceae; g__Lactobacillus	0.9467908228199695
f9768fa5169a0e035e781f124204216b	d__Bacteria; p__Bacillota; c__Clostridia; o__Lachnospirales; f__Lachnospiraceae; g__Lachnospiraceae_UCG-010	0.998973565284516
d1a75593a480570277f05ec729b865de	d__Bacteria; p__Bacillota; c__Clostridia; o__Lachnospirales; f__Lachnospiraceae; g__[Ruminococcus]_gnavus_group	0.9998605257028862
3005b313290526b615bfe9befcc0133e	d__Bacteria; p__Bacillota; c__Clostridia; o__Oscillospirales; f__Ruminococcaceae; g__Faecalibacterium	0.999825514425061
2e81e4d1a54e1636af43e46fa332ab11	d__Bacteria; p__Bacillota; c__Bacilli; o__Erysipelotrichales; f__Erysipelatoclostridiaceae; g__Massiliomicrobiota	0.9855157394159235
2e0153baf73c39ef129e2b1f30eec231	d__Bacteria; p__Bacillota; c__Clostridia; o__Peptostreptococcales-Tissierellales; f__Family_XI; g__Peptoniphilus	0.9999999999996163
7614f2b3482aeb13a9cf183ec1213b51	d__Bacteria; p__Bacillota; c__Clostridia; o__Clostridia_UCG-014; f__Incertae_Sedis; g__Incertae_Sedis	0.9999994202973542
6acfe69f470ceebec0cce442b1190fa9	d__Bacteria; p__Bacillota; c__Clostridia; o__Oscillospirales; f__Ruminococcaceae; g__CAG-352	0.9998460216329732
eb0bdbe44aca952fbf5e6e2529f0f0f6	d__Bacteria; p__Bacteroidota; c__Bacteroidia; o__Bacteroidales; f__Porphyromonadaceae; g__Porphyromonas	0.9999984727323731
d078adf5b981db691affc839f16bd750	d__Bacteria; p__Bacillota; c__Clostridia	0.8463519276752841
c4d97dd6e01de35fd44a216238c03e34	d__Bacteria; p__Campylobacterota; c__Campylobacteria; o__Campylobacterales; f__Campylobacteraceae; g__Campylobacter	0.9999999999207034
8c5ab59a8ea79beb4a341ab677209de4	d__Bacteria; p__Bacteroidota; c__Bacteroidia	0.9863717477065048
6ba98911efd5b1fa1cbba9f869562cce	d__Bacteria; p__Synergistota; c__Synergistia; o__Synergistales; f__Synergistaceae; g__Cloacibacillus	0.999999708058084
5630abcf2a0751973b520c34da2efded	d__Bacteria; p__Actinomycetota; c__Coriobacteriia; o__Coriobacteriales; f__Eggerthellaceae; g__Slackia	0.9999553114960588
71f4d7830594809728704c5814777de2	d__Bacteria; p__Bacillota; c__Clostridia; o__Oscillospirales; f__UCG-010; g__Incertae_Sedis	0.9999999170311645
99a5ad295ab4d905ff35ce528b6ce4c1	d__Bacteria; p__Bacillota; c__Clostridia; o__Oscillospirales; f__Ruminococcaceae; g__Faecalibacterium	0.9997866089009069
4a1fcd915d60feef39e0e6440bcc0637	d__Bacteria; p__Fusobacteriota; c__Fusobacteriia; o__Fusobacteriales; f__Fusobacteriaceae; g__Fusobacterium	0.9999999999996163
6326f3883ecfa02452ebaa3af9c5d84c	d__Bacteria; p__Bacillota; c__Clostridia; o__Lachnospirales; f__Lachnospiraceae	0.9999999322777471
07f7487d471e0b5065f782774391388d	d__Bacteria; p__Bacillota; c__Clostridia; o__Lachnospirales; f__Lachnospiraceae	0.9999985997603253
39ac0c75bd4fbfca568f208e37fa3f86	d__Bacteria; p__Bacillota; c__Clostridia; o__Peptostreptococcales-Tissierellales; f__Family_XI; g__Kallipyga	0.9999999999995879
1748af885d51d419f6f9b79bdcdaa1a9	d__Bacteria; p__Pseudomonadota; c__Gammaproteobacteria; o__Burkholderiales; f__Sutterellaceae; g__Sutterella	0.9999999731609112
42b57c0489629d2eaa592473f747682e	d__Bacteria; p__Actinomycetota; c__Coriobacteriia; o__Coriobacteriales; f__Eggerthellaceae; g__Eggerthella	0.9999995506829734
04caf0824c48ee5640717c87bddaec09	d__Bacteria; p__Bacillota; c__Clostridia; o__Peptostreptococcales-Tissierellales; f__Family_XI; g__W5053	0.9999728698930379
9f02839251e1419ee447381f263b14ed	d__Bacteria; p__Bacillota; c__Clostridia; o__Lachnospirales; f__Lachnospiraceae; g__Blautia	0.8706238388039336
e72dc9742a0edbd346f05a0481998d3e	d__Bacteria; p__Actinomycetota; c__Actinobacteria; o__Actinomycetales; f__Actinomycetaceae; g__Arcanobacterium	0.9902652492865349
08f685988f6c3b24f935b5d61ca08717	d__Bacteria; p__Bacillota; c__Clostridia; o__Peptostreptococcales-Tissierellales; f__Anaerovoracaceae	0.9999999964022208
241a0c90cc40da29bc738d34b607f25f	d__Bacteria; p__Bacillota; c__Clostridia; o__Lachnospirales; f__Lachnospiraceae; g__Lachnospira	0.9995549645657618
c9487a3260aac1c2c358a02bf68935bf	d__Bacteria; p__Bacillota; c__Clostridia; o__Lachnospirales; f__Lachnospiraceae; g__UC5-1-2E3	0.9969482503757304
c03544ba31df43e38072acbbeaf5a654	d__Bacteria; p__Bacillota; c__Clostridia; o__Oscillospirales; f__Oscillospiraceae; g__Colidextribacter	0.9352050162733523
927402c8e9f62efcd0170b7c487e24a9	d__Bacteria; p__Bacillota; c__Clostridia; o__Oscillospirales; f__Ruminococcaceae; g__Faecalibacterium	0.9994772758330144
eed782e0e80294f2b9d3857676ca2456	d__Bacteria; p__Bacteroidota; c__Bacteroidia	0.9862336400608778
db2c9e372a6b791fdad2f43b5e74533d	d__Bacteria; p__Pseudomonadota; c__Gammaproteobacteria; o__Enterobacterales; f__Enterobacteriaceae	0.9212038441622532
2880c4a59b13e2e8e9ed8b55352d57a0	d__Bacteria; p__Bacillota; c__Clostridia; o__Lachnospirales; f__Lachnospiraceae	0.9998198071785169
6d49d954693bdf104f81c580fa552ddf	d__Bacteria; p__Bacteroidota; c__Bacteroidia; o__Bacteroidales; f__Bacteroidaceae; g__Bacteroides	0.999999905303274
aae4574580ba9b7a3f8a526abf671792	d__Bacteria; p__Bacillota; c__Negativicutes; o__Veillonellales-Selenomonadales; f__Veillonellaceae; g__Megasphaera	0.9999999558431379
7c44d9beb734b1b9609dee8705b886aa	d__Bacteria; p__Bacillota; c__Clostridia; o__Oscillospirales; f__Ruminococcaceae; g__Gemmiger	0.9030645340816968
81d8bf5f800f7da13be5d9afa704b5f2	d__Bacteria; p__Bacillota; c__Clostridia; o__Oscillospirales; f__Ruminococcaceae; g__Incertae_Sedis	0.9283559258381209
8aaed79d6563ff7925c774e39b662a14	d__Bacteria; p__Bacillota; c__Clostridia; o__Lachnospirales; f__Lachnospiraceae; g__Marvinbryantia	0.8986198058159462
4a1c5fb315646700069f4c358a196b9f	d__Bacteria; p__Bacillota; c__Clostridia; o__Peptostreptococcales-Tissierellales; f__Anaerovoracaceae; g__Family_XIII_AD3011_group	0.9958275318622359
3de9c74cb0cb995a1c311ee7bdf36fd7	d__Bacteria; p__Bacillota; c__Bacilli; o__RF39; f__Incertae_Sedis; g__Incertae_Sedis	0.9999999999988063
602afda45b90dc10dd817f1e9d6bf744	d__Bacteria; p__Bacteroidota; c__Bacteroidia; o__Bacteroidales; f__Muribaculaceae; g__Incertae_Sedis	0.9505223784108017
a4a05d57d649b1866bdc41fe852052c7	d__Bacteria; p__Pseudomonadota; c__Gammaproteobacteria; o__Burkholderiales; f__Sutterellaceae; g__Parasutterella	0.9965690379195912
698c0199aff19d7bce2003b370afef5b	d__Bacteria; p__Bacillota; c__Clostridia; o__Oscillospirales; f__Ruminococcaceae; g__Fournierella	0.9999670541038922
f42309a74e8f72143785a7207584b6f7	d__Bacteria; p__Bacillota; c__Clostridia; o__Peptostreptococcales-Tissierellales; f__Family_XI; g__Anaerococcus	1.0
bc29605ee2f490499f5eb3a724b29a91	d__Archaea; p__Methanobacteriota; c__Methanobacteria; o__Methanobacteriales; f__Methanobacteriaceae; g__Methanosphaera	0.9999999999926104
836219a248a828d153d0ca03cf5b2003	d__Bacteria; p__Bacillota; c__Clostridia; o__Lachnospirales; f__Lachnospiraceae; g__[Ruminococcus]_gnavus_group	0.9969751245266303
f8bcef2b701bb3b9bdf3187f149c62fb	d__Bacteria; p__Bacteroidota; c__Bacteroidia; o__Bacteroidales; f__Bacteroidaceae; g__Bacteroides	0.9999999980729513
9f1c7313b24bc98241173ae7db699bd0	d__Bacteria; p__Bacillota; c__Clostridia; o__Lachnospirales; f__Lachnospiraceae	0.9999813444452865
971fe800f49e285bf9231540771af7ef	d__Bacteria; p__Bacillota; c__Clostridia; o__Clostridiales; f__Clostridiaceae; g__Clostridium	0.9975693747811656
8fb773e61e6ee7f5e0fde91cb4d2df09	d__Bacteria; p__Bacillota; c__Clostridia; o__Lachnospirales; f__Lachnospiraceae; g__Lachnospiraceae_UCG-010	0.9950529450107856
a6d3beca765c1e2453b658614facf89f	d__Bacteria; p__Bacillota; c__Clostridia; o__Oscillospirales; f__Ruminococcaceae; g__Ruminococcus	0.9673753183656664
5984dadcdcc48d5e3ae04a0be106722a	d__Bacteria; p__Bacillota; c__Clostridia; o__Oscillospirales; f__[Eubacterium]_coprostanoligenes_group; g__Incertae_Sedis	0.9999816635692298
fc063306a5517411b5a8ff299dc4d7ab	d__Bacteria; p__Actinomycetota; c__Coriobacteriia; o__Coriobacteriales; f__Eggerthellaceae; g__Eggerthella	0.9999978783702712
b204a17b1a7f29074d81303d5ca68464	d__Bacteria; p__Bacillota; c__Clostridia; o__Oscillospirales; f__Ruminococcaceae; g__Phocea	0.9999970324054581
10a2fdc6e17ace008fccaa36aa011a14	d__Bacteria; p__Bacteroidota; c__Bacteroidia; o__Bacteroidales; f__Marinifilaceae; g__Butyricimonas	0.9999999999999716
42d6476b2b37e8836199ec2e87140f1d	d__Bacteria; p__Bacillota; c__Clostridia; o__Lachnospirales; f__Lachnospiraceae; g__Enterocloster	0.998206828489191
f70205fc13845ff93d04f8077970934f	d__Bacteria; p__Bacillota; c__Clostridia; o__Lachnospirales; f__Lachnospiraceae; g__Roseburia	0.9510551601685502
fea7f04af92d6da8eef36144b3589ad9	d__Bacteria; p__Bacteroidota; c__Bacteroidia; o__Bacteroidales; f__Tannerellaceae; g__Parabacteroides	0.989795160994172
b566a93d1c03d8c54a5e167b00ae9cc5	d__Bacteria; p__Bacillota; c__Clostridia; o__Monoglobales; f__Monoglobaceae; g__Monoglobus	0.9720563362771591
2a394342d2a01c6285efc00378091b6d	d__Bacteria; p__Actinomycetota; c__Coriobacteriia; o__Coriobacteriales; f__Atopobiaceae; g__Parolsenella	0.9999999999896829
6d52536b55ab19ff41c247db9d081d01	d__Bacteria; p__Bacillota; c__Clostridia; o__Oscillospirales; f__Butyricicoccaceae; g__Agathobaculum	0.9988455036364567
0e226d197c2f253bcee5f15026512f90	d__Bacteria; p__Bacillota; c__Clostridia; o__Lachnospirales; f__Lachnospiraceae; g__Extibacter	0.9935381752070978
484286e56b8b56172aeda79c4e056809	d__Bacteria; p__Bacillota; c__Bacilli; o__Lactobacillales; f__Aerococcaceae; g__Aerococcus	0.9999990295364275
bd3bbca5aad5457e69027d3c0524dfbe	d__Bacteria; p__Bacillota; c__Clostridia; o__Lachnospirales; f__Lachnospiraceae; g__Lachnospiraceae_UCG-004	0.9946219085851965
b9c68e187b8aa47ae6ded42e4aa81be1	d__Bacteria; p__Bacillota; c__Clostridia; o__Oscillospirales; f__Butyricicoccaceae; g__Agathobaculum	0.9862240842175966
6a90057b6e7a186c4d4e8974cd089f3f	d__Bacteria; p__Bacillota; c__Clostridia; o__Lachnospirales; f__Lachnospiraceae; g__Enterocloster	0.9922039312074032
52aaa69ff4a2ce8df78870b820719f48	d__Bacteria; p__Synergistota; c__Synergistia; o__Synergistales; f__Synergistaceae; g__Cloacibacillus	0.9999999978631848
c97ea25ba069877eac769cb05968724c	d__Bacteria; p__Bacillota; c__Clostridia; o__Clostridia_UCG-014; f__Incertae_Sedis; g__Incertae_Sedis	0.9999999999653966
08e99f06801c5a0f0d4f663b4597898d	d__Bacteria; p__Bacillota; c__Clostridia; o__Lachnospirales; f__Lachnospiraceae; g__[Eubacterium]_xylanophilum_group	0.9994396379537803
2847364b36e7de803924acf1d159afa9	d__Bacteria; p__Bacteroidota; c__Bacteroidia; o__Bacteroidales; f__Bacteroidaceae; g__Bacteroides	0.9999999995939248
ef4131513a1555e2eb3f175df11c7dfe	d__Bacteria; p__Bacillota; c__Clostridia; o__Peptostreptococcales-Tissierellales; f__Family_XI; g__Parvimonas	0.9999999235038246
8cd3a754b6daeaa0ff3c1bb084886b17	d__Bacteria; p__Pseudomonadota; c__Gammaproteobacteria; o__Burkholderiales; f__Sutterellaceae; g__Sutterella	0.9999999191755112
9d88acce7b2f13b58bf95d2f17ec8c2f	d__Bacteria; p__Bacteroidota; c__Bacteroidia; o__Bacteroidales; f__Bacteroidaceae; g__Bacteroides	0.999998792827132
f998b55dc9b150b36030120a29c2f1f3	d__Bacteria; p__Actinomycetota; c__Actinobacteria; o__Actinomycetales; f__Actinomycetaceae; g__Gleimia	0.9999999977777065
06c89d0310c1277e6797f95171429317	d__Bacteria; p__Pseudomonadota; c__Gammaproteobacteria; o__Burkholderiales; f__Sutterellaceae; g__Sutterella	0.9999999987584971
8d703908c09c7cb0da2a4398dd74f9f8	d__Bacteria; p__Bacillota; c__Clostridia; o__Peptostreptococcales-Tissierellales; f__Peptostreptococcaceae; g__Terrisporobacter	0.998137848073998
e35ed7f7950e5384ba7ece1250f5aaa0	d__Bacteria; p__Fusobacteriota; c__Fusobacteriia; o__Fusobacteriales; f__Fusobacteriaceae; g__Fusobacterium	0.9999999999919993
deef8d5043d397cbdc8d4b375d206414	d__Bacteria; p__Bacillota; c__Clostridia; o__Lachnospirales; f__Lachnospiraceae; g__Anaerobutyricum	0.9999994194370438
2befe06b9ecba8d514ca6df80d9063c0	d__Bacteria; p__Bacillota; c__Clostridia; o__Peptostreptococcales-Tissierellales; f__Family_XI; g__Anaerococcus	0.9999999999999432
8e851827f73a9f45b0e5eb402d1c6dd6	d__Bacteria; p__Bacillota; c__Clostridia; o__Peptostreptococcales-Tissierellales; f__Family_XI; g__Anaerococcus	0.9999999999822506
e61859187c5041260b401fe638aedf47	d__Bacteria; p__Synergistota; c__Synergistia; o__Synergistales; f__Synergistaceae; g__Rarimicrobium	0.9999999985617336
5e2990e8ea901b1a6d8d6c6d04aa64e3	d__Bacteria; p__Bacillota; c__Clostridia; o__Lachnospirales; f__Lachnospiraceae	0.9999988290889625
dd80e0a50520c9481217ccdf670781a6	d__Bacteria; p__Bacillota; c__Clostridia; o__Lachnospirales; f__Lachnospiraceae; g__Anaerobutyricum	0.9999997487960033
f94b14e11dfe405e48976839ca380380	d__Bacteria; p__Bacillota; c__Clostridia; o__Oscillospirales; f__Ruminococcaceae; g__Candidatus_Soleaferrea	0.9795547192326676
645ad704bb17e791a05ee9cf57bfdcb6	d__Bacteria; p__Bacillota; c__Clostridia; o__Lachnospirales; f__Lachnospiraceae; g__Sellimonas	0.9998944354424405
d084475ce17d67557615ecfb105797ab	d__Bacteria; p__Bacillota; c__Clostridia; o__Oscillospirales; f__UCG-010; g__Incertae_Sedis	0.9999999854053955
05ff375f501b831cdc28113494f487b1	d__Bacteria; p__Bacillota; c__Clostridia; o__Oscillospirales; f__[Eubacterium]_coprostanoligenes_group; g__Incertae_Sedis	0.9999998032661404
f205db64334376cebee550bcc6276cb1	d__Bacteria; p__Bacillota; c__Bacilli; o__Lactobacillales; f__Streptococcaceae; g__Streptococcus	0.9999986524060333
281d1d3fcec26d4fb13e9dcc637c143d	d__Bacteria; p__Bacillota; c__Bacilli; o__Erysipelotrichales; f__Erysipelatoclostridiaceae; g__Erysipelotrichaceae_UCG-003	0.9999924333922143
b0546a8c6a38415c52d2dc916319d3fd	d__Bacteria; p__Verrucomicrobiota; c__Verrucomicrobiia; o__Chthoniobacterales; f__Chthoniobacteraceae; g__Candidatus_Udaeobacter	0.9999985941882491
bc7f6c40d5f8e134763db884ca78cb1d	d__Bacteria; p__Bacillota; c__Clostridia; o__Lachnospirales; f__Lachnospiraceae; g__Blautia	0.9764840611074093
7c104699e795bbf45f90fceac906e6b4	d__Bacteria; p__Bacillota; c__Clostridia; o__Christensenellales; f__Christensenellaceae; g__Christensenellaceae_R-7_group	0.8368876876680604
090a2700078857f3d9c8272d7949b0b6	d__Bacteria; p__Bacillota; c__Bacilli; o__Erysipelotrichales; f__Erysipelotrichaceae; g__Absiella	0.9999808631563005
32c99ead10486b0b4c3cfc79c646c7e7	d__Bacteria; p__Bacillota; c__Clostridia; o__Lachnospirales; f__Lachnospiraceae; g__Hungatella	0.9986360651036617
c4d8f2c0d74388b488782cd32486fb9d	d__Bacteria; p__Bacillota; c__Clostridia; o__Lachnospirales; f__Lachnospiraceae	0.9999988445836647
710852c7b0ca73b4a35db29d089e81e0	d__Bacteria; p__Bacteroidota; c__Bacteroidia; o__Bacteroidales; f__Bacteroidaceae; g__Bacteroides	0.9999999998210995
dc12ae575885d88f0eec0fc21dd707a0	d__Bacteria; p__Bacteroidota; c__Bacteroidia; o__Bacteroidales; f__Bacteroidaceae; g__Bacteroides	0.9999999945757878
2f49affea1aa1db3f453ce4b3066a63f	d__Bacteria; p__Actinomycetota; c__Actinobacteria; o__Micrococcales; f__Brevibacteriaceae; g__Brevibacterium	0.9998410709762501
11f0558dca37009cbf1a6083b0b658e5	d__Bacteria; p__Pseudomonadota; c__Gammaproteobacteria; o__Enterobacterales; f__Morganellaceae; g__Providencia	0.9974012147166287
ab2bf06813483fc14a49518863849a59	d__Bacteria; p__Bacillota; c__Clostridia; o__Lachnospirales; f__Lachnospiraceae; g__Mediterraneibacter	0.970829483984634
6472eb8b1e09f892aca2f23182962903	d__Bacteria; p__Pseudomonadota; c__Alphaproteobacteria; o__Hyphomicrobiales; f__Xanthobacteraceae	0.9999999965881825
162dcb3929e23b071e65fda88174be74	d__Bacteria; p__Actinomycetota; c__Actinobacteria; o__Mycobacteriales; f__Corynebacteriaceae; g__Corynebacterium	0.9999969405384425
4d9dabaf3e009616fbbf0767536199ec	d__Archaea; p__Methanobacteriota; c__Methanobacteria; o__Methanobacteriales; f__Methanobacteriaceae; g__Methanobrevibacter	0.9999999901639711
2f495ea1cc6e09ccccbbe1681c62cb36	d__Bacteria; p__Bacteroidota; c__Bacteroidia; o__Bacteroidales; f__Porphyromonadaceae; g__Porphyromonas	0.999993911795729
ffe47aadb8d1f95a24458b12fbb70f3b	d__Bacteria; p__Bacteroidota; c__Bacteroidia; o__Bacteroidales; f__Prevotellaceae; g__Prevotella	0.9996409577402355
2659387058de95f7294a883bc6165390	d__Bacteria; p__Bacillota; c__Clostridia; o__Peptostreptococcales-Tissierellales; f__Family_XI; g__W5053	0.9999692170911765
acf339d6620e975d91dc57db41e28cae	d__Bacteria; p__Bacteroidota; c__Bacteroidia; o__Bacteroidales; f__Prevotellaceae; g__Paraprevotella	0.9999999998053113
7261cbb86534c4057d6fe54bc4232846	d__Bacteria; p__Bacteroidota; c__Bacteroidia; o__Bacteroidales; f__Marinifilaceae; g__Gabonibacter	1.0
ea98cf5f7face95ade2d7795b0339265	d__Bacteria; p__Bacillota; c__Clostridia; o__Lachnospirales; f__Lachnospiraceae	0.9999975101781422
1c4485eba4e4a70652a6c24f2a384601	d__Bacteria; p__Bacillota; c__Clostridia; o__Peptostreptococcales-Tissierellales; f__Family_XI	0.9999999999649226
d6cddd7a253f44374c0657089afeb24c	d__Bacteria; p__Bacteroidota; c__Bacteroidia; o__Bacteroidales; f__Muribaculaceae; g__Incertae_Sedis	0.9999773267594593
4f480409cf34da6fb985eaa1cf33a65b	d__Bacteria; p__Bacillota; c__Clostridia; o__Lachnospirales; f__Lachnospiraceae	0.9999946826042747
4f824a5d5b0df86eb1225e6abfce7a93	d__Bacteria; p__Pseudomonadota; c__Gammaproteobacteria; o__Burkholderiales; f__A21b; g__Incertae_Sedis	0.9999949195797787
770d3a65e5e65a156b1c584c2b25adf6	d__Bacteria; p__Bacillota; c__Clostridia; o__Lachnospirales; f__Lachnospiraceae; g__Enterocloster	0.9916638089390026
1e0296c7b89d1cd0d4d0bc8bf16822fc	d__Bacteria; p__Actinomycetota; c__Coriobacteriia; o__Coriobacteriales; f__Eggerthellaceae; g__Senegalimassilia	0.9999986377582571
8d0f4817a45a3269a4df41c6c4dbc1c2	d__Bacteria; p__Bacillota; c__Clostridia; o__Lachnospirales; f__Lachnospiraceae; g__Roseburia	0.7881729530882492
5e50a007ea9a7f83275157c158916fcc	d__Bacteria; p__Bacteroidota; c__Bacteroidia; o__Bacteroidales; f__Rikenellaceae; g__Alistipes	0.9999992854088755
7f4767d01227d691b8e5125a2a7d997f	d__Bacteria; p__Bacillota; c__Bacilli; o__Erysipelotrichales; f__Erysipelotrichaceae; g__Catenisphaera	0.999977012359918
c3f21101b8845fd1c974cb14578fb119	d__Bacteria; p__Bacillota; c__Clostridia; o__Christensenellales; f__Christensenellaceae; g__Incertae_Sedis	0.9997059412576215
f9612c98d79c37a803a973724113cef6	d__Bacteria; p__Actinomycetota; c__Coriobacteriia; o__Coriobacteriales; f__Atopobiaceae; g__Lancefieldella	0.9995680470208869
49f22c49ecc8f7c7906b86b1076b9e7f	d__Bacteria; p__Bacillota; c__Clostridia; o__Oscillospirales; f__Ruminococcaceae; g__Faecalibacterium	0.9996135451942615
d562f63f002b432f6632e40415b8c57f	d__Bacteria; p__Thermodesulfobacteriota; c__Desulfovibrionia; o__Desulfovibrionales; f__Desulfovibrionaceae; g__Bilophila	0.9999997408757559
77d46a2cdb9594c35e978461a1c3cc56	d__Bacteria; p__Bacillota; c__Clostridia; o__Clostridia_UCG-014; f__Incertae_Sedis; g__Incertae_Sedis	0.9999999817669761
5c68ef2fd4b94cf4e302d4c8e2ef1fe1	d__Bacteria; p__Bacillota; c__Clostridia; o__Peptostreptococcales-Tissierellales; f__Anaerovoracaceae; g__Mogibacterium	0.999979602201483
822a0ee849989f75cc532cb3540de19a	d__Bacteria; p__Verrucomicrobiota; c__Lentisphaeria; o__Victivallales; f__Victivallaceae; g__Victivallis	0.9999999838993717
fdbee64f10b65465dea41a6f3491e81c	d__Bacteria; p__Bacillota; c__Clostridia; o__Lachnospirales; f__Lachnospiraceae	0.9999997632209348
8affc3372dd79282c7f4f49b2bc24d60	d__Bacteria; p__Bacillota; c__Clostridia; o__Lachnospirales; f__Lachnospiraceae; g__Lachnoclostridium	0.7731386469227434
2ec15f85a70bac9db588d177c5c10e4c	d__Bacteria; p__Bacillota; c__Clostridia; o__Christensenellales; f__Christensenellaceae; g__Christensenellaceae_R-7_group	0.9948711026049288
48c9ff09bf991e271a7e3893984c991e	d__Bacteria; p__Bacteroidota; c__Bacteroidia; o__Bacteroidales; f__Prevotellaceae; g__Incertae_Sedis	0.9999996217366918
b9ac436ea8771f1bffd49d16712766bf	d__Bacteria; p__Bacillota; c__Clostridia; o__Peptostreptococcales-Tissierellales; f__Peptostreptococcaceae; g__Peptostreptococcus	0.999999613450033
4bd994177ca1ba1f35094e6772a672eb	d__Bacteria; p__Bacillota; c__Clostridia; o__Christensenellales; f__Christensenellaceae; g__Christensenellaceae_R-7_group	0.9986612535964176
f336ad2c9bce4637fb7f5c639ea1c065	d__Bacteria; p__Bacillota; c__Clostridia; o__Monoglobales; f__Monoglobaceae; g__Monoglobus	0.9999951561735475
47dd73619a45151ac47a3f6b6958806a	d__Bacteria; p__Bacillota; c__Clostridia; o__Peptostreptococcales-Tissierellales; f__Family_XI; g__Anaerococcus	0.9999999999999432
deeae5ebd73410f1931afba21ddc5f63	d__Bacteria; p__Bacillota; c__Clostridia; o__Lachnospirales; f__Lachnospiraceae; g__Extibacter	0.7532636976987358
3f48c674bfb96d735ee09bd32ac101da	d__Bacteria; p__Acidobacteriota; c__Vicinamibacteria; o__Vicinamibacterales; f__Incertae_Sedis; g__Incertae_Sedis	0.9999999781229862
12f9203b937a20a91b08aab804b28cd9	d__Bacteria; p__Bacillota; c__Clostridia; o__Lachnospirales; f__Lachnospiraceae; g__Marvinbryantia	0.8714476108942452
75250c9f20196e6590a231523f1b63be	d__Bacteria; p__Bacillota; c__Clostridia; o__Oscillospirales; f__Ruminococcaceae	0.999999999999947
a5345e64cc834b8bf890c20bf7d33c1d	d__Bacteria; p__Bacillota; c__Bacilli; o__Lactobacillales; f__Lactobacillaceae; g__Lactobacillus	0.9382238578033749
8be9dac75adfd36649c004c8b72de91d	d__Bacteria; p__Bacteroidota; c__Bacteroidia; o__Bacteroidales; f__Bacteroidaceae; g__Bacteroides	0.9999999956119154
0a39f269a92286a2fc485a177298da7a	d__Bacteria; p__Bacillota; c__Clostridia; o__Lachnospirales; f__Lachnospiraceae	0.999979255957709
eae880eaa9c99650e399d9b4eb5dd3b0	d__Bacteria; p__Bacillota; c__Negativicutes; o__Veillonellales-Selenomonadales; f__Veillonellaceae; g__Veillonella	0.9999999996318678
f7fcba0d058116e80c4da213295d257d	d__Bacteria; p__Bacillota; c__Clostridia; o__Lachnospirales; f__Lachnospiraceae; g__Anaerobutyricum	0.9999997953220611
45f1b2beaa5b511a7912de82bc36cc50	d__Bacteria; p__Bacillota; c__Clostridia; o__Oscillospirales; f__Oscillospiraceae; g__UCG-002	0.9998149126362459
1c719e69d668107c05bdba29829217c5	d__Bacteria; p__Thermodesulfobacteriota; c__Desulfovibrionia; o__Desulfovibrionales; f__Desulfovibrionaceae; g__Incertae_Sedis	0.9946546500286236
7c9ef2c6a12006ce70b8de00bfe55a83	d__Bacteria; p__Fusobacteriota; c__Fusobacteriia; o__Fusobacteriales; f__Fusobacteriaceae; g__Fusobacterium	0.9999999999996732
b8ef84c56b07b2868d12614f0ba0bebe	d__Bacteria; p__Bacillota; c__Negativicutes; o__Veillonellales-Selenomonadales; f__Selenomonadaceae; g__Selenomonas	0.9996605318332696
4205d93a032f445a1687829d22eaa2b2	d__Bacteria; p__Bacillota; c__Clostridia; o__Lachnospirales; f__Lachnospiraceae; g__Hungatella	0.9994468986477697
2e2fe8e7ea489f2500a00c81eec820f6	d__Bacteria; p__Bacteroidota; c__Bacteroidia; o__Bacteroidales; f__Muribaculaceae; g__Incertae_Sedis	0.9999999675523134
f104663b133a5b624aac139870172e59	d__Bacteria; p__Bacillota; c__Clostridia; o__Oscillospirales; f__Oscillospiraceae; g__Fastidiosipila	0.9999987154006371
bd5ab72117a5582f67a888c1f7e57ca7	d__Bacteria; p__Bacillota; c__Bacilli; o__Erysipelotrichales; f__Erysipelatoclostridiaceae; g__Thomasclavelia	0.9999968759239323
685a1812a6e46f72d7cf1f4a060b8e96	d__Bacteria; p__Actinomycetota; c__Actinobacteria; o__Mycobacteriales; f__Corynebacteriaceae; g__Corynebacterium	0.9999983054982952
c81ae021e888371f432017e1aed6b90f	d__Bacteria; p__Bacillota; c__Clostridia; o__Peptostreptococcales-Tissierellales; f__Family_XI; g__Finegoldia	0.999999999335401
78f1224136a594084b29c27221ef08b9	d__Bacteria; p__Actinomycetota; c__Coriobacteriia; o__Coriobacteriales; f__Atopobiaceae; g__Lancefieldella	0.999877676537803
52fe22d345da0a890591507e33a1f1c3	d__Bacteria; p__Bacillota; c__Clostridia; o__Lachnospirales; f__Lachnospiraceae; g__Lachnoclostridium	0.8160577767782983
7e7a4855c881caf14f15c80f6012f231	d__Bacteria; p__Bacillota; c__Clostridia; o__Oscillospirales; f__[Eubacterium]_coprostanoligenes_group; g__Incertae_Sedis	0.9999997319476326
6eebb297aa85ef6c9bf9f89f02fed0b2	d__Bacteria; p__Bacillota; c__Clostridia; o__Lachnospirales; f__Lachnospiraceae	0.9999966531436143
2d16d001e21717f960cf771ae879b1dd	d__Bacteria; p__Pseudomonadota; c__Alphaproteobacteria; o__Sphingomonadales; f__Sphingomonadaceae; g__Sphingomonas	0.9996286531125236
afa3e197ab31aa17a760b9a076eb42f3	d__Bacteria; p__Bacillota; c__Clostridia; o__Oscillospirales; f__Oscillospiraceae; g__UCG-005	0.9987928269940002
0069d3304fa7c3713c9d5ab46fd7ac97	d__Bacteria; p__Bacteroidota; c__Bacteroidia	0.7741965388274779
d1dfa014363e0f9510af2b404d268409	d__Bacteria; p__Bacillota; c__Clostridia; o__Oscillospirales; f__Oscillospiraceae; g__Oscillospira	0.9676509468178911
72ae78c3cce8ad073a58287a92160f34	d__Bacteria; p__Bacillota; c__Clostridia; o__Peptostreptococcales-Tissierellales; f__Family_XI; g__Anaerococcus	0.9999999999999574
726bca3c3011eef90e5b866db0fd5329	d__Bacteria; p__Bacteroidota; c__Bacteroidia; o__Bacteroidales; f__Prevotellaceae; g__Incertae_Sedis	0.9999999751157848
05a5fd28f8d722854393a59ba180f256	d__Bacteria; p__Bacillota; c__Clostridia; o__Lachnospirales; f__Lachnospiraceae	0.9999896132417556
bfc5040baf564d53c8754c7150568997	d__Bacteria; p__Bacillota; c__Clostridia; o__Lachnospirales; f__Lachnospiraceae; g__Mediterraneibacter	0.7733509952001125
55bf45ec97fa611aeb7c11c4445f16d6	d__Bacteria; p__Bacillota; c__Clostridia; o__Lachnospirales; f__Lachnospiraceae; g__Dorea	0.8531272303262214
3b239fbcc133f26714a8f953dfc7d99d	d__Bacteria; p__Bacillota; c__Clostridia; o__Lachnospirales; f__Lachnospiraceae; g__Agathobacter	0.9524702415802647
ca0fbd0cecc5463df736672031eb554e	d__Bacteria; p__Actinomycetota; c__Actinobacteria; o__Actinomycetales; f__Actinomycetaceae; g__Incertae_Sedis	0.9969934539654524
b617f914f18e645b8359842a1bf5b86d	d__Bacteria; p__Bacillota; c__Clostridia; o__Lachnospirales; f__Lachnospiraceae; g__Agathobacter	0.8493427085897595
d969ff7a11c25dc9b04c6eb48a6ec8c3	d__Bacteria; p__Bacillota; c__Clostridia; o__Oscillospirales; f__[Eubacterium]_coprostanoligenes_group; g__Incertae_Sedis	0.9999859364964849
dd0f100bf28e465b25e15a51d917bf1c	d__Bacteria; p__Bacillota; c__Clostridia; o__Lachnospirales; f__Lachnospiraceae	0.9999992807352072
ba1163413c312007563596b45c43e474	d__Bacteria; p__Bacillota; c__Clostridia; o__Oscillospirales; f__Ruminococcaceae; g__Gemmiger	0.819405664490868
a3b8524c1b273413d45d6b635db3103f	d__Bacteria; p__Bacillota; c__Clostridia; o__Lachnospirales; f__Lachnospiraceae; g__Blautia	0.9016024549125095
a985f0b427eead7e8c11f3de0a3c1254	d__Bacteria; p__Bacillota; c__Bacilli; o__Staphylococcales; f__Staphylococcaceae; g__Staphylococcus	0.9997294195256374
5c1532e4bbf41707f13a26609ad68f6a	d__Bacteria; p__Bacillota; c__Clostridia; o__Oscillospirales; f__Ruminococcaceae; g__Negativibacillus	0.9999996839331902
7465575a890dbec96aa2ef02b9b33c19	d__Bacteria; p__Actinomycetota; c__Coriobacteriia; o__Coriobacteriales; f__Eggerthellaceae; g__Senegalimassilia	0.9999819250795947
9477f7ab72d5823d887edda3cb867545	d__Bacteria; p__Bacillota; c__Clostridia; o__Oscillospirales; f__Ruminococcaceae; g__Negativibacillus	0.9999983187408426
03944aebf367f55f359e4ea3e47d9406	d__Bacteria; p__Bacteroidota; c__Bacteroidia; o__Bacteroidales; f__Porphyromonadaceae; g__Porphyromonas	0.9999932899191348
6898e5f0ac46c4fa949b2a17a307a783	d__Bacteria; p__Bacillota; c__Clostridia; o__Lachnospirales; f__Lachnospiraceae	0.9999997015113233
2799ad5c90e307f0e897fecda5a2924e	d__Bacteria; p__Bacillota; c__Clostridia; o__Lachnospirales; f__Lachnospiraceae; g__Eisenbergiella	0.8292954277405283
f4e78e2e397dc8bd3ca2f87c245a8773	d__Bacteria; p__Fusobacteriota; c__Fusobacteriia; o__Fusobacteriales; f__Fusobacteriaceae; g__Fusobacterium	0.9999999999988631
0e573f05d90169d75e65a2a1fa3c53fd	d__Bacteria; p__Bacillota; c__Clostridia; o__Lachnospirales; f__Lachnospiraceae; g__Enterocloster	0.9991682682903942
2bfa411d459e8b37ba258c4588f217e3	d__Bacteria; p__Thermodesulfobacteriota; c__Desulfovibrionia; o__Desulfovibrionales; f__Desulfovibrionaceae; g__Bilophila	0.9999996948524948
275a7bf0c5f28f800faa652f086cbd0c	d__Bacteria; p__Bacteroidota; c__Bacteroidia; o__Bacteroidales; f__Marinifilaceae; g__Butyricimonas	0.9999999999999858
7a92103382087dd073eb53bb2e9ec830	d__Bacteria; p__Bacteroidota; c__Bacteroidia; o__Bacteroidales; f__Tannerellaceae; g__Parabacteroides	0.99999999979282
182b9fa9fb5099a93fd36de478d40ebb	d__Bacteria; p__Bacteroidota; c__Bacteroidia; o__Bacteroidales; f__Tannerellaceae; g__Parabacteroides	0.999999999940087
eba6ad448ed6a1fcd744350655065065	d__Bacteria; p__Bacillota; c__Clostridia; o__Lachnospirales; f__Lachnospiraceae; g__Lachnospiraceae_NK4A136_group	0.883588833882793
341caff1300aa78cd6d20a52e037a0f7	d__Bacteria; p__Bacillota; c__Clostridia; o__Oscillospirales; f__Oscillospiraceae; g__UCG-005	0.944903206095523
174a1fe3543cf9fa6ca92528087d0ca5	d__Bacteria; p__Bacillota; c__Clostridia; o__Oscillospirales; f__Oscillospiraceae; g__Intestinimonas	0.9105049861341827
3eb7d15a2507bc677303e1cf8ef8a555	d__Bacteria; p__Bacteroidota; c__Bacteroidia; o__Bacteroidales; f__Marinifilaceae; g__Butyricimonas	0.9999999999997726
d09c79773d4b9e43484e592b61a6eca3	d__Bacteria; p__Thermodesulfobacteriota; c__Desulfovibrionia; o__Desulfovibrionales; f__Desulfovibrionaceae; g__Incertae_Sedis	0.9997907078548598
8b0ffce6d3488c01116aff68beda52bf	d__Bacteria; p__Bacillota; c__Clostridia; o__Lachnospirales; f__Lachnospiraceae	0.999999663647619
668f346d14385b50c7242f1fd81cf04a	d__Bacteria; p__Bacillota; c__Clostridia; o__Oscillospirales; f__Butyricicoccaceae; g__Agathobaculum	0.8599032436042872
0c4b245c4b7c443e975c79c61b5d6281	d__Bacteria; p__Bacteroidota; c__Bacteroidia; o__Bacteroidales; f__Marinifilaceae; g__Gabonibacter	0.999999999999929
8c34fcb68ccd5fd5855d173e5486df4b	d__Bacteria; p__Bacillota; c__Bacilli; o__RF39; f__Incertae_Sedis; g__Incertae_Sedis	0.9999999998193942
fff33805657551184a8385be1e8fbaf9	d__Bacteria; p__Bacteroidota; c__Bacteroidia; o__Bacteroidales; f__Prevotellaceae; g__Prevotella	0.9997665127590681
f46deaf5851879b6a8d849043a70f8f5	d__Bacteria; p__Bacillota; c__Clostridia; o__Lachnospirales; f__Lachnospiraceae; g__Lachnospiraceae_UCG-010	0.9109573397115345
d12e59471502034ef5ef8182d1624b13	d__Bacteria; p__Bacillota; c__Clostridia; o__Lachnospirales; f__Lachnospiraceae	0.9999994328673334
9b9def60f68957f85da86f875e31bcb2	d__Bacteria; p__Bacillota; c__Clostridia; o__Peptostreptococcales-Tissierellales; f__Family_XI; g__Finegoldia	0.9999999988359036
420f96256387d77de17ec28d160bb147	d__Bacteria; p__Bacillota; c__Clostridia; o__Oscillospirales; f__Oscillospiraceae; g__Incertae_Sedis	0.887457165764928
d668488fa839c37c80ae10d320cf3665	d__Bacteria; p__Bacillota; c__Clostridia; o__Lachnospirales; f__Lachnospiraceae	0.9999999009550283
e0c0042b8b725048eaa20ed472b9ebeb	d__Bacteria; p__Bacillota; c__Clostridia; o__Lachnospirales; f__Lachnospiraceae	0.9999940182777575
5b7e242f5faf6839260511c704d90a14	d__Bacteria; p__Pseudomonadota; c__Gammaproteobacteria; o__Burkholderiales; f__Sutterellaceae; g__Sutterella	0.9999999999980673
8344e260ce01e13cc4d54896656d457b	d__Bacteria; p__Bacillota; c__Clostridia; o__Oscillospirales; f__Oscillospiraceae; g__UCG-003	0.9997456247580062
938fbbe51af86d1d7ebd6817a0f0bd24	d__Bacteria; p__Bacteroidota; c__Bacteroidia; o__Bacteroidales; f__Bacteroidaceae; g__Bacteroides	0.9999999980739176
48d5ac89b4bda862faac90161aff5a86	d__Bacteria; p__Bacillota; c__Bacilli; o__Lactobacillales; f__Streptococcaceae; g__Streptococcus	0.9999996814736757
c01bd0ac2dcabcf23fb54efd8b9f1db7	d__Bacteria; p__Bacillota; c__Clostridia; o__Oscillospirales; f__Ruminococcaceae	0.9999999321279593
462e1ea12a2848b8df881511cb2d6645	d__Bacteria; p__Bacteroidota; c__Bacteroidia; o__Bacteroidales; f__Muribaculaceae; g__Incertae_Sedis	0.9999825822736207
afe1dc97376cf249b67fa422dfa32477	d__Bacteria; p__Bacillota; c__Clostridia; o__Lachnospirales; f__Lachnospiraceae; g__[Eubacterium]_xylanophilum_group	0.9938077690168168
506ee17cb5d882636086031fa2232f11	d__Bacteria; p__Bacteroidota; c__Bacteroidia; o__Bacteroidales; f__Muribaculaceae; g__Incertae_Sedis	0.9999705955155326
cdf0ab59552ae9876bfb33a445df485f	d__Bacteria; p__Bacillota; c__Clostridia; o__Oscillospirales; f__Ruminococcaceae; g__Faecalibacterium	0.9998608880723145
982629840b81e393c6557db91ae1fbf2	d__Bacteria; p__Bacillota; c__Clostridia; o__Clostridia_vadinBB60_group; f__Incertae_Sedis; g__Incertae_Sedis	0.9999999522087262
acf09e78b337fd51b09606fabf09493e	d__Bacteria; p__Bacillota; c__Clostridia; o__Peptococcales; f__Peptococcaceae; g__Incertae_Sedis	0.9999982339497213
dc0990f1635527c8d57f34a09fd6975a	d__Bacteria; p__Bacillota; c__Bacilli; o__Erysipelotrichales; f__Erysipelotrichaceae; g__Amedibacillus	0.940007476269704
1b5d50e4ae6a2cb153f3b2ca04699419	d__Bacteria; p__Bacillota; c__Clostridia; o__Lachnospirales; f__Lachnospiraceae; g__[Eubacterium]_ventriosum_group	0.9998380684840631
a2217cc8df6a4c209aee7f31a304c2b0	d__Bacteria; p__Bacillota; c__Clostridia; o__Oscillospirales; f__Oscillospiraceae; g__NK4A214_group	0.9995323320764091
32cd36db3b176689d81c65ddb6c17140	d__Bacteria; p__Bacillota; c__Clostridia; o__Oscillospirales; f__Oscillospiraceae	0.9999977819747278
66ae4257e6338ac409fd953c0ab441d5	d__Bacteria; p__Bacillota; c__Bacilli; o__Lactobacillales; f__Lactobacillaceae	0.999999999999847
bc979a8588f5a2b031514a23cf3971cb	d__Bacteria; p__Bacillota; c__Clostridia; o__Oscillospirales; f__[Eubacterium]_coprostanoligenes_group; g__Incertae_Sedis	0.999981494901528
a55a010c9525ce2943a553dca1421b1c	d__Bacteria; p__Bacillota; c__Clostridia; o__Lachnospirales; f__Lachnospiraceae; g__[Eubacterium]_ventriosum_group	0.9988539978212877
6e7dcdec78c483cd8d6666e4eedccd4f	d__Bacteria; p__Bacillota; c__Clostridia; o__Oscillospirales; f__Ruminococcaceae; g__Angelakisella	0.9924561744260003
69b90707f6f3da7941026fbe6a1597ce	d__Bacteria; p__Bacillota; c__Clostridia; o__Lachnospirales; f__Lachnospiraceae; g__Lachnospiraceae_FCS020_group	0.9938321879539922
cb010e13784d2ca5a95c3a0604801748	d__Bacteria; p__Bacteroidota; c__Bacteroidia; o__Bacteroidales; f__Bacteroidaceae; g__Bacteroides	0.9999999982804866
76fd82a7ab8e38456debb345f1c5e0ce	d__Bacteria; p__Bacillota; c__Clostridia; o__Christensenellales; f__Christensenellaceae; g__Incertae_Sedis	0.8632811067232726
ed4a03b1e46ddd4d47f13068cfbb5011	d__Bacteria; p__Bacillota; c__Clostridia; o__Lachnospirales; f__Lachnospiraceae; g__Moryella	0.9950117156543715
441e214f48649299db319a45f2851085	d__Bacteria; p__Bacillota; c__Clostridia; o__Lachnospirales; f__Lachnospiraceae; g__[Eubacterium]_eligens_group	0.9999754776608583
238be985a1630b73b15fc6494a601674	d__Bacteria; p__Bacillota; c__Clostridia; o__Clostridia_vadinBB60_group; f__Incertae_Sedis; g__Incertae_Sedis	0.8288161745432524
b4f28264f150902936030ef29ce2a10a	d__Bacteria; p__Bacillota; c__Clostridia; o__Peptostreptococcales-Tissierellales; f__Anaerovoracaceae; g__[Eubacterium]_brachy_group	0.999999933082949
34b791a0a48d68bbf6278d510ee36430	d__Bacteria; p__Bacillota; c__Clostridia; o__Oscillospirales; f__UCG-010; g__Incertae_Sedis	0.9999999903822925
ce3c8bd32d691f6f790e7bbb60ba6256	d__Bacteria; p__Bacteroidota; c__Bacteroidia; o__Bacteroidales; f__Prevotellaceae; g__Hoylesella	0.9999975469222694
0e3e4513e61848ed7e032f1ddbc6f42e	d__Bacteria; p__Bacillota; c__Clostridia; o__Clostridia_UCG-014; f__Incertae_Sedis; g__Incertae_Sedis	0.9999999990900932
ca9cf3f426056b8af4bc32a34838a7ec	d__Bacteria; p__Bacillota; c__Clostridia; o__Lachnospirales; f__Lachnospiraceae; g__Lachnospiraceae_NK4B4_group	0.9997884367340505
e7654dc47ae14f609d0131e15f2bfaf2	d__Bacteria; p__Bacillota; c__Clostridia; o__Peptostreptococcales-Tissierellales; f__Family_XI; g__Peptoniphilus	0.9999999996998383
ad71b192343facecd54843bccb0470da	d__Bacteria; p__Actinomycetota; c__Coriobacteriia; o__Coriobacteriales; f__Eggerthellaceae; g__Adlercreutzia	0.9329669384394105
74883ca07b040866ea89a8ff92039e38	d__Bacteria; p__Bacillota; c__Clostridia; o__Lachnospirales; f__Lachnospiraceae; g__[Eubacterium]_eligens_group	0.9999293544701134
74aaeb93ba19830fa0e2cc55966371bd	d__Bacteria; p__Bacillota; c__Incertae_Sedis; o__DTU014; f__Incertae_Sedis; g__Incertae_Sedis	0.9916898090560687
1473d0e067e22f5b3e209940fd4d0645	d__Bacteria; p__Bacteroidota; c__Bacteroidia; o__Bacteroidales; f__Marinifilaceae; g__Butyricimonas	0.999999999999801
88ce384d23279002f61f6cc668c4d259	d__Bacteria; p__Bacillota; c__Clostridia; o__Oscillospirales; f__Oscillospiraceae; g__NK4A214_group	0.9756811935000412
0f700b983207ec336ed4b4679028b514	d__Bacteria; p__Methylomirabilota; c__Methylomirabilia; o__Rokubacteriales; f__Incertae_Sedis; g__Incertae_Sedis	0.9999999999999005
af691ca2a4530ac05fa219914939c3ac	d__Bacteria; p__Bacillota; c__Clostridia; o__Lachnospirales; f__Lachnospiraceae; g__Anaerobutyricum	0.9999998701294515
c1cba1160c61989a01435fec69815e0b	d__Bacteria; p__Bacteroidota; c__Bacteroidia; o__Bacteroidales; f__Prevotellaceae; g__Prevotella	0.9994065036885488
9e0326554068ca2dfdaf5f8ab043fea8	d__Bacteria; p__Bacillota; c__Clostridia; o__Christensenellales; f__Christensenellaceae; g__Incertae_Sedis	0.999636883769303
93f681a036a868c818c9a238350bf070	d__Bacteria; p__Bacteroidota; c__Bacteroidia; o__Bacteroidales; f__Bacteroidaceae; g__Bacteroides	0.9999999998901501
049be28aea0b2094a3273bc7b7974799	d__Bacteria; p__Bacillota; c__Clostridia; o__Lachnospirales; f__Lachnospiraceae; g__Agathobacter	0.7954717959834637
278c2a9599f0d608fc70845d26c6c722	d__Bacteria; p__Bacillota; c__Clostridia; o__Lachnospirales; f__Lachnospiraceae; g__Lachnospiraceae_NK4A136_group	0.8666817008164152
55e8fd9e2a3868ef69575fcb459fc7c5	d__Bacteria; p__Bacillota; c__Clostridia; o__Lachnospirales; f__Lachnospiraceae	0.9999945311113474
b1d8e09561b600103cc3d8b388c02478	d__Bacteria; p__Bacillota; c__Clostridia; o__Lachnospirales; f__Lachnospiraceae	0.999999400673615
f1f42e784bfc3a636da813e55ad0c16d	d__Bacteria; p__Bacteroidota; c__Bacteroidia; o__Bacteroidales; f__Marinifilaceae; g__Butyricimonas	0.9999999999997584
8626bb49cf8e427a0238c25c571dc841	d__Bacteria; p__Bacillota; c__Clostridia; o__Oscillospirales; f__Ruminococcaceae; g__Ruminococcus	0.9874830819621162
da88d8677a4ba67fb2406c91ed1fc1aa	d__Bacteria; p__Nitrospirota; c__Nitrospiria; o__Nitrospirales; f__Nitrospiraceae; g__Nitrospira	0.9999999999999858
8d1761da3df16fe43e34eea0112ba8fd	d__Bacteria; p__Bacteroidota; c__Bacteroidia; o__Bacteroidales; f__Tannerellaceae; g__Parabacteroides	0.9949924729764661
23d6e67ff377b63cc8506920f662b5a5	d__Bacteria; p__Bacillota; c__Clostridia; o__Lachnospirales; f__Lachnospiraceae	0.9999688077848606
a07dbd6b81597b810de81ac0ad6caf26	d__Bacteria; p__Bacillota; c__Clostridia; o__Oscillospirales; f__Butyricicoccaceae; g__Agathobaculum	0.9915983004492042
7d2c8371ed23c6916729809b7a2990f8	d__Bacteria; p__Bacillota; c__Clostridia; o__Lachnospirales; f__Lachnospiraceae; g__Extibacter	0.7969708041649813
4d34418916362764b94c026bdab4127f	d__Bacteria; p__Bacillota; c__Clostridia; o__Peptostreptococcales-Tissierellales; f__Anaerovoracaceae; g__Family_XIII_AD3011_group	0.9867312374489575
8a4d2ed84fa8862ba688b236ad9532a2	d__Bacteria; p__Bacillota; c__Bacilli; o__Lactobacillales; f__Streptococcaceae; g__Streptococcus	0.9999930587363115
47ce6ddf2afd00851f37b91f117b6ba4	d__Bacteria; p__Bacteroidota; c__Bacteroidia; o__Bacteroidales; f__Bacteroidaceae; g__Bacteroides	0.9999999963146138
019e4cd4c464f2bc395e5c7830925669	d__Bacteria; p__Bacillota; c__Clostridia; o__Lachnospirales; f__Lachnospiraceae; g__Marvinbryantia	0.8348528345373714
a83874fd792e8ebbe5e3e4931548337a	d__Bacteria; p__Bacillota; c__Clostridia; o__Lachnospirales; f__Lachnospiraceae; g__Lachnoclostridium	0.9631133823801917
81a0ecf2f6e7580667fbf3ed807a2857	d__Bacteria; p__Actinomycetota; c__Actinobacteria; o__Bifidobacteriales; f__Bifidobacteriaceae; g__Bifidobacterium	0.9999996245859671
d2a9961b13093f3af00cae14f9286821	d__Bacteria; p__Bacillota; c__Clostridia; o__Lachnospirales; f__Lachnospiraceae; g__Roseburia	0.9818341693537088
84d5a713b1d46f0e0e0f7ba784e9925d	d__Bacteria; p__Bacteroidota; c__Bacteroidia; o__Bacteroidales; f__Prevotellaceae; g__Prevotellaceae_NK3B31_group	0.9999850003958833
bf448678f2057e4c40f77ab168c0a053	d__Bacteria; p__Bacillota; c__Clostridia; o__Lachnospirales; f__Lachnospiraceae	0.9999982999669927
7759604db6eb1f89e430cab74dcbc5df	d__Bacteria; p__Bacteroidota; c__Bacteroidia; o__Bacteroidales; f__Rikenellaceae; g__Rikenellaceae_RC9_gut_group	0.9999345817411125
6db169339ee5897780e713c44784d74a	d__Bacteria; p__Bacillota; c__Clostridia; o__Clostridia_UCG-014; f__Incertae_Sedis; g__Incertae_Sedis	0.999999999928022
27a18663c7f9d9f7bd1ddd023670a3d0	d__Bacteria; p__Bacteroidota; c__Bacteroidia; o__Bacteroidales; f__Prevotellaceae; g__Leyella	0.9999999771483348
a3f409a4744ac086bdf72f9ce6d26476	d__Bacteria; p__Verrucomicrobiota; c__Verrucomicrobiia; o__Chthoniobacterales; f__Chthoniobacteraceae; g__Candidatus_Udaeobacter	0.9999996881208151
8db5dcc0ac4a25d5d9faac0ad2c1c786	d__Bacteria; p__Bacillota; c__Clostridia; o__Lachnospirales; f__Lachnospiraceae; g__Lachnospiraceae_UCG-004	0.9986949749239561
6cf458010f9f1a3339b81aeb41dc5819	d__Bacteria; p__Bacillota; c__Clostridia; o__Peptostreptococcales-Tissierellales; f__Family_XI; g__Anaerococcus	1.0
914cceeab4eb1f150d34967b4804f7d2	d__Bacteria; p__Bacillota; c__Clostridia; o__Christensenellales; f__Christensenellaceae; g__Christensenellaceae_R-7_group	0.9101406657265647
b5e0a6477e69e223d49eedc2c7c1b138	d__Bacteria; p__Bacillota; c__Bacilli; o__Erysipelotrichales; f__Erysipelotrichaceae; g__[Clostridium]_innocuum_group	0.999996441205292
e432f9c3b06de686fd200475617ec5b8	d__Bacteria; p__Bacillota; c__Clostridia; o__Peptostreptococcales-Tissierellales; f__Family_XI; g__Peptoniphilus	0.9999999379294328
57c101de11f975d263664eef27b61ec9	d__Bacteria; p__Bacteroidota; c__Bacteroidia; o__Bacteroidales; f__Marinifilaceae; g__Butyricimonas	0.999999999999929
b7bbd3d2e5fd999afc045cd4d36979e0	d__Bacteria; p__Bacillota; c__Clostridia; o__Lachnospirales; f__Lachnospiraceae	0.9999977078614383
506c6364b6df4bf91da329528686d7c0	d__Bacteria; p__Bacillota; c__Clostridia; o__Lachnospirales; f__Lachnospiraceae; g__Anaerotignum	0.7131727204176629
cbcefeed7dff9e69afd0188cc0243db5	d__Bacteria; p__Bacteroidota; c__Bacteroidia; o__Bacteroidales; f__Porphyromonadaceae; g__Porphyromonas	0.9999819660862651
4ac43ecbe6347d46a2ab5a31ffd64c25	d__Bacteria; p__Bacillota; c__Clostridia; o__Oscillospirales; f__Ruminococcaceae	0.7688269075772922
9e18b43f389956ba5ac3ddf810f39cb6	d__Bacteria; p__Bacillota; c__Clostridia; o__Clostridia_vadinBB60_group; f__Incertae_Sedis; g__Incertae_Sedis	0.9999999245443292
a8bab35fbc3fab1ef2a8c34cc63f6e20	d__Bacteria; p__Bacillota; c__Clostridia; o__Oscillospirales; f__Ruminococcaceae; g__Incertae_Sedis	0.9435997220702479
35a7f86c1be8b48f121d76d08410fefe	d__Bacteria; p__Bacillota; c__Negativicutes; o__Veillonellales-Selenomonadales; f__Veillonellaceae; g__Veillonella	0.999999999285734
ff772f18ec3760046ea9dd413fc88de7	d__Bacteria; p__Bacillota; c__Clostridia; o__Lachnospirales; f__Lachnospiraceae; g__Mediterraneibacter	0.981827967799478
535c0035c8256175cc840f4170bb074c	d__Bacteria; p__Bacteroidota; c__Bacteroidia; o__Bacteroidales; f__Tannerellaceae; g__Parabacteroides	0.9999999988780814
64c0631565683135b90bd037417fb657	d__Bacteria; p__Bacteroidota; c__Bacteroidia; o__Bacteroidales; f__Marinifilaceae; g__Odoribacter	0.9999999999997016
d8f492f56455891fe640d83e99eebe43	d__Bacteria; p__Actinomycetota; c__Coriobacteriia; o__Coriobacteriales; f__Eggerthellaceae; g__Adlercreutzia	0.9612100015314506
d8c6bc9d4a4133c982803f10d71f7b02	d__Bacteria; p__Bacillota; c__Clostridia; o__Peptostreptococcales-Tissierellales; f__Family_XI; g__Kallipyga	0.9999999865109858
cb5e325b529422ecb69187e9769717ce	d__Bacteria; p__Bacillota; c__Clostridia; o__Clostridia_UCG-014; f__Incertae_Sedis; g__Incertae_Sedis	0.9999999854164089
dddc3b9b23ab1e5901e392b65a023846	d__Bacteria; p__Bacillota; c__Clostridia; o__Peptostreptococcales-Tissierellales; f__Family_XI; g__Peptoniphilus	0.9999999999998863
d9e50a5a9a9080e7465190853575ecb0	d__Bacteria; p__Bacteroidota; c__Bacteroidia; o__Bacteroidales; f__Prevotellaceae; g__Paraprevotella	0.9999999999391207
4a0b292ba716582f9af46694458c0b9b	d__Bacteria; p__Cyanobacteriota; c__Cyanobacteriia; o__Chloroplast; f__Incertae_Sedis; g__Incertae_Sedis	0.9999999999948415
5cbba1ec821d0d64b7e66f992ea80a4e	d__Bacteria; p__Bacteroidota; c__Bacteroidia; o__Bacteroidales; f__Marinifilaceae; g__Odoribacter	0.9999999999999716
43ea6b69b7696d2674fafdaa3538e9ec	d__Bacteria; p__Bacteroidota; c__Bacteroidia; o__Bacteroidales; f__Porphyromonadaceae; g__Porphyromonas	0.9999993888124143
869eb4c4aad04548e2492b55091edbaa	d__Bacteria; p__Bacillota; c__Clostridia; o__Lachnospirales; f__Lachnospiraceae; g__Roseburia	0.7263562965875795
0d3fd1719bb852948dec1e4162facdba	d__Bacteria; p__Bacillota; c__Clostridia; o__Oscillospirales; f__Oscillospiraceae; g__Incertae_Sedis	0.7812868203065269
b18d893504d87bc4f5fa46ff3229b88a	d__Bacteria; p__Bacillota; c__Clostridia; o__Lachnospirales; f__Lachnospiraceae	0.9999976793950203
0231f20221e42ee58dbe12f6e5aad34c	d__Bacteria; p__Bacillota; c__Clostridia; o__Clostridia_vadinBB60_group; f__Incertae_Sedis; g__Incertae_Sedis	0.712675564586746
2117b7ad8596640d6b70046a1b9806fe	d__Bacteria; p__Bacillota; c__Clostridia; o__Oscillospirales; f__Ruminococcaceae; g__Gemmiger	0.9916437618898242
997697a39b4f8a14b67e210a7a0337df	d__Bacteria; p__Bacillota; c__Clostridia; o__Peptostreptococcales-Tissierellales; f__Family_XI; g__Kallipyga	1.0
f5995594664cfbee76fa31c02d71bea5	d__Bacteria; p__Bacillota; c__Clostridia; o__Oscillospirales; f__Ruminococcaceae; g__Gemmiger	0.86862465500121
ba23cfca57df968954f7f4698422bee6	d__Bacteria; p__Bacillota; c__Clostridia; o__Oscillospirales; f__Butyricicoccaceae	0.999988665326955
769723e5a9c6312f2ee3ab2781ac8ad6	d__Bacteria; p__Bacillota; c__Clostridia; o__Lachnospirales; f__Lachnospiraceae; g__Shuttleworthia	0.9908222096524899
1978fc46fbfd9b795e153be14136a976	d__Bacteria; p__Bacillota; c__Clostridia; o__Lachnospirales; f__Lachnospiraceae; g__CHKCI001	0.9998690161755324
7ad51bee2bbc81fce627d65568de8757	d__Bacteria; p__Bacillota; c__Clostridia; o__Lachnospirales; f__Lachnospiraceae; g__Lachnospiraceae_UCG-004	0.9407698366667002
d5278c84ceca328330b2b932c3e705bd	d__Bacteria; p__Bacillota; c__Clostridia; o__Oscillospirales; f__Ruminococcaceae	0.8099328149814502
f9e4ec270767279a3abdbcbb013a0399	d__Bacteria; p__Bacillota; c__Clostridia; o__Christensenellales; f__Christensenellaceae; g__Christensenellaceae_R-7_group	0.7398043886753441
9ea91b0bb64f8757ec697ebb82ff6a61	d__Bacteria; p__Bacillota; c__Negativicutes; o__Veillonellales-Selenomonadales; f__Veillonellaceae; g__Dialister	0.9991468425416138
c3f470f403703b19903e99be8e23c048	d__Eukaryota	0.9206343416924458
dec75113711334a9ec0c0f9ce8f3a97e	d__Archaea; p__Thermoplasmatota; c__Thermoplasmata; o__Methanomassiliicoccales; f__Methanomassiliicoccaceae; g__Methanomassiliicoccus	0.9999856339703472
e5d144b80521b09f2b7806cb4abb5168	d__Bacteria; p__Bacillota; c__Clostridia; o__Peptostreptococcales-Tissierellales; f__Family_XI	0.9999999999836234
b5afd4c41a7b8c999cd54a3e0f9e8a65	d__Bacteria; p__Actinomycetota; c__Actinobacteria; o__Mycobacteriales; f__Corynebacteriaceae; g__Corynebacterium	0.9999985457409851
a7db077ae09ab481473ac2445474128f	d__Bacteria; p__Bacillota; c__Clostridia; o__Oscillospirales; f__UCG-010; g__Incertae_Sedis	0.9999979767004282
5050bcdda95dede0595dc33c6d1ba0fc	d__Bacteria; p__Bacillota; c__Clostridia; o__Oscillospirales; f__Ruminococcaceae; g__Acutalibacter	0.9996036314096207
8efd091a825529424f6f216717ea9e44	d__Bacteria; p__Bacillota; c__Clostridia; o__Peptostreptococcales-Tissierellales; f__Family_XI; g__Murdochiella	0.9999999999995879
7172c7a7150b171ea8350db4e95953a5	d__Bacteria; p__Bacillota; c__Clostridia; o__Peptostreptococcales-Tissierellales; f__Family_XI; g__Parvimonas	0.9999999976980121
2b74579818ffe688c15e0e2816a7c339	d__Bacteria; p__Bacillota; c__Clostridia; o__Oscillospirales; f__Oscillospiraceae; g__Oscillibacter	0.9204387674601167
21b726d9e46d31c3340e0ded2ce93cda	d__Bacteria; p__Myxococcota; c__Myxococcia; o__Myxococcales; f__Myxococcaceae; g__Incertae_Sedis	0.9851197193545168
737a2f585b9b9a2c98bdd893ec89a80d	d__Bacteria; p__Bacteroidota; c__Bacteroidia; o__Bacteroidales; f__Prevotellaceae	0.9999999996277015
32e2024b5af8e3db1d2f1f465d7d0112	d__Bacteria; p__Bacillota; c__Clostridia; o__Lachnospirales; f__Lachnospiraceae; g__Lachnospiraceae_UCG-010	0.999885268277698
1eaa3cb7baaac3220b0606e3621afd16	d__Bacteria; p__Bacteroidota; c__Bacteroidia; o__Bacteroidales; f__Rikenellaceae; g__Alistipes	0.9998186593082962
77a52ece0d9da550158abfebf9162d14	d__Bacteria; p__Bacillota; c__Clostridia; o__Oscillospirales; f__[Eubacterium]_coprostanoligenes_group; g__Incertae_Sedis	0.9999999162853221
dd34f847a77fc00f9ac84240b88959ac	d__Bacteria; p__Bacillota; c__Clostridia; o__Peptostreptococcales-Tissierellales; f__Anaerovoracaceae; g__Incertae_Sedis	0.9892285507893372
c4941c9a5b39e21e398b143696dcecb6	d__Bacteria; p__Bacteroidota; c__Bacteroidia; o__Bacteroidales; f__Prevotellaceae; g__Prevotella	0.9999991448483275
0b6eb991173d34102892489e05ecb868	d__Bacteria; p__Bacillota; c__Clostridia; o__Peptostreptococcales-Tissierellales; f__Anaerovoracaceae; g__Incertae_Sedis	0.8538002715899154
f4bace87750c8c5b7697f61826634acb	d__Bacteria; p__Bacillota; c__Clostridia; o__Oscillospirales; f__Ruminococcaceae	0.9999999042220562
b568a70a8d2541b99874d98a93085f82	d__Bacteria; p__Bacillota; c__Negativicutes; o__Veillonellales-Selenomonadales; f__Veillonellaceae; g__Dialister	0.9998459663088176
0be1484f101c08a77a6f34e40dd2f642	d__Bacteria; p__Pseudomonadota; c__Gammaproteobacteria; o__Enterobacterales; f__Enterobacteriaceae; g__Escherichia-Shigella	0.9939676541885903
3735efaa015d97c55fbbc3d909a677ea	d__Bacteria; p__Pseudomonadota; c__Alphaproteobacteria; o__Hyphomicrobiales; f__Xanthobacteraceae; g__Incertae_Sedis	0.8900201513911383
1d8f612763d34c1a3ddbeb32073dcab6	d__Bacteria; p__Pseudomonadota; c__Gammaproteobacteria; o__Burkholderiales; f__SC-I-84; g__Incertae_Sedis	0.9999996121207217
79ba9fd704fc7264b695cc0504c337a9	d__Bacteria; p__Bacillota; c__Clostridia; o__Lachnospirales; f__Lachnospiraceae; g__Lachnospiraceae_FCS020_group	0.8412297033400205
310ab433faac5fab0765d87127d7578f	d__Bacteria; p__Campylobacterota; c__Campylobacteria; o__Campylobacterales; f__Campylobacteraceae; g__Campylobacter	0.9999999999994316
42db27ef41cfff2f80f61b712609076f	d__Bacteria; p__Bacillota; c__Clostridia; o__Peptostreptococcales-Tissierellales; f__Anaerovoracaceae; g__Incertae_Sedis	0.8914955180704224
b4cf81c7acfe279300da8fd8a8ee9ab2	d__Bacteria; p__Bacillota; c__Clostridia; o__Peptostreptococcales-Tissierellales; f__Anaerovoracaceae; g__[Eubacterium]_brachy_group	0.9143605585088742
0a0bb0370ec6d980fe832afcdd8e4446	d__Bacteria; p__Bacteroidota; c__Bacteroidia; o__Bacteroidales; f__Prevotellaceae; g__Prevotella	0.9900025236333458
560eea58f9921c6dbca7f9604bd352bf	d__Bacteria; p__Bacillota; c__Clostridia; o__Oscillospirales; f__Butyricicoccaceae; g__Agathobaculum	0.9954277069598437
e1f30b1b47f80404147cdeb7df90687b	d__Bacteria; p__Actinomycetota; c__Coriobacteriia; o__Coriobacteriales; f__Eggerthellaceae; g__Gordonibacter	0.999993936152645
4cb1ca2f2159e76e6985e5e3961a3826	d__Bacteria; p__Bacillota; c__Clostridia; o__Lachnospirales; f__Lachnospiraceae; g__Dorea	0.8516012236966353
ddc2bf49cf7fed29c5d6f8df1222ce4a	d__Bacteria; p__Bacteroidota; c__Bacteroidia; o__Bacteroidales; f__Prevotellaceae; g__Prevotella	0.9999068273440282
e0a1469cfaca31e7abb494be5eb651de	d__Bacteria; p__Bacillota; c__Clostridia; o__Clostridiales; f__Clostridiaceae; g__Clostridium	0.9995426248399968
a1dac377f5b64afa4ec9861fda5a05a8	d__Bacteria; p__Bacteroidota; c__Bacteroidia; o__Bacteroidales; f__Rikenellaceae; g__Alistipes	0.9999999998940865
a1c8a4289a5c93d48a8c7cc17815ba8a	d__Bacteria; p__Bacillota; c__Bacilli; o__Erysipelotrichales; f__Erysipelotrichaceae; g__Solobacterium	0.9999551912939069
c7d28b7a0a9a95666a7a6df27bdd7472	d__Bacteria; p__Bacillota; c__Clostridia; o__Lachnospirales; f__Lachnospiraceae; g__Marvinbryantia	0.8998202298966522
2fb5a4a7d5e419920ec9257327a118ca	d__Bacteria; p__Bacillota; c__Bacilli; o__Erysipelotrichales; f__Erysipelotrichaceae; g__Holdemania	0.9999995573967324
3c8673e7ff6a0ecd8c60c97168a7287b	d__Bacteria; p__Bacillota; c__Clostridia; o__Oscillospirales; f__UCG-010; g__Incertae_Sedis	0.9351970958283421
ceb36da1a26eecc6429aa5cefb368a09	d__Bacteria; p__Acidobacteriota; c__Acidobacteriae; o__Terriglobales; f__Incertae_Sedis; g__Incertae_Sedis	0.9999987897001082
08c53fdf2c7b879ac5e38d5730b65fd9	d__Bacteria; p__Bacillota; c__Clostridia; o__Christensenellales; f__Christensenellaceae; g__Christensenellaceae_R-7_group	0.9819358705093482
bb1df253475092e884ead44c7c4fe60b	d__Bacteria; p__Bacillota; c__Clostridia; o__Lachnospirales; f__Lachnospiraceae; g__Lachnospiraceae_UCG-004	0.9950221926623869
27cf25602aa5981f49b722300c48b338	d__Bacteria; p__Acidobacteriota; c__Acidobacteriae; o__Solibacterales; f__Solibacteraceae; g__Candidatus_Solibacter	0.9998154560463204
b579963a73221af76d2cd1095de5d27b	d__Bacteria; p__Pseudomonadota; c__Gammaproteobacteria; o__Lysobacterales; f__Rhodanobacteraceae; g__Rudaea	0.8898311649135646
3a3b61faf9a3f7bce28f17bfe73ee637	d__Bacteria; p__Bacillota; c__Clostridia; o__Oscillospirales; f__Ruminococcaceae; g__Incertae_Sedis	0.9255584157565369
6ac3217b3d15de5971f718cb3a3a94cd	d__Bacteria; p__Bacillota; c__Clostridia; o__Lachnospirales; f__Lachnospiraceae; g__Lachnospiraceae_UCG-004	0.9838081828470178
02db09efa7c46a21be5fadc51cb17dd8	d__Bacteria; p__Bacillota; c__Clostridia; o__Clostridia_UCG-014; f__Incertae_Sedis; g__Incertae_Sedis	0.9999999991390354
54239c6454a6a3d3a48e90a79744afb7	d__Bacteria; p__Bacillota; c__Clostridia; o__Oscillospirales; f__Ruminococcaceae; g__Gemmiger	0.9899796682894677
d2261d7f1ddc9f5f4c6f971b97f9a517	d__Bacteria; p__Pseudomonadota; c__Gammaproteobacteria; o__Burkholderiales; f__Oxalobacteraceae	0.999952132755599
10e51791c8dee561db8251780cf9ef0d	d__Bacteria; p__Cyanobacteriota; c__Vampirivibrionia; o__Gastranaerophilales; f__Gastranaerophilaceae; g__Zag_111	0.9981503983790481
946a5449049244c3ee2bad73b5d83547	d__Bacteria; p__Bacillota; c__Bacilli; o__Mycoplasmatales; f__Mycoplasmataceae; g__Mycoplasmopsis	0.9999999999992042
97a604f0b7677461325e10432ce78290	d__Bacteria; p__Bacillota; c__Clostridia; o__Oscillospirales; f__Ruminococcaceae; g__Angelakisella	0.9970877724524054
09e996f449e880d1fd8f27d59e8d8b11	d__Bacteria; p__Bacillota; c__Bacilli; o__Lactobacillales; f__Lactobacillaceae; g__Lacticaseibacillus	0.9947468935721849
44d7de38545dc197783053e56c9d6933	d__Bacteria; p__Bacillota; c__Clostridia; o__Peptostreptococcales-Tissierellales; f__Family_XI; g__Helcococcus	0.9999999999999574
3443b73db214fbccce540ddb43380a8d	d__Bacteria; p__Bacillota; c__Clostridia; o__Oscillospirales; f__Oscillospiraceae; g__Pseudoflavonifractor	0.9969876395203532
f005c8c557afa9e8ed92a77753fc6770	d__Bacteria; p__Bacillota; c__Clostridia; o__Lachnospirales; f__Lachnospiraceae; g__Mediterraneibacter	0.8302299800373961
c5ed5baac8c4ff452a1e65a58e880bfa	d__Bacteria; p__Bacillota; c__Clostridia; o__Oscillospirales; f__Ruminococcaceae; g__Acutalibacter	0.8329596509214816
7971dc6acc750166c08ed54c1289d242	d__Bacteria; p__Bacillota; c__Negativicutes; o__Veillonellales-Selenomonadales; f__Veillonellaceae; g__Megasphaera	0.9999839872151127
f663dd604f793f22ce20452b09494608	d__Bacteria; p__Bacillota; c__Clostridia; o__Oscillospirales; f__UCG-010; g__Incertae_Sedis	0.9919656640110507
35ba68ca1928f943c985a13652a96dfa	d__Bacteria; p__Bacillota; c__Clostridia; o__Clostridia_vadinBB60_group; f__Incertae_Sedis; g__Incertae_Sedis	0.9999960396192172
b38124656c88bcde00e621bad95ddf6e	d__Bacteria; p__Bacillota; c__Negativicutes; o__Veillonellales-Selenomonadales; f__Veillonellaceae; g__Dialister	0.997529916377657
84a29877f28a3309c0acba3ff63a32de	d__Bacteria; p__Acidobacteriota; c__Acidobacteriae; o__Terriglobales; f__Incertae_Sedis; g__Incertae_Sedis	0.999997291194364
1cd2ee92fa127c7f5b53fe414444faea	d__Bacteria; p__Verrucomicrobiota; c__Verrucomicrobiia; o__Pedosphaerales; f__Pedosphaeraceae; g__ADurb.Bin063-1	0.9985386523307862
a1af1932f736869ced05f2e1e8f655f5	d__Bacteria; p__Pseudomonadota; c__Gammaproteobacteria; o__Burkholderiales; f__Nitrosomonadaceae; g__Ellin6067	0.9999999442780891
b246a8c4be47f5eaeb15c5791494436e	d__Bacteria; p__Bacillota; c__Clostridia; o__Peptostreptococcales-Tissierellales; f__Family_XI; g__Anaerococcus	0.9999999999946425
67d7906c8ecae909a52e05d0dc5e72c5	d__Bacteria; p__Bacteroidota; c__Bacteroidia; o__Bacteroidales; f__Prevotellaceae; g__Hoylesella	0.9958152488645082
39f302cd1e558fa137dcd120a4b3a1a1	d__Bacteria; p__Bacillota; c__Clostridia; o__Christensenellales; f__Christensenellaceae; g__Christensenellaceae_R-7_group	0.8636007045055009
8d441a32339fbd015b03fe3089cdec76	d__Bacteria; p__Bacteroidota; c__Bacteroidia; o__Bacteroidales; f__Porphyromonadaceae; g__Porphyromonas	0.9999998510534849
e4f195476bffa394e3048063f99360ea	d__Bacteria; p__Bacteroidota; c__Bacteroidia; o__Bacteroidales; f__Barnesiellaceae; g__Incertae_Sedis	0.9998541252657203
f3185e97f35262dd6f654c91219ebdaf	d__Bacteria; p__Bacillota; c__Negativicutes; o__Veillonellales-Selenomonadales; f__Veillonellaceae; g__Dialister	0.8773530043963582
b3d2cc3b9f0184830bec2ef73bcc6166	d__Bacteria; p__Bacillota; c__Bacilli; o__Lactobacillales; f__Streptococcaceae; g__Lactococcus	0.9999089102396622
a01206f0b17de33744bdac813c3c6eca	d__Bacteria; p__Thermodesulfobacteriota; c__Desulfovibrionia; o__Desulfovibrionales; f__Desulfovibrionaceae; g__Desulfovibrio	0.9999732736744068
7f85ac088481e3811666998c6ba22231	d__Bacteria; p__Fusobacteriota; c__Fusobacteriia; o__Fusobacteriales; f__Fusobacteriaceae; g__Fusobacterium	0.9999999999976978
d2225401f14ec41f51e04588454969b7	d__Bacteria; p__Bacillota; c__Clostridia; o__Oscillospirales; f__Ruminococcaceae	0.99999999897484
09d981dc93a29f773c4d5167829257ec	d__Bacteria; p__Bacillota; c__Clostridia; o__Oscillospirales; f__Oscillospiraceae	0.9999799735264732
4bdbaae586dedec92168f93266de0979	d__Bacteria; p__Bacillota; c__Clostridia; o__Christensenellales; f__Christensenellaceae; g__Christensenellaceae_R-7_group	0.9641829857027828
3177fde531c9d09eb52f3a7bc4426c7b	d__Bacteria; p__Bacillota; c__Clostridia; o__Lachnospirales; f__Lachnospiraceae; g__Mediterraneibacter	0.9675289726332281
7427cc5ba277f690df113d56e5c6b538	d__Bacteria; p__Actinomycetota; c__Coriobacteriia; o__Coriobacteriales; f__Incertae_Sedis; g__Incertae_Sedis	0.9999999943255062
252f97f175f100d130e9172e60cab011	d__Bacteria; p__Pseudomonadota; c__Alphaproteobacteria; o__Rhodospirillales; f__Incertae_Sedis; g__Incertae_Sedis	0.9979614919440203
151dc3710be852488064098205bb884f	d__Bacteria; p__Bacillota; c__Clostridia; o__Oscillospirales; f__Oscillospiraceae; g__Intestinimonas	0.9227729912383938
96f6ae7bdd6e03adf2e2c2143240384b	d__Bacteria; p__Acidobacteriota; c__Acidobacteriae; o__Subgroup_2; f__Incertae_Sedis; g__Incertae_Sedis	0.9999999999999858
932965d7ed2166402b521fea7a1029a4	d__Bacteria; p__Bacillota; c__Clostridia; o__Lachnospirales; f__Lachnospiraceae; g__Blautia	0.9341999585889904
a2d300d1e9c621dbc5239cc092d433c3	d__Bacteria; p__Bacillota; c__Clostridia; o__Clostridia_UCG-014; f__Incertae_Sedis; g__Incertae_Sedis	0.9999999996024513
8f6122e60e66b6f7505a14c0b0ee8ac1	d__Bacteria; p__Bacteroidota; c__Bacteroidia; o__Bacteroidales; f__Prevotellaceae	0.99951484776232
c445246b69fd71bc2b919d023f44b3e5	d__Bacteria; p__Bacillota; c__Clostridia; o__Oscillospirales; f__Oscillospiraceae; g__Colidextribacter	0.9753005795045019
9287624e38c5245c85f53198acc6a7f3	d__Bacteria; p__Bacillota; c__Clostridia; o__Peptostreptococcales-Tissierellales; f__Family_XI; g__Anaerococcus	1.0
1d49df56b83a383d8b998af9d148f52c	d__Bacteria; p__Bacillota; c__Clostridia; o__Clostridiales; f__Clostridiaceae; g__Clostridium	0.9997526280299184
3723ea6e099f53017ca85c153c80969f	d__Bacteria; p__Bacillota; c__Incertae_Sedis; o__Incertae_Sedis; f__Incertae_Sedis; g__Incertae_Sedis	0.9999995748157511
adc2434ddf9567262d641156d01c1d6a	d__Bacteria; p__Bacillota; c__Negativicutes; o__Veillonellales-Selenomonadales; f__Veillonellaceae; g__Dialister	0.9928915950927858
cb89e1b7ff82a658c8def6e75f5c14bc	d__Bacteria; p__Bacillota; c__Clostridia; o__Lachnospirales; f__Lachnospiraceae; g__Lachnotalea	0.7849109397795592
d4e2f6974db486bb6d34a00f7334d33b	d__Bacteria; p__Bacillota; c__Clostridia; o__Oscillospirales; f__Oscillospiraceae; g__NK4A214_group	0.9907751227286997
aa8fd37503453e0ae9e54d4ab1aa8a3f	d__Bacteria; p__Bacillota; c__Clostridia; o__Oscillospirales; f__Oscillospiraceae; g__Intestinimonas	0.9548578082080964
8961809ef142e965d189908690f2a529	d__Bacteria; p__Bacillota; c__Bacilli; o__Lactobacillales; f__Lactobacillaceae; g__Lactobacillus	0.9999842316415677
3cdd5aad050b728ee09ba86a9f57e411	d__Bacteria; p__Bacillota; c__Clostridia; o__Lachnospirales; f__Lachnospiraceae; g__Agathobacter	0.9352368186831839
9af5372058f5a2f86b5b945b62f46feb	d__Bacteria; p__Pseudomonadota; c__Gammaproteobacteria; o__Burkholderiales; f__Comamonadaceae	0.9999996391776245
c7cf8a8f75d27cb64693299761833b87	d__Bacteria; p__Bacillota; c__Bacilli; o__RF39; f__Incertae_Sedis; g__Incertae_Sedis	0.9999999998020428
f85ab807c3a227577d26b183b82110ec	d__Bacteria; p__Bacillota; c__Clostridia; o__Peptostreptococcales-Tissierellales; f__Family_XI; g__Peptoniphilus	0.9999965450502086
9cbf794b9c89435874fce22eba240120	d__Bacteria; p__Bacillota; c__Clostridia; o__Oscillospirales; f__[Eubacterium]_coprostanoligenes_group; g__Incertae_Sedis	0.9636448945511447
8674dcf0cfe35939037fa9a5b986866f	d__Bacteria; p__Fusobacteriota; c__Fusobacteriia; o__Fusobacteriales; f__Fusobacteriaceae; g__Fusobacterium	0.999999999998991
5437b935fd51797a030ebe750c7d9093	d__Bacteria; p__Bacillota; c__Clostridia; o__Monoglobales; f__Monoglobaceae; g__Monoglobus	0.9973423983374564
4c7410caa455e2490e912dd381cb0eac	d__Bacteria; p__Actinomycetota; c__Actinobacteria; o__Micrococcales; f__Micrococcaceae; g__Pseudoglutamicibacter	0.987172671444447
43119e5f1eb41e9ee1776d7a6504126f	d__Bacteria; p__Bacillota; c__Clostridia; o__Christensenellales; f__Christensenellaceae; g__Christensenellaceae_R-7_group	0.8986040580797204
a091accf580f0c2f428ea1d2a1528fba	d__Bacteria; p__Bacillota; c__Clostridia; o__Oscillospirales; f__Oscillospiraceae; g__Colidextribacter	0.9982678052065035
4b5cfdee8130f5fcedcfe5134e44e5d6	d__Bacteria; p__Bacillota; c__Clostridia; o__Lachnospirales; f__Lachnospiraceae; g__[Ruminococcus]_gnavus_group	0.9989052445042576
c7710d6f144476667c42e65e2ec71053	d__Bacteria; p__Actinomycetota; c__Coriobacteriia; o__Coriobacteriales; f__Eggerthellaceae; g__Incertae_Sedis	0.9999999935055115
09aa002a2f42aaa4bce28e5c6737e22a	d__Bacteria; p__Acidobacteriota; c__Vicinamibacteria; o__Vicinamibacterales; f__Incertae_Sedis; g__Incertae_Sedis	0.9999998645563387
cd1d1806410700bcff8e512cb325a25c	d__Bacteria; p__Bacillota; c__Clostridia; o__Oscillospirales; f__Incertae_Sedis; g__Incertae_Sedis	0.9999505802277768
ee5b57a629da222ad236b5d4bc329d71	d__Bacteria; p__Bacillota; c__Bacilli; o__Erysipelotrichales; f__Erysipelotrichaceae; g__Merdibacter	0.9999999958554469
888f55ac51312b80cd969798719e9df0	d__Bacteria; p__Bacteroidota; c__Bacteroidia; o__Bacteroidales; f__Prevotellaceae; g__Paraprevotella	0.9999999999089937
ea52488235f530227f65a4c6e3b27aab	d__Bacteria; p__Bacillota; c__Clostridia; o__Oscillospirales; f__Oscillospiraceae; g__Intestinimonas	0.9420067898069142
d00a358047dbcb9ce8d036d8f18962a7	d__Bacteria; p__Bacillota; c__Clostridia; o__Lachnospirales; f__Lachnospiraceae; g__Extibacter	0.7217789454997295
2a8b072fb29a41c14306e447f2612712	d__Bacteria; p__Actinomycetota; c__Actinobacteria; o__Actinomycetales; f__Actinomycetaceae	0.9999999999977865
d98862c324045e346d03d4bceca3ade4	d__Bacteria; p__Bacteroidota; c__Bacteroidia; o__Bacteroidales; f__Bacteroidaceae; g__Bacteroides	0.9999999985998898
5f0622cb76057f6b76d4eb82008097e5	d__Bacteria; p__Bacillota; c__Bacilli; o__Lactobacillales; f__Aerococcaceae	0.8676561776426239
eb1989e33f64c3dd787f02779df7f2b0	d__Bacteria; p__Actinomycetota; c__Actinobacteria; o__Mycobacteriales; f__Corynebacteriaceae; g__Corynebacterium	0.9999739240831097
1de2e512028881b7a86c5aa9253def9d	d__Bacteria; p__Actinomycetota; c__Actinobacteria; o__Bifidobacteriales; f__Bifidobacteriaceae; g__Gardnerella	0.9999997107159394
25036ba135607cb2eb9f45c9b50bb4d5	d__Bacteria; p__Bacillota; c__Clostridia; o__Oscillospirales; f__UCG-010; g__Incertae_Sedis	0.9999998919274647
52ca86ec48d4b050235dcfdea9cd5d39	d__Bacteria; p__Bacillota; c__Clostridia; o__Oscillospirales; f__UCG-010; g__Incertae_Sedis	0.9999999844973787
e0fc7e9a421580cbfcfa30cfa0917791	d__Bacteria; p__Bacillota; c__Clostridia; o__Oscillospirales; f__Ruminococcaceae	0.9999999999999569
8f8ff8009eb606b59b707de95a57cd2a	d__Bacteria; p__Bacillota; c__Clostridia; o__Christensenellales; f__Christensenellaceae; g__Christensenellaceae_R-7_group	0.9138366029402175
143370e10dab7fdbcbdeda0f8b19658a	d__Bacteria; p__Bacillota; c__Clostridia; o__Christensenellales; f__Christensenellaceae; g__Christensenellaceae_R-7_group	0.9536415080636055
87f6edb6a35369636f7b947cf37be91b	d__Bacteria; p__Bacteroidota; c__Bacteroidia; o__Bacteroidales; f__Rikenellaceae; g__Alistipes	0.9999999999614033
334c54be1e2a2732900e652f8a78d60b	d__Bacteria; p__Bacillota; c__Clostridia; o__Oscillospirales; f__Butyricicoccaceae; g__Agathobaculum	0.9788607490505671
ce546184b8868a04258ac2285a351da1	d__Bacteria; p__Bacillota; c__Clostridia; o__Lachnospirales; f__Lachnospiraceae; g__Lachnoclostridium	0.8576925385514393
199c1f47723143d72682c4ced6bac9ac	d__Bacteria; p__Campylobacterota; c__Campylobacteria; o__Campylobacterales; f__Campylobacteraceae; g__Campylobacter	0.9999999383072425
bbcdc339c8685d185ee0f0e5a58884db	d__Bacteria; p__Bacillota; c__Clostridia; o__Peptostreptococcales-Tissierellales; f__Family_XI; g__Finegoldia	0.9999999998363478
33ba975cdb88b5073a2355ffdf01e9cb	d__Bacteria; p__Actinomycetota; c__Actinobacteria; o__Bifidobacteriales; f__Bifidobacteriaceae; g__Bifidobacterium	0.9999805520363867
3ade68e0c8fce8bb5c9ee9a3252de7f1	d__Bacteria; p__Bacillota; c__Clostridia	0.7732857586586004
4a5cf75f959f95005df0c73dc649cae2	d__Bacteria; p__Acidobacteriota; c__Holophagae; o__Subgroup_7; f__Incertae_Sedis; g__Incertae_Sedis	0.9999999837081363
41a4c7e6cc5a80ba83637525e13a12e6	d__Bacteria; p__Bacillota; c__Clostridia; o__Oscillospirales; f__Ruminococcaceae; g__Ruminococcus	0.9998902678144417
dc41692600de807e3e76f265cdc14075	d__Bacteria; p__Bacillota; c__Clostridia; o__Lachnospirales; f__Lachnospiraceae; g__Mediterraneibacter	0.9178547930604667
519641cb7dd8366ae2f6c6e2cd03f5a6	d__Bacteria; p__Bacillota; c__Clostridia; o__Oscillospirales; f__Ruminococcaceae; g__Hydrogenoanaerobacterium	0.9999854007621307
c84d13308b8608a006759b82fcb5e4ac	d__Bacteria; p__Bacillota; c__Clostridia; o__Lachnospirales; f__Lachnospiraceae; g__Blautia	0.873431449934133
5443a3f15cad4117ecbc72bfd4de8f25	d__Bacteria; p__Bacillota; c__Clostridia; o__Oscillospirales; f__UCG-010; g__Incertae_Sedis	0.999999979962823
9207bf5e78e77c8ecb9d079b8ce7dc8b	d__Bacteria; p__Actinomycetota; c__Actinobacteria; o__Mycobacteriales; f__Corynebacteriaceae; g__Corynebacterium	0.9999933839584982
3c47d1756ee2bde5d0607744e6dbd522	d__Bacteria; p__Bacillota; c__Clostridia; o__Oscillospirales; f__Ruminococcaceae; g__Ruthenibacterium	0.9999633826625198
ab3ff2e0d51ea7efcada5c69c9dd85ad	d__Bacteria; p__Bacillota; c__Clostridia; o__Lachnospirales; f__Lachnospiraceae; g__[Ruminococcus]_gauvreauii_group	0.9929010883914644
1975f0f2b6531e29f1c84e99f1b51ef8	d__Bacteria; p__Actinomycetota; c__Actinobacteria; o__Frankiales; f__Acidothermaceae; g__Acidothermus	0.9999891325744462
4804669ff00c7ec682696fdd03d60923	d__Bacteria; p__Pseudomonadota; c__Gammaproteobacteria; o__Lysobacterales; f__Lysobacteraceae; g__Arenimonas	0.9999999852388443
92046b62c32c7844bc7e53f3094d7a98	d__Bacteria; p__Thermodesulfobacteriota; c__Incertae_Sedis; o__Incertae_Sedis; f__Incertae_Sedis; g__Incertae_Sedis	0.9894364089266163
839a9ecc3aa835396a25f5bb0be485ef	d__Bacteria; p__Bacillota; c__Clostridia; o__Christensenellales; f__Christensenellaceae; g__Incertae_Sedis	0.9993892511922738
0503d8e4bbf94c3a89cd23455a50d7ad	d__Bacteria; p__Bacillota; c__Negativicutes; o__Acidaminococcales; f__Acidaminococcaceae; g__Acidaminococcus	0.9736422025578602
3e63f8a90d89bd302975337b3a1d295c	d__Bacteria; p__Pseudomonadota; c__Gammaproteobacteria; o__Burkholderiales; f__Neisseriaceae; g__Incertae_Sedis	0.9999999999203766
2d6f13426a55dd91c947edf4853bb3e9	d__Bacteria; p__Bacillota; c__Clostridia; o__Clostridia_vadinBB60_group; f__Incertae_Sedis; g__Incertae_Sedis	0.9999990511771368
8968e6d69c11035797726b158c42995e	d__Bacteria; p__Bacillota; c__Clostridia	0.9953824971676315
621492842a9298d79db8d956f546cd46	d__Bacteria; p__Bacillota; c__Clostridia; o__Peptococcales; f__Peptococcaceae; g__Peptococcus	0.9999999996116458
2102f51f3591341a5e15fb5958ee321c	d__Bacteria; p__Bacillota; c__Clostridia; o__Peptostreptococcales-Tissierellales; f__Anaerovoracaceae; g__Family_XIII_UCG-001	0.9998963774441167
304565505f7e8a2abfe0959351b86574	d__Bacteria; p__Bacillota; c__Clostridia; o__Oscillospirales; f__Oscillospiraceae; g__Fastidiosipila	0.9999999826557088
d4323ab1fd41d176de5cdd8311cd3101	d__Bacteria; p__Pseudomonadota; c__Gammaproteobacteria; o__Enterobacterales; f__Pasteurellaceae; g__Actinobacillus	0.7220712415512003
ea00763b3eff28e6e109d14cb2cff8d5	d__Bacteria; p__Bacillota; c__Clostridia; o__Oscillospirales; f__Ruminococcaceae; g__Anaerofilum	0.999996170519054
177db53ded58fcf2915778bff9a04f2c	d__Bacteria; p__Bacillota; c__Bacilli; o__RF39; f__Incertae_Sedis; g__Incertae_Sedis	0.9999999999621707
e1743677edc7ce66e8757d9ac5182154	d__Bacteria; p__Bacillota; c__Clostridia; o__Peptostreptococcales-Tissierellales; f__Anaerovoracaceae; g__Family_XIII_AD3011_group	0.9830547326051577
e9f7d02e967c2cafc57e9734d62b40f9	d__Bacteria; p__Bacillota; c__Clostridia; o__Christensenellales; f__Christensenellaceae; g__Christensenellaceae_R-7_group	0.9837497612042766
638c1cbbe0a8cc58647e7647a603ab72	d__Bacteria; p__Bacillota; c__Bacilli; o__Lactobacillales; f__Lactobacillaceae; g__Lactobacillus	0.9365072490030366
795c00308bc107978d870eb029091b2f	d__Bacteria; p__MBNT15; c__Incertae_Sedis; o__Incertae_Sedis; f__Incertae_Sedis; g__Incertae_Sedis	0.93356584443114
cb80be4ac2def4c41b4338fe839038be	d__Bacteria; p__Actinomycetota; c__Thermoleophilia; o__Solirubrobacterales; f__Solirubrobacteraceae; g__Incertae_Sedis	0.8330663473823117
eed2ad9c2d5b732094c15f0902f14d2c	d__Bacteria; p__Bacillota; c__Clostridia; o__Oscillospirales; f__Oscillospiraceae; g__UCG-005	0.9979423587531745
929e0c2c4994379c0c7e4b28f08c94ac	d__Bacteria; p__Bacillota; c__Clostridia; o__Oscillospirales; f__[Eubacterium]_coprostanoligenes_group; g__Incertae_Sedis	0.9999685546000237
bd2ad00d586fbb853586dae6812f7b24	d__Bacteria; p__Bacillota; c__Bacilli; o__Lactobacillales; f__Lactobacillaceae; g__Pediococcus	0.999940220646918
b6ed1fda48450bc73938e1aad922a581	d__Bacteria; p__Bacillota; c__Clostridia; o__Peptococcales; f__Peptococcaceae; g__Incertae_Sedis	0.9999922250310492
d61d182d52a4a2670558d6160246ffdb	d__Bacteria; p__Bacillota; c__Clostridia; o__Oscillospirales; f__Oscillospiraceae; g__UCG-005	0.9904981436265567
dc8b29549096e6017f7319d3f86e32cc	d__Bacteria; p__Bacillota; c__Clostridia; o__Oscillospirales; f__Ruminococcaceae; g__Paludicola	0.999825721412194
6ea7ac3c41a98c51511fa7bc7c2a6419	d__Bacteria; p__Bacillota; c__Clostridia; o__Clostridia_vadinBB60_group; f__Incertae_Sedis; g__Incertae_Sedis	0.9999056456422607
d861309f5630e701205bb0151c3cea16	d__Bacteria; p__Bacillota; c__Clostridia; o__Oscillospirales; f__[Eubacterium]_coprostanoligenes_group; g__Incertae_Sedis	0.9999946255300686
382b4e37e1cad72fc403170422eb8c23	d__Bacteria; p__Bacillota; c__Clostridia; o__Oscillospirales; f__Oscillospiraceae; g__Intestinimonas	0.8264929471965088
6e129c93672f058c66c7090dbf93dbdf	d__Bacteria; p__Bacillota; c__Clostridia; o__Christensenellales; f__Christensenellaceae; g__Incertae_Sedis	0.9999447843631072
4912cd4c1f9a773f88a73c258c25c825	d__Bacteria; p__Bacillota; c__Clostridia; o__Lachnospirales; f__Lachnospiraceae; g__Faecalicatena	0.9997304697308662
73c80ed30771e7bcfbc9af53fe9dabc0	d__Bacteria; p__Bacillota; c__Clostridia; o__Clostridia_vadinBB60_group; f__Incertae_Sedis; g__Incertae_Sedis	0.9998867153678432
a7e28b3f4879359a929a0da8c8557757	d__Bacteria; p__Bacillota; c__Clostridia; o__Clostridia_vadinBB60_group; f__Incertae_Sedis; g__Incertae_Sedis	0.9481076721099847
1900e8aeb6400849e6294cf82af2180d	d__Bacteria; p__Bacteroidota; c__Bacteroidia; o__Flavobacteriales	0.7627140810848082
f3e2f267fab4fc03d821b0356d2e2902	d__Bacteria; p__Bacillota; c__Clostridia; o__Lachnospirales; f__Lachnospiraceae	0.9999865059110052
adb3b44f743586c33d9be6bd90d9dd1c	d__Bacteria; p__Bacillota; c__Clostridia; o__Oscillospirales; f__Butyricicoccaceae; g__UCG-008	0.7118032757302433
51f5ecce966bb67afae2da7419008535	d__Bacteria; p__Bacillota; c__Clostridia; o__Christensenellales; f__Christensenellaceae; g__Incertae_Sedis	0.9525769208083186
833d3daf41b01f59f4e0133fbe87fac3	d__Bacteria; p__Bacteroidota; c__Bacteroidia; o__Bacteroidales; f__Prevotellaceae; g__Prevotella	0.9999888814371702
a72d0917f05f256c74fbb5a0757ed9b5	d__Bacteria; p__Bacteroidota; c__Bacteroidia; o__Bacteroidales; f__Muribaculaceae; g__Incertae_Sedis	0.9999995336867847
fec2da4ccc40b9ad85a020553063366b	d__Bacteria; p__Pseudomonadota; c__Gammaproteobacteria; o__Burkholderiales; f__Oxalobacteraceae	0.99987574973899
fade5298f44c620ea4d263bedbeeb182	d__Bacteria; p__Bacteroidota; c__Bacteroidia; o__Bacteroidales; f__Marinifilaceae; g__Butyricimonas	0.9999999999994031
15f9f1362adc49cd842b7237b2e311a7	d__Bacteria; p__Bacillota; c__Clostridia; o__Clostridiales; f__Clostridiaceae; g__Clostridium	0.9971507142593264
a42f951cf87f6accbe16633b2e4a44bb	d__Bacteria; p__Bacteroidota; c__Bacteroidia; o__Bacteroidales; f__Porphyromonadaceae; g__Porphyromonas	0.9999999287961313
b1479e74e93e243fc221f7c8b415f507	d__Bacteria; p__Bacillota; c__Clostridia; o__Lachnospirales; f__Lachnospiraceae; g__Roseburia	0.7554840018357034
a5e25e35cdf15e0df8ba3600468301e3	d__Bacteria; p__Bacteroidota; c__Bacteroidia; o__Bacteroidales; f__Prevotellaceae; g__Paraprevotella	0.9999999998701838
717e6182253f059237eb5caacd914ba4	d__Bacteria; p__Acidobacteriota; c__Blastocatellia; o__Pyrinomonadales; f__Pyrinomonadaceae; g__Incertae_Sedis	0.9920675964149663
b5c5a71372eea1709c1bff19a2f24272	d__Bacteria; p__Bacillota; c__Clostridia; o__Lachnospirales; f__Lachnospiraceae; g__Anaerotignum	0.9999189811022101
e5908f0fe871ef3f7022613817868c01	d__Bacteria; p__Bacillota; c__Clostridia; o__Clostridia_UCG-014; f__Incertae_Sedis; g__Incertae_Sedis	0.9996010620618642
c5ec23b5e73a33133aa0fcf9acd58650	d__Bacteria; p__Bacillota; c__Clostridia; o__Oscillospirales; f__Oscillospiraceae; g__Colidextribacter	0.9995314599906862
24cccadb274fef1f88113e8f019e2a63	d__Bacteria; p__Bacillota; c__Clostridia; o__Peptostreptococcales-Tissierellales; f__Anaerovoracaceae	0.9999999993457757
4c7c8a67174a7941f39d5d65650afd49	d__Bacteria; p__Bacillota; c__Bacilli; o__Lactobacillales; f__Lactobacillaceae; g__Lactobacillus	0.9568443454726473
304a8d1fb0f5543cf1c23064bfe3691c	d__Bacteria; p__Bacillota; c__Clostridia; o__Peptostreptococcales-Tissierellales; f__Family_XI; g__Anaerococcus	1.0
7c861f48eaca9c2cacdb0470b609b1d4	d__Bacteria; p__Bacillota; c__Clostridia; o__Lachnospirales; f__Lachnospiraceae; g__Anaerobutyricum	0.9996473973115094
504b29d7282c288d06f7f26759d3fac9	d__Bacteria; p__Bacillota; c__Clostridia; o__Lachnospirales; f__Lachnospiraceae	0.9999996665026556
3f112a88250b1496f6ed61056487cd75	d__Bacteria; p__Bacillota; c__Clostridia; o__Lachnospirales; f__Lachnospiraceae; g__Mediterraneibacter	0.7756056528220866
8b414a059be1b8812e888b7c4d47bb2f	d__Bacteria; p__Bacillota; c__Clostridia; o__Oscillospirales; f__Ruminococcaceae; g__Acutalibacter	0.999938274663472
23b8b65acb9ae8dc5a89b6160b056fa5	d__Bacteria; p__Bacillota; c__Bacilli; o__Lactobacillales; f__Enterococcaceae; g__Enterococcus	0.8928511890308602
e4ac0ea2d3110a7a0fbb7d37386f53a2	d__Bacteria; p__Pseudomonadota; c__Alphaproteobacteria; o__Elsterales; f__Incertae_Sedis; g__Incertae_Sedis	0.9999983240019763
c63a29416a7eabd7ff67a49489118771	d__Bacteria; p__Pseudomonadota; c__Alphaproteobacteria; o__Hyphomicrobiales; f__Xanthobacteraceae; g__Pseudolabrys	0.8364371873742851
98a53a418e0d1e1de9c6dad84fa74ea6	d__Bacteria; p__Bacillota; c__Clostridia; o__Peptostreptococcales-Tissierellales; f__Family_XI; g__Anaerococcus	0.9999999999999858
075de4b64188bb21f1eab54a2bc06fc0	d__Bacteria; p__Bacillota; c__Bacilli; o__Erysipelotrichales; f__Erysipelatoclostridiaceae; g__Thomasclavelia	0.9999999432891273
d114fb4c335125128be28401522dd41a	d__Bacteria; p__Bacillota; c__Bacilli; o__Lactobacillales; f__Streptococcaceae; g__Lactococcus	0.9999999193471641
2da432982b7f27d1f8672b093c6a90c0	d__Bacteria; p__Bacillota; c__Clostridia; o__Lachnospirales; f__Lachnospiraceae	0.9999940730048723
78500a9f64f33ec04e40892a3f534176	d__Bacteria; p__Bacillota; c__Clostridia; o__Lachnospirales; f__Lachnospiraceae; g__Lachnospiraceae_UCG-010	0.9995925335950191
6901d6f3e7e967139a132d6179e8afd9	d__Bacteria; p__Bacillota; c__Clostridia; o__Peptostreptococcales-Tissierellales; f__Anaerovoracaceae	0.9999999918872422
d153a93d6748038f00edb714615c0737	d__Bacteria; p__Bacillota; c__Clostridia; o__Oscillospirales; f__Ruminococcaceae; g__Acutalibacter	0.9921680993242612
1d3b32ffa91427afb0042949965be9d8	d__Bacteria; p__Bacillota; c__Clostridia	0.9920498529311668
fb466b8ed3e9b801793c7cff0ad0bfa3	d__Bacteria; p__Bacillota; c__Bacilli; o__Staphylococcales; f__Staphylococcaceae; g__Nosocomiicoccus	0.9999816952463499
16c6da40e31fdb377aa763d3dd0f6f56	d__Bacteria; p__Bacillota; c__Clostridia; o__Lachnospirales; f__Lachnospiraceae; g__Blautia	0.8051469607551336
6250949ec4f5147dc4eb85883b6b062a	d__Bacteria; p__Bacillota; c__Clostridia; o__Oscillospirales; f__[Eubacterium]_coprostanoligenes_group; g__Incertae_Sedis	0.952727624426611
e3b5a4a0bf06ad5a4ee1400fbee3665d	d__Bacteria; p__Bacillota; c__Clostridia; o__Lachnospirales; f__Lachnospiraceae	0.9999854495501209
c5bbe83eefb639e05548b52ee3aae3c6	d__Bacteria; p__Bacillota; c__Clostridia; o__Oscillospirales; f__Oscillospiraceae; g__UCG-005	0.9995669389572227
e934de394d66c2b06ec85ba363b1f37a	d__Bacteria; p__Pseudomonadota; c__Gammaproteobacteria; o__Burkholderiales; f__A21b; g__Incertae_Sedis	0.9999999979002183
47f2617de53ce85d035fd4d1cc587272	d__Bacteria; p__Bacteroidota; c__Bacteroidia; o__Chitinophagales; f__Chitinophagaceae	0.9999999981568787
a655eb52d5d96245b8e0d409b55de959	d__Bacteria; p__Bacillota; c__Negativicutes; o__Veillonellales-Selenomonadales; f__Veillonellaceae; g__Megasphaera	0.9597159425608977
0266b37dda69c8fd306c9e0ee679e583	d__Bacteria; p__Bacillota; c__Clostridia; o__Oscillospirales; f__Ruminococcaceae	0.9969898646306594
cf5031364fd6f4fdbfccfb2fd88bd4f8	d__Bacteria; p__Bacillota; c__Clostridia; o__Oscillospirales; f__Oscillospiraceae	0.9999989846580783
ffed48f6d64de2ee1ab14eddbed19a25	d__Bacteria; p__Bacillota; c__Clostridia; o__Peptostreptococcales-Tissierellales; f__Family_XI; g__Anaerococcus	1.0
6f2293344b118709ac45a2ece02a95e2	d__Bacteria; p__Actinomycetota; c__Actinobacteria; o__Mycobacteriales; f__Corynebacteriaceae; g__Corynebacterium	0.999993931751769
07cc0347d6ef242f7de0e364092fc19a	d__Bacteria; p__Bacillota; c__Bacilli; o__RF39; f__Incertae_Sedis; g__Incertae_Sedis	0.9999999999524363
09ded90ea9850eb8dd5be29f6ea5a490	d__Bacteria; p__Bacillota; c__Clostridia; o__Peptostreptococcales-Tissierellales; f__Family_XI; g__Peptoniphilus	0.9984003737593768
bee040b0942c767b368519c4706f8cdb	d__Bacteria; p__Bacillota; c__Clostridia; o__Lachnospirales; f__Lachnospiraceae; g__[Eubacterium]_xylanophilum_group	0.9996016273376913
821130ba72e86c335c55c269f31db0d0	d__Bacteria; p__Bacillota; c__Clostridia; o__Clostridiales; f__Clostridiaceae; g__Clostridium	0.9979664455939257
8e7cdf0804e61520aff16b0d184b841b	d__Bacteria; p__Pseudomonadota; c__Gammaproteobacteria; o__Burkholderiales; f__A21b; g__Incertae_Sedis	0.9999897206135389
93e38d6ea36cb5181b003fc13ef4a734	d__Bacteria; p__Bacteroidota; c__Bacteroidia; o__Chitinophagales; f__Chitinophagaceae; g__Terrimonas	0.7252421287270551
c6f96c0b79d9a6b82fb53a5518bce977	d__Bacteria; p__Pseudomonadota; c__Alphaproteobacteria; o__Hyphomicrobiales; f__Xanthobacteraceae; g__Incertae_Sedis	0.9020725236181609
421e1ceb06cb5b4c61b2580c7892ffad	d__Bacteria; p__Acidobacteriota; c__Acidobacteriae; o__Subgroup_2; f__Incertae_Sedis; g__Incertae_Sedis	0.9999999999994316
0aaa057639ebb1839d1e83826e18fa71	d__Bacteria; p__Bacillota; c__Negativicutes; o__Veillonellales-Selenomonadales; f__Veillonellaceae; g__Megasphaera	0.9922386529082236
0e04d44b3cf7d1bcaa9c22f31ed613d4	d__Bacteria; p__Bacillota; c__Negativicutes; o__Veillonellales-Selenomonadales; f__Veillonellaceae; g__Negativicoccus	0.9999999998633626
cd5b7f7211526a4109099a6fd4b01aab	d__Bacteria; p__Bacillota; c__Clostridia; o__Lachnospirales; f__Defluviitaleaceae; g__Defluviitaleaceae_UCG-011	0.9999316898595999
8624322ae2483faffff421f46f814fc2	d__Bacteria; p__Synergistota; c__Synergistia; o__Synergistales; f__Synergistaceae; g__Pyramidobacter	0.9999999999991616
ff376ce6067337dd934fdebe0a3cf2eb	d__Bacteria; p__Bacillota; c__Clostridia; o__Oscillospirales; f__Ethanoligenenaceae; g__Acetanaerobacterium	0.9999695692463386
a8a9a05f11ee2bad8fa87bdfb414b594	d__Bacteria; p__Bacillota; c__Bacilli; o__Lactobacillales; f__Streptococcaceae; g__Streptococcus	0.9999869993360423
370a9ae9f5f667d72350dfcd46d58533	d__Bacteria; p__Bacillota; c__Negativicutes; o__Acidaminococcales; f__Acidaminococcaceae; g__Acidaminococcus	0.8442337581665308
b641fe32cb306c79f3a44cb4ebc9dcfe	d__Bacteria; p__Bacillota; c__Clostridia; o__Oscillospirales; f__Oscillospiraceae; g__Oscillibacter	0.9999861841233297
5d17e341c7040504890ecc5340dc7f34	d__Bacteria; p__Bacillota; c__Clostridia; o__Oscillospirales; f__UCG-010; g__Incertae_Sedis	0.9999965617985527
0a21726cd4952a96635576553da67787	d__Bacteria; p__Bacteroidota; c__Bacteroidia; o__Bacteroidales; f__Prevotellaceae; g__Incertae_Sedis	0.9999999984960084
18c2c9764fa4936d514850289294ce15	d__Bacteria; p__Pseudomonadota; c__Gammaproteobacteria; o__Enterobacterales; f__Enterobacteriaceae; g__Escherichia-Shigella	0.9475303793758163
bca3b58099e34284c059ac72237e501d	d__Bacteria; p__Bacillota; c__Negativicutes; o__Acidaminococcales; f__Acidaminococcaceae; g__Acidaminococcus	0.993982439226587
630918ef3ded270ded983b50b579bfbe	d__Bacteria; p__Pseudomonadota; c__Gammaproteobacteria; o__Lysobacterales	0.9999995896660877
4542e210503a0deaa85d8f51bd802105	d__Bacteria; p__Acidobacteriota; c__Subgroup_5; o__Incertae_Sedis; f__Incertae_Sedis; g__Incertae_Sedis	0.999999999783654
87a7bc7a44c3ce7afdafcdbb020d3d42	d__Bacteria; p__Acidobacteriota; c__Acidobacteriae; o__Subgroup_2; f__Incertae_Sedis; g__Incertae_Sedis	0.9999999999994174
07f7a53f8a49890a6938be8e5f997f42	d__Bacteria; p__Gemmatimonadota; c__Gemmatimonadia; o__Gemmatimonadales; f__Gemmatimonadaceae; g__Gemmatimonas	0.9970315493567008
d29f5c2276e5c39023b2a73593ed907b	d__Bacteria; p__Acidobacteriota; c__Acidobacteriae; o__Terriglobales; f__Incertae_Sedis; g__Incertae_Sedis	0.99997052071073
3460c6d209a9458ad9f55812e064b2db	d__Bacteria; p__Bacillota; c__Clostridia; o__Oscillospirales; f__[Eubacterium]_coprostanoligenes_group; g__Incertae_Sedis	0.9999896321756702
faef978360a572a804a32b574778dc19	d__Eukaryota	0.9293237202775961
cbe31c346daa88b15b916873cfb5bd20	d__Bacteria; p__Bacillota; c__Clostridia; o__Lachnospirales; f__Lachnospiraceae	0.9999954161217761
eec38d4824a43492a8ff0f19a69bd331	d__Bacteria; p__Bacillota; c__Clostridia; o__Oscillospirales; f__Oscillospiraceae; g__Incertae_Sedis	0.967228516772485
33ddca6781100b91d670de9a543e5aa7	d__Bacteria; p__Bacillota; c__Clostridia; o__Lachnospirales; f__Lachnospiraceae; g__Shuttleworthia	0.951200112334199
98143d3e3cd541c0028117de28d58c8c	d__Bacteria; p__Bacillota; c__Clostridia; o__Lachnospirales; f__Lachnospiraceae; g__Sellimonas	0.9696714149413463
75c1eab5044adfefdb466e06f90d0775	d__Bacteria; p__Bacillota; c__Clostridia; o__Incertae_Sedis; f__Incertae_Sedis; g__Incertae_Sedis	0.7564864266459138
5a995ef0ef454381562fe4d6909fa8d4	d__Bacteria; p__Bacillota; c__Clostridia; o__Oscillospirales; f__Oscillospiraceae; g__Colidextribacter	0.9985299663257863
88d09c1f988b369414b16b8edafaaa2e	d__Bacteria; p__Bacillota; c__Clostridia; o__Oscillospirales; f__UCG-010; g__Incertae_Sedis	0.9999999710459382
963eff531673e1aa3a6b54db94920693	d__Bacteria; p__Bacillota; c__Clostridia; o__Peptostreptococcales-Tissierellales; f__Anaerovoracaceae; g__[Eubacterium]_brachy_group	0.999906098681267
16530e5b50b780018210dac05a471715	d__Bacteria; p__Bacillota; c__Clostridia; o__Oscillospirales; f__Oscillospiraceae; g__UCG-002	0.9999593071380233
29193d83ac633000f3668b2053d8eff3	d__Bacteria; p__Actinomycetota; c__Actinobacteria; o__Micromonosporales; f__Micromonosporaceae; g__Luedemannella	0.8942877243292244
e3620a87443a142150a1b20a237c48a2	d__Bacteria; p__Pseudomonadota; c__Alphaproteobacteria; o__Hyphomicrobiales; f__Xanthobacteraceae; g__Pseudolabrys	0.9230282352651571
e4ee05bbf4ea42bb7404e560a5998628	d__Bacteria; p__Bacteroidota; c__Bacteroidia; o__Chitinophagales; f__Chitinophagaceae; g__Puia	0.9976818558012399
49f8a2deb917a11a9db91dba69b14ef8	d__Bacteria; p__Bacillota; c__Clostridia; o__Peptostreptococcales-Tissierellales; f__Family_XI; g__Peptoniphilus	0.9999976841220601
7a80eb794179e899066579742bc71f18	d__Bacteria; p__Bacillota; c__Clostridia; o__Oscillospirales; f__Ruminococcaceae; g__Incertae_Sedis	0.8462999692283565
3a2a7cb0fcf3f94a77afecb8c2ca949b	d__Bacteria; p__Bacillota; c__Clostridia; o__Lachnospirales; f__Lachnospiraceae; g__Catenibacillus	0.9994095599060943
5efc6c4d12513b5dd110edd3a8524b91	d__Bacteria; p__Bacillota; c__Bacilli; o__Lactobacillales; f__Carnobacteriaceae; g__Trichococcus	0.8074155101607279
cc4ec80d286c96c8a46b2941b2466038	d__Bacteria; p__Bacillota; c__Clostridia; o__Oscillospirales; f__Butyricicoccaceae; g__Agathobaculum	0.9846650872981552
2d88bef5acdb787ea01151589d421283	d__Bacteria; p__Bacillota; c__Clostridia; o__Oscillospirales; f__Ruminococcaceae	0.720808603926351
60a73a2ed26650bb42cc578d666c1bf0	d__Bacteria; p__Bacillota; c__Clostridia; o__Oscillospirales; f__Ruminococcaceae; g__[Clostridium]_methylpentosum_group	0.787045934365902
3971f12074ab43063f75c7cf8030f49d	d__Bacteria; p__Bacillota; c__Clostridia; o__Christensenellales; f__Christensenellaceae; g__Christensenellaceae_R-7_group	0.9115897376316587
19377431bcdc91653d35f0fc94647e1f	d__Bacteria; p__Pseudomonadota; c__Alphaproteobacteria; o__Hyphomicrobiales; f__KF-JG30-B3; g__Incertae_Sedis	0.9999999999376143
08ff68f5cebffbf00b63740f6ef7f364	d__Bacteria; p__Pseudomonadota; c__Gammaproteobacteria; o__Steroidobacterales; f__Steroidobacteraceae; g__Incertae_Sedis	0.9991084769298901
f7e320ededd055705b5f95b915ce3327	d__Bacteria; p__Bacillota; c__Clostridia; o__Peptostreptococcales-Tissierellales; f__Family_XI; g__Peptoniphilus	0.9999999995854836
9e9c4270966cf507485654eb33a69880	d__Bacteria; p__Bacillota; c__Bacilli; o__Lactobacillales; f__Lactobacillaceae; g__Weissella	0.9999999999683524
2b7ca3f17ad95fffabe88f1bb4fcd736	d__Bacteria; p__Bacillota; c__Clostridia; o__Christensenellales; f__Christensenellaceae; g__Christensenellaceae_R-7_group	0.9749034814451192
b0938aed5be8f42ed0791fe5c571fc34	d__Bacteria; p__Bacillota; c__Clostridia; o__Oscillospirales; f__Ruminococcaceae	0.9975174321898794
de641e423b4a00fd0c6ae6fa5d27e866	d__Bacteria; p__Bacillota; c__Clostridia; o__Oscillospirales; f__Ruminococcaceae; g__Paludicola	0.9397686102752187
d4b167f0fb11588dad2ab415a535461c	d__Bacteria; p__Bacillota; c__Clostridia; o__Lachnospirales; f__Lachnospiraceae; g__Moryella	0.9941848609908398
1f643921b7835f92be7b7683d5d2d8f1	d__Bacteria; p__Bacteroidota; c__Bacteroidia; o__Bacteroidales; f__Bacteroidaceae; g__Bacteroides	0.9999999968118516
23f6cc646c729e5fe1a7527709eddcba	d__Bacteria; p__Bacteroidota; c__Bacteroidia; o__Bacteroidales; f__Bacteroidaceae; g__Bacteroides	0.9999996819757592
d30f25f7cea858e96e06a0c05c5d9256	d__Bacteria; p__Bacillota; c__Clostridia; o__Oscillospirales; f__Ruminococcaceae; g__Faecalibacterium	0.9725933685273318
143d05008bcf1acad1f6728241660074	d__Bacteria; p__Latescibacterota; c__Incertae_Sedis; o__Incertae_Sedis; f__Incertae_Sedis; g__Incertae_Sedis	0.9999998461621379
3f4ed624f5d48912e38e325830488c41	d__Bacteria; p__Pseudomonadota; c__Gammaproteobacteria; o__R7C24; f__Incertae_Sedis; g__Incertae_Sedis	0.9999999976535463
20c93503da260c528c1b59f783184b6d	d__Bacteria; p__Bacillota; c__Bacilli; o__Lactobacillales; f__Lactobacillaceae; g__Limosilactobacillus	0.8208405037874988
c2214f5c48ce111caeeb8f928ca5b648	d__Bacteria; p__Bacillota; c__Clostridia; o__Peptostreptococcales-Tissierellales; f__Anaerovoracaceae; g__Family_XIII_AD3011_group	0.9323604748872487
13b3d0dec3cd9fb5f2a5693d5a131497	d__Bacteria; p__Bacillota; c__Clostridia; o__Clostridia_UCG-014; f__Incertae_Sedis; g__Incertae_Sedis	0.9999999997808686
ec6f74df6166e931d81a28b9dd967364	d__Bacteria; p__Bacillota; c__Negativicutes; o__Veillonellales-Selenomonadales; f__Veillonellaceae; g__Megasphaera	0.9996112411820234
f9aa9842131b4b26d9715d04aa7bfda2	d__Bacteria; p__Bacteroidota; c__Bacteroidia; o__Bacteroidales; f__Porphyromonadaceae; g__Porphyromonas	0.999998965502551
7d135dfbf857c62673695ef24332b100	d__Bacteria; p__Actinomycetota; c__Actinobacteria; o__Micrococcales; f__Micrococcaceae; g__Rothia	0.9999986142147971
76ec16cef4c7230bd9bcad23c56fba9f	d__Bacteria; p__Bacillota; c__Clostridia; o__Oscillospirales; f__Ruminococcaceae	0.9804709031276958
fbb2ccdf9eee6835b98ab9fad97f117a	d__Bacteria; p__Bacillota; c__Clostridia; o__Clostridia_vadinBB60_group; f__Incertae_Sedis; g__Incertae_Sedis	0.9999999943508584
6839e66a1cfeb373e15a58f9f801e863	d__Bacteria; p__Bacillota; c__Clostridia; o__Oscillospirales; f__Butyricicoccaceae; g__UCG-009	0.9999646981672111
fcebaf004ffa8c7c5361fe6187b36fa0	d__Bacteria; p__Bacillota; c__Bacilli; o__Lactobacillales; f__Lactobacillaceae; g__Lactobacillus	0.85831611271075
e97725fbbcadfed36a81eb5e5a120067	d__Bacteria; p__Bacillota; c__Clostridia; o__Lachnospirales; f__Lachnospiraceae	0.9999920796570893
4876553b9fed8291dbf1c63b0ac0886a	d__Bacteria; p__Bacillota; c__Clostridia; o__Clostridia_vadinBB60_group; f__Incertae_Sedis; g__Incertae_Sedis	0.9999999951491816
42060670426da942e8158ded54478b51	d__Bacteria; p__Bacillota; c__Clostridia; o__Lachnospirales; f__Lachnospiraceae; g__Sellimonas	0.982334498580073
4e84421257e93a402a6fbabc5d34b821	d__Bacteria; p__Bacillota; c__Bacilli; o__Lactobacillales; f__Lactobacillaceae; g__Lactobacillus	0.961932170980355
75c5626f1cc9cc471664aeca0515774e	d__Bacteria; p__Bacillota; c__Clostridia; o__Lachnospirales; f__Lachnospiraceae; g__Lachnospiraceae_UCG-010	0.9387532350207388
497155739b0b28f97faa1878ae95ca75	d__Bacteria; p__Bacillota; c__Clostridia; o__Lachnospirales; f__Lachnospiraceae; g__Lachnospiraceae_NK4A136_group	0.8839064476278733
b58e7be2917611127935efa19ecd792a	d__Bacteria; p__Bacillota; c__Clostridia; o__Lachnospirales; f__Lachnospiraceae; g__Lachnospiraceae_FCS020_group	0.8932191147285199
4b22253d83c9bcba6868b5cabb766c62	d__Bacteria; p__Bacteroidota; c__Bacteroidia; o__Bacteroidales; f__Prevotellaceae	0.9999830560659458
e24b5776f2060d8778c92a3aece918f0	d__Bacteria; p__Bacillota; c__Bacilli; o__Lactobacillales; f__Lactobacillaceae; g__Lactobacillus	0.957614439275139
fe1d758f268d0c3fe3c677aed90ffd1e	d__Bacteria; p__Bacillota; c__Clostridia; o__Oscillospirales; f__Ruminococcaceae; g__Paludicola	0.777518462199506
04edaa963304c466674c30f9f9bb087e	d__Bacteria; p__Bacillota; c__Clostridia; o__Peptostreptococcales-Tissierellales; f__Peptostreptococcaceae; g__Paeniclostridium	0.9874914566479158
5958fd2b7ec972907e061e8f4d0c49b8	d__Bacteria; p__Acidobacteriota; c__Subgroup_22; o__Incertae_Sedis; f__Incertae_Sedis; g__Incertae_Sedis	0.9999999677792891
da970e482dfe05782437a7463b5c71b7	d__Bacteria; p__Acidobacteriota; c__Acidobacteriae; o__Subgroup_2; f__Incertae_Sedis; g__Incertae_Sedis	0.999999999999929
f7203e351744bd85e85ea4c72a2a60ca	d__Bacteria; p__Bacteroidota; c__Bacteroidia; o__Chitinophagales; f__Incertae_Sedis; g__Incertae_Sedis	0.9637207390910143
2b1a1826b1a5bae15ba5ffbabc2e473f	d__Bacteria; p__Bacillota; c__Clostridia; o__Clostridia_UCG-014; f__Incertae_Sedis; g__Incertae_Sedis	0.9991386653942201
c94824cf26ea1b773e01944b5cbc567e	d__Bacteria; p__Bacillota; c__Clostridia; o__Peptostreptococcales-Tissierellales; f__Family_XI; g__Anaerococcus	1.0
c7389f69e315b9711c476037ff272192	d__Bacteria; p__Actinomycetota; c__Actinobacteria; o__Mycobacteriales; f__Corynebacteriaceae; g__Corynebacterium	0.9999998371532389
abee0e7fcc28204ca55bc2b16e140d5b	d__Bacteria; p__Bacillota; c__Clostridia; o__Oscillospirales; f__UCG-010; g__Incertae_Sedis	0.9999883462143295
ae94aa5faaa29c5abe3821ae721ab961	d__Bacteria; p__Bacteroidota; c__Bacteroidia	0.9925493312903073
cd454c45a2b54026d5ec1086957a0196	d__Bacteria; p__Bacillota; c__Clostridia; o__Lachnospirales; f__Lachnospiraceae; g__GCA-900066575	0.9911100045185176
5e581b06024ab980e25ee550e0b97247	d__Bacteria; p__Bacillota; c__Clostridia; o__Christensenellales; f__Christensenellaceae; g__Christensenella	0.9999994170883746
f99ab34daac23c1ed229622264a46113	d__Bacteria; p__Actinomycetota; c__Coriobacteriia; o__Coriobacteriales; f__Atopobiaceae; g__Incertae_Sedis	0.9999972750783179
7e7d68f511a7019ad4a8d6b9b8138e34	d__Bacteria; p__Bacillota; c__Clostridia; o__Oscillospirales; f__Oscillospiraceae; g__Colidextribacter	0.9991298004084048
dd76ee315469214d08ce4659f45d97eb	d__Bacteria; p__Pseudomonadota; c__Gammaproteobacteria; o__Enterobacterales; f__Enterobacteriaceae; g__Escherichia-Shigella	0.9405503538218732
520093e54d88f4374f2935d53e12bf99	d__Bacteria; p__Bacteroidota; c__Bacteroidia; o__Bacteroidales; f__Porphyromonadaceae; g__Porphyromonas	0.9999998504739663
2fb128b23cc1639587e021767929870b	d__Bacteria; p__Bacillota; c__Bacilli; o__Lactobacillales; f__Lactobacillaceae; g__Lactobacillus	0.999979080588839
5f974f9e9c4d789f6a052bab4674e890	d__Bacteria; p__Bacillota; c__Bacilli; o__RF39; f__Incertae_Sedis; g__Incertae_Sedis	0.9999998391571255
7b6b1061c5015981f17a06c394aad1b6	d__Bacteria; p__Bacillota; c__Clostridia; o__Lachnospirales; f__Lachnospiraceae; g__Sellimonas	0.9910991071366769
0ef1d7890dcde5ea0b4f12dbc7cbaf9c	d__Bacteria; p__Actinomycetota; c__Coriobacteriia; o__Coriobacteriales; f__Eggerthellaceae; g__Adlercreutzia	0.9898191944037148
003e253932cf83d92de80661474011ca	d__Bacteria; p__Bacillota; c__Clostridia; o__Christensenellales; f__Christensenellaceae; g__Christensenella	0.9999944855414915
ce23dc3713e3748ce378d3dbcc8d8918	d__Bacteria; p__Bacillota; c__Clostridia; o__Oscillospirales; f__Oscillospiraceae; g__NK4A214_group	0.9472059347760853
0f5acbee6e1036e86fcd29f411e3935d	d__Bacteria; p__Bacillota; c__Clostridia; o__Lachnospirales; f__Lachnospiraceae	0.9999646134898543
4d334598e144b1d31c0b92a301b5cc68	d__Bacteria; p__Bacillota; c__Clostridia; o__Lachnospirales; f__Lachnospiraceae; g__Lachnospiraceae_FCS020_group	0.986376209512617
ecdee0aca044f2ca5423a3cd3dd03448	d__Bacteria; p__Pseudomonadota; c__Gammaproteobacteria; o__Enterobacterales; f__Enterobacteriaceae; g__Escherichia-Shigella	0.9876588625973275
e1e57dba2b0942b4229961b847aa98e8	d__Bacteria; p__Bacillota; c__Clostridia; o__Lachnospirales; f__Lachnospiraceae	0.9999999704011696
5ab3a059593c2ae420d4f4ee3c3b18c8	d__Bacteria; p__Actinomycetota; c__Coriobacteriia; o__Coriobacteriales; f__Atopobiaceae; g__Atopobium	0.9822630174801402
4844f543bf025f816deceb10130f0cb6	d__Bacteria; p__Bacillota; c__Bacilli; o__Lactobacillales; f__Lactobacillaceae; g__Lactobacillus	0.9999883146445878
f634df702081d571c69c78d9aae90120	d__Bacteria; p__Bacillota; c__Clostridia	0.9738550174921616
dffd7d5e83db17c6c0bce2832d77bec0	d__Bacteria; p__Actinomycetota; c__Coriobacteriia; o__Coriobacteriales; f__Eggerthellaceae; g__Adlercreutzia	0.9292742752059427
57a2b7f3845e9dc1a8bf96b2539bde57	d__Bacteria; p__Bacillota; c__Clostridia; o__Oscillospirales; f__Ruminococcaceae; g__Paludicola	0.9851417524046411
034061db75629f2f71b16186302a7e44	d__Bacteria; p__Bacillota; c__Clostridia; o__Oscillospirales; f__Ruminococcaceae; g__Anaerotruncus	0.9969566471145807
38eaa8f3d127290bf06b9a82171c37c0	d__Bacteria; p__Pseudomonadota; c__Gammaproteobacteria; o__Enterobacterales; f__Morganellaceae; g__Proteus	0.988965395214283
612b65b15d2a64e55bef0a6f28a0f7d0	d__Bacteria; p__RCP2-54; c__Incertae_Sedis; o__Incertae_Sedis; f__Incertae_Sedis; g__Incertae_Sedis	0.8623673543997494
5b2529faa44a3679b887ecd91b6b4149	d__Bacteria; p__Chloroflexota; c__KD4-96; o__Incertae_Sedis; f__Incertae_Sedis; g__Incertae_Sedis	0.9999999994043947
cc63a75851b8c19c41038012fcab77a2	d__Bacteria; p__Pseudomonadota; c__Gammaproteobacteria; o__Burkholderiales; f__SC-I-84; g__Incertae_Sedis	0.9999990132792825
c8d288f515d31ccb79baf2286101865e	d__Bacteria; p__Acidobacteriota; c__Acidobacteriae; o__Solibacterales; f__Solibacteraceae; g__Candidatus_Solibacter	0.998179520169112
42ab378bf5e9c168eeb2ff71cdffb5fa	d__Bacteria; p__Bacteroidota; c__Bacteroidia; o__Bacteroidales; f__Muribaculaceae; g__Incertae_Sedis	0.9999924215259564
baeba615f83e60cde6f2d1b1b0d2ab78	d__Bacteria; p__Bacillota; c__Negativicutes; o__Veillonellales-Selenomonadales; f__Veillonellaceae; g__Dialister	0.9997043830786226
219df5620d57114ac1db225525df47c2	d__Bacteria; p__Bacillota; c__Negativicutes; o__Veillonellales-Selenomonadales; f__Veillonellaceae; g__Megasphaera	0.9968003274165709
d20b46e3c9d79a8e49a48f112fc03d4f	d__Bacteria; p__Bacillota; c__Clostridia; o__Peptostreptococcales-Tissierellales; f__Peptostreptococcaceae; g__Romboutsia	0.9969262726426769
e39c3730a3fcf2fd3b9a4f28caecbb71	d__Bacteria; p__Bacillota; c__Negativicutes; o__Veillonellales-Selenomonadales; f__Veillonellaceae; g__Megasphaera	0.9999999483561495
70b61774c9afaef3bb3195d1897df968	d__Bacteria; p__Pseudomonadota; c__Gammaproteobacteria; o__Enterobacterales; f__Enterobacteriaceae; g__Aquamonas	0.8607499411360751
9554cc3833549c23e480e5fe4990f4be	d__Bacteria; p__Bacillota; c__Clostridia; o__Oscillospirales; f__Oscillospiraceae; g__UCG-003	0.9996711524746871
443cd0556d78e022458f972d92efa850	d__Bacteria; p__Bacteroidota; c__Bacteroidia; o__Bacteroidales; f__Tannerellaceae; g__Parabacteroides	0.9606637298079372
8df31d859e0a5446b30ca0cd81ce907f	d__Bacteria; p__Bacillota; c__Clostridia; o__Oscillospirales; f__Ruminococcaceae	0.9993893749539653
b42c103a8a466983c20bd46171c9f925	d__Bacteria; p__Bacillota; c__Clostridia; o__Oscillospirales; f__Ruminococcaceae; g__Candidatus_Soleaferrea	0.9718742257857904
4cdc5b820b31c7b2c0720f917d9cd3f7	d__Bacteria; p__Bacillota; c__Clostridia; o__Christensenellales; f__Christensenellaceae; g__Christensenellaceae_R-7_group	0.9334221211827326
c064bcc15c3e7e32c36069f6da6f5d7a	d__Bacteria; p__Bacillota; c__Clostridia; o__Oscillospirales; f__Ruminococcaceae; g__Hydrogenoanaerobacterium	0.9999989063403246
65c652b1773b5a68acc8ff445809a9fe	d__Bacteria; p__Synergistota; c__Synergistia; o__Synergistales; f__Synergistaceae; g__Cloacibacillus	0.9999999984067358
8d7e1465fbc2323c5155ea4c76dd520c	d__Bacteria; p__Bacillota; c__Clostridia; o__Oscillospirales; f__Ruminococcaceae	0.9993305820225904
664667183a91ac47de4771fa5456a698	d__Bacteria; p__Bacillota; c__Clostridia; o__Lachnospirales; f__Lachnospiraceae; g__Mediterraneibacter	0.8995889389326254
5d58a0b3d0710b4c7563519c80cf242b	d__Bacteria; p__Bacillota; c__Clostridia; o__Oscillospirales; f__UCG-010; g__Incertae_Sedis	0.9999970550263718
9cf3b2210a0be2963ef9c210aed1b36a	d__Bacteria; p__Bacillota; c__Clostridia; o__Lachnospirales; f__Lachnospiraceae	0.9999972280938334
4a1e5e44473fcf41f308288148927289	d__Bacteria; p__Pseudomonadota; c__Gammaproteobacteria; o__Burkholderiales; f__Neisseriaceae; g__Incertae_Sedis	0.9999999999923119
15c6199023bc6e28cf83f14b19720efc	d__Bacteria; p__Actinomycetota; c__Actinobacteria; o__Mycobacteriales; f__Corynebacteriaceae; g__Corynebacterium	0.999955830479022
1eafd1521ed34517ba04ee3e47fdf7b4	d__Bacteria; p__Bacillota; c__Clostridia; o__Lachnospirales; f__Lachnospiraceae; g__Lachnospiraceae_FE2018_group	0.9996580706591591
29daaf94c6c9c41e5044aa321d18a306	d__Bacteria; p__Bacillota; c__Bacilli; o__Lactobacillales; f__Lactobacillaceae; g__Lacticaseibacillus	0.9995453308616711
202f505123c72e7cf838be7c86ebf7a6	d__Bacteria; p__Acidobacteriota; c__Acidobacteriae; o__Terriglobales; f__Incertae_Sedis; g__Incertae_Sedis	0.9999571847073987
a5c258bc057e09ee5a49a3402d453ac9	d__Bacteria	0.9999999999999938
76fed0c69c769fe95c07daed890c69b6	d__Bacteria; p__Acidobacteriota; c__Holophagae; o__Subgroup_7; f__Incertae_Sedis; g__Incertae_Sedis	0.9999740835868829
99b45d835ebb17d61efa99fbea02ad39	d__Archaea; p__Thermoproteota; c__Nitrososphaeria; o__Nitrososphaerales; f__Nitrososphaeraceae; g__Incertae_Sedis	0.9939392877077017
9bb9c1aa60db2c468b09f4a12cc4b979	d__Bacteria; p__Bacillota; c__Clostridia; o__Peptostreptococcales-Tissierellales; f__Family_XI; g__Kallipyga	0.9999999999951683
9d2b385c3ad2c3abfa96058922b00164	d__Bacteria; p__Bacillota; c__Clostridia; o__Lachnospirales; f__Lachnospiraceae	0.9999343140647361
9683ad489dfae3d20fb1af327c5d694e	d__Bacteria; p__Bacillota; c__Clostridia; o__Oscillospirales; f__Oscillospiraceae; g__Ruminiclostridium	0.9733729780447063
6264d3558651b758d260209f5a002eda	d__Bacteria; p__Bacillota; c__Clostridia; o__Peptostreptococcales-Tissierellales; f__Family_XI; g__Ndongobacter	0.9999999999998153
dc8b0b246ab81bc82c56543dd2d18b84	d__Bacteria; p__Verrucomicrobiota; c__Lentisphaeria; o__Victivallales; f__Victivallaceae; g__Victivallis	0.9994913233951086
7555e4e60606c6c09f49d343da029b33	d__Bacteria; p__Bacillota; c__Clostridia; o__Lachnospirales; f__Lachnospiraceae	0.9999803022891391
6b2ddef408d50cd0e2dcf59cb7c65dac	d__Bacteria; p__Pseudomonadota; c__Alphaproteobacteria; o__Rhodospirillales; f__Incertae_Sedis; g__Incertae_Sedis	0.9999999947312546
3704e8efdf08f0e95a1dbc4611310d30	d__Bacteria; p__Bacillota; c__Clostridia; o__Clostridia_vadinBB60_group; f__Incertae_Sedis; g__Incertae_Sedis	0.999999993126977
4d3f1d8f02b45e845e419a273f5b2386	d__Bacteria; p__Bacillota; c__Clostridia; o__Oscillospirales; f__Ruminococcaceae; g__Ruminococcus	0.9980677589361584
d23bbe506e4ded19e9dd017b65275bab	d__Bacteria; p__Bacillota; c__Clostridia; o__Christensenellales; f__Christensenellaceae; g__Incertae_Sedis	0.9996027824676753
9a075c19908c02c511f36816e2237d72	d__Bacteria; p__Bacillota; c__Bacilli; o__Lactobacillales; f__Lactobacillaceae; g__Limosilactobacillus	0.7496763924184431
d27e69147b6544e42209d95079709ad0	d__Bacteria; p__Bacillota; c__Clostridia; o__Peptostreptococcales-Tissierellales; f__Family_XI; g__Anaerococcus	0.9999999999994742
94a78de372f84ee85becee23876e82c9	d__Bacteria; p__Bacillota; c__Clostridia; o__Lachnospirales; f__Lachnospiraceae; g__Lachnospiraceae_UCG-010	0.9969563318334995
bb520a25037fe6c24024c4f8fc40b5b7	d__Bacteria; p__Bacillota; c__Clostridia; o__Peptostreptococcales-Tissierellales; f__Anaerovoracaceae; g__Family_XIII_AD3011_group	0.9916156177463087
b23dee3dd2e0c370f4de6668a7c64ffa	d__Bacteria; p__Bacteroidota; c__Bacteroidia; o__Bacteroidales; f__Rikenellaceae; g__Alistipes	0.9999999999891287
ecdb9d1fd7f883ccc8873ec7f9119f77	d__Bacteria; p__Bacillota; c__Clostridia; o__Oscillospirales; f__Ruminococcaceae	0.9944651157388428
f2bd534dbad5deb2a00ac61ea5a7cab0	d__Bacteria; p__Bacteroidota; c__Bacteroidia; o__Bacteroidales; f__Prevotellaceae; g__Hoylesella	0.9984000465509735
3255441a73c39b554397196c0c880abd	d__Bacteria; p__Bacillota; c__Bacilli; o__Lactobacillales; f__Lactobacillaceae; g__Lactobacillus	0.9999759615520177
0e1576434ee32820684481cac317c2c6	d__Bacteria; p__Actinomycetota; c__Coriobacteriia; o__Coriobacteriales; f__Atopobiaceae; g__Fannyhessea	0.9999999989035331
a79df03c29d5421b97a241db52f4f4ab	d__Bacteria; p__Pseudomonadota; c__Gammaproteobacteria; o__Burkholderiales; f__SC-I-84; g__Incertae_Sedis	0.9994536718753367
891f4e188fadbc3661081d172cdc6b0d	d__Bacteria; p__Methylomirabilota; c__Methylomirabilia; o__Rokubacteriales; f__Incertae_Sedis; g__Incertae_Sedis	0.9999999999999005
a96ffc478885074f3149a409a56635b2	d__Bacteria; p__Pseudomonadota; c__Gammaproteobacteria; o__Lysobacterales; f__Lysobacteraceae; g__Incertae_Sedis	0.9699137161352858
324792d80a7bdee8e81e5887b4504842	d__Bacteria; p__Myxococcota; c__bacteriap25; o__Incertae_Sedis; f__Incertae_Sedis; g__Incertae_Sedis	0.7089814736469084
ed56f5a06d3ad03cda9c8c992220b7f1	d__Bacteria; p__Acidobacteriota; c__Thermoanaerobaculia; o__Thermoanaerobaculales; f__Thermoanaerobaculaceae; g__Subgroup_10	0.999726505667142
b32c31cdf2e8499f2dcf74dc1dca50df	d__Bacteria; p__Actinomycetota; c__Thermoleophilia; o__Solirubrobacterales; f__67-14; g__Incertae_Sedis	0.9999999993047197
13146d4939fcf946a0accdf800121e32	d__Bacteria; p__Pseudomonadota; c__Alphaproteobacteria; o__Elsterales; f__Incertae_Sedis; g__Incertae_Sedis	0.9999968157709382
d70b5e40ddbf19c6a2f8db736721c348	d__Bacteria; p__Bacteroidota; c__Bacteroidia; o__Bacteroidales; f__Prevotellaceae; g__Hoylesella	0.999845558755915
47a42cdd96afc4578f7d8f074330189c	d__Bacteria; p__Bacillota; c__Clostridia; o__Peptostreptococcales-Tissierellales; f__Family_XI; g__Anaerococcus	0.9999999999999005
7f4b4de1ecd4e8e6082da402c8de097d	d__Bacteria; p__Actinomycetota; c__Actinobacteria; o__Mycobacteriales; f__Corynebacteriaceae; g__Corynebacterium	0.9998850795593813
bb45c5b15adb459a9c8865d055cc3170	d__Bacteria; p__Bacillota; c__Clostridia; o__Peptostreptococcales-Tissierellales; f__Family_XI; g__Peptoniphilus	0.9999999614955762
34b016bc5ceae1b15ba6cae2e54069d2	d__Bacteria; p__Bacteroidota; c__Bacteroidia; o__Bacteroidales; f__Prevotellaceae; g__Leyella	0.9999999966255189
79b5361a8906fbfe030167eb84f87c8a	d__Bacteria; p__Bacillota; c__Clostridia; o__Lachnospirales; f__Lachnospiraceae; g__Blautia	0.7578256169563569
ba48e64682c81794d37a37a3ba34bdef	d__Bacteria; p__Bacillota; c__Clostridia; o__Oscillospirales; f__Butyricicoccaceae; g__UCG-009	0.9999877598174214
ac0821f073278ac326242b0ea49d4ea7	d__Bacteria; p__Bacillota; c__Clostridia; o__Oscillospirales; f__Oscillospiraceae; g__Fastidiosipila	0.999982241851478
68b2b967ae2bcb1e7286f0a143e28f44	d__Bacteria; p__Bacillota; c__Clostridia; o__Peptostreptococcales-Tissierellales; f__Anaerovoracaceae; g__Family_XIII_AD3011_group	0.9866818669478019
cc02d8e02665dcb672be926e61f5d0ec	d__Bacteria; p__Actinomycetota; c__Actinobacteria; o__Mycobacteriales; f__Corynebacteriaceae; g__Corynebacterium	0.999997798660111
6e40593253a55e1ea76004b6e99f2345	d__Bacteria; p__Bacillota; c__Clostridia; o__Peptostreptococcales-Tissierellales; f__Family_XI; g__Fenollaria	0.9999999975259044
e193807cce7f4b5555c6feedecbe8258	d__Bacteria; p__Fusobacteriota; c__Fusobacteriia; o__Fusobacteriales; f__Fusobacteriaceae; g__Fusobacterium	0.9998376434039306
54182fbde6df75e40927ec139f146d60	d__Bacteria; p__Pseudomonadota; c__Gammaproteobacteria; o__Enterobacterales; f__Enterobacteriaceae; g__Escherichia-Shigella	0.9940304217820843
ae3202798dd65f0f9c9de3117a56ccb9	d__Bacteria; p__Pseudomonadota; c__Gammaproteobacteria; o__Enterobacterales; f__Enterobacteriaceae; g__Escherichia-Shigella	0.9985678171530132
0232b56c81bb04fb94bdcfdf8b073ae1	d__Bacteria; p__Bacteroidota; c__Bacteroidia; o__Bacteroidales; f__Porphyromonadaceae; g__Porphyromonas	0.999999385032713
73474e650064fb16464d1260150f3769	d__Bacteria; p__Bacillota; c__Bacilli; o__Lactobacillales; f__Lactobacillaceae; g__Lactobacillus	0.95207732950225
e3636afe5d4480c631ca01339a4d54b3	d__Bacteria; p__Bacteroidota; c__Bacteroidia; o__Bacteroidales; f__Prevotellaceae; g__Incertae_Sedis	0.9999992072366
70ab6b98e35982b1578a04d951d31f86	d__Bacteria; p__Bacillota; c__Clostridia; o__Lachnospirales; f__Lachnospiraceae	0.99997706425137
4a191e27e4a2a0fe92dfbe2820c90bcf	d__Bacteria; p__Acidobacteriota; c__Acidobacteriae; o__Terriglobales	0.9999999998111719
2863313205c6e7fe577361c0fce7f94b	d__Bacteria; p__Acidobacteriota; c__Acidobacteriae; o__Terriglobales; f__Incertae_Sedis; g__Incertae_Sedis	0.9999984937888203
1da3700384049096a7cf88e23d5e7b4b	d__Bacteria; p__Verrucomicrobiota; c__Verrucomicrobiia; o__Pedosphaerales; f__Pedosphaeraceae; g__Incertae_Sedis	0.9999773629808709
24577bf48a0acfd6bf24269ed20af563	d__Bacteria; p__Pseudomonadota; c__Alphaproteobacteria; o__Hyphomicrobiales; f__A0839; g__Incertae_Sedis	0.9999999999618439
3db6357039e0f720a4c2812a40be6378	d__Bacteria; p__Latescibacterota; c__Incertae_Sedis; o__Incertae_Sedis; f__Incertae_Sedis; g__Incertae_Sedis	0.9999988199196537
64c9f7286064d09ca06b592efe285406	d__Bacteria; p__Actinomycetota; c__Actinobacteria; o__Mycobacteriales; f__Corynebacteriaceae; g__Corynebacterium	0.9999935042922002
ed9cb66ccd99f149bc2a98551f7d4347	d__Bacteria; p__Bacillota; c__Negativicutes; o__Veillonellales-Selenomonadales; f__Veillonellaceae; g__Dialister	0.997689599044708
06a0a123bc442593231a5fec7e636a9d	d__Bacteria; p__Thermodesulfobacteriota; c__Desulfovibrionia; o__Desulfovibrionales; f__Desulfovibrionaceae; g__Bilophila	0.9999999123230946
52c7a6edc46eb2850382eb0c3ba68383	d__Eukaryota	0.8934936305835008
4dcad7cbd350a077868c3e954b098edb	d__Bacteria; p__Bacteroidota; c__Bacteroidia; o__Bacteroidales; f__Prevotellaceae; g__Prevotella	0.7005772624103981
7ad394d61d61a814631950655009d828	d__Bacteria; p__Bacillota; c__Clostridia; o__Lachnospirales; f__Lachnospiraceae; g__Catenibacillus	0.9908294776665213
0c786d6e45f507c4b2a45db58952b19d	d__Bacteria; p__Actinomycetota; c__Coriobacteriia; o__Coriobacteriales; f__Atopobiaceae; g__Parolsenella	0.9999999185064785
6f367ff90d4b2f61c62dd529f04ed066	d__Bacteria; p__Bacillota; c__Clostridia; o__Clostridia_vadinBB60_group; f__Incertae_Sedis; g__Incertae_Sedis	0.999999318362233
369d99b22aa34cca1a277a7a62118a34	d__Bacteria; p__Bacillota; c__Clostridia; o__Oscillospirales; f__Ruminococcaceae; g__Faecalibacterium	0.995084320704048
83f009e01a309a924a43fc05380b9920	d__Bacteria; p__Bacillota; c__Clostridia; o__Oscillospirales; f__Butyricicoccaceae; g__Agathobaculum	0.9988324975395372
263257c66de6df1543395b4bc6b298f1	d__Bacteria; p__Bacteroidota; c__Bacteroidia; o__Bacteroidales; f__Prevotellaceae; g__Prevotella	0.9999424292021565
b31d68835edbbe2d3abfa05a8d9f7f7f	d__Bacteria; p__Bacillota; c__Clostridia	0.9999006081051003
8f8f9102efdabfa644b9c246c18c898f	d__Bacteria; p__Actinomycetota; c__Actinobacteria; o__Mycobacteriales; f__Corynebacteriaceae; g__Corynebacterium	0.9999984988262339
0be2b2840d439b1b8548e8010f8310e5	d__Bacteria; p__Bacillota; c__Clostridia; o__Peptostreptococcales-Tissierellales; f__Anaerovoracaceae; g__Family_XIII_AD3011_group	0.9964594562041621
2721fd42d5373667f111c60faaf21eac	d__Bacteria; p__Actinomycetota; c__Actinobacteria; o__Micrococcales; f__Micrococcaceae; g__Rothia	0.9999968419431853
df0ede5bf2e15f4f0bd3b32c36bb36a2	d__Bacteria; p__Bacillota; c__Clostridia; o__Lachnospirales; f__Lachnospiraceae; g__Lachnospiraceae_UCG-009	0.7112881183232845
8946f8fccc1ae5a37d1023b04359b337	d__Bacteria; p__Bacteroidota; c__Bacteroidia; o__Bacteroidales; f__Prevotellaceae; g__Prevotella	0.9992184561963249
e077952506f967683cfab662f5980ed7	d__Bacteria; p__Bacillota; c__Clostridia; o__Lachnospirales; f__Lachnospiraceae; g__Lachnospiraceae_FCS020_group	0.9949695160043107
4fab82ca37b1bc0169b4d245adefd462	d__Bacteria; p__Bacillota; c__Clostridia; o__Lachnospirales; f__Lachnospiraceae; g__[Eubacterium]_xylanophilum_group	0.9995965175542889
e9622da5cb92d2ab6bf19953447a7ff5	d__Bacteria; p__Bacillota; c__Clostridia; o__Peptostreptococcales-Tissierellales; f__Family_XI; g__Ezakiella	0.9999999892478969
aeadf3dab1935eb291cfc4ab4bda96b7	d__Bacteria; p__Bacillota; c__Clostridia; o__Lachnospirales; f__Lachnospiraceae	0.9999999622233321
b600d65ed89ddbd1e326cd0b04be1d7a	d__Bacteria; p__Pseudomonadota; c__Gammaproteobacteria; o__Burkholderiales; f__Oxalobacteraceae	0.9998914235195312
28d3fdbc5bae89573ddc23f0b18d8e04	d__Bacteria; p__Bacillota; c__Clostridia; o__Lachnospirales; f__Lachnospiraceae; g__[Eubacterium]_xylanophilum_group	0.997866727559351
43713459a110c4089d11452e89ac4fb6	d__Bacteria; p__Actinomycetota; c__Actinobacteria; o__Bifidobacteriales; f__Bifidobacteriaceae; g__Bifidobacterium	0.9999997675878646
db74729dd7ab527fba7a5a66a59f207a	d__Bacteria; p__Bacillota; c__Clostridia; o__Oscillospirales; f__Ruminococcaceae; g__Caproiciproducens	0.9111231729195592
78b250b765b8266d4c84e5186698182c	d__Bacteria; p__Verrucomicrobiota; c__Verrucomicrobiia; o__Opitutales; f__Puniceicoccaceae; g__Incertae_Sedis	0.9999968263025265
390ca9f4841e42ba2e0088023131f7c4	d__Bacteria; p__Bacillota; c__Bacilli; o__Lactobacillales; f__Streptococcaceae; g__Streptococcus	0.9999985271514096
4bcf49be188ced50df74900b2f088e02	d__Bacteria; p__Pseudomonadota; c__Alphaproteobacteria; o__Hyphomicrobiales; f__Methyloligellaceae; g__Incertae_Sedis	0.7190894574281935
623b51d2582de036b3fe6ca38c41b9e5	d__Bacteria; p__Chloroflexota; c__Anaerolineae; o__Aggregatilineales; f__A4b; g__Incertae_Sedis	0.9999990326955686
bdc6b2e04197cd0807b9642cb29259df	d__Bacteria; p__Pseudomonadota; c__Alphaproteobacteria; o__Hyphomicrobiales; f__Xanthobacteraceae; g__Incertae_Sedis	0.9990118399259466
1fde572bf665afdc27e7e75cd898ac29	d__Bacteria; p__Acidobacteriota; c__Acidobacteriae; o__Subgroup_2; f__Incertae_Sedis; g__Incertae_Sedis	0.9999999999999574
eb9e5762c6738498daa59b3d44d43e82	d__Bacteria; p__Acidobacteriota; c__Acidobacteriae; o__Terriglobales; f__Incertae_Sedis; g__Incertae_Sedis	0.9982396362867524
6349b9390370e0c49a1125963649dfdc	d__Bacteria; p__Myxococcota; c__Polyangiia; o__Haliangiales; f__Haliangiaceae; g__Incertae_Sedis	0.9152156958335661
3a4517e1c206178cddb6959bf9b8ed9b	d__Bacteria; p__Pseudomonadota; c__Alphaproteobacteria; o__Reyranellales; f__Reyranellaceae; g__Reyranella	0.9999999999932925
0f9bf2d38b92641cc4f869f14a6da831	d__Bacteria; p__Acidobacteriota; c__Holophagae; o__Subgroup_7; f__Incertae_Sedis; g__Incertae_Sedis	0.9999997824014836
a0d739c6c1b016cb7e8a0eb07ffa4d88	d__Bacteria; p__Bacillota; c__Clostridia; o__Peptostreptococcales-Tissierellales; f__Family_XI; g__Fenollaria	0.9999999780939393
2ed5efe0bd082f8f23971ed1b2eacbb4	d__Bacteria; p__Bacteroidota; c__Bacteroidia; o__Bacteroidales; f__Muribaculaceae; g__Incertae_Sedis	0.999999582872876
65a80de0631a0b02eedb8c80c61c7df7	d__Bacteria; p__Bacillota; c__Clostridia; o__Lachnospirales; f__Lachnospiraceae; g__Eisenbergiella	0.9927518188887948
5d81ab62df71143d6feca29e59419248	d__Bacteria; p__Bacillota; c__Clostridia; o__Christensenellales; f__Christensenellaceae; g__Christensenellaceae_R-7_group	0.7026593849934828
a1642ee93cbc5a4d6b2816c0a116cf42	d__Bacteria; p__Bacillota; c__Clostridia; o__Oscillospirales; f__UCG-010; g__Incertae_Sedis	0.9999999569588605
6762fddad46b19f50d375edab0529fa6	d__Bacteria; p__Bacillota; c__Clostridia; o__Oscillospirales; f__Oscillospiraceae; g__UCG-002	0.7233761968470012
8c1695768f19ab2a2417ecebfdc87973	d__Bacteria; p__Bacteroidota; c__Bacteroidia; o__Bacteroidales; f__Tannerellaceae; g__Parabacteroides	0.973438617990947
49a2ea7eebe52a4aed8f3126b7f72570	d__Bacteria; p__Bacillota; c__Clostridia; o__Oscillospirales; f__Ruminococcaceae	0.9988927707582909
50bd7aa8db48727b2746ad7ef1eb554f	d__Bacteria; p__Pseudomonadota; c__Gammaproteobacteria; o__Enterobacterales; f__Enterobacteriaceae; g__Escherichia-Shigella	0.9790491962327927
18a9e0a4cf1b97c0168ef4742ed1cca6	d__Bacteria; p__Bacillota; c__Clostridia; o__Oscillospirales; f__Ruminococcaceae; g__Faecalibacterium	0.9998634555898801
36cf028766d84a7ade67b0a052181df7	d__Bacteria; p__Bacillota; c__Clostridia; o__Oscillospirales; f__Ruminococcaceae; g__Acutalibacter	0.9971008208345656
6b501a5fb3c6d6832444d498d5d04dad	d__Bacteria; p__Bacillota; c__Clostridia; o__Oscillospirales; f__Ruminococcaceae; g__Faecalibacterium	0.9997256945204553
e5bd5a5c7c1fe29892ebff584483a1c4	d__Bacteria; p__Bacillota; c__Clostridia; o__Oscillospirales; f__Oscillospiraceae; g__NK4A214_group	0.9691853702607197
62c8ae38d024222f1c447f14b88ea9e4	d__Bacteria; p__Bacillota; c__Clostridia; o__Peptostreptococcales-Tissierellales; f__Family_XI; g__Finegoldia	0.9999999999719762
53e26245d4d0dcc5983dd13a037d610a	d__Bacteria; p__Bacteroidota; c__Bacteroidia; o__Bacteroidales; f__Muribaculaceae; g__Incertae_Sedis	0.9999999950706666
1c6f08b1cce4b4cf896a955ae9a58959	d__Bacteria; p__Bacillota; c__Clostridia; o__Peptococcales; f__Peptococcaceae; g__Incertae_Sedis	0.9999846387347089
941cc85653474d3d8dfcf3fd605ab3c0	d__Bacteria; p__Bacillota; c__Clostridia; o__Lachnospirales; f__Lachnospiraceae	0.9999998818715584
93b489e06301f5b6b413aa6876eb1635	d__Bacteria; p__Bacillota; c__Clostridia; o__Oscillospirales; f__Ruminococcaceae; g__Ruminococcus	0.8896199496906386
da3b4b899cecf42ff30d58718834592a	d__Bacteria; p__Bacillota; c__Clostridia; o__Lachnospirales; f__Lachnospiraceae; g__Blautia	0.9840043666281781
9c36b4bb50f4b2871115cfcac30ff6c7	d__Bacteria; p__Bacillota; c__Clostridia; o__Oscillospirales; f__UCG-010; g__Incertae_Sedis	0.9999996532741481
bbb8d1631aaa8c5aea559ef512d52027	d__Bacteria; p__Bacillota; c__Clostridia; o__Peptostreptococcales-Tissierellales; f__Family_XI; g__Peptoniphilus	0.9997959806978848
04f97d9d8bc8c5cb78917285aa69db66	d__Bacteria; p__Bacillota; c__Clostridia; o__Oscillospirales; f__Oscillospiraceae; g__Ruminiclostridium	0.9690735654785704
48120f2d28136884787660eb4953652a	d__Bacteria; p__Bacillota; c__Clostridia; o__Oscillospirales; f__Oscillospiraceae; g__Intestinimonas	0.981861283591743
caee94af7a4562c61da6712807157dc9	d__Bacteria; p__Bacillota; c__Clostridia; o__Oscillospirales; f__[Eubacterium]_coprostanoligenes_group; g__Incertae_Sedis	0.9997912776391095
e28a36175f75412c90d02ed7de4b2379	d__Bacteria; p__Bacillota; c__Clostridia; o__Oscillospirales; f__Oscillospiraceae; g__Incertae_Sedis	0.867420822061329
9283c7fcf595c5a15d33919d657cc638	d__Bacteria; p__Actinomycetota; c__Acidimicrobiia; o__Acidimicrobiales; f__Acidimicrobiaceae; g__Acidiferrimicrobium	0.9999989546135801
807c29d4e29fc08522008814b7c076d2	d__Bacteria; p__Pseudomonadota; c__Alphaproteobacteria; o__Micropepsales; f__Micropepsaceae; g__Incertae_Sedis	0.9999999592012337
d0d02f9ef4d7b00ae2480eff7b6bc314	d__Bacteria; p__Gemmatimonadota; c__Gemmatimonadia; o__Gemmatimonadales; f__Gemmatimonadaceae; g__Incertae_Sedis	0.9693021828749628
668e458764cab40f83a216e41dd5b5e2	d__Bacteria; p__Actinomycetota; c__Actinobacteria; o__Bifidobacteriales; f__Bifidobacteriaceae; g__Gardnerella	0.9999989434521875
a4bed684456f31629915b161545404c7	d__Bacteria; p__Bacillota; c__Clostridia; o__Peptostreptococcales-Tissierellales; f__Family_XI; g__Peptoniphilus	0.9999999925369281
a7515611cd8526149316b4e7bbcd4f86	d__Bacteria; p__Pseudomonadota; c__Gammaproteobacteria; o__Enterobacterales	0.9999999999983248
1ac9411edb59c9cb468f62d3e10616b0	d__Bacteria; p__Bacteroidota; c__Bacteroidia; o__Bacteroidales; f__Prevotellaceae; g__Hoylesella	0.998133058747619
01919c91f3ae1505309ed1e1d718accb	d__Bacteria; p__Bacillota; c__Clostridia	0.9999999988386405
d2d6552fd2bead3dc0a0e8074d0c1bea	d__Bacteria; p__Bacillota; c__Clostridia; o__Christensenellales; f__Christensenellaceae; g__Christensenellaceae_R-7_group	0.999866705113772
1ae9f0a22044e47d735c9f56d4eabe7c	d__Bacteria; p__Bacillota; c__Clostridia; o__Peptostreptococcales-Tissierellales; f__Family_XI; g__Fenollaria	0.9966384864605105
a944f458e4b3383afef986e4fe16f3f2	d__Bacteria; p__Bacillota; c__Clostridia; o__Peptostreptococcales-Tissierellales; f__Anaerovoracaceae	0.9810653348051811
9df65efefe9b34d0194b9c1b5211240e	d__Bacteria; p__Bacillota; c__Clostridia; o__Oscillospirales; f__Ruminococcaceae	0.9998232666210833
4240dd950d33cae53348c2548bf06523	d__Bacteria; p__Bacteroidota; c__Bacteroidia; o__Bacteroidales; f__Prevotellaceae; g__Prevotella	0.9999851943699515
c3270205a4f08b936a121ced76a19e3e	d__Bacteria; p__Bacillota; c__Clostridia; o__Peptostreptococcales-Tissierellales; f__Family_XI; g__Ezakiella	0.9999998099051378
9b10f503dda70720d0983a89341fcd03	d__Bacteria; p__Bacillota; c__Clostridia; o__Peptostreptococcales-Tissierellales; f__Family_XI; g__Peptoniphilus	0.9996988003305629
300568e1ddcb6356519af1a75ab2df4b	d__Bacteria; p__Bacillota; c__Clostridia; o__Peptostreptococcales-Tissierellales; f__Anaerovoracaceae; g__Mogibacterium	0.9999993919324909
ea7823427b5854bc784da136aa27d777	d__Bacteria; p__Bacillota; c__Clostridia; o__Oscillospirales; f__Ruminococcaceae; g__Angelakisella	0.9950132328103075
0b4aeb45916a24fd10e3655fe6481966	d__Bacteria; p__Bacillota; c__Clostridia; o__Christensenellales; f__Christensenellaceae; g__Christensenellaceae_R-7_group	0.7384572183599685
0c570ae08ebbe801fa6a3e8a24678138	d__Bacteria; p__Bacillota; c__Clostridia; o__Oscillospirales; f__Ruminococcaceae	0.9982593664885905
854f0c18024f70b4196c742ce31008cb	d__Bacteria; p__Bacillota; c__Clostridia; o__Oscillospirales; f__Oscillospiraceae; g__NK4A214_group	0.9499580891735981
7bb805601c05eea7d625e549b1f02ae7	d__Bacteria; p__Bacillota; c__Clostridia; o__Monoglobales; f__Monoglobaceae; g__Monoglobus	0.9968734262054845
52d998a538496179968dec55950d1516	d__Bacteria; p__Pseudomonadota; c__Gammaproteobacteria; o__Burkholderiales; f__Neisseriaceae; g__Eikenella	0.829886758447395
6df3c15ec9eab9b36fea7edbebb9aa8d	d__Bacteria; p__Campylobacterota; c__Campylobacteria; o__Campylobacterales; f__Campylobacteraceae; g__Campylobacter	0.9999999999207603
a621d0a24e3cd33bdf02fb2d2b740604	d__Bacteria; p__Bacillota; c__Negativicutes; o__Veillonellales-Selenomonadales; f__Veillonellaceae; g__Megasphaera	0.9998866982491846
c6c26f8994aec46b428288c75e4a7883	d__Bacteria; p__Bacillota; c__Clostridia; o__Oscillospirales; f__Ruminococcaceae; g__Negativibacillus	0.9999978727917268
9f6ab14a559dfaa21b2cd4899b691e56	d__Bacteria; p__Bacillota; c__Clostridia; o__Peptostreptococcales-Tissierellales; f__Family_XI; g__Fenollaria	0.9999999801922004
2a7d4838e7b35d2e8b436422db160e39	d__Bacteria; p__Bacillota; c__Clostridia; o__Peptostreptococcales-Tissierellales; f__Anaerovoracaceae	0.9999999980658126
99cb3943ec9821ba3f4098ce8d8cd7bf	d__Bacteria; p__Actinomycetota; c__Actinobacteria; o__Actinomycetales; f__Actinomycetaceae; g__Mobiluncus	0.9999999999692193
3f304c5e5d2e9dcc975522da156f0cd9	d__Bacteria; p__Pseudomonadota; c__Alphaproteobacteria; o__Rickettsiales; f__Mitochondria; g__Incertae_Sedis	0.9999999999999574
1a26d1576717130f01d04c5e35e90713	d__Bacteria; p__Bacillota; c__Bacilli; o__Staphylococcales; f__Staphylococcaceae; g__Staphylococcus	0.9997517071198407
3255e1d0697c4bddcb23a990175b6302	d__Bacteria; p__Pseudomonadota; c__Gammaproteobacteria; o__Enterobacterales; f__Enterobacteriaceae; g__Escherichia-Shigella	0.9907550147149666
4b86d0750adaa67a8d6abcbf640c4a69	d__Bacteria; p__Bacillota; c__Clostridia; o__Oscillospirales; f__Ruminococcaceae; g__Ruminococcus	0.9950443060939247
539f4432343708437a33c55cf334427b	d__Bacteria; p__Bacillota; c__Clostridia; o__Lachnospirales; f__Lachnospiraceae; g__Enterocloster	0.9763900552918486
cb8b8a6ee6bcfa115f8b24a45fa1c12a	d__Bacteria; p__Bacteroidota; c__Bacteroidia; o__Bacteroidales; f__Muribaculaceae; g__Incertae_Sedis	0.9960905564281674
7010fa8b36b09d14da1362ae66ab0856	d__Bacteria; p__Bacillota; c__Clostridia; o__Oscillospirales; f__Ruminococcaceae	0.9982128956443133
d15c69c018176668bebdf9675ee30a97	d__Bacteria; p__Bacillota; c__Clostridia; o__Peptostreptococcales-Tissierellales; f__Family_XI; g__Anaerococcus	0.99999996613299
61b3f9c4a322ffd5403d7b8eab09e168	d__Bacteria; p__Bacillota; c__Clostridia; o__Oscillospirales; f__Oscillospiraceae; g__Incertae_Sedis	0.839636548609346
e529807be3e770854166f88b7d84ffb9	d__Bacteria; p__Pseudomonadota; c__Gammaproteobacteria; o__Enterobacterales; f__Enterobacteriaceae; g__Escherichia-Shigella	0.796838192764943
534cd2b914aca908f5add4d4e610e867	d__Bacteria; p__Pseudomonadota; c__Gammaproteobacteria; o__Enterobacterales; f__Enterobacteriaceae; g__Escherichia-Shigella	0.9989187940948868
ffd4ea9badc36f6b52beeeb679539fea	d__Bacteria; p__Bacillota; c__Clostridia; o__Peptostreptococcales-Tissierellales; f__Family_XI; g__Anaerococcus	0.9999999999999432
4f8b522332dcfcc95d7acb01a7b8b94f	d__Bacteria; p__Bacillota; c__Clostridia; o__Oscillospirales; f__[Eubacterium]_coprostanoligenes_group; g__Incertae_Sedis	0.9999909003118637
a81474388f8811070e09917a19ab6ca1	d__Eukaryota	0.9465780352471331
0a77223390bdcb60a93ae6d93fdbbef5	d__Bacteria; p__Bacillota; c__Clostridia; o__Oscillospirales; f__Ruminococcaceae; g__Candidatus_Soleaferrea	0.9784677737632322
b7adcb2100790250a08c68c65e1ac793	d__Bacteria; p__Actinomycetota; c__Actinobacteria; o__Bifidobacteriales; f__Bifidobacteriaceae; g__Gardnerella	0.9999545775498513
9e787ce305381a372bbab3e55fdb8cc4	d__Bacteria; p__Pseudomonadota; c__Gammaproteobacteria; o__Enterobacterales; f__Enterobacteriaceae; g__Escherichia-Shigella	0.9408558791038435
f230bdda6982543843a76e67de7a65c2	d__Bacteria; p__Bacillota; c__Clostridia; o__Peptostreptococcales-Tissierellales; f__Family_XI; g__Anaerococcus	1.0
f5ae0c18690daa5d49aa37aa6500c6d3	d__Bacteria; p__Bacillota; c__Clostridia; o__Oscillospirales; f__Ruminococcaceae; g__Faecalibacterium	0.9843476688005759
92f2765bbf5d4ed177550e18bbed87f0	d__Bacteria; p__Bacillota; c__Bacilli; o__Lactobacillales; f__Lactobacillaceae; g__Lactobacillus	0.9999866641422475
5c8ab304c9598e43323adcc4607c798a	d__Bacteria; p__Actinomycetota; c__Coriobacteriia; o__Coriobacteriales; f__Atopobiaceae; g__Lancefieldella	0.9998714474705547
88fb15f05df086348963d416fa3f3077	d__Bacteria; p__Acidobacteriota; c__Blastocatellia; o__Blastocatellales; f__Blastocatellaceae; g__JGI_0001001-H03	0.9989391612270492
b083b0507152640dea2c3af522e34549	d__Bacteria; p__Planctomycetota; c__Planctomycetes; o__Gemmatales; f__Gemmataceae; g__Incertae_Sedis	0.999999998294399
14020b599754b2bb4b363aa72f0c7ae2	d__Bacteria; p__Actinomycetota; c__Actinobacteria; o__Mycobacteriales; f__Mycobacteriaceae; g__Mycobacterium	0.9999944569097475
d9facc840701cfa0b07ad05c9d161711	d__Bacteria; p__Acidobacteriota; c__Acidobacteriae; o__Bryobacterales; f__Bryobacteraceae; g__Bryobacter	0.9999978343753926
7625543d02304c6a42e1c6d0dfe96791	d__Bacteria; p__Acidobacteriota; c__Subgroup_22; o__Incertae_Sedis; f__Incertae_Sedis; g__Incertae_Sedis	0.999999997303064
b99a4d2c3620448fcb2d9cbc77dd2b8e	d__Bacteria; p__NB1-j; c__Incertae_Sedis; o__Incertae_Sedis; f__Incertae_Sedis; g__Incertae_Sedis	0.9999964614221222
9bc8a76f719e8b3f68db4dd510134880	d__Bacteria; p__Bacteroidota; c__Bacteroidia; o__Chitinophagales; f__Chitinophagaceae; g__Ferruginibacter	0.9994253172973779
95a236e255a934f05f28d6529a255fee	d__Bacteria; p__Acidobacteriota; c__Acidobacteriae; o__Bryobacterales; f__Bryobacteraceae; g__Bryobacter	0.9999551574326917
c5cee77da0b9051f359bd257c0308cac	d__Bacteria; p__Pseudomonadota; c__Gammaproteobacteria; o__Lysobacterales; f__Rhodanobacteraceae; g__Ahniella	0.8424181037569177
811ef0f05f1341efae2dabdf27a7b79a	d__Bacteria; p__Acidobacteriota; c__Vicinamibacteria; o__Subgroup_17; f__Incertae_Sedis; g__Incertae_Sedis	0.9999999826951155
5b824059f35b2d1a22e2ce26ab79ede0	d__Bacteria; p__Bacteroidota; c__Bacteroidia; o__Chitinophagales; f__Chitinophagaceae; g__Terrimonas	0.9781069477867376
e1afda7647b678ef6678d4b1afe50c90	d__Bacteria; p__Latescibacterota; c__Incertae_Sedis; o__Incertae_Sedis; f__Incertae_Sedis; g__Incertae_Sedis	0.9999995901466564
73cc351d044ed1f086350eb35945b662	d__Bacteria; p__Acidobacteriota; c__Subgroup_5; o__Incertae_Sedis; f__Incertae_Sedis; g__Incertae_Sedis	0.999999999989015
45b057ccd4087e284416c188ea39bc4b	d__Bacteria; p__Bacteroidota; c__Bacteroidia; o__Bacteroidales; f__Bacteroidaceae; g__Bacteroides	0.999999988029444
0fdad431f3566933a70b7b07d74580de	d__Bacteria; p__Bacillota; c__Clostridia; o__Oscillospirales; f__Oscillospiraceae; g__Intestinimonas	0.9649736272682945
44fc966d911d63e380eddb9f328f7e20	d__Bacteria; p__Actinomycetota; c__Actinobacteria; o__Actinomycetales; f__Actinomycetaceae; g__Varibaculum	0.99999999993328
e8b0d2ee81a0369a16d23ff943574408	d__Bacteria; p__Bacteroidota; c__Bacteroidia; o__Bacteroidales; f__Prevotellaceae; g__Hoylesella	0.9998001405203242
c664f648f475bfd863f78a957eebe65a	d__Bacteria; p__Bacillota; c__Clostridia; o__Lachnospirales; f__Lachnospiraceae	0.9999898593593303
60de6b121a302a56d080d6e4e597233e	d__Bacteria; p__Bacillota; c__Clostridia; o__Oscillospirales	0.9518760279519509
546e7f4c8e7d5c2e5b469cac519e61a3	d__Bacteria; p__Bacillota; c__Clostridia; o__Oscillospirales; f__Oscillospiraceae; g__UCG-005	0.9989400122692917
68e7e3599b8727dad8fb579a21279b55	d__Bacteria; p__Bacillota; c__Clostridia; o__Lachnospirales; f__Lachnospiraceae; g__Sellimonas	0.9810311373271504
0a6b9615944301a29e20464d2ebb5ae1	d__Bacteria; p__Bacillota; c__Clostridia; o__Lachnospirales; f__Lachnospiraceae	0.999995224719054
b573980ca0828fe07e1d96d6f7c44d67	d__Bacteria; p__Bacillota; c__Clostridia; o__Peptostreptococcales-Tissierellales; f__Family_XI	0.9999999999639865
ae718fc0d3c7bb18fbba060616d5e2cc	d__Bacteria; p__Bacillota; c__Clostridia; o__Christensenellales; f__Christensenellaceae; g__Christensenellaceae_R-7_group	0.9955289819245426
13d71cf98eff2dd4c01db78545020d68	d__Bacteria; p__Bacillota; c__Clostridia; o__Oscillospirales	0.9989590372337624
c2e94d7cfaa554a2bbf511ddcecabea2	d__Bacteria; p__Bacillota; c__Clostridia; o__Lachnospirales; f__Lachnospiraceae; g__Lachnospiraceae_NK4A136_group	0.7197225075556785
be5cc85bd2ac16b6ae446fd24b1e2308	d__Bacteria; p__Bacillota; c__Bacilli; o__Erysipelotrichales; f__Erysipelotrichaceae; g__Turicibacter	0.9999999946742975
c26c9025a60b790f46779b669d716170	d__Bacteria; p__Bacillota; c__Clostridia; o__Lachnospirales; f__Lachnospiraceae; g__Eisenbergiella	0.9711314293919935
7960f9a6786b951809d1468b0f889a02	d__Bacteria; p__Bacillota; c__Clostridia; o__Peptostreptococcales-Tissierellales; f__Family_XI; g__Ezakiella	0.9999999999996732
d717f870c356942c914036e4b4ebbd13	d__Bacteria; p__Bacillota; c__Clostridia; o__Lachnospirales; f__Lachnospiraceae; g__Eisenbergiella	0.9915011995663523
5b9308235b866c5544ad11c115839c69	d__Bacteria; p__Bacillota; c__Clostridia; o__Lachnospirales; f__Lachnospiraceae; g__Shuttleworthia	0.9999897909284119
feacfc64492b1439abc8e93c3c82cf83	d__Bacteria; p__Bacteroidota; c__Bacteroidia; o__Bacteroidales; f__Bacteroidaceae; g__Bacteroides	0.9999999997591402
7a481ad1c7ea583122e37c20f6d48a09	d__Bacteria; p__Bacillota; c__Bacilli; o__Lactobacillales; f__Lactobacillaceae; g__Lactobacillus	0.9999788882983016
5348262d6a0043580764669cef6c6208	d__Bacteria; p__Bacillota; c__Clostridia; o__Lachnospirales; f__Lachnospiraceae; g__Agathobacter	0.7620003270679135
0c1f135a432920cdc89f2d08d4946c4d	d__Bacteria; p__Pseudomonadota; c__Gammaproteobacteria; o__Burkholderiales; f__Sutterellaceae; g__Sutterella	0.9999999679257462
886813d6c66ef41ef648c9b92ffde619	d__Bacteria; p__Actinomycetota; c__Actinobacteria; o__Mycobacteriales; f__Corynebacteriaceae; g__Corynebacterium	0.9999987596642388
956c3d31706ecfd689f7ef246aac8bc3	d__Bacteria; p__Bacillota; c__Clostridia; o__Lachnospirales; f__Lachnospiraceae; g__Lachnospiraceae_UCG-004	0.9883687993080257
1a1be9635915664dbad6cd5ad85e4447	d__Bacteria; p__Bacteroidota; c__Bacteroidia; o__Bacteroidales; f__Muribaculaceae; g__Incertae_Sedis	0.9999097590031024
a731d3f2438a4bb63e315fac2c1bf3d1	d__Bacteria; p__Bacillota; c__Clostridia; o__Peptostreptococcales-Tissierellales; f__Peptostreptococcaceae; g__Intestinibacter	0.9981151590645938
385417910070d1997abbaaeef8988822	d__Bacteria; p__Bacillota; c__Clostridia; o__Peptostreptococcales-Tissierellales; f__Family_XI; g__Finegoldia	0.9999989980814422
e5d5579394f57557a5a7d9c83314c541	d__Bacteria; p__Bacillota; c__Clostridia; o__Clostridia_vadinBB60_group; f__Incertae_Sedis; g__Incertae_Sedis	0.999885719313661
9e82e5935f292341fd65fc2497728918	d__Bacteria; p__Bacillota; c__Clostridia; o__Oscillospirales; f__Oscillospiraceae; g__UCG-005	0.9951991010608596
591d280ab767b490aae6fdc420ee4698	d__Bacteria; p__Bacillota; c__Clostridia; o__Clostridia_vadinBB60_group; f__Incertae_Sedis; g__Incertae_Sedis	0.999999890953325
f2a24e999503e8addef5c9eed4946a69	d__Bacteria; p__Verrucomicrobiota; c__Verrucomicrobiia; o__Verrucomicrobiales; f__Akkermansiaceae; g__Akkermansia	0.9999999999999858
db30710da37e69642cc4285ba7316773	d__Bacteria; p__Bacillota; c__Bacilli; o__Erysipelotrichales; f__Erysipelotrichaceae; g__Merdibacter	0.9999998519307066
fcf7529125e1549e9e1ebc3df87cc784	d__Bacteria; p__Bacteroidota; c__Bacteroidia; o__Bacteroidales; f__Bacteroidaceae; g__Bacteroides	0.9999999809386539
e07b140b135d1c14b1313e0ba5b66baa	d__Bacteria; p__Bacillota; c__Clostridia; o__Lachnospirales; f__Lachnospiraceae; g__GCA-900066575	0.9770009101427716
0b9d02f4aac5b03c9aee0ce31e90bc0d	d__Bacteria; p__Bacillota; c__Clostridia; o__Oscillospirales; f__Butyricicoccaceae; g__Agathobaculum	0.9995952404944807
1926679bf52691b7a4a3844bf10e6d38	d__Bacteria; p__Bacillota; c__Clostridia; o__Oscillospirales; f__Oscillospiraceae; g__NK4A214_group	0.9961070336571164
c5ca263ea23e8186e2052c5c645fba5f	d__Bacteria; p__Bacteroidota; c__Bacteroidia; o__Bacteroidales; f__Prevotellaceae; g__Segatella	0.744589799596078
9790ca08d8b4d951df2ae0f839e95641	d__Bacteria; p__Bacillota; c__Clostridia; o__Peptostreptococcales-Tissierellales; f__Anaerovoracaceae; g__[Eubacterium]_brachy_group	0.9995989607810051
4e9410ec9da59a460d3579b451e3b208	d__Bacteria; p__Bacillota; c__Clostridia; o__Lachnospirales; f__Lachnospiraceae; g__Lachnoclostridium	0.7609223909558337
b184d05472a45b518f4e3f0ae1dcc49e	d__Bacteria; p__Bacillota; c__Clostridia; o__Oscillospirales; f__Oscillospiraceae; g__Colidextribacter	0.9977819667926564
47de6669d150eae81191e27ea71734bb	d__Bacteria; p__Bacteroidota; c__Bacteroidia; o__Bacteroidales; f__Prevotellaceae	0.9999877813936325
3fe93561235ac9bb8279ec49fed55fbd	d__Bacteria; p__Pseudomonadota; c__Gammaproteobacteria; o__Pseudomonadales; f__Moraxellaceae; g__Enhydrobacter	0.9999999926260017
270296d9e9385f6ff7c5aa4302ba38d6	d__Bacteria; p__Bacillota; c__Bacilli; o__Lactobacillales; f__Lactobacillaceae	0.9999932766034301
4108bcbcc79ae2108dc24087e95cca4f	d__Archaea; p__Methanobacteriota; c__Methanobacteria; o__Methanobacteriales; f__Methanobacteriaceae; g__Methanobrevibacter	0.9999999996277609
f9a235cb9fc7d750401a46923262099c	d__Bacteria; p__Bacillota; c__Clostridia; o__Oscillospirales; f__Ruminococcaceae	0.9999997792153972
02fc1f455a4d4d1a851b3752eef338d4	d__Bacteria; p__Bacillota; c__Negativicutes; o__Veillonellales-Selenomonadales; f__Veillonellaceae; g__Anaeroglobus	0.9999999812411746
f0816e1099f91abe999b985664f1efea	d__Bacteria; p__Acidobacteriota; c__Acidobacteriae; o__Subgroup_2; f__Incertae_Sedis; g__Incertae_Sedis	0.999999999997101
c070d17ea9249b3a012c4e1354e1b027	d__Bacteria; p__Chloroflexota; c__TK10; o__Incertae_Sedis; f__Incertae_Sedis; g__Incertae_Sedis	0.9999999993479776
9094f39bc33a26e3c004e464482fdec1	d__Bacteria; p__Actinomycetota; c__Thermoleophilia; o__Gaiellales; f__Incertae_Sedis; g__Incertae_Sedis	0.7614310714171996
ea83911b09160d6ded7f7e31d63027de	d__Bacteria; p__Chloroflexota; c__Ktedonobacteria; o__Ktedonobacterales; f__JG30-KF-AS9; g__Incertae_Sedis	0.9999999553750892
6f66ba6c62a32733b88be65908a71afa	d__Bacteria; p__Myxococcota; c__Polyangiia; o__Polyangiales; f__Sandaracinaceae; g__Incertae_Sedis	0.9996931004798844
fb97a846d1d1fef4c17bd668730454b9	d__Bacteria; p__Pseudomonadota; c__Alphaproteobacteria; o__Caulobacterales; f__Caulobacteraceae; g__Phenylobacterium	0.9997238825897401
01f38fa800a7fd407b51470dc0693ac0	d__Bacteria; p__Actinomycetota; c__Actinobacteria; o__Bifidobacteriales; f__Bifidobacteriaceae; g__Gardnerella	0.999999263046776
2fea67e2ef146b654e84d4ccd727bed7	d__Bacteria; p__Bacillota; c__Clostridia; o__Lachnospirales; f__Defluviitaleaceae; g__Defluviitaleaceae_UCG-011	0.9999986905539988
db11ebab656f855d357867467f755ec1	d__Bacteria; p__Bacillota; c__Negativicutes; o__Veillonellales-Selenomonadales; f__Veillonellaceae; g__Anaeroglobus	0.9999998577966197
a1c6580ba32c468041ba2008ee6df6ab	d__Bacteria; p__Bacteroidota; c__Bacteroidia; o__Bacteroidales; f__Tannerellaceae; g__Parabacteroides	0.90474361718046
d5d82ae2c80b564a14faa14bd6f52c6d	d__Bacteria; p__Bacillota; c__Clostridia; o__Oscillospirales; f__Ruminococcaceae; g__Phocea	0.9999979265090427
ab2e88891faaeca1271f08a7e208c1b8	d__Bacteria; p__Pseudomonadota; c__Gammaproteobacteria; o__Burkholderiales; f__Sutterellaceae; g__Parasutterella	0.9997293931021202
1013aa8b7d7ddd27b585a4b0acfc9a3d	d__Bacteria; p__Bacillota; c__Negativicutes; o__Veillonellales-Selenomonadales; f__Veillonellaceae; g__Megasphaera	0.9999999777893012
a018c928d38812591f601ece2136d6e7	d__Bacteria; p__Bacillota; c__Clostridia; o__Lachnospirales; f__Lachnospiraceae; g__Lachnospiraceae_FCS020_group	0.9437379196305058
7fd072aff74564746d11ca0c54ee6ae2	d__Bacteria; p__Bacillota; c__Bacilli; o__Izemoplasmatales; f__Incertae_Sedis; g__Incertae_Sedis	0.9999999985799519
a295f1a36f5c6b35c15d0d0dee118b08	d__Bacteria; p__Bacillota; c__Clostridia; o__Peptococcales; f__Peptococcaceae; g__Peptococcus	0.9999857277802703
816a2fefa6390f837c349fbfda6eef68	d__Bacteria; p__Verrucomicrobiota; c__Verrucomicrobiia; o__Verrucomicrobiales; f__Akkermansiaceae; g__Akkermansia	1.0
05bec6161578c8eb8cb4dd19c05a5b73	d__Bacteria; p__Bacillota; c__Clostridia; o__Lachnospirales; f__Lachnospiraceae	0.9999001466530965
419af6db3c0709d63ffc1933ab11b24c	d__Bacteria; p__Bacillota; c__Bacilli; o__Erysipelotrichales; f__Erysipelotrichaceae; g__Faecalicoccus	0.9999864808693046
19e44bff8b7f93dd15c0ee9c43a48bdd	d__Bacteria; p__Bacteroidota; c__Bacteroidia; o__Bacteroidales; f__Porphyromonadaceae; g__Porphyromonas	0.9999995631890458
f51b08aede2218e99b6d9967bf1ed6bb	d__Bacteria; p__Bacillota; c__Clostridia; o__Oscillospirales; f__Ruminococcaceae	0.9690967410881779
f04a30e7186b66662a7a3469f04033b1	d__Bacteria; p__Bacillota; c__Bacilli; o__Staphylococcales; f__Staphylococcaceae; g__Staphylococcus	0.9997205008723433
79fa3dc8c1e23627e0313050a5403b91	d__Bacteria; p__Bacillota; c__Bacilli; o__Erysipelotrichales; f__Erysipelotrichaceae; g__[Clostridium]_innocuum_group	0.9999925460938908
6d427b86c309a70208622ecd4c8cbf09	d__Bacteria; p__Bacillota; c__Clostridia; o__Lachnospirales; f__Lachnospiraceae; g__Lachnospiraceae_UCG-008	0.7247936679267937
c072b53a13bb032cf7ebd84b996bb18f	d__Bacteria; p__Bacillota; c__Clostridia; o__Oscillospirales; f__Oscillospiraceae; g__Colidextribacter	0.9998137679527179
c5b6ff634ad3c513e3df8031f16fcda0	d__Bacteria; p__Bacillota; c__Bacilli; o__Lactobacillales; f__Aerococcaceae	0.9491047784101958
8e2cd06fd189258064f799d1ea5d5c7f	d__Bacteria; p__Pseudomonadota; c__Gammaproteobacteria; o__Enterobacterales; f__Pasteurellaceae; g__Haemophilus	0.9298629935589267
382ab675b61ba6522fae0690d5a92ce7	d__Bacteria; p__Bacillota; c__Clostridia; o__Peptostreptococcales-Tissierellales; f__Family_XI; g__Murdochiella	0.9999999999969447
e27187272ef155063f49a1dc5a62f592	d__Bacteria; p__Bacteroidota; c__Bacteroidia; o__Bacteroidales; f__Prevotellaceae	0.9999764144036515
48a6761ba486de8be643cee1126c9153	d__Bacteria; p__Bacteroidota; c__Bacteroidia; o__Bacteroidales; f__Bacteroidaceae; g__Bacteroides	0.9999994939359454
3839eb0c980882d7adf3aa431c4e7910	d__Bacteria; p__Campylobacterota; c__Campylobacteria; o__Campylobacterales; f__Campylobacteraceae; g__Campylobacter	0.9837113576837265
39b16a879dc7d7d2392dee90b32af689	d__Bacteria; p__Bacillota; c__Clostridia; o__Clostridia_UCG-014; f__Incertae_Sedis; g__Incertae_Sedis	0.9999993735405014
a50e77cfb93d3d562a352bc70bcd47e9	d__Bacteria; p__Bacillota; c__Bacilli; o__Lactobacillales; f__Streptococcaceae; g__Streptococcus	0.9999986536060956
2dbaf07cdc2dece27cda9675d3850efe	d__Bacteria; p__Bacillota; c__Clostridia; o__Christensenellales; f__Christensenellaceae; g__Incertae_Sedis	0.997546686686062
6fa81995625aa288080691902b74d732	d__Bacteria; p__Bacillota; c__Clostridia; o__Clostridia_vadinBB60_group; f__Incertae_Sedis; g__Incertae_Sedis	0.999897664525608
f47be61fae5b53aa6a1a37e7ebf1675e	d__Bacteria; p__Bacillota; c__Clostridia; o__Oscillospirales; f__Ruminococcaceae; g__Incertae_Sedis	0.8291484321157387
f9e98849a5f849f9d9a8dfb3ec13c2aa	d__Bacteria; p__Bacillota; c__Clostridia; o__Christensenellales; f__Christensenellaceae; g__Incertae_Sedis	0.9997925070995994
569653b1659271a290facfcedd0de061	d__Bacteria; p__Bacillota; c__Bacilli; o__Lactobacillales; f__Enterococcaceae; g__Enterococcus	0.8436853885802311
01e1c2e370af8df0435a70bc1f621599	d__Bacteria; p__Bacillota; c__Clostridia; o__Lachnospirales; f__Lachnospiraceae	0.9999795133839717
57d6c04665e8056d41287c6ba7b500a3	d__Bacteria; p__Bacillota; c__Clostridia; o__Lachnospirales; f__Lachnospiraceae	0.9999914014343627
aa22fecd7d0e82e1a3dd1edc401debf1	d__Bacteria; p__Bacillota; c__Clostridia; o__Peptostreptococcales-Tissierellales; f__Family_XI; g__Peptoniphilus	0.9999999988645243
5d92d8822552c057f2320aabf55a4247	d__Bacteria; p__Pseudomonadota; c__Gammaproteobacteria; o__Enterobacterales; f__Enterobacteriaceae; g__Escherichia-Shigella	0.9929787781847208
77dfd5e696dade82fcb74c36f15e5a7f	d__Bacteria; p__Bacillota; c__Clostridia; o__Christensenellales; f__Christensenellaceae; g__Christensenellaceae_R-7_group	0.9306662025943702
85350432bd8703c85d15a922a6208b10	d__Bacteria; p__Bacillota; c__Clostridia; o__Lachnospirales; f__Lachnospiraceae; g__Lachnospiraceae_UCG-004	0.9752426040353903
a5e9c54f5a1e72cdf95bbee9ad459b08	d__Bacteria; p__Bacillota; c__Clostridia; o__Oscillospirales; f__Oscillospiraceae; g__UCG-005	0.9860492724968682
078e0fd51a7d5e5b908328591895ba58	d__Bacteria; p__Pseudomonadota; c__Alphaproteobacteria; o__Rhodospirillales; f__Incertae_Sedis; g__Incertae_Sedis	0.99999998104056
b6b86531ef8d5b24a2b1f0d0cbb40c76	d__Bacteria; p__Cyanobacteriota; c__Vampirivibrionia; o__Gastranaerophilales; f__Gastranaerophilaceae; g__CAG-196	0.9913436555823737
7eaadc4f26cca3d30cf3cf3a740b3768	d__Bacteria; p__Bacteroidota; c__Bacteroidia; o__Bacteroidales; f__Bacteroidaceae; g__Bacteroides	0.9692209515128936
da01cb1cde6679efdb2aa2b404997b32	d__Bacteria; p__Actinomycetota; c__Actinobacteria; o__Micrococcales; f__Microbacteriaceae; g__Pseudoclavibacter	0.9978591040029051
79bff3f007caa131bbddfff793705030	d__Bacteria; p__Bacillota; c__Clostridia; o__Oscillospirales; f__Ruminococcaceae	0.9999999553617638
8106e288d2867ba56a2ae344c81b1433	d__Bacteria; p__Bacillota; c__Clostridia; o__Lachnospirales; f__Lachnospiraceae	0.99825323747721
c153805ddb52c233ddbf21861e3cea4c	d__Bacteria; p__Actinomycetota; c__Actinobacteria; o__Actinomycetales; f__Actinomycetaceae; g__Mobiluncus	0.9999999999892992
c22fca4bf161aec670f108d97d721ff7	d__Bacteria; p__Pseudomonadota; c__Alphaproteobacteria; o__Micropepsales; f__Micropepsaceae; g__Incertae_Sedis	0.9548979312345613
c0c0fd60a887713923e9ab2db602524d	d__Bacteria; p__Acidobacteriota; c__Blastocatellia; o__Blastocatellales; f__Blastocatellaceae; g__JGI_0001001-H03	0.9917318854561434
4608fae4bbc9964cdd17af8782f2155e	d__Bacteria; p__Pseudomonadota; c__Gammaproteobacteria; o__Burkholderiales; f__Oxalobacteraceae; g__Massilia	0.9930300378935036
239945043a7bf81915359c009bc05289	d__Bacteria; p__Gemmatimonadota; c__Gemmatimonadia; o__Gemmatimonadales; f__Gemmatimonadaceae; g__Gemmatimonas	0.979601846836283
548f66148663c88b329bc7d20a2d46a5	d__Bacteria; p__Acidobacteriota; c__Acidobacteriae; o__Subgroup_2; f__Incertae_Sedis; g__Incertae_Sedis	0.9999999999663345
b2ed3fe36210d1424e41cfbd5f8049ea	d__Bacteria; p__Verrucomicrobiota; c__Verrucomicrobiia; o__Pedosphaerales; f__Pedosphaeraceae; g__ADurb.Bin118	0.9329440387885147
c46b8f7dccf1a699db0ec014c97f5946	d__Bacteria; p__Acidobacteriota; c__Acidobacteriae; o__Bryobacterales; f__Bryobacteraceae; g__Bryobacter	0.9250418462518305
50f56fe7a4e3996cc9c49f9abb3c335d	d__Bacteria; p__Bacillota; c__Clostridia; o__Lachnospirales; f__Lachnospiraceae; g__Anaerobutyricum	0.9999995117140286
5b7567b9ebc3e1dfa38f05c32e1b2c4e	d__Bacteria; p__Bacillota; c__Clostridia; o__Peptostreptococcales-Tissierellales; f__Family_XI	0.9999999999874689
deb841129eee6d29398d1ab4efaefccc	d__Bacteria; p__Bacillota; c__Clostridia; o__Lachnospirales; f__Lachnospiraceae; g__Fusicatenibacter	0.9997683806608785
fcd9493efb666147a8a98c658580e68e	d__Bacteria; p__Bacteroidota; c__Bacteroidia; o__Bacteroidales; f__Bacteroidaceae; g__Bacteroides	0.999999074490747
8dcfdd3643e8a1b873a013d7c15804dd	d__Bacteria; p__Bacillota; c__Clostridia; o__Oscillospirales; f__Oscillospiraceae; g__Oscillibacter	0.9911942624301034
2fd468572f88260f297c459f41b0b437	d__Bacteria; p__Bacteroidota; c__Bacteroidia; o__Bacteroidales; f__Marinifilaceae; g__Butyricimonas	0.9999999999996021
a8778404029555f979afd941e00ddbb2	d__Bacteria; p__Actinomycetota; c__Coriobacteriia; o__Coriobacteriales; f__Atopobiaceae; g__Incertae_Sedis	0.9999999999960778
b9173492cd6bac5ad72d1b87d6e9b89f	d__Bacteria; p__Bacillota; c__Clostridia; o__Peptostreptococcales-Tissierellales; f__Peptostreptococcaceae; g__Incertae_Sedis	0.9477618199150095
cbcf2a2f395a9ebf8aa80cbcece3720b	d__Bacteria; p__Bacillota; c__Negativicutes; o__Acidaminococcales; f__Acidaminococcaceae; g__Phascolarctobacterium	0.973876052311967
7172e3ecad730ff45cd546d57bf99510	d__Bacteria; p__Bacillota; c__Clostridia; o__Peptostreptococcales-Tissierellales; f__Family_XI; g__Ezakiella	0.9999999969788291
bb13530168243d1db4c26492f04e7937	d__Bacteria; p__Fusobacteriota; c__Fusobacteriia; o__Fusobacteriales; f__Fusobacteriaceae; g__Fusobacterium	0.9997441780988164
5bc6fef07d91f032128376191a454576	d__Bacteria; p__Bacillota; c__Clostridia; o__Oscillospirales; f__Ruminococcaceae; g__Faecalibacterium	0.818085567461933
e34528ad14c087b5097669c01925644b	d__Bacteria; p__Bacillota; c__Clostridia; o__Lachnospirales; f__Defluviitaleaceae; g__Defluviitaleaceae_UCG-011	0.999992535665475
b15cec5e7b89958acf29a46cf98efbec	d__Bacteria; p__Bacillota; c__Clostridia; o__Peptostreptococcales-Tissierellales; f__Peptostreptococcaceae; g__Clostridioides	0.9837244692517461
b96e703a3e336c3609f153405b9e6e06	d__Bacteria; p__Bacillota; c__Clostridia; o__Peptostreptococcales-Tissierellales; f__Family_XI; g__Finegoldia	0.999991357290798
fa2bd2f1500f2aadfa41c605e68f78c0	d__Bacteria; p__Bacillota; c__Clostridia; o__Lachnospirales; f__Lachnospiraceae; g__Roseburia	0.8786251403039117
7fe14e1289665c68e6f36d5ed763cfa8	d__Bacteria; p__Bacillota; c__Bacilli; o__RF39; f__Incertae_Sedis; g__Incertae_Sedis	0.9999999998728129
50c6b94dfbe5aeb899b25d4f5f37ddf4	d__Bacteria; p__Bacillota; c__Bacilli; o__Erysipelotrichales; f__Erysipelotrichaceae; g__Holdemania	0.9999992829233988
58d48f7fae77eb29ab6dc15fd07b5dfc	d__Bacteria; p__Verrucomicrobiota; c__Lentisphaeria; o__Victivallales; f__vadinBE97; g__Incertae_Sedis	0.999999997820936
c756328d1c902696cf731b0daba497f8	d__Bacteria; p__Bacillota; c__Clostridia; o__Peptostreptococcales-Tissierellales; f__Anaerovoracaceae; g__Mogibacterium	0.9999985144131734
0684128cfd2dfbb736f87e8b724d3fc0	d__Bacteria; p__Bacillota; c__Clostridia; o__Oscillospirales; f__Ruminococcaceae; g__Incertae_Sedis	0.8643506919947984
77a2b14a88861f23bf02740d28c0b2c4	d__Bacteria; p__Bacillota; c__Clostridia; o__Peptococcales; f__Peptococcaceae; g__Incertae_Sedis	0.9980456531739735
12acef5e0eba782d45fe9f038a99bf7b	d__Bacteria; p__Bacillota; c__Clostridia; o__Oscillospirales; f__Ruminococcaceae; g__Candidatus_Soleaferrea	0.7263584379884095
3aad083a4c822d27071d1ff6163cbfb2	d__Bacteria; p__Bacillota; c__Bacilli; o__Izemoplasmatales; f__Incertae_Sedis; g__Incertae_Sedis	0.9999999997747864
08fd372208987d3a3d226095e0f54ad6	d__Bacteria; p__Bacteroidota; c__Bacteroidia; o__Bacteroidales; f__Prevotellaceae; g__Prevotellaceae_NK3B31_group	0.9999997714174901
ecdb383d9a60d84b305e2e08b57cccea	d__Bacteria; p__Bacteroidota; c__Bacteroidia; o__Bacteroidales; f__Barnesiellaceae; g__Coprobacter	0.9999999999780016
6dcaf5dafe4d20b4f82131ef8c1e5b19	d__Bacteria; p__Bacillota; c__Negativicutes; o__Veillonellales-Selenomonadales; f__Selenomonadaceae; g__Mitsuokella	0.9994211070040845
ffef4c02adc80b91aab3a5f338357160	d__Bacteria; p__Actinomycetota; c__Actinobacteria; o__Mycobacteriales; f__Corynebacteriaceae; g__Corynebacterium	0.9999919770479515
cd24a0915f66d42f295b507570c0c4b1	d__Bacteria; p__Bacillota; c__Bacilli; o__Staphylococcales; f__Staphylococcaceae; g__Staphylococcus	0.9998568129374616
06efa8e923453e1a7c2c1c40d7cdc42a	d__Bacteria; p__Bacillota; c__Clostridia; o__Oscillospirales; f__Ethanoligenenaceae; g__Acetanaerobacterium	0.9998455656285871
79c28c77327e355fb81dce890c619793	d__Bacteria; p__Bacillota; c__Clostridia; o__Lachnospirales; f__Lachnospiraceae; g__Sellimonas	0.9763455772496484
0c410683e68edf42337559941e5d3018	d__Bacteria; p__Bacillota; c__Clostridia; o__Monoglobales; f__Monoglobaceae; g__Monoglobus	0.9816369528213462
22f2e2ecaec907a93025a13d5775627a	d__Bacteria; p__Bacillota; c__Clostridia; o__Oscillospirales; f__Ruminococcaceae; g__CAG-352	0.8457599575052323
d131eed1a0c629350e24e1f52a5efd6d	d__Bacteria; p__Actinomycetota; c__Actinobacteria; o__Bifidobacteriales; f__Bifidobacteriaceae; g__Bifidobacterium	0.9822739319166266
48ad50f62d6343826d4125a6dcbc3392	d__Bacteria; p__Bacillota; c__Clostridia; o__Clostridia_UCG-014; f__Incertae_Sedis; g__Incertae_Sedis	0.9999999745594582
238f459856f984d95bf763ecc7e482c9	d__Bacteria; p__Bacillota; c__Clostridia; o__Oscillospirales; f__Oscillospiraceae; g__UCG-002	0.9969631188216609
b2088770a003be218487d86b1d646231	d__Bacteria; p__Bacillota; c__Clostridia; o__Clostridia_vadinBB60_group; f__Incertae_Sedis; g__Incertae_Sedis	0.9999996889562284
200af66382877237f566d2bd8b55fc07	d__Bacteria; p__Bacillota; c__Bacilli; o__Erysipelotrichales; f__Erysipelatoclostridiaceae; g__Thomasclavelia	0.9999976552631926
0c7a2fbd4729c27d93e5a6a71b4d4684	d__Bacteria; p__Bacillota; c__Clostridia; o__Monoglobales; f__Monoglobaceae; g__Monoglobus	0.9999955569073873
3ed2531ca906208a8911d7adc090819c	d__Bacteria; p__Bacteroidota; c__Bacteroidia; o__Bacteroidales; f__Prevotellaceae; g__Prevotella	0.999980128514148
b05080b88bcf581a4e0ad0be14acecdb	d__Bacteria; p__Bacillota; c__Clostridia; o__Lachnospirales; f__Lachnospiraceae	0.9999989228171156
0d16f2185d6818fc380ae27c076b91aa	d__Bacteria; p__Bacillota; c__Clostridia; o__Oscillospirales; f__Oscillospiraceae; g__UCG-002	0.9980898649862158
bed631629de0853f7f9d02d6e4d21546	d__Bacteria; p__Bacillota; c__Negativicutes; o__Acidaminococcales; f__Acidaminococcaceae; g__Acidaminococcus	0.9792339252777987
7dff12c0121539665c61154d97b824ea	d__Bacteria; p__Bacteroidota; c__Bacteroidia; o__Bacteroidales; f__Bacteroidaceae; g__Bacteroides	0.9999991942981672
5f327f4172c4f4382ee6a71953879205	d__Bacteria; p__Bacteroidota; c__Bacteroidia; o__Bacteroidales; f__Tannerellaceae; g__Parabacteroides	0.999643048364621
b4e5ceb47185c8dc0d6f6b2d9d5d108f	d__Bacteria; p__Bacillota; c__Bacilli; o__Lactobacillales; f__Streptococcaceae; g__Streptococcus	0.9998967745196534
4f8d733bde10afc7196a01856bd62c44	d__Bacteria; p__Bacillota; c__Clostridia; o__Peptostreptococcales-Tissierellales; f__Anaerovoracaceae; g__Family_XIII_AD3011_group	0.9959174668273503
8dcd9a05c4d622f52849288b5f39e0cf	d__Bacteria; p__Bacillota; c__Clostridia; o__Peptostreptococcales-Tissierellales; f__Family_XI; g__Peptoniphilus	0.9999999888425323
c646376e2fdc054668e507b4ea460c84	d__Bacteria; p__Bacillota; c__Clostridia; o__Oscillospirales; f__Ruminococcaceae; g__Faecalibacterium	0.9749150051356592
f484c995c0321753b4a7a37bc48d454a	d__Bacteria; p__Bacillota; c__Bacilli; o__Erysipelotrichales; f__Erysipelotrichaceae; g__Holdemania	0.9999987425336291
21b96a7ce1bf7e23ef31fccda1a532b0	d__Bacteria; p__Bacteroidota; c__Bacteroidia; o__Bacteroidales; f__Prevotellaceae	0.9995406902733782
c7c722294abd25b88fa3db4209c910dd	d__Bacteria; p__Bacillota; c__Clostridia; o__Monoglobales; f__Monoglobaceae; g__Monoglobus	0.9999832639081083
58f6df1d3a50856bd9c39c67b1d5bdf0	d__Bacteria; p__Bacillota; c__Clostridia; o__Peptostreptococcales-Tissierellales; f__Family_XI; g__Finegoldia	0.9999992379824992
45d4edd0897f2ac111575c3cf577c229	d__Bacteria; p__Bacillota; c__Clostridia; o__Oscillospirales; f__Ruminococcaceae; g__Ruminococcus	0.9695648032087472
fb03fb05600615d16bb9610567eaeea1	d__Bacteria; p__Bacillota; c__Bacilli; o__Lactobacillales; f__Lactobacillaceae; g__Lactobacillus	0.969250929769076
6997d881388e677a1e757921263f658f	d__Bacteria; p__Fusobacteriota; c__Fusobacteriia; o__Fusobacteriales; f__Leptotrichiaceae; g__Sneathia	0.9993007595023258
20124fb64bdb55bb93fa69f62b75ad6f	d__Bacteria; p__Bacillota; c__Clostridia; o__Peptostreptococcales-Tissierellales; f__Anaerovoracaceae; g__S5-A14a	0.9994680995577911
7ff0c8d6b1f2ab6ae6c70229e507bc18	d__Bacteria; p__Bacillota; c__Clostridia; o__Oscillospirales; f__Oscillospiraceae; g__Intestinimonas	0.8726927930700904
68c56896f754db932a51a88ebad5bc6a	d__Bacteria; p__Actinomycetota; c__Actinobacteria; o__Propionibacteriales; f__Nocardioidaceae; g__Nocardioides	0.9999725322701672
7c2a31114b8ebe9ab185f4339d220f57	d__Bacteria; p__Acidobacteriota; c__Acidobacteriae; o__Subgroup_2; f__Incertae_Sedis; g__Incertae_Sedis	0.9999999999894413
48e665141691a28bc90fb9f37cbc09c2	d__Bacteria; p__Pseudomonadota; c__Alphaproteobacteria; o__Incertae_Sedis; f__Incertae_Sedis; g__Hypericibacter	0.9999999863755137
6ec93cddf0ba04f2816fd600a1c4d5fd	d__Bacteria; p__Pseudomonadota; c__Alphaproteobacteria; o__Caulobacterales; f__Hyphomonadaceae; g__SWB02	0.9998399079482694
2e84ce47d75fdd4d78e71af86ef8927e	d__Bacteria; p__Pseudomonadota; c__Alphaproteobacteria; o__Hyphomicrobiales; f__Kaistiaceae; g__Kaistia	0.9984036747332709
0df71a4bb1d9fdb124e1516c2c99b1df	d__Bacteria; p__Gemmatimonadota; c__Gemmatimonadia; o__Gemmatimonadales; f__Gemmatimonadaceae; g__Incertae_Sedis	0.9999999976034672
fcc6bf2c1174f331c7dd8d9c048389ad	d__Bacteria; p__Pseudomonadota; c__Alphaproteobacteria; o__Rhodospirillales; f__Rhodospirillaceae; g__Incertae_Sedis	0.9999999986607406
2a071af67ec43b7126e8c362bec6e8ae	d__Bacteria; p__Bacteroidota; c__Bacteroidia; o__Cytophagales; f__Microscillaceae	0.9999990406143263
5a709350efd4ece76350bb959e1190aa	d__Bacteria; p__Elusimicrobiota; c__Lineage_IIa; o__Incertae_Sedis; f__Incertae_Sedis; g__Incertae_Sedis	0.9999999703007636
0229e2937d0ebaf5ca5064ccfaffe79c	d__Bacteria; p__Bacteroidota; c__Bacteroidia; o__Cytophagales; f__Microscillaceae; g__Chryseotalea	0.9985558966647607
75cac7ae6fbcbb7817a14f6772f94924	d__Bacteria; p__Acidobacteriota; c__Acidobacteriae; o__Bryobacterales; f__Bryobacteraceae; g__Bryobacter	0.9999977278389544
4b44a8fdda93baa3c8dba677986a246e	d__Bacteria; p__Pseudomonadota; c__Gammaproteobacteria; o__Burkholderiales; f__Nitrosomonadaceae; g__MND1	0.999957834096112
16dedc79dc6331305afc61a06e0a39e9	d__Bacteria; p__RCP2-54; c__Incertae_Sedis; o__Incertae_Sedis; f__Incertae_Sedis; g__Incertae_Sedis	0.9999999335153285
cdea785960ee02974c822d5dd1504cd4	d__Bacteria; p__Acidobacteriota; c__Subgroup_22; o__Incertae_Sedis; f__Incertae_Sedis; g__Incertae_Sedis	0.9999893997103237
75995d3da38bc53cbe45c518f11ceae5	d__Bacteria; p__Actinomycetota; c__Coriobacteriia; o__Coriobacteriales; f__Atopobiaceae; g__Fannyhessea	0.9999999974887146
5fdb5d1b4d6545c3408461a45434e7d3	d__Bacteria; p__Bacillota; c__Clostridia; o__Lachnospirales; f__Lachnospiraceae; g__Eisenbergiella	0.9997099506320626
1544a917781a731ce08f46b1340b6bc0	d__Bacteria; p__Bacillota; c__Clostridia; o__Lachnospirales; f__Lachnospiraceae	0.9998318647555803
0b922e921dda6b4874f4f33ce8afeef9	d__Bacteria; p__Actinomycetota; c__Actinobacteria; o__Bifidobacteriales; f__Bifidobacteriaceae; g__Gardnerella	0.9999010751129541
d86ba22052f74b04328616f924d93032	d__Bacteria; p__Pseudomonadota; c__Gammaproteobacteria; o__Burkholderiales; f__Sutterellaceae; g__Sutterella	0.9999999722872989
5ae6c57554c708cdfa18bcdf68b3bc4b	d__Bacteria; p__Bacillota; c__Bacilli; o__Lactobacillales; f__Streptococcaceae; g__Streptococcus	0.9999963664557971
c6d8e1d8298539bc261c4880b684c882	d__Bacteria; p__Bacillota; c__Bacilli; o__Erysipelotrichales; f__Erysipelotrichaceae; g__Solobacterium	0.8901357664081694
e9c67e1d1c6da1b7579341310d0aa5d3	d__Bacteria; p__Bacillota; c__Clostridia; o__Peptostreptococcales-Tissierellales; f__Family_XI; g__Peptoniphilus	0.9999999999179892
8b61bc858039d91fb9cf6fdce510d523	d__Bacteria; p__Bacteroidota; c__Bacteroidia; o__Bacteroidales; f__Tannerellaceae; g__Parabacteroides	0.982694709483842
1414bef8969ec0b320ad6b75847c0274	d__Bacteria; p__Bacillota; c__Clostridia; o__Lachnospirales; f__Lachnospiraceae	0.9999329607108495
e51fc3bc6d08ae82b3299bff3739b1f6	d__Bacteria; p__Bacteroidota; c__Bacteroidia; o__Bacteroidales; f__Muribaculaceae; g__Incertae_Sedis	0.999999757291307
38a54077b88e4a2c2eb7f723da920bd1	d__Bacteria; p__Bacillota; c__Bacilli; o__Erysipelotrichales; f__Erysipelatoclostridiaceae; g__Thomasclavelia	0.9999997726517026
8a2eb905be3e14870030cc54aa710e04	d__Bacteria; p__Bacillota; c__Clostridia; o__Oscillospirales; f__Ruminococcaceae; g__Incertae_Sedis	0.7154109853303483
ec3fb46d480986fb53bc5007d802776a	d__Bacteria; p__Bacillota; c__Clostridia; o__Christensenellales; f__Christensenellaceae; g__Christensenellaceae_R-7_group	0.9210106007119081
3be0720e638655202a9850a2fa4f4409	d__Bacteria; p__Bacillota; c__Clostridia; o__Oscillospirales; f__Ruminococcaceae; g__Harryflintia	0.719833857261067
145c42bf0a4150acfd81694dd78a1be3	d__Bacteria; p__Bacteroidota; c__Bacteroidia; o__Bacteroidales; f__Rikenellaceae; g__Alistipes	0.999999897823093
f8350ae87f8cc90f4535d72e404cb893	d__Bacteria; p__Bacteroidota; c__Bacteroidia; o__Bacteroidales; f__Prevotellaceae; g__Segatella	0.9997239435447918
d67fd254ea025aba997ebf891445a640	d__Bacteria; p__Bacteroidota; c__Bacteroidia; o__Bacteroidales; f__Bacteroidaceae; g__Bacteroides	0.9999417748590749
361d26273fd1ca689807b797c15e1cc6	d__Bacteria; p__Bacillota; c__Clostridia; o__Oscillospirales; f__Butyricicoccaceae; g__UCG-009	0.9999985866657011
c3879fe68eb4e540708a773da0cb2e89	d__Bacteria; p__Bacillota; c__Clostridia; o__Oscillospirales; f__Ruminococcaceae; g__Acutalibacter	0.9995324024351698
6a8750db6564385810f7a61b78b11cab	d__Bacteria; p__Bacillota; c__Clostridia; o__Oscillospirales; f__Ruminococcaceae; g__Faecalibacterium	0.9526834868147727
7ec0dd1971b9aa3f61c5b3a5c3f5d3ca	d__Bacteria; p__Actinomycetota; c__Coriobacteriia; o__Coriobacteriales; f__Incertae_Sedis; g__Incertae_Sedis	0.9999999981282315
d59960696140503b13cf4c28ed81e779	d__Bacteria; p__Bacteroidota; c__Bacteroidia; o__Bacteroidales; f__Porphyromonadaceae; g__Porphyromonas	0.9999942774250772
8e8528579bef0e863bdae25a27e54a61	d__Eukaryota	0.9075114620998592
a4eac9fcad4c5f9555c01a06d10b6fc6	d__Bacteria; p__Bacillota; c__Clostridia; o__Peptococcales; f__Peptococcaceae; g__Peptococcus	0.9999999999357385
77f4e2bdc7150f5b04bccc568607fc15	d__Bacteria; p__Bacteroidota; c__Bacteroidia; o__Bacteroidales; f__Prevotellaceae; g__Prevotella	0.9999172475963644
7056e30597f229b4acf906de9a4c432d	d__Bacteria; p__Bacillota; c__Clostridia; o__Christensenellales; f__Christensenellaceae; g__Christensenellaceae_R-7_group	0.965377400473061
8e525510dffd5ffc440eb36c8541eb72	d__Bacteria; p__Bacillota; c__Clostridia; o__Peptostreptococcales-Tissierellales; f__Family_XI; g__Finegoldia	0.9999999997876046
4eca7561a3fdba12a569dbdc5f10b182	d__Bacteria; p__Bacillota; c__Clostridia; o__Oscillospirales; f__Butyricicoccaceae; g__Agathobaculum	0.9988172324893495
b813a59e34c790af75c0805553f8aa4f	d__Bacteria; p__Pseudomonadota; c__Gammaproteobacteria; o__Enterobacterales; f__Enterobacteriaceae; g__Escherichia-Shigella	0.99175013328732
361325881ec737990902e94fdc8c0e84	d__Bacteria; p__Bacteroidota; c__Bacteroidia; o__Bacteroidales; f__Prevotellaceae; g__Prevotella	0.9999314541898814
53e54ec48a512f8a31b439db41a322b3	d__Bacteria; p__Bacillota; c__Clostridia; o__Lachnospirales; f__Lachnospiraceae; g__Howardella	0.9999999898516023
301bd335294fbc78395b5ae14ca4382d	d__Bacteria; p__Bacillota; c__Clostridia; o__Christensenellales; f__Christensenellaceae; g__Incertae_Sedis	0.9969105550378584
de2f5fd021d78ba4e7e754be5cba3884	d__Bacteria; p__Bacteroidota; c__Bacteroidia; o__Bacteroidales; f__Bacteroidaceae; g__Bacteroides	0.9999979651600439
8ac806edce9a692df56a9eea816a15f0	d__Bacteria; p__Bacillota; c__Clostridia; o__Lachnospirales; f__Lachnospiraceae; g__Lachnospiraceae_FCS020_group	0.9074652403753455
09262615d1066243f95018aa1b53ab0c	d__Bacteria; p__Bacillota; c__Clostridia; o__Oscillospirales; f__[Eubacterium]_coprostanoligenes_group; g__Incertae_Sedis	0.9999051791885905
2bc2c164ee191217c7507105b2e375a4	d__Bacteria; p__Bacillota; c__Clostridia; o__Lachnospirales; f__Lachnospiraceae	0.9999969660591147
cfea15f977f1e64f069cdebe6743870b	d__Bacteria; p__Bacillota; c__Clostridia; o__Lachnospirales; f__Lachnospiraceae; g__Lachnospiraceae_UCG-004	0.9637879898454802
41bc79030d183e5861667959389e58d8	d__Bacteria; p__Bacillota; c__Clostridia; o__Monoglobales; f__Monoglobaceae; g__Monoglobus	0.8764478143162506
8f4dea09ecd34aac65b4fdf5d1c37ff1	d__Bacteria; p__Bacillota; c__Bacilli; o__Erysipelotrichales; f__Erysipelatoclostridiaceae; g__Thomasclavelia	0.9999995983195572
28085233f3e0a490f80b7ccad8d67936	d__Bacteria; p__Bacillota; c__Clostridia; o__Oscillospirales; f__Ruminococcaceae; g__DTU089	0.9999985608259134
425bd644dc8d2d7cc7fdf4669456d72e	d__Bacteria; p__Bacillota; c__Clostridia; o__Peptostreptococcales-Tissierellales; f__Family_XI; g__Parvimonas	0.9988719392714688
b5d7cdf2e8f895c8e801d67d082b7bc1	d__Bacteria; p__Bacteroidota; c__Bacteroidia; o__Bacteroidales; f__Barnesiellaceae; g__Coprobacter	0.9999999999905782
44fb9f7290289c1abf92d5eaf64f21c3	d__Bacteria; p__Bacillota; c__Clostridia; o__Oscillospirales; f__Ruminococcaceae; g__[Eubacterium]_siraeum_group	0.999999983167399
c3ad47b312abd6a13153cc5416a8d35a	d__Bacteria; p__Bacillota; c__Clostridia; o__Oscillospirales; f__Ruminococcaceae; g__Acutalibacter	0.9999960347343975
c1a0435d7cc9aee9c98e02da7322bacd	d__Bacteria; p__Pseudomonadota; c__Gammaproteobacteria; o__Burkholderiales; f__Sutterellaceae; g__Parasutterella	0.9988561208412325
cd1eb48c9d9038445e1f624891354a9a	d__Bacteria; p__Bacillota; c__Clostridia; o__Oscillospirales; f__Ruminococcaceae; g__Ruminococcus	0.8550518990289597
8a745e9dff13ee4ea8316990590ef779	d__Bacteria; p__Bacteroidota; c__Bacteroidia; o__Bacteroidales; f__Rikenellaceae; g__Alistipes	0.999999999985917
40c89594b6b2d71ed7ab90eb09c61288	d__Bacteria; p__Pseudomonadota; c__Gammaproteobacteria; o__Burkholderiales; f__Sutterellaceae; g__Sutterella	0.9894328358592446
05fda2f1af60d701b56463f1a87a0847	d__Bacteria; p__Bacteroidota; c__Bacteroidia; o__Bacteroidales; f__Bacteroidaceae; g__Bacteroides	0.9999994456107233
a17bb1cd59c8dc7435e93a2604b425ad	d__Bacteria; p__Bacillota; c__Clostridia; o__Lachnospirales; f__Lachnospiraceae	0.9999993330487436
1ece5d2a382b61fd5e48c29e2abb8a60	d__Bacteria; p__Bacteroidota; c__Bacteroidia; o__Bacteroidales; f__Prevotellaceae; g__Hoylesella	0.99999522786408
2e0b5b83dd84d0a34978a4e9f1d9790a	d__Bacteria; p__Bacillota; c__Negativicutes; o__Veillonellales-Selenomonadales; f__Veillonellaceae; g__Dialister	0.9982663712916452
cb2884bdcf809b269d220f1191cc9c22	d__Bacteria; p__Bacillota; c__Clostridia; o__Clostridiales; f__Clostridiaceae; g__Clostridium	0.985522889155741
4983159bdb7e4d27fb39c7363c992ffb	d__Bacteria; p__Bacillota; c__Clostridia; o__Peptostreptococcales-Tissierellales; f__Family_XI; g__Peptoniphilus	0.9999999935428576
cc40b03f4e9d74ac9bc80407a1c35c0e	d__Bacteria; p__Chloroflexota; c__Ktedonobacteria; o__Ktedonobacterales; f__Ktedonobacteraceae; g__HSB_OF53-F07	0.9999999999974278
efc5ddaa54b16c86f53ab9dc2017b039	d__Bacteria; p__Pseudomonadota; c__Alphaproteobacteria; o__Hyphomicrobiales; f__Hyphomicrobiaceae; g__Pedomicrobium	0.9986494803827604
69ab0a13268347e6a96cf85a415dc5fd	d__Bacteria; p__Pseudomonadota; c__Alphaproteobacteria; o__Micropepsales; f__Micropepsaceae; g__Incertae_Sedis	0.9999983542536952
a509cecf30ac8a5a81bfb39bb35f037b	d__Bacteria; p__Planctomycetota; c__Phycisphaerae; o__Tepidisphaerales; f__WD2101_soil_group; g__Incertae_Sedis	0.9999959343837982
cf65a38e7a7e0fc7bf6df77a8a4cf68f	d__Bacteria; p__Acidobacteriota; c__Holophagae; o__Subgroup_7; f__Incertae_Sedis; g__Incertae_Sedis	0.9999908549855765
aae09ffc07d0857218ee68a7f4b6e5c7	d__Bacteria; p__Bacteroidota; c__Bacteroidia; o__Cytophagales; f__Hymenobacteraceae; g__Adhaeribacter	0.9999889602834477
649f026cd615015b1c0f8e760d309122	d__Bacteria; p__Pseudomonadota; c__Gammaproteobacteria; o__Lysobacterales; f__Lysobacteraceae; g__Luteimonas	0.7976352668971561
b7da565550a8cdc7e3b6cf032e7882bf	d__Bacteria; p__Acidobacteriota; c__Holophagae; o__Holophagales; f__Holophagaceae; g__Geothrix	0.867454384641086
342aa16012d5dd3a335eb453c762ccc0	d__Bacteria; p__Pseudomonadota; c__Alphaproteobacteria; o__Sphingomonadales; f__Sphingomonadaceae; g__Novosphingobium	0.9907454021654796
b42f9b16bd113bf59ee341eebd6dcdae	d__Bacteria; p__Acidobacteriota; c__Acidobacteriae; o__Solibacterales; f__Solibacteraceae; g__Candidatus_Solibacter	0.9999945475482549
e0d717a776c68b2749792e569e051a0a	d__Bacteria; p__Bacteroidota; c__Bacteroidia; o__Chitinophagales; f__Chitinophagaceae	0.9999999976093559
a3eab7cdcc6ff79cc81be0363a6ff21a	d__Bacteria; p__Pseudomonadota; c__Gammaproteobacteria; o__Enterobacterales; f__Enterobacteriaceae; g__Escherichia-Shigella	0.9949394980604581
7576889c72e508be38f37a34f9a9fe27	d__Bacteria; p__Bacillota; c__Clostridia; o__Peptostreptococcales-Tissierellales; f__Family_XI; g__Ndongobacter	0.999999999999929
6cce9922d65c4b649c6b35a233bd7dc2	d__Bacteria; p__Bacillota; c__Bacilli; o__Erysipelotrichales; f__Erysipelatoclostridiaceae; g__Longibaculum	0.9999863493457373
f4a51f5ce43b3761a9cddd0b3e0b6731	d__Bacteria; p__Bacillota; c__Bacilli; o__Staphylococcales; f__Gemellaceae; g__Gemella	0.9999999893418733
08814f2fe4b7781d380b1ee7ce4b5e86	d__Eukaryota	0.9215208938701438
fec259b8c538eb738b2f1fcd7bdde7c4	d__Bacteria; p__Bacillota; c__Clostridia; o__Christensenellales; f__Christensenellaceae; g__Christensenellaceae_R-7_group	0.9968828723120022
bd5081f7ae4e0d4cd45c407f23068f16	d__Bacteria; p__Pseudomonadota; c__Gammaproteobacteria; o__Enterobacterales; f__Enterobacteriaceae; g__Escherichia-Shigella	0.9632965458956478
0c04b680785e304610a465f9b596adb2	d__Bacteria; p__Bacteroidota; c__Bacteroidia; o__Bacteroidales; f__Bacteroidaceae; g__Bacteroides	0.999997743801616
64b444282c9c6386523de447cecc63a9	d__Bacteria; p__Bacillota; c__Clostridia; o__Lachnospirales; f__Lachnospiraceae; g__Anaerostipes	0.9999972812115072
d6fea6a5905d16326d192d115ef42b0d	d__Bacteria; p__Bacillota; c__Clostridia; o__Oscillospirales; f__Oscillospiraceae	0.9998680180896112
e8943632190a323238c1856db7740504	d__Bacteria; p__Bacillota; c__Clostridia; o__Oscillospirales; f__Ruminococcaceae; g__Faecalibacterium	0.9965080306297776
eb1964e12f75d8ddc59ed5560e421b91	d__Bacteria; p__Bacillota; c__Clostridia; o__Oscillospirales; f__UCG-010; g__Incertae_Sedis	0.8998535816061163
70ddad189efe9ddcc2c47c9920ece35a	d__Bacteria; p__Bacillota; c__Clostridia; o__Clostridia_vadinBB60_group; f__Incertae_Sedis; g__Incertae_Sedis	0.9999999857892733
d8537902e4dcfa178669c3174fe5a107	d__Bacteria; p__Bacillota; c__Clostridia; o__Christensenellales; f__Christensenellaceae; g__Incertae_Sedis	0.99748351738816
c460ff4b7369e5f55e9f45dfb0b96d4d	d__Bacteria; p__Bacillota; c__Clostridia; o__Oscillospirales; f__Oscillospiraceae; g__NK4A214_group	0.9999949921083042
59fde92361d7af5a12b89009cc1665c3	d__Bacteria; p__Bacillota; c__Clostridia; o__Lachnospirales; f__Lachnospiraceae	0.9999999114869442
96fac9febdac9687a7b730f4eda6df18	d__Bacteria; p__Bacillota; c__Negativicutes; o__Veillonellales-Selenomonadales; f__Veillonellaceae; g__Veillonella	0.999999999835893
fabd3c5448b6d9a19bd777a629e35a64	d__Bacteria; p__Bacteroidota; c__Bacteroidia; o__Bacteroidales; f__Prevotellaceae; g__Prevotella	0.9999506395871378
5225de25bf8902d5a02c4af6e90cb5e8	d__Bacteria; p__Bacillota; c__Clostridia; o__Lachnospirales; f__Lachnospiraceae; g__[Ruminococcus]_gauvreauii_group	0.8823062864070496
e9b3f1732c022e94dae08db1e30ec878	d__Bacteria; p__Bacillota; c__Clostridia; o__Oscillospirales; f__Oscillospiraceae	0.9999993819814563
ed588d050497ce5fda6cf12d1ec02398	d__Bacteria; p__Bacteroidota; c__Bacteroidia; o__Bacteroidales; f__Paludibacteraceae; g__H1	0.8538589004059352
b78ebf1bcece3137a70ebe7310d29bea	d__Bacteria; p__Bacillota; c__Clostridia; o__Lachnospirales; f__Defluviitaleaceae; g__Defluviitaleaceae_UCG-011	0.9999979503555041
26f085ea92fdbbeedc72785b303f8455	d__Bacteria; p__Bacillota; c__Clostridia; o__Lachnospirales; f__Lachnospiraceae; g__Marvinbryantia	0.7328737966730017
7d4a5bce832b90560fefa4a3727807a4	d__Bacteria; p__Bacillota; c__Clostridia; o__Oscillospirales; f__Oscillospiraceae; g__Oscillospira	0.8772547819939452
dc635fb545065d72aa1f3969ed1ce9c9	d__Bacteria; p__Bacillota; c__Clostridia; o__Oscillospirales; f__Ruminococcaceae; g__Incertae_Sedis	0.8757470634283274
1e9e1e8baf424a9835801cb3acf67c63	d__Bacteria; p__Bacteroidota; c__Bacteroidia; o__Bacteroidales; f__Prevotellaceae; g__Prevotella	0.9985327503445236
c0f9afc03ac59992eccc5e6fc3a38ec6	d__Bacteria; p__Bacillota; c__Bacilli; o__Erysipelotrichales; f__Erysipelatoclostridiaceae; g__Massiliomicrobiota	0.9895012495275588
6842fc2d1bb1ae8775684934ffe0f810	d__Bacteria; p__Bacillota; c__Clostridia; o__Oscillospirales; f__Ruminococcaceae; g__[Clostridium]_methylpentosum_group	0.8000792993216544
35df9515d04f76cc7386dc9b7294c4b7	d__Bacteria; p__Bacillota; c__Clostridia; o__Peptostreptococcales-Tissierellales; f__Family_XI; g__Finegoldia	0.9999999999163833
47dd8e993c6e41bfd89085fc987e18da	d__Bacteria; p__Bacillota; c__Clostridia; o__Oscillospirales; f__Oscillospiraceae; g__Fastidiosipila	0.9998628445356645
7e87735c204e7966d544fda276496db7	d__Bacteria; p__Bacillota; c__Clostridia; o__Lachnospirales; f__Lachnospiraceae; g__Stomatobaculum	0.9999997684322023
2031f98bfcb31c0d0003b9ad0a9de157	d__Bacteria; p__Campylobacterota; c__Campylobacteria; o__Campylobacterales; f__Campylobacteraceae; g__Campylobacter	0.9999999834693655
909c9a0af5b918f238cc0295fb2c994c	d__Eukaryota	0.9279501642203172
abbd5b846e49535be66506ee4c05001d	d__Bacteria; p__Bacillota; c__Clostridia; o__Clostridia_UCG-014; f__Incertae_Sedis; g__Incertae_Sedis	0.9902595749337472
9b635c4f805812ff3e6832bb0d935664	d__Bacteria; p__Bacillota; c__Clostridia; o__Peptostreptococcales-Tissierellales; f__Family_XI; g__Anaerococcus	0.9999999588652893
a2d98287c4262a993620dc6a06fbf271	d__Bacteria; p__Bacteroidota; c__Bacteroidia; o__Bacteroidales; f__Prevotellaceae; g__Prevotella	0.9642515119834735
5cbbf20522c735d0eae7a8e5ad7481c6	d__Bacteria; p__Bacillota; c__Clostridia; o__Oscillospirales; f__Ruminococcaceae; g__Faecalibacterium	0.9997961744283059
c89fca06fceb56d07eeba7d4731c3d1f	d__Bacteria; p__Bacillota; c__Clostridia; o__Peptostreptococcales-Tissierellales; f__Family_XI; g__Peptoniphilus	0.9999999799649546
e4eceefdcc718643cfd7adf006ad8b04	d__Bacteria; p__Bacillota; c__Negativicutes; o__Acidaminococcales; f__Acidaminococcaceae; g__Acidaminococcus	0.9988617106343728
5bcd2802f3d0f4991ce5bc148b25eb71	d__Bacteria; p__Actinomycetota; c__Coriobacteriia; o__Coriobacteriales; f__Atopobiaceae	0.9999999871584277
a76a1b1642c79341b17f7d619145ddf4	d__Bacteria; p__Bacillota; c__Clostridia; o__Peptostreptococcales-Tissierellales; f__Anaerovoracaceae	0.9999997440752527
ad9866c49c62afadbae38e27ac1a0298	d__Bacteria	0.9999868402131296
c2e73478ff744a3b76d4b751dcf209f7	d__Bacteria; p__Bacillota; c__Clostridia; o__Peptostreptococcales-Tissierellales; f__Family_XI; g__Peptoniphilus	0.9868990289252418
0b1dbb89f4c3b96aa67893b4b6a89ce0	d__Bacteria; p__Bacillota; c__Clostridia; o__Lachnospirales; f__Lachnospiraceae; g__Moryella	0.997756843956809
38fb37d1d1ca08cbd4c3ffa52485efd7	d__Bacteria; p__Bacteroidota; c__Bacteroidia; o__Bacteroidales; f__Tannerellaceae; g__Parabacteroides	0.9993305414848769
74a750b1f79b91c619bec39d4337123d	d__Bacteria; p__Bacillota; c__Clostridia; o__Christensenellales; f__Christensenellaceae; g__Incertae_Sedis	0.9993290045013788
72cd34940774e5a124c5a11458fcdb69	d__Bacteria; p__Bacillota; c__Clostridia; o__Oscillospirales; f__Oscillospiraceae; g__UCG-005	0.9852394463474838
9102f24242e1917961edaa2bbe2d2890	d__Bacteria; p__Bacillota; c__Clostridia; o__Lachnospirales; f__Lachnospiraceae; g__Frisingicoccus	0.9998429710610305
a140d9cb4a810eab90930f0ac2bbbd84	d__Bacteria; p__Bacillota; c__Bacilli; o__Lactobacillales; f__Streptococcaceae; g__Streptococcus	0.9998143813443424
48c12f2f8c278deaeaf88ac8cd5e7fb8	d__Bacteria	0.9999988381878709
82d108a80782932ccbcbdbfd4713b2d9	d__Bacteria; p__Bacillota; c__Negativicutes; o__Veillonellales-Selenomonadales; f__Veillonellaceae; g__Dialister	0.996685603016738
d91307995a09d4534d9db5c59ac392df	d__Bacteria; p__Bacillota; c__Clostridia; o__Oscillospirales; f__Ruminococcaceae	0.999961391436769
65a8557efe47cf194d09ce4fb816316e	d__Bacteria; p__Bacillota; c__Clostridia; o__Lachnospirales; f__Lachnospiraceae; g__Enterocloster	0.98341471817968
b9bd4ddc71b5261571e53f606451241d	d__Bacteria; p__Fusobacteriota; c__Fusobacteriia; o__Fusobacteriales; f__Fusobacteriaceae; g__Cetobacterium	0.7034322635273602
34eca2881193c58b0a145254ea4189fd	d__Bacteria; p__Bacillota; c__Clostridia; o__Lachnospirales; f__Lachnospiraceae; g__Enterocloster	0.8850786254645903
4eec998cdc9da9bd11fac62e8d42dbcb	d__Bacteria; p__Actinomycetota; c__Actinobacteria; o__Mycobacteriales; f__Corynebacteriaceae; g__Corynebacterium	0.9999980570782842
2bf1d5def7e2ecd3ae61454204501a78	d__Bacteria; p__Bacteroidota; c__Bacteroidia; o__Bacteroidales; f__Bacteroidaceae; g__Bacteroides	0.999999990380104
a87fa561fa8f1bfa32714adf2c4140b1	d__Bacteria; p__Bacteroidota; c__Bacteroidia; o__Bacteroidales; f__Prevotellaceae; g__Prevotella	0.9999935544602144
149e4854b7b2f3c7c6a175482ffab23e	d__Bacteria; p__Bacillota; c__Bacilli; o__Lactobacillales; f__Lactobacillaceae; g__Limosilactobacillus	0.9990315754465219
6d094d7fbdf26fbf995a8b7950c286ec	d__Bacteria; p__Bacillota; c__Clostridia; o__Oscillospirales; f__Oscillospiraceae; g__Colidextribacter	0.9956844102560193
74e77588223f5f0899c3d9a9cfff7972	d__Bacteria; p__Bacteroidota; c__Bacteroidia; o__Bacteroidales; f__Bacteroidaceae; g__Bacteroides	0.9999999991843396
36c3c3e931ebb36c143c46739b848668	d__Bacteria; p__Bacillota; c__Clostridia; o__Lachnospirales; f__Lachnospiraceae; g__GCA-900066575	0.9925330413897897
62b46641e67a285ee4c91b8ea6bd3e39	d__Bacteria; p__Bacteroidota; c__Bacteroidia; o__Chitinophagales; f__Chitinophagaceae; g__Niastella	0.9998028157622425
665f31e57ce0e3c9693d87434f81ba80	d__Bacteria; p__Verrucomicrobiota; c__Verrucomicrobiia; o__Chthoniobacterales; f__Chthoniobacteraceae; g__Chthoniobacter	0.9593060216856796
0c0641127df64e7dbb361a6fc16d34a5	d__Bacteria; p__Acidobacteriota; c__Acidobacteriae; o__Terriglobales; f__Incertae_Sedis; g__Incertae_Sedis	0.9999998936306497
14f7e725b0bff83e39887f3463600df2	d__Bacteria; p__Latescibacterota; c__Incertae_Sedis; o__Incertae_Sedis; f__Incertae_Sedis; g__Incertae_Sedis	0.9999944782035439
79f86519148638f865325943211bd56e	d__Bacteria; p__Myxococcota; c__Polyangiia; o__Polyangiales; f__Polyangiaceae; g__Pajaroellobacter	0.9969566073120806
5c3adc0e3d4a9ed3b695654b4fee0acd	d__Bacteria; p__Planctomycetota; c__Planctomycetes; o__Planctomycetales; f__Incertae_Sedis; g__Incertae_Sedis	0.9999984377401159
ade04fd51fe2a7ea6a5de7be6c690573	d__Bacteria; p__Pseudomonadota; c__Gammaproteobacteria; o__JG36-TzT-191; f__Incertae_Sedis; g__Incertae_Sedis	0.9999226563471978
9ce0086d44b41a642d0d7740c5a6a7c0	d__Bacteria; p__Chloroflexota; c__Anaerolineae; o__Aggregatilineales; f__A4b; g__Incertae_Sedis	0.9999987979372214
00de882bb7123d629bc28faac3ac648d	d__Bacteria; p__Bacteroidota; c__Bacteroidia; o__Chitinophagales; f__Incertae_Sedis; g__Incertae_Sedis	0.998511112660057
08906a18e6ce29e785ee191da84d96ca	d__Archaea; p__Thermoproteota; c__Nitrososphaeria; o__Nitrosotaleales; f__Nitrosotaleaceae; g__Candidatus_Nitrosotalea	0.9999152729435736
aa388a5d51a4643cfb007dc0b081257a	d__Bacteria; p__Pseudomonadota; c__Gammaproteobacteria; o__Burkholderiales; f__Nitrosomonadaceae; g__GOUTA6	0.9999652119950653
c44496298b508813f8e3dc2a9e49f2b9	d__Bacteria; p__Bacteroidota; c__Bacteroidia; o__Chitinophagales; f__Saprospiraceae; g__Incertae_Sedis	0.9998026143602335
6be01b304ffd87213eb490e18acdcec4	d__Bacteria; p__Actinomycetota; c__Thermoleophilia; o__Solirubrobacterales; f__Solirubrobacteraceae; g__Solirubrobacter	0.9999898715017461
5b5162062395b1f074a47905bde9cb9a	d__Bacteria; p__Bacillota; c__Bacilli; o__Staphylococcales; f__Staphylococcaceae; g__Nosocomiicoccus	0.9952876586201765
09872e510cd71d99b2bb087c1700faea	d__Bacteria; p__Bacteroidota; c__Bacteroidia; o__Bacteroidales; f__Rikenellaceae; g__Alistipes	0.9999447941444527
d0b09c7277dcd988f49c2aa01c992225	d__Bacteria; p__Bacillota; c__Clostridia; o__Peptostreptococcales-Tissierellales; f__Family_XI; g__Peptoniphilus	0.9999999797923638
b11a2d1e705cb618833eb9d7b973c9fa	d__Bacteria; p__Bacillota; c__Clostridia; o__Lachnospirales; f__Lachnospiraceae; g__Blautia	0.9824873228268733
6f90f540055767af8c91c7943ed89a2b	d__Bacteria; p__Bacteroidota; c__Bacteroidia; o__Bacteroidales; f__Bacteroidaceae; g__Bacteroides	0.9999999807758686
30d449cb741107dea4fc03415f875c43	d__Bacteria; p__Bacillota; c__Clostridia; o__Lachnospirales; f__Lachnospiraceae; g__Lachnospiraceae_UCG-010	0.8841116795915605
e935acdf264a8f1d2812da4466ce0771	d__Bacteria; p__Bacteroidota; c__Bacteroidia; o__Bacteroidales; f__Bacteroidaceae; g__Bacteroides	0.9999998949498432
9f3a6dbe84e2191c461ea8459f61a3b9	d__Bacteria; p__Bacillota; c__Clostridia; o__Oscillospirales; f__Oscillospiraceae; g__Fastidiosipila	0.9561840099675407
6fe42dbb5806cbecbbfe7336526fae49	d__Bacteria; p__Bacillota; c__Clostridia; o__Lachnospirales; f__Lachnospiraceae; g__Anaerobutyricum	0.9999995758931608
dcc6a52cec637e586b0cb4f27c746f4f	d__Bacteria; p__Fusobacteriota; c__Fusobacteriia; o__Fusobacteriales; f__Fusobacteriaceae; g__Fusobacterium	0.9999651860057802
9b88337492ccd1c0319669daaad2e94d	d__Bacteria; p__Bacteroidota; c__Bacteroidia; o__Bacteroidales; f__Rikenellaceae; g__Alistipes	0.999999976700565
d0452a6bc7783084a83c0b0ce577e005	d__Bacteria; p__Bacillota; c__Negativicutes; o__Veillonellales-Selenomonadales; f__Veillonellaceae; g__Veillonella	0.9999999996802842
9e3e61ab8f8501e49dfd6f9a0af91d14	d__Bacteria; p__Bacillota; c__Clostridia; o__Peptostreptococcales-Tissierellales; f__Family_XI; g__Anaerococcus	1.0
1fbddceb7a9e3c6571e78e92dd7408f0	d__Bacteria; p__Bacteroidota; c__Bacteroidia; o__Bacteroidales; f__Prevotellaceae; g__Prevotella	0.8877266761099807
6e9ac49ab03e8cf905432ad62df55c30	d__Bacteria; p__Bacillota; c__Clostridia; o__Peptostreptococcales-Tissierellales; f__Anaerovoracaceae; g__Family_XIII_UCG-001	0.9968959150111312
c72af37438571df8f99f5994b1bc0d1f	d__Bacteria; p__Bacillota; c__Clostridia; o__Lachnospirales; f__Lachnospiraceae; g__Lachnospiraceae_UCG-004	0.9857544393290804
d03ef7025d83fe8e206aa4208c5bea2c	d__Bacteria; p__Bacillota; c__Clostridia; o__Peptococcales; f__Peptococcaceae; g__Peptococcus	0.9999816513056008
4cfe5cd1b26804fdebc994caac8a28c8	d__Bacteria; p__Bacillota; c__Clostridia; o__Peptostreptococcales-Tissierellales; f__Family_XI; g__W5053	0.9999915705307539
56bd657709951a35509cede761b83f67	d__Bacteria; p__Bacillota; c__Clostridia; o__Lachnospirales; f__Lachnospiraceae; g__Lachnospiraceae_UCG-010	0.9854331797112017
08e78f74d2109bad6845fd1a904cb7a8	d__Bacteria; p__Bacillota; c__Clostridia; o__Oscillospirales; f__Ruminococcaceae; g__Fournierella	0.9984512758939478
8094452ae907e0be14f59f5de20259c1	d__Bacteria; p__Bacillota; c__Clostridia; o__Lachnospirales; f__Lachnospiraceae; g__Lachnospira	0.9986690727217423
9a7134ae7c756e51b6471bd792f9ef10	d__Bacteria; p__Bacteroidota; c__Bacteroidia; o__Bacteroidales; f__Dysgonomonadaceae; g__Dysgonomonas	0.9999999216300668
be1aa9c7efbdbcf5331f7c8a9487c845	d__Bacteria; p__Bacillota; c__Bacilli; o__Lactobacillales; f__Streptococcaceae; g__Streptococcus	0.999968329175461
18ab95aa1f5f98278170ab8d011fbd1b	d__Bacteria; p__Bacteroidota; c__Bacteroidia; o__Bacteroidales; f__Bacteroidaceae; g__Bacteroides	0.9999999947914802
cc6c06bae0a74dec62abdcb93c1414ab	d__Bacteria; p__Bacillota; c__Clostridia; o__Oscillospirales; f__[Eubacterium]_coprostanoligenes_group; g__Incertae_Sedis	0.9979844645693879
f8c35d57c4b483c5a13d0d52d796940c	d__Bacteria; p__Bacteroidota; c__Bacteroidia; o__Bacteroidales; f__Tannerellaceae; g__Parabacteroides	0.9995394732629983
1a9e209eaacb9ca8ab8920e8ff62e839	d__Bacteria; p__Bacillota; c__Clostridia; o__Oscillospirales; f__Ethanoligenenaceae; g__Acetanaerobacterium	0.9999498768162999
6f9479c9d6e8fb172cbc5bac24c91d62	d__Bacteria; p__Bacillota; c__Clostridia; o__Lachnospirales; f__Lachnospiraceae; g__Blautia	0.7947519337915023
f5b0e6f68e9a3ab6bf02184b1afaeb87	d__Bacteria; p__Bacillota; c__Clostridia; o__Peptococcales; f__Peptococcaceae; g__Incertae_Sedis	0.9939005119793921
522737fb17597e7b5d12df50d64d91f1	d__Bacteria; p__Actinomycetota; c__Actinobacteria; o__Actinomycetales; f__Actinomycetaceae; g__Mobiluncus	0.9999974097493132
44bb9c5d36f698cdcdc9adde20c63610	d__Bacteria; p__Actinomycetota; c__Actinobacteria; o__Mycobacteriales; f__Corynebacteriaceae; g__Lawsonella	0.9999999988079367
207bd5f725f7774412e65aafed0a542a	d__Bacteria; p__Bacillota; c__Clostridia; o__Lachnospirales; f__Lachnospiraceae	0.7835442359330047
9e7451ccee2525615343fd4e5ca8f995	d__Bacteria; p__Bacteroidota; c__Bacteroidia; o__Bacteroidales; f__Marinifilaceae; g__Butyricimonas	0.9999999999990621
41c54ddeccb5d2627a87232277c53792	d__Bacteria; p__Bacillota; c__Clostridia; o__Oscillospirales; f__Ruminococcaceae; g__Ruminococcus	0.8905954431216558
cc26910beda4c34d311783ea2c9c1818	d__Bacteria; p__Bacillota; c__Clostridia; o__Peptostreptococcales-Tissierellales; f__Family_XI; g__Peptoniphilus	0.9999999438611853
333dee9a5c3360c82d92e4d5cafb2b6e	d__Bacteria; p__Bacillota; c__Clostridia; o__Christensenellales; f__Christensenellaceae; g__Christensenellaceae_R-7_group	0.9803880687033191
80bbb02fb4e9ea0e27e3d4c776f8ad51	d__Bacteria; p__Actinomycetota; c__Coriobacteriia; o__Coriobacteriales; f__Atopobiaceae; g__Fannyhessea	0.9999999990535144
d84d8cf53693bebb94e836b4204f462f	d__Bacteria; p__Bacillota; c__Clostridia; o__Clostridia_UCG-014; f__Incertae_Sedis; g__Incertae_Sedis	0.9160217487370664
f06ec31a6699189d92309ca731efacbc	d__Bacteria; p__Bacillota; c__Negativicutes; o__Acidaminococcales; f__Acidaminococcaceae; g__Acidaminococcus	0.9993993206257598
3e54e2e7fb35c65339f6304a96609bd6	d__Bacteria; p__Bacillota; c__Bacilli; o__Lactobacillales; f__Streptococcaceae; g__Streptococcus	0.9999965105205237
3dd992dfe490d2df50af8ec7cf927d04	d__Bacteria; p__Bacteroidota; c__Bacteroidia; o__Bacteroidales; f__Muribaculaceae; g__Incertae_Sedis	0.9999999455728826
3b2009fcb7b8c2a75c6da4d5d143344e	d__Bacteria; p__Bacteroidota; c__Bacteroidia; o__Bacteroidales; f__Bacteroidaceae; g__Bacteroides	0.9999977456070585
4bcbefafa048c06a56a0d5196d864e14	d__Bacteria; p__Actinomycetota; c__Coriobacteriia; o__Coriobacteriales; f__Eggerthellaceae; g__Adlercreutzia	0.9169409883662526
814ae1c84cb87b7f8b7239f9353bec49	d__Bacteria; p__Actinomycetota; c__Actinobacteria; o__Mycobacteriales; f__Corynebacteriaceae; g__Corynebacterium	0.9999958349391614
3b7622de07b181ba38292243d116b233	d__Bacteria; p__Bacillota; c__Clostridia; o__Oscillospirales; f__Ruminococcaceae; g__Faecalibacterium	0.9996465604666043
22f96e4d8b02d8c55ab78d71a7f12c4f	d__Bacteria; p__Bacteroidota; c__Bacteroidia; o__Bacteroidales; f__Marinifilaceae; g__Butyricimonas	0.9999999999999574
82ab916363b5f190874c8774502afa6a	d__Bacteria; p__Bacillota; c__Clostridia; o__Lachnospirales; f__Lachnospiraceae; g__Lachnospiraceae_UCG-009	0.7755246825228215
775e2682fb80883eb7a018b8d363387d	d__Bacteria; p__Bacillota; c__Bacilli; o__Lactobacillales; f__Aerococcaceae	0.8806442783726132
448c4ece61c454fdc451219740de1022	d__Bacteria; p__Bacteroidota; c__Bacteroidia; o__Bacteroidales; f__Tannerellaceae; g__Parabacteroides	0.9987904443533926
52a06dea9ff641c7303c8ca21fa7aca5	d__Bacteria; p__Bacteroidota; c__Bacteroidia; o__Bacteroidales; f__Marinifilaceae; g__Butyricimonas	0.9571572281885308
39f94c50ed5ba9ec7085c9c0e312c16a	d__Bacteria; p__Bacillota; c__Clostridia; o__Peptostreptococcales-Tissierellales; f__Anaerovoracaceae; g__Family_XIII_AD3011_group	0.9202348239441629
a08d9fb331013d69d364bd4e2be56825	d__Bacteria; p__Bacillota; c__Clostridia; o__Oscillospirales; f__Oscillospiraceae; g__UCG-003	0.996077984769323
c3872198144b62ba82c1558586a5ebe3	d__Bacteria; p__Pseudomonadota; c__Gammaproteobacteria; o__Burkholderiales; f__Neisseriaceae; g__Eikenella	0.7487297255842355
d9179bcf9343454d917bc22530e0a43e	d__Bacteria; p__Bacillota; c__Clostridia; o__Lachnospirales; f__Lachnospiraceae; g__Anaerobutyricum	0.9873545616349202
1516474efc3aa785c8f2fc6d144d597b	d__Bacteria; p__Bacillota; c__Clostridia; o__Lachnospirales; f__Lachnospiraceae; g__Mediterraneibacter	0.9892164767470558
baf39284afad4f9a96260d0ffd34e347	d__Bacteria; p__Bacteroidota; c__Bacteroidia; o__Bacteroidales; f__Bacteroidaceae; g__Bacteroides	0.9999997446507549
2bec453987b8809abf9cf37b1ec388dc	d__Bacteria; p__Bacillota; c__Clostridia; o__Lachnospirales; f__Lachnospiraceae; g__Lachnospiraceae_UCG-008	0.7295585947190332
d58adec53e61c18c84f74e8c07103ee7	d__Bacteria; p__Bacillota; c__Negativicutes; o__Veillonellales-Selenomonadales; f__Veillonellaceae; g__Megasphaera	0.9999303641904629
6b0ad7f7a533a2b9479cc58d760b69b1	d__Bacteria; p__Bacillota; c__Bacilli; o__Lactobacillales; f__Streptococcaceae; g__Streptococcus	0.9998507672493487
8d679f22fe2b8832b2aff8060af8b611	d__Bacteria; p__Bacteroidota; c__Bacteroidia; o__Bacteroidales; f__Porphyromonadaceae; g__Porphyromonas	0.9904479627443749
9bd1761724db49a597b265155c67be67	d__Bacteria; p__Bacillota; c__Clostridia; o__Peptostreptococcales-Tissierellales; f__Family_XI; g__Anaerococcus	0.9999995274743136
d81297656b72cc55f30c6f4455ae2743	d__Bacteria; p__Bacteroidota; c__Bacteroidia; o__Bacteroidales; f__Tannerellaceae; g__Parabacteroides	0.9924655462835317
771226f70739413b0fdc6079b144d549	d__Bacteria; p__Bacteroidota; c__Bacteroidia; o__Bacteroidales; f__Muribaculaceae; g__Incertae_Sedis	0.9999998630583442
f221a73064348e4d09fb258ad02f3c2d	d__Bacteria; p__Bacteroidota; c__Bacteroidia; o__Bacteroidales; f__Prevotellaceae; g__Prevotella	0.8711148621252165
21dde35caddb538971208d819a394915	d__Bacteria; p__Bacillota; c__Negativicutes; o__Veillonellales-Selenomonadales; f__Veillonellaceae; g__Megasphaera	0.885721462347222
2777193159876da0512cd81cdda506bc	d__Bacteria; p__Actinomycetota; c__Coriobacteriia; o__Coriobacteriales; f__Eggerthellaceae; g__Eggerthella	0.9999984281287188
8ba6fc7732bb1d70eb0b2a19416e4fbc	d__Bacteria; p__Bacillota; c__Clostridia; o__Clostridia_vadinBB60_group; f__Incertae_Sedis; g__Incertae_Sedis	0.9999999248489387
b70edcc5bc6602ef90ed9f35c94a2a5c	d__Bacteria; p__Bacteroidota; c__Bacteroidia; o__Bacteroidales; f__Bacteroidaceae; g__Bacteroides	0.9999681242766664
d380c1e2cecfb5c1f5f24197e5ca0014	d__Bacteria; p__Bacillota; c__Bacilli; o__Lactobacillales	0.9998823894585468
e03eac73262a87e4d1329af92d687341	d__Bacteria; p__Bacteroidota; c__Bacteroidia; o__Bacteroidales; f__Prevotellaceae; g__Prevotella	0.9982197302284168
4a4e713347ac65f04c521b08f128763a	d__Bacteria; p__Bacteroidota; c__Bacteroidia; o__Bacteroidales; f__Marinifilaceae; g__Butyricimonas	0.999999999994543
87d44f46d4af08ce6fe9dc62606d3c95	d__Bacteria; p__Bacteroidota; c__Bacteroidia; o__Bacteroidales; f__Tannerellaceae; g__Parabacteroides	0.9974188806149227
3abe55788097bd9e5b181f0fd50bedff	d__Bacteria; p__Bacillota; c__Clostridia; o__Peptostreptococcales-Tissierellales; f__Family_XI; g__Fenollaria	0.9999922103895632
696bff03b280c984752b008162a652ca	d__Bacteria; p__Bacillota; c__Clostridia	0.9988744640747118
c9dac07685d8b10f80d2f996451acb5c	d__Bacteria; p__Bacillota; c__Clostridia; o__Lachnospirales; f__Lachnospiraceae; g__Anaerostipes	0.9632289158576176
4f5efd25dacb5d639316e7291ff6ff8b	d__Bacteria; p__Pseudomonadota; c__Gammaproteobacteria; o__Burkholderiales; f__Neisseriaceae; g__Neisseria	0.993333751890577
c845eda99662b5a88a8c8e979ec07dd0	d__Bacteria; p__Pseudomonadota; c__Gammaproteobacteria; o__Burkholderiales; f__Burkholderiaceae; g__Lautropia	0.999998971227672
886c310521057db30453f2097b621418	d__Bacteria; p__Bacillota; c__Clostridia; o__Peptococcales; f__Peptococcaceae; g__Peptococcus	0.9999941832506842
625f65a4c1b795150143c1c3a4442e25	d__Bacteria; p__Bacillota; c__Incertae_Sedis; o__DTU014; f__Incertae_Sedis; g__Incertae_Sedis	0.9944929043813543
ae576337f19d0f18d56c014b87bd9de3	d__Bacteria; p__Fusobacteriota; c__Fusobacteriia; o__Fusobacteriales; f__Leptotrichiaceae; g__Sneathia	0.9999991264686635
f1edd3c769f15cfd799e6ed84675bd86	d__Bacteria; p__Bacillota; c__Clostridia; o__Lachnospirales; f__Lachnospiraceae; g__Shuttleworthia	0.9999999624187843
0af4a44e29127d48ac9bb9add5543850	d__Bacteria; p__Bacteroidota; c__Bacteroidia; o__Bacteroidales; f__Prevotellaceae; g__Prevotella	0.9998931609657179
5817fa27f240dd7e7f0822f50b8fc948	d__Bacteria; p__Bacteroidota; c__Bacteroidia; o__Bacteroidales; f__Porphyromonadaceae; g__Porphyromonas	0.9955657440608725
3996dd9c5d3c14824bae483a0cd35e7b	d__Bacteria; p__Bacillota; c__Clostridia; o__Oscillospirales; f__Ruminococcaceae; g__Ruthenibacterium	0.9999614879166233
7bf8bd74563c4e9d340cbbdcbec06524	d__Bacteria; p__Bacillota; c__Bacilli; o__Lactobacillales; f__Lactobacillaceae; g__HT002	0.7443661776562759
31903fea91c7cdb500a0dd9c862f4621	d__Bacteria; p__Bacillota; c__Bacilli; o__Bacillales; f__Bacillaceae	0.9975310720640677
2595bf1e701879b086a24e1a2b114857	d__Bacteria; p__Bacillota; c__Clostridia; o__Oscillospirales; f__Oscillospiraceae; g__Oscillibacter	0.9999921508229292
04ddc282eeaf358f2a174596a1c95a6f	d__Bacteria; p__Bacillota; c__Clostridia; o__Oscillospirales; f__[Eubacterium]_coprostanoligenes_group; g__Incertae_Sedis	0.9990072658718256
d531f7abbe719c575cfb72bf14d38575	d__Bacteria; p__Bacillota; c__Clostridia; o__Peptostreptococcales-Tissierellales; f__Peptostreptococcaceae; g__[Eubacterium]_yurii_group	0.8006344707434785
003b7b0615c8f71650829cdf5d8960f6	d__Bacteria; p__Planctomycetota; c__Planctomycetes; o__Isosphaerales; f__Isosphaeraceae; g__Aquisphaera	0.7248917697640972
e529f921adcae0ca6ba1d9148d23802a	d__Bacteria; p__Pseudomonadota; c__Alphaproteobacteria; o__Caulobacterales; f__Caulobacteraceae; g__Phenylobacterium	0.7671497966391873
99b463fe81dce53e18aef155d5b56b09	d__Bacteria; p__Planctomycetota; c__Planctomycetes; o__Pirellulales; f__Pirellulaceae; g__Incertae_Sedis	0.9997297048046032
f2a749d79e64aa7b0e5aafde0e6f4b30	d__Bacteria; p__Incertae_Sedis; c__Incertae_Sedis; o__SJA-28; f__Incertae_Sedis; g__Incertae_Sedis	0.9999997230948977
28c5037a2188505b8ff92bfe42aae505	d__Bacteria; p__Acidobacteriota; c__Vicinamibacteria; o__Vicinamibacterales; f__Vicinamibacteraceae; g__Incertae_Sedis	0.9999970099839935
fd24b747799680c987af5c5132286ed6	d__Bacteria; p__Chloroflexota; c__OLB14; o__Incertae_Sedis; f__Incertae_Sedis; g__Incertae_Sedis	0.9999804048708099
5a7c85d39e6fe84bdaa0bdfb9c3e22d9	d__Bacteria; p__Pseudomonadota; c__Gammaproteobacteria; o__Burkholderiales; f__Nitrosomonadaceae; g__mle1-7	0.998922765866342
43ee2a760aea0393c28cb0810989880e	d__Bacteria; p__Acidobacteriota; c__Blastocatellia; o__11-24; f__Incertae_Sedis; g__Incertae_Sedis	0.9997318029216156
442107b053dcc602e8bdb265f185b79a	d__Bacteria; p__Verrucomicrobiota; c__Verrucomicrobiia; o__Pedosphaerales; f__Pedosphaeraceae; g__Incertae_Sedis	0.8546637688224088
d80de89804f1b657b26fd2220b9dadbe	d__Bacteria; p__Verrucomicrobiota; c__Verrucomicrobiia; o__Opitutales; f__Opitutaceae; g__Oleiharenicola	0.9999999667932121
09c0bc88b7a6392f7bae86bdf5a3eca4	d__Bacteria; p__Bacteroidota; c__Bacteroidia; o__Bacteroidales; f__Prevotellaceae; g__Hoylesella	0.9999906871036837
9c5dea86b3bcf2ec74b8ff184afe028b	d__Bacteria; p__Bacteroidota; c__Bacteroidia; o__Flavobacteriales; f__Weeksellaceae; g__Weeksella	0.9999999973853448
aa72f8f170f758d18e7d96708fb3841c	d__Bacteria; p__Bacillota; c__Clostridia; o__Oscillospirales; f__Butyricicoccaceae; g__Butyricicoccus	0.9924586005070655
85d4001bee12be1087e1aee230a69080	d__Bacteria; p__Bacillota; c__Clostridia; o__Oscillospirales; f__Ruminococcaceae; g__Faecalibacterium	0.9966426770345038
38ab0ab19cccf140111a9850ad20e21b	d__Bacteria; p__Bacteroidota; c__Bacteroidia; o__Bacteroidales; f__Prevotellaceae; g__Prevotella	0.9999676303854229
e28aa253bc2dceaafb880d07d26119ab	d__Bacteria; p__Actinomycetota; c__Actinobacteria; o__Bifidobacteriales; f__Bifidobacteriaceae; g__Alloscardovia	0.9999986148034808
f078b805ae7ae7d060ca5a646764a066	d__Bacteria; p__Bacillota; c__Clostridia; o__Peptostreptococcales-Tissierellales; f__Family_XI; g__Anaerococcus	0.9999968176382243
bbcae7ddf438f68fca7bb7ccb1107474	d__Bacteria; p__Bacteroidota; c__Bacteroidia; o__Bacteroidales; f__Marinifilaceae; g__Butyricimonas	0.9999999999531326
cb020f55949c3589d9ab4c1d57f9f071	d__Bacteria; p__Synergistota; c__Synergistia; o__Synergistales; f__Synergistaceae; g__Rarimicrobium	1.0
36ce67b3fecce277df99829617975495	d__Bacteria; p__Actinomycetota; c__Actinobacteria; o__Micrococcales; f__Micrococcaceae; g__Rothia	0.9999982320857579
c8ae7d9258e5bf2f1f1451873429c5c4	d__Bacteria; p__Bacteroidota; c__Bacteroidia; o__Bacteroidales; f__Tannerellaceae; g__Parabacteroides	0.9999110241402855
f707b0354d6d6b5f71cf1a6598e32e2d	d__Bacteria; p__Bacteroidota; c__Bacteroidia; o__Bacteroidales; f__Bacteroidaceae; g__Bacteroides	0.9999689519780293
a71ff29e74af135619b45332bfb02047	d__Bacteria; p__Bacillota; c__Clostridia; o__Eubacteriales; f__Anaerofustaceae; g__Anaerofustis	0.9999999993566746
544dc3c469fceaa44e25d68991df11f4	d__Bacteria; p__Bacillota; c__Clostridia; o__Lachnospirales; f__Lachnospiraceae; g__Fusicatenibacter	0.8687070596474205
393625590ff2fa81911647ff974e2047	d__Bacteria; p__Bacillota; c__Bacilli; o__Lactobacillales; f__Streptococcaceae; g__Streptococcus	0.9999273714301943
c3f34fbb5d6e5eef690bd2aab1e6d55a	d__Bacteria; p__Bacteroidota; c__Bacteroidia; o__Bacteroidales; f__Bacteroidaceae; g__Bacteroides	0.9999999980626768
d5fee03c103b88588b71cb36c6bd9506	d__Bacteria; p__Bacillota; c__Clostridia; o__Lachnospirales; f__Lachnospiraceae	0.911083459876865
0c0ac1c8923f1a5be22bf2e2d6ed5db5	d__Bacteria; p__Bacillota; c__Clostridia; o__Lachnospirales; f__Lachnospiraceae; g__Tyzzerella	0.9999963432679874
715ccce623a963888d484f969b745fb4	d__Bacteria; p__Bacillota; c__Clostridia; o__Peptostreptococcales-Tissierellales; f__Family_XI; g__Anaerococcus	1.0
77b224861626fb57ceb1db2cd5d23f90	d__Bacteria; p__Bacillota; c__Clostridia; o__Lachnospirales; f__Lachnospiraceae; g__Anaerotignum	0.9989620120561494
a3f5ce2036b498d6db19a9d20a90b08f	d__Bacteria; p__Bacillota; c__Clostridia; o__Oscillospirales; f__[Eubacterium]_coprostanoligenes_group; g__Incertae_Sedis	0.9999765635880473
f4084ff26b7403151eacd101315e4bc1	d__Bacteria; p__Pseudomonadota; c__Gammaproteobacteria; o__Enterobacterales; f__Enterobacteriaceae; g__Escherichia-Shigella	0.9270817611739505
e4ce01b9d7d504c2ad6b4d1c76737625	d__Bacteria; p__Bacteroidota; c__Bacteroidia; o__Bacteroidales; f__Porphyromonadaceae; g__Porphyromonas	0.9999850794100235
24be3b615a7d6602acf47581a35b6fd4	d__Bacteria; p__Bacteroidota; c__Bacteroidia; o__Bacteroidales; f__Porphyromonadaceae; g__Porphyromonas	0.9985660103247781
897aa38e05b3be367011ece83deb000b	d__Bacteria; p__Bacteroidota; c__Bacteroidia; o__Bacteroidales; f__Bacteroidaceae; g__Bacteroides	0.9999947668876608
12f2e666955c86b54abd97c942fc2a10	d__Bacteria; p__Bacillota; c__Clostridia; o__Oscillospirales; f__[Eubacterium]_coprostanoligenes_group; g__Incertae_Sedis	0.9983228885767635
cdd058255b32c7dd3dfe3b2a5f1f0cb7	d__Bacteria; p__Bacillota; c__Negativicutes; o__Acidaminococcales; f__Acidaminococcaceae; g__Acidaminococcus	0.9143657357144649
f969bac3b2b35c7f9336be34c94db3b7	d__Bacteria; p__Bacteroidota; c__Bacteroidia; o__Bacteroidales; f__Prevotellaceae; g__Hoylesella	0.9884675399277212
0ed3a6836e138f14044f6950ad7280d2	d__Bacteria; p__Actinomycetota; c__Actinobacteria; o__Actinomycetales; f__Actinomycetaceae; g__Actinomyces	0.9999675114630703
9398ad242a77ae05cc0f9215b14d0c83	d__Bacteria; p__Bacillota; c__Clostridia; o__Peptostreptococcales-Tissierellales; f__Family_XI; g__Peptoniphilus	0.9999994762127025
5be3209e582e95344bf276752e68b3b5	d__Bacteria; p__Bacillota; c__Clostridia; o__Oscillospirales; f__Ruminococcaceae; g__DTU089	0.999999692981807
58834aafe2154b533d198cc974ec0e09	d__Bacteria; p__Bacteroidota; c__Bacteroidia; o__Bacteroidales; f__Bacteroidaceae; g__Bacteroides	0.9999995295631662
04ae944353d0c5edc33268d567833235	d__Bacteria; p__Bacillota; c__Clostridia; o__Lachnospirales; f__Lachnospiraceae	0.9999618868587539
c48430d07ea1d17ff7f39b5e84ab7e56	d__Bacteria; p__Bacteroidota; c__Bacteroidia; o__Bacteroidales; f__Rikenellaceae; g__Alistipes	0.9999999999997442
cea8e1a84a635bb445ef1b9240ca0288	d__Bacteria; p__Bacillota; c__Clostridia; o__Peptostreptococcales-Tissierellales; f__Family_XI; g__Fenollaria	0.9999999580972494
c25c731bb559a287c1b02eed7d618c72	d__Bacteria; p__Bacillota; c__Clostridia; o__Clostridia_vadinBB60_group; f__Incertae_Sedis; g__Incertae_Sedis	0.7700609795618657
5db43e823373034e9859cb2ab2f8975c	d__Bacteria; p__Bacillota; c__Clostridia; o__Oscillospirales; f__Oscillospiraceae; g__UCG-002	0.9521063306814479
2a0ebf193a933caf68cbbc0d3b4b7fb5	d__Bacteria; p__Bacillota; c__Clostridia; o__Peptostreptococcales-Tissierellales; f__Family_XI; g__Peptoniphilus	0.9999890954157821
a26e0af7a0a6347cc7c9b1a361116f27	d__Bacteria; p__Bacillota; c__Bacilli; o__Staphylococcales; f__Gemellaceae; g__Gemella	0.9999999186182895
92343ddcff9b3b470e6961e7adcc7938	d__Bacteria; p__Actinomycetota; c__Actinobacteria; o__Micrococcales; f__Micrococcaceae; g__Pseudoglutamicibacter	0.9697601015166462
6a303070cc5a7983fba732836e1713af	d__Bacteria; p__Bacillota; c__Clostridia; o__Oscillospirales; f__Oscillospiraceae; g__Flavonifractor	0.9996421731478611
c8f6d9674494e380ed46082a08f1732e	d__Bacteria; p__Actinomycetota; c__Actinobacteria; o__Mycobacteriales; f__Corynebacteriaceae; g__Corynebacterium	0.9998450121040585
0f6b7495021bd8009e203b3a63699d0e	d__Bacteria; p__Bacillota; c__Clostridia; o__Oscillospirales; f__Oscillospiraceae; g__UCG-002	0.9958647043823572
ec9f24fe67810c9fed4256ecc85ebbf8	d__Bacteria; p__Bacillota; c__Clostridia; o__Peptostreptococcales-Tissierellales; f__Family_XI; g__Peptoniphilus	0.999999165217581
e6c740ca4ed284182c87d52ca3c601b6	d__Bacteria; p__Bacillota; c__Bacilli; o__Lactobacillales; f__Aerococcaceae; g__Aerococcus	0.9999978214364943
1343255900d1b3ffeae9b0bb79cb2ace	d__Bacteria; p__Bacillota; c__Clostridia; o__Oscillospirales; f__Ethanoligenenaceae; g__Acetanaerobacterium	0.9999124671605176
82d09389ab523a0e6dbd8576b5de67fc	d__Bacteria; p__Bacillota; c__Clostridia; o__Oscillospirales; f__Oscillospiraceae; g__Incertae_Sedis	0.8965165157539009
cdef896edca66918c640aeadee6f1809	d__Bacteria; p__Pseudomonadota; c__Gammaproteobacteria; o__Burkholderiales; f__Sutterellaceae; g__Sutterella	0.9999797620565518
156e43349c357d6da97b4eefd07ae797	d__Bacteria; p__Bacteroidota; c__Bacteroidia; o__Bacteroidales; f__Porphyromonadaceae; g__Porphyromonas	0.9999982992186002
21e80ad562b3b4707c7d6dd7a922fd92	d__Bacteria; p__Bacillota; c__Clostridia; o__Peptostreptococcales-Tissierellales; f__Family_XI; g__Anaerococcus	0.9999999358068855
8d01ff094cd1dbccba56575774169322	d__Bacteria; p__Bacillota; c__Bacilli; o__Lactobacillales; f__Lactobacillaceae; g__Incertae_Sedis	0.7216627707585488
b0b2f7e520da337e3ccdcaf3e0cccb0c	d__Bacteria; p__Pseudomonadota; c__Gammaproteobacteria; o__Burkholderiales; f__Sutterellaceae; g__Parasutterella	0.9992292302333816
7c8c3f278fd565d8173c390d343f61e3	d__Bacteria; p__Bacillota; c__Clostridia; o__Oscillospirales; f__Ruminococcaceae; g__Incertae_Sedis	0.8786510756347643
262b9d101f07bcd41ee68f140e9820c2	d__Bacteria; p__Bacillota; c__Clostridia; o__Peptostreptococcales-Tissierellales; f__Anaerovoracaceae; g__Mogibacterium	0.9999978878634005
11cd7f77a506682c6a060eab4a454850	d__Bacteria; p__Bacteroidota; c__Bacteroidia; o__Bacteroidales; f__Bacteroidaceae; g__Bacteroides	0.9999972050741497
57aa8b53afbf7720e6685fe27c0e5659	d__Bacteria; p__Bacillota; c__Negativicutes; o__Acidaminococcales; f__Acidaminococcaceae; g__Phascolarctobacterium	0.9999477455603512
df1e6d1f962b2d50683e9c049e77d49a	d__Bacteria; p__Actinomycetota; c__Coriobacteriia; o__Coriobacteriales; f__Eggerthellaceae; g__Incertae_Sedis	0.9999999886473178
97c1c1cbbde7a962d7465cda98f910f9	d__Bacteria; p__Bacillota; c__Negativicutes; o__Acidaminococcales; f__Acidaminococcaceae	0.7005378413825567
50d86b5415d2bd509518bc51c71e3364	d__Bacteria; p__Bacteroidota; c__Bacteroidia; o__Bacteroidales; f__Tannerellaceae; g__Parabacteroides	0.9878985310039257
355cd350f78139a0d706e9bc4cdc831f	d__Bacteria; p__Bacillota; c__Clostridia; o__Christensenellales; f__Christensenellaceae; g__Christensenellaceae_R-7_group	0.8704846024280719
6ea4237388f704e8bcafe64e57e42c46	d__Bacteria; p__Actinomycetota; c__Actinobacteria; o__Mycobacteriales; f__Corynebacteriaceae; g__Lawsonella	0.9999999993920454
3a579525f44db2e200d4bb4391842139	d__Bacteria; p__Actinomycetota; c__Coriobacteriia; o__Coriobacteriales; f__Eggerthellaceae; g__Gordonibacter	0.9990351234281952
ec03b628dfa2f625b2cc44812c823e5e	d__Bacteria; p__Bacillota; c__Clostridia; o__Oscillospirales; f__Ruminococcaceae; g__Ruminococcus	0.8498330891558371
b47f0acc861ce9dc79d7967126bd1485	d__Bacteria; p__Bacillota; c__Negativicutes; o__Veillonellales-Selenomonadales; f__Veillonellaceae; g__Dialister	0.9802918606985492
11e8caead10bcfc055d7804c1293d355	d__Bacteria; p__Bacillota; c__Clostridia; o__Peptostreptococcales-Tissierellales; f__Anaerovoracaceae; g__Mogibacterium	0.9999853581032323
57bdfe55b7ec734c1328d67ac14d1fcf	d__Bacteria; p__Bacillota; c__Clostridia; o__Oscillospirales; f__Oscillospiraceae; g__Fastidiosipila	0.9999998080167571
05ca223d6709b8351e39b978a98ac176	d__Bacteria; p__Bacillota; c__Clostridia; o__Oscillospirales; f__Oscillospiraceae; g__UCG-002	0.9896626564372532
8b029d14d4e0eb5aa5617fcb9471a4be	d__Bacteria; p__Bacteroidota; c__Bacteroidia; o__Bacteroidales; f__Tannerellaceae; g__Parabacteroides	0.9984774310519141
a524dd50750ecb55086cc5d423b68aa7	d__Bacteria; p__Bacillota; c__Clostridia; o__Oscillospirales; f__Oscillospiraceae; g__UCG-002	0.9489428901422655
b94662c0492f0e33c6157eead05bc2a8	d__Bacteria; p__Bacteroidota; c__Bacteroidia; o__Bacteroidales; f__Bacteroidaceae; g__Bacteroides	0.9990255114599935
a59281c2e5b485694bad1587ee5e4e6a	d__Bacteria; p__Bacillota; c__Clostridia; o__Christensenellales; f__Christensenellaceae; g__Christensenellaceae_R-7_group	0.9475965587969586
73c6f4b96520abb5610c7fd0043dec65	d__Bacteria; p__Bacillota; c__Clostridia; o__Peptostreptococcales-Tissierellales; f__Family_XI; g__Anaerococcus	0.999999995091926
c52e9039dbf456b84bf06deddbec791d	d__Bacteria; p__Bacillota; c__Clostridia; o__Oscillospirales; f__Ruminococcaceae; g__[Eubacterium]_siraeum_group	0.9999995926119544
6d6ab7315b399f8c54b50467972c07aa	d__Bacteria; p__Bacillota; c__Clostridia; o__Oscillospirales; f__Ruminococcaceae; g__Acutalibacter	0.743547302344989
db538dee7edac34eb15f4629ec783d08	d__Bacteria; p__Bacteroidota; c__Bacteroidia; o__Bacteroidales; f__Bacteroidaceae; g__Bacteroides	0.9999972885653914
8e9544b1135bb91ed6449c15a8cdb370	d__Bacteria; p__Bacillota; c__Clostridia; o__Lachnospirales; f__Lachnospiraceae; g__Eisenbergiella	0.9794869938749736
ea598500527a8224c83ce36ad302af57	d__Bacteria; p__Bacillota; c__Clostridia; o__Lachnospirales; f__Lachnospiraceae; g__Lachnospiraceae_UCG-004	0.9810202383912296
5437eb32e8402c12d07295689337b6d3	d__Bacteria; p__Bacillota; c__Negativicutes; o__Veillonellales-Selenomonadales; f__Veillonellaceae; g__Dialister	0.9999953590650223
3dff953eea05c3889f10c95963478721	d__Bacteria; p__Bacillota; c__Clostridia; o__Clostridia_vadinBB60_group; f__Incertae_Sedis; g__Incertae_Sedis	0.8263021614082722
b54d7ff733e379a247675f613c934cf5	d__Bacteria; p__Bacillota; c__Bacilli; o__Erysipelotrichales; f__Erysipelotrichaceae; g__Merdibacter	0.9999999938578981
6753f0818072f28125cfa5e4f4e20f78	d__Bacteria; p__Bacteroidota; c__Bacteroidia; o__Bacteroidales; f__Porphyromonadaceae; g__Porphyromonas	0.9999987313280433
4e2f5dcd22bb762784fec4363445371d	d__Bacteria; p__Bacillota; c__Clostridia; o__Peptostreptococcales-Tissierellales; f__Peptostreptococcaceae; g__Peptostreptococcus	0.9993282497626658
1c15dce677ce266269d1373182cce24a	d__Bacteria; p__Bacillota; c__Clostridia; o__Peptostreptococcales-Tissierellales; f__Family_XI; g__Parvimonas	0.9999534635212964
ea61f39afc44bcb7887ad9b4fb0ab3ff	d__Bacteria; p__Actinomycetota; c__Coriobacteriia; o__Coriobacteriales; f__Atopobiaceae	0.9999998174017886
9ab201405ef4c6cce6fdd3dc77c4279a	d__Bacteria; p__Bacillota; c__Bacilli; o__Lactobacillales; f__Listeriaceae; g__Listeria	0.9998042308417027
fe245489c9306325a5182ca0b26b3dd1	d__Bacteria; p__Bacillota; c__Clostridia; o__Lachnospirales; f__Lachnospiraceae; g__Coprococcus	0.9709137795226002
59569afbca0342ed00919b6c31665ddc	d__Bacteria; p__Pseudomonadota; c__Gammaproteobacteria; o__Enterobacterales; f__Morganellaceae; g__Cosenzaea	0.9411109544556642
96301d3fcd5dbf689f9ec44e03ccbb99	d__Bacteria; p__Actinomycetota; c__Actinobacteria; o__Actinomycetales; f__Actinomycetaceae; g__Mobiluncus	0.9999987249711098
ad00ae04ff50b034db76204ce8908655	d__Bacteria; p__Bacillota; c__Clostridia; o__Peptostreptococcales-Tissierellales; f__Family_XI; g__Peptoniphilus	0.9999999887032233
821d785df00a89f3baa17682275dc4b9	d__Bacteria; p__Bacillota; c__Clostridia; o__Peptococcales; f__Peptococcaceae; g__Incertae_Sedis	0.9999999319732092
053498cdf4623851e84f48b1dc827ffa	d__Bacteria; p__Bacillota; c__Clostridia; o__Lachnospirales; f__Lachnospiraceae; g__Moryella	0.8729599731005826
430717e69510d86450e1111e1d25744b	d__Bacteria; p__Bacillota; c__Clostridia; o__Peptostreptococcales-Tissierellales; f__Family_XI; g__Fenollaria	0.9999999993360547
7aa51c14d0798069548b78e6ef1a9bf4	d__Bacteria; p__Bacillota; c__Clostridia; o__Lachnospirales; f__Lachnospiraceae; g__Anaerobutyricum	0.998639097664497
335b206d0224744972786c2daf1d72dc	d__Bacteria; p__Pseudomonadota; c__Alphaproteobacteria; o__Rickettsiales; f__Mitochondria; g__Incertae_Sedis	0.7675060154076727
5c00c5392eb1579c10484810f2494077	d__Bacteria; p__Bacillota; c__Clostridia; o__Peptostreptococcales-Tissierellales; f__Family_XI; g__Anaerococcus	0.9999999999999858
783f42006cae3206609d789fdf05378f	d__Bacteria; p__Actinomycetota; c__Actinobacteria; o__Actinomycetales; f__Actinomycetaceae; g__Varibaculum	0.9999999988644959
1386a57247e2d8cf692503afab3209a5	d__Bacteria; p__Actinomycetota; c__Coriobacteriia; o__Coriobacteriales; f__Atopobiaceae; g__Lancefieldella	0.9996730187950146
4412be52a441ed1fc13bfc8f6a7262f5	d__Bacteria; p__Bacillota; c__Clostridia; o__Peptostreptococcales-Tissierellales; f__Family_XI; g__Fenollaria	0.999677144654268
ea85a25eeb4e3cfa0a98bcf029e38264	d__Bacteria; p__Bacillota; c__Clostridia; o__Oscillospirales; f__Oscillospiraceae; g__Flavonifractor	0.8245116827084833
f44c3e866050273e250d38b88dcd86fd	d__Eukaryota	0.9343340045777595
ef07177917eb453f28d1d7fbc847fa52	d__Bacteria; p__Actinomycetota; c__Coriobacteriia; o__Coriobacteriales; f__Eggerthellaceae; g__Slackia	0.9999998569043629
c24228d0f7620bd04c044d27df14b5ee	d__Bacteria; p__Bacillota; c__Clostridia; o__Peptostreptococcales-Tissierellales; f__Peptostreptococcaceae; g__Peptostreptococcus	0.9999996605199194
b79dde003fac2946cfe3cb1d5c7aaac7	d__Bacteria; p__Bacillota; c__Clostridia; o__Lachnospirales; f__Lachnospiraceae; g__Hungatella	0.996587122600536
be62709da7b40d14392016ea7a3ae843	d__Bacteria; p__Bacillota; c__Bacilli; o__Paenibacillales; f__Paenibacillaceae; g__Fontibacillus	0.7777032678609417
24765397c72c219356beaf671e3aaad8	d__Bacteria; p__Bacillota; c__Clostridia; o__Peptostreptococcales-Tissierellales; f__Family_XI; g__Fenollaria	0.9999961374233939
7d9c546eb37008639fd589377422a579	d__Bacteria; p__Synergistota; c__Synergistia; o__Synergistales; f__Synergistaceae; g__Jonquetella	1.0
1a78539b37f0546f2a1643da51ce7636	d__Bacteria; p__Bacillota; c__Clostridia; o__Lachnospirales; f__Lachnospiraceae; g__Cuneatibacter	0.9981817172887736
f913d0daa2b8a949ecf86d443bce603d	d__Bacteria; p__Bacillota; c__Clostridia; o__Peptostreptococcales-Tissierellales; f__Family_XI; g__Ezakiella	0.9999999999999858
f6e582a67a3c26bb63c7f206507e00bc	d__Bacteria; p__Bacillota; c__Clostridia; o__Lachnospirales; f__Lachnospiraceae; g__Shuttleworthia	0.9999998910774851
99906c2f1f1f56f7be2356924ef5d4ef	d__Bacteria; p__Bacillota; c__Clostridia	0.9888725732547861
f53ea68023da65982627683eb0994946	d__Bacteria; p__Bacteroidota; c__Bacteroidia; o__Bacteroidales; f__Porphyromonadaceae; g__Porphyromonas	0.9999996261120276
756139c0f07d2832f8a021becbc33572	d__Bacteria; p__Actinomycetota; c__Acidimicrobiia; o__Microtrichales; f__Incertae_Sedis; g__Incertae_Sedis	0.995966105525258
9562e97de3789cd3282858fdf6c9d9b5	d__Bacteria; p__Pseudomonadota; c__Alphaproteobacteria; o__Rickettsiales; f__SM2D12; g__Incertae_Sedis	0.9999997268692287
a66e729da5593cc36dc621e84ed68588	d__Bacteria; p__Chloroflexota; c__JG30-KF-CM66; o__Incertae_Sedis; f__Incertae_Sedis; g__Incertae_Sedis	0.9999978546170772
ee2315846979ff05c0759ac025d4f7a8	d__Bacteria; p__Gemmatimonadota; c__Gemmatimonadia; o__Gemmatimonadales; f__Gemmatimonadaceae; g__Incertae_Sedis	0.9999999995814903
fd29f1993439b22d622c9c0794dc6f07	d__Bacteria; p__Acidobacteriota; c__Vicinamibacteria; o__Vicinamibacterales; f__Incertae_Sedis; g__Incertae_Sedis	0.7834018264577549
f94e9a8cccfb09a1b81ee34db880a1d5	d__Bacteria; p__Actinomycetota; c__Actinobacteria; o__Micrococcales; f__Intrasporangiaceae	0.8723047702195336
bb6cb69f08dfe2398860ed18e1a58f3a	d__Bacteria; p__Chloroflexota; c__TK10; o__Incertae_Sedis; f__Incertae_Sedis; g__Incertae_Sedis	0.9999999602620172
636b8291108f765220c716517342c27f	d__Bacteria; p__Chloroflexota; c__Anaerolineae; o__Aggregatilineales; f__Aggregatilineaceae; g__Incertae_Sedis	0.9999919064186827
c3ab1b8ef73a270555011875649d0a76	d__Bacteria; p__Verrucomicrobiota; c__Verrucomicrobiia; o__Pedosphaerales; f__Pedosphaeraceae; g__Incertae_Sedis	0.9997599372799014
1f45933646ae2b2dc3a03d83d865ec78	d__Bacteria; p__Pseudomonadota; c__Gammaproteobacteria; o__Gammaproteobacteria_Incertae_Sedis; f__Unknown_Family; g__Acidibacter	0.9993971026205758
fa2fd8da0b9cfec5c5f9ff58680553b7	d__Bacteria; p__Planctomycetota; c__OM190; o__Incertae_Sedis; f__Incertae_Sedis; g__Incertae_Sedis	0.9829220831426727
8a6bc0ea3e3a1eb5cec5f392bc8a7480	d__Bacteria; p__Bacteroidota; c__Bacteroidia; o__Chitinophagales; f__Chitinophagaceae; g__Parafilimonas	0.9989168884028978
8ea0c3f22295dcc9639c3b3a112ba9b4	d__Bacteria; p__Fusobacteriota; c__Fusobacteriia; o__Fusobacteriales; f__Fusobacteriaceae; g__Fusobacterium	0.9999999999998579
ceea2487869e64d181f4153068628882	d__Bacteria; p__Bacillota; c__Bacilli; o__Erysipelotrichales; f__Erysipelotrichaceae	0.9999999987681254
fc1ce1f5305ec60f3b83e8546c566b51	d__Bacteria; p__Bacteroidota; c__Bacteroidia; o__Bacteroidales; f__Muribaculaceae; g__Incertae_Sedis	0.9999984592177715
07c881edda2e47c4993e3ef18690a278	d__Bacteria; p__Pseudomonadota; c__Gammaproteobacteria; o__Methylococcales; f__Methylococcaceae	0.9999962730161658
3f651458e69ac13bba8f8dc34f61a86a	d__Bacteria; p__Actinomycetota; c__Actinobacteria; o__Mycobacteriales; f__Corynebacteriaceae; g__Corynebacterium	0.9999996686033351
8fb058cd7793ecee9379e212a686a522	d__Bacteria; p__Bacillota; c__Clostridia; o__Oscillospirales; f__Ruminococcaceae; g__Ruminococcus	0.7656504983230834
3d01d38846c11d0cfcf2965c94432e0c	d__Bacteria; p__Synergistota; c__Synergistia; o__Synergistales; f__Synergistaceae; g__Rarimicrobium	1.0
0d818e655454d2a7b6525ac6a011c47e	d__Bacteria; p__Bacillota; c__Clostridia; o__Peptostreptococcales-Tissierellales; f__Family_XI; g__Parvimonas	0.7391464443091246
d25415ae2df908f2bd472a1ccf16ee51	d__Bacteria; p__Bacillota; c__Bacilli; o__Lactobacillales; f__Lactobacillaceae; g__HT002	0.9970122348527589
ec2a1af4563d58e529e95988dbb41185	d__Bacteria; p__Bacillota; c__Clostridia; o__Christensenellales; f__Christensenellaceae; g__Christensenella	0.9999980729698685
8493f463a4b53c96b8834c069eea30b6	d__Bacteria; p__Bacillota; c__Bacilli; o__Erysipelotrichales; f__Erysipelotrichaceae; g__Holdemania	0.9999988304012409
47ac7ccb765cb50f7e8aef6d82715fe2	d__Bacteria; p__Bacillota; c__Clostridia; o__Oscillospirales; f__Ruminococcaceae; g__Incertae_Sedis	0.9999530667228695
f1d9a1d1618b550494b8e76f61f1b2a2	d__Bacteria; p__Bacteroidota; c__Bacteroidia; o__Bacteroidales; f__Prevotellaceae; g__Segatella	0.9216009934604313
846eb0b77a6c493ea2923a4d4e7a6c86	d__Bacteria; p__Pseudomonadota; c__Gammaproteobacteria; o__Enterobacterales	0.9999648058607944
2883ba425a233e80cfdcd5b34ec68a61	d__Bacteria; p__Bacillota; c__Clostridia; o__Oscillospirales; f__Oscillospiraceae; g__NK4A214_group	0.9782298281506043
5b2c89bf267aabb7b31163bf667d2756	d__Bacteria; p__Bacillota; c__Clostridia; o__Oscillospirales; f__Ruminococcaceae; g__Phocea	0.9999947460710136
7289ae8800c6980fc6c7a5e03be1ca98	d__Bacteria; p__Synergistota; c__Synergistia; o__Synergistales; f__Synergistaceae; g__Pyramidobacter	0.9999999999988489
22c33f0b3e8cef9beb73c31b20f583dc	d__Bacteria; p__Bacteroidota; c__Bacteroidia; o__Bacteroidales; f__Porphyromonadaceae; g__Porphyromonas	0.9999998190640603
52f348434de3a1189df8f2e1432fe01a	d__Bacteria; p__Bacteroidota; c__Bacteroidia; o__Bacteroidales	0.9982881567810724
54cf0e80e83f74f97f19aa178588254d	d__Bacteria; p__Bacillota; c__Bacilli; o__Lactobacillales; f__Lactobacillaceae	0.9999999999985892
c586681677e9690482b94327d99d8a3b	d__Bacteria; p__Bacillota; c__Clostridia; o__Lachnospirales; f__Lachnospiraceae; g__Lachnoclostridium	0.8707341004051385
c804a84a4262202166b5d53e73d1ac97	d__Bacteria; p__Bacteroidota; c__Bacteroidia; o__Bacteroidales	0.9999962537654125
7833c7ce5ade5afefcf11f20b3d4f201	d__Bacteria; p__Pseudomonadota; c__Gammaproteobacteria; o__Enterobacterales	0.9999773473353383
61c3ea238a4ddeb93e8e9ff480dc86f0	d__Bacteria; p__Bacillota; c__Clostridia; o__Peptostreptococcales-Tissierellales; f__Family_XI; g__Ezakiella	0.9999997445285558
df09f7da153ac8a15fe07ffe0500a7f1	d__Bacteria; p__Bacillota; c__Negativicutes; o__Veillonellales-Selenomonadales; f__Veillonellaceae; g__Dialister	0.9995580643157731
2bddf55705917a9848f8f93ee5629ab1	d__Bacteria; p__Bacillota; c__Negativicutes; o__Veillonellales-Selenomonadales; f__Veillonellaceae; g__Dialister	0.9999893654933221
f6cec93ffb9335d1e144803f4d425b31	d__Bacteria; p__Bacillota; c__Clostridia; o__Lachnospirales; f__Lachnospiraceae	0.9999972186934225
505487e6004df00b19a28833a9a6ab2b	d__Bacteria; p__Actinomycetota; c__Coriobacteriia; o__Coriobacteriales; f__Eggerthellaceae; g__CHKCI002	0.9999895611210274
bd1d8cd79057a0f8445b45b8785d06bc	d__Bacteria; p__Bacteroidota; c__Bacteroidia; o__Bacteroidales; f__Rikenellaceae; g__Alistipes	0.9999966427553711
73252091334ebca33268beb9283d47c8	d__Bacteria; p__Bacillota; c__Clostridia; o__Oscillospirales; f__[Eubacterium]_coprostanoligenes_group; g__Incertae_Sedis	0.9998201554631665
3cc149cd64f7edbd746f375bd77c949b	d__Bacteria; p__Bacillota; c__Clostridia; o__Lachnospirales; f__Lachnospiraceae; g__Lachnospiraceae_UCG-004	0.7871713665890698
e6af03b7b9cf7649114bc028a8abd7ea	d__Bacteria; p__Bacillota; c__Clostridia; o__Clostridia_vadinBB60_group; f__Incertae_Sedis; g__Incertae_Sedis	0.99999998343948
1679b29da6e9d21cf968cbf66c82b079	d__Bacteria; p__Bacillota; c__Clostridia; o__Oscillospirales; f__Butyricicoccaceae	0.9999992257252981
87f9da53426a626d0ca1fbf5b21da017	d__Bacteria; p__Bacillota; c__Clostridia; o__Lachnospirales; f__Lachnospiraceae; g__Roseburia	0.938761473173033
35d6279c60f1faa6cc8b14cdc266384b	d__Bacteria; p__Bacillota; c__Clostridia; o__Lachnospirales; f__Lachnospiraceae; g__Howardella	0.999999933588827
b57b6878406c6cf870a05982096e6ac5	d__Bacteria; p__Bacteroidota; c__Bacteroidia; o__Bacteroidales; f__Barnesiellaceae; g__Barnesiella	0.9999975033282499
bbc83208110a83b27d20e81938c7e3ae	d__Bacteria; p__Bacillota; c__Clostridia; o__Peptostreptococcales-Tissierellales; f__Family_XI; g__Anaerococcus	0.9999999999999574
6ab475426af806ca2528a3b20d77cde8	d__Bacteria; p__Actinomycetota; c__Coriobacteriia; o__Coriobacteriales; f__Coriobacteriales_Incertae_Sedis; g__Incertae_Sedis	0.9999997830615066
730779c028df76a62315f147e7d18406	d__Bacteria; p__Actinomycetota; c__Actinobacteria; o__Actinomycetales; f__Actinomycetaceae; g__Gleimia	0.9999999899593348
f5c90572fb2a604d6464d5a630838e7b	d__Bacteria; p__Bacteroidota; c__Bacteroidia; o__Bacteroidales; f__Prevotellaceae; g__Incertae_Sedis	0.9970726026012604
ca4337971ea174d403fccd3a5f143f2e	d__Bacteria; p__Bacillota; c__Bacilli; o__Lactobacillales; f__Streptococcaceae; g__Streptococcus	0.9999647200004099
b2e930b1a5ba4bf4c645fdc2d8262a13	d__Bacteria; p__Bacillota; c__Clostridia; o__Oscillospirales; f__Oscillospiraceae; g__UCG-005	0.7726931041706964
74ab8a4ad9ac0e335cdf753e6872db0d	d__Bacteria; p__Bacteroidota; c__Bacteroidia; o__Bacteroidales; f__Prevotellaceae; g__Hoylesella	0.9998140560799195
df9d0e11d03ec0d849deac5a00b55f1c	d__Bacteria; p__Bacillota; c__Clostridia; o__Clostridia_vadinBB60_group; f__Incertae_Sedis; g__Incertae_Sedis	0.9999983389719216
33393cc61783f59bd536abe33019c981	d__Bacteria; p__Bacteroidota; c__Bacteroidia; o__Bacteroidales; f__Bacteroidaceae; g__Bacteroides	0.9997342239110971
cc40ec64fa8d8efce28f1a48185574bb	d__Bacteria; p__Bacillota; c__Clostridia; o__Oscillospirales; f__UCG-010; g__Incertae_Sedis	0.9999986559268814
bf4007be130db92409d0a963c936c283	d__Bacteria; p__Bacillota; c__Clostridia; o__Clostridia_vadinBB60_group; f__Incertae_Sedis; g__Incertae_Sedis	0.9999825912627677
973368330e423c40d052d36e982e61f6	d__Bacteria; p__Bacillota; c__Clostridia; o__Oscillospirales; f__UCG-010; g__Incertae_Sedis	0.9570857786790826
5931394aec5f0a3144c06516336e93c3	d__Bacteria; p__Bacteroidota; c__Bacteroidia; o__Bacteroidales; f__Porphyromonadaceae; g__Porphyromonas	0.8160385933440274
fd9d55987af1b9391475cf05345afacf	d__Bacteria; p__Bacillota; c__Bacilli; o__Mycoplasmatales; f__Mycoplasmataceae; g__Ureaplasma	0.9999998708590508
d99db0a1f98c7c31651996e104255b64	d__Bacteria; p__Bacteroidota; c__Bacteroidia; o__Bacteroidales; f__Porphyromonadaceae; g__Porphyromonas	0.9999987048789338
10cfea26f52ea3407a413898a90d3725	d__Bacteria; p__Bacillota; c__Clostridia; o__Oscillospirales; f__Oscillospiraceae; g__Fastidiosipila	0.9995651166048531
054cf8feb339126055eebee21f85ca2d	d__Bacteria; p__Pseudomonadota; c__Gammaproteobacteria; o__Burkholderiales; f__Sutterellaceae; g__Sutterella	0.9992122221869606
22fe18f2301b47064366f8d873eb13cf	d__Bacteria; p__Bacillota; c__Bacilli; o__Erysipelotrichales; f__Erysipelotrichaceae; g__Holdemania	0.9992541489064263
05b8286f14476272fe8b6c14468368d3	d__Bacteria; p__Bacillota; c__Clostridia; o__Lachnospirales; f__Lachnospiraceae; g__Blautia	0.9844649871382793
7142ffa6127ef75acfc422164da824b6	d__Eukaryota	0.9587041415716911
63ac5a78ad541ad39615c45c1990a1f4	d__Bacteria; p__Bacteroidota; c__Bacteroidia; o__Bacteroidales; f__Prevotellaceae; g__Prevotella	0.9999399533650404
a98987a30f5417ace3b819c3c316ad9a	d__Bacteria; p__Pseudomonadota; c__Gammaproteobacteria; o__Enterobacterales; f__Morganellaceae; g__Proteus	0.8710851375696324
aebbab6aa4d96d019c2bcb079b2c8012	d__Bacteria; p__Bacteroidota; c__Bacteroidia; o__Bacteroidales; f__Prevotellaceae; g__Hoylesella	0.9999939808211415
2b812c2bcbce34836fc581bef4b66f63	d__Bacteria; p__Actinomycetota; c__Actinobacteria; o__Mycobacteriales; f__Corynebacteriaceae; g__Corynebacterium	0.9999949315799604
1685aefaf7fef8b7337e7aa87b884ec5	d__Bacteria; p__Bacteroidota; c__Bacteroidia; o__Bacteroidales; f__Prevotellaceae; g__Hoylesella	0.9957439291033048
7b7220de1883e3de8a23ae20d6c13aac	d__Bacteria; p__Bacillota; c__Clostridia; o__Lachnospirales; f__Lachnospiraceae; g__Howardella	0.9999999864238022
d4a0b79ad773c595c9ac77fff703c397	d__Bacteria; p__Bacillota; c__Negativicutes; o__Veillonellales-Selenomonadales; f__Veillonellaceae; g__Megasphaera	0.9990615894950241
bbba9bdd4ddd31054b04bf456cc7e37d	d__Bacteria; p__Actinomycetota; c__Coriobacteriia; o__Coriobacteriales; f__Eggerthellaceae; g__Berryella	0.9998134221814536
35a20f3cf5adc32b488d54ee0dd2a793	d__Bacteria; p__Bacteroidota; c__Bacteroidia; o__Bacteroidales; f__Prevotellaceae; g__Hoylesella	0.9990491850052311
c1c1e9cf9bb61568a8fc5202b132b5cb	d__Bacteria; p__Bacteroidota; c__Bacteroidia; o__Bacteroidales; f__Porphyromonadaceae; g__Porphyromonas	0.9999998800840119
5b660d3d29e667d954bbe391087a2b5f	d__Bacteria; p__Bacteroidota; c__Bacteroidia; o__Bacteroidales; f__Muribaculaceae; g__Incertae_Sedis	0.9999996509439525
c5387e7aeada2731840a69d08f591d4e	d__Bacteria; p__Pseudomonadota; c__Gammaproteobacteria; o__Enterobacterales; f__Enterobacteriaceae; g__Escherichia-Shigella	0.9966995988902679
0709cf02d036936f340011f2f7b97d61	d__Bacteria; p__Bacteroidota; c__Bacteroidia; o__Bacteroidales; f__Prevotellaceae; g__Prevotellaceae_UCG-001	0.9468747014531025
d1f88e92867cda2fbdd59d7090b66a27	d__Bacteria; p__Actinomycetota; c__Actinobacteria; o__Mycobacteriales; f__Corynebacteriaceae; g__Corynebacterium	0.9999673918940168
6ddcee966094443e9d14c876d8296266	d__Bacteria; p__Bacillota; c__Clostridia; o__Oscillospirales; f__Ruminococcaceae; g__Ruminococcus	0.8266282032093553
c57b8916e7dbb1c636619b127c3698c2	d__Bacteria; p__Bacillota; c__Clostridia; o__Oscillospirales; f__Ruminococcaceae; g__Faecalibacterium	0.9963808976057544
c9e0c411dc7864e9a7105bfecf0df7aa	d__Bacteria; p__Bacillota; c__Clostridia	0.9999793092609205
f272eb13d293f5b644bb6862377ab031	d__Bacteria; p__Bacteroidota; c__Bacteroidia; o__Bacteroidales; f__Prevotellaceae; g__Hoylesella	0.9944968532182477
56df04678781b1205710413dfd1359e3	d__Bacteria; p__Bacillota; c__Clostridia; o__Lachnospirales; f__Lachnospiraceae	0.9895310510129471
6ccfee7489097ef91686dc45fb8691cd	d__Bacteria; p__Bacteroidota; c__Bacteroidia; o__Bacteroidales; f__Bacteroidaceae; g__Bacteroides	0.999999792761976
086b01733de030290cd76ed0374c0b4e	d__Bacteria; p__Bacteroidota; c__Bacteroidia; o__Bacteroidales; f__Bacteroidaceae; g__Bacteroides	0.9999999925322953
80edcb846fcfa1387f46a760343f91bf	d__Bacteria; p__Pseudomonadota; c__Gammaproteobacteria; o__Burkholderiales; f__Sutterellaceae; g__Sutterella	0.9991525973917246
e7a2bbd40356d67bcf1aec416dac66a4	d__Bacteria; p__Bacillota; c__Clostridia; o__Lachnospirales; f__Lachnospiraceae; g__Lachnospiraceae_UCG-008	0.9418022561717262
7242569a272900bd8e6ec9f3193e80ed	d__Bacteria; p__Bacillota; c__Clostridia; o__Peptostreptococcales-Tissierellales; f__Family_XI; g__Finegoldia	0.9743664300377167
b2e58ad9c9dee29df98d1f6d32124f64	d__Bacteria; p__Bacillota; c__Negativicutes; o__Veillonellales-Selenomonadales; f__Veillonellaceae; g__Dialister	0.9999252273024566
7e852f70ddce9610485618947ac1b0f5	d__Bacteria; p__Bacteroidota; c__Bacteroidia; o__Bacteroidales; f__Rikenellaceae; g__Alistipes	0.9999116012651501
da3984e197cde8c819490cb769651a48	d__Bacteria; p__Bacillota; c__Clostridia; o__Peptostreptococcales-Tissierellales; f__Peptostreptococcaceae; g__Filifactor	0.8995277927686307
fd650361a59df210926e52bcf1e21c3b	d__Bacteria; p__Bacteroidota; c__Bacteroidia; o__Bacteroidales; f__Bacteroidaceae; g__Bacteroides	0.998152628887758
0f7b183901acd60418685b4fe37472c7	d__Bacteria; p__Bacillota; c__Clostridia; o__Christensenellales; f__Christensenellaceae; g__Christensenella	0.9999998279853207
dd2c8049071d56e79fb59475a8f036a8	d__Bacteria; p__Bacillota; c__Clostridia; o__Oscillospirales; f__Ruminococcaceae; g__Ruminococcus	0.9956292417160217
7470948346bf242f5794c8dafa6647cb	d__Bacteria; p__Bacillota; c__Clostridia; o__Lachnospirales; f__Lachnospiraceae	0.9921536708857752
a2e11d0ccd45722fdd905b1fde216aa1	d__Bacteria; p__Pseudomonadota; c__Gammaproteobacteria; o__Burkholderiales; f__Sutterellaceae; g__Parasutterella	0.750397625555321
aacd28fb224a42348518626c7b6c171e	d__Bacteria; p__Bacillota; c__Clostridia; o__Peptostreptococcales-Tissierellales; f__Peptostreptococcaceae; g__Asaccharospora	0.9697844383046264
d3a20c96242bea6df13387ee9d646001	d__Bacteria; p__Pseudomonadota; c__Gammaproteobacteria; o__Enterobacterales; f__Enterobacteriaceae; g__Escherichia-Shigella	0.9670998857617049
bed652653212a69c586d25ff933db4dc	d__Bacteria; p__Bacillota; c__Bacilli; o__Mycoplasmatales; f__Mycoplasmataceae; g__Mycoplasma	0.9999999999997868
8362de1a2f1f57574b50ad345df425d8	d__Bacteria; p__Bacteroidota; c__Bacteroidia; o__Bacteroidales	0.9438000277732079
ddc7ddf111a08148533e618ec7deedce	d__Bacteria; p__Bacillota; c__Bacilli; o__Lactobacillales; f__Lactobacillaceae	0.9904196792833986
4fa92a2a53671efe07609c498ade0093	d__Bacteria; p__Bacillota; c__Clostridia	0.9770209201863109
63302fa2fe858fd0484c48880c631b30	d__Bacteria; p__Bacteroidota; c__Bacteroidia; o__Bacteroidales; f__Prevotellaceae; g__Hoylesella	0.9999982068637953
010376d16653522eb0fff42f1378a1e8	d__Bacteria; p__Bacillota; c__Clostridia; o__Lachnospirales; f__Lachnospiraceae; g__Lachnospiraceae_UCG-004	0.9958142549261609
8a34b91bfe2ded8829f1e81264b22aeb	d__Bacteria; p__Bacillota; c__Clostridia; o__Lachnospirales; f__Lachnospiraceae; g__Lachnospiraceae_UCG-004	0.9450808053524771
732f61386b8757029b0891b0ddde928f	d__Bacteria; p__Actinomycetota; c__Actinobacteria; o__Actinomycetales; f__Actinomycetaceae; g__Schaalia	0.9995162230671389
c728c9e31495cbd75038f4d34f41ed36	d__Bacteria; p__Bacillota; c__Clostridia; o__Peptostreptococcales-Tissierellales; f__Anaerovoracaceae; g__[Eubacterium]_brachy_group	0.9999998612046096
277baef31d2a9c480e6662402200cbaa	d__Bacteria; p__Bacillota; c__Bacilli; o__RF39; f__Incertae_Sedis; g__Incertae_Sedis	0.9999999999977689
467cf4674810e97004ae49d80513fb38	d__Bacteria; p__Bacillota; c__Clostridia; o__Oscillospirales; f__Ruminococcaceae	0.9989159038045393
81b8851adbff0324474931a1c5860a56	d__Bacteria; p__Bacillota; c__Clostridia; o__Oscillospirales; f__Butyricicoccaceae; g__Agathobaculum	0.9999584548820024
39a9bebc0b36b165a4bcaf035b45e111	d__Bacteria; p__Campylobacterota; c__Campylobacteria; o__Campylobacterales; f__Campylobacteraceae; g__Campylobacter	0.99999999883768
4aa0962042ee868946c8d4f7766dce2e	d__Bacteria; p__Bacillota; c__Clostridia; o__Eubacteriales; f__Eubacteriaceae; g__Eubacterium	0.9999998095827504
230951c87c4633d0c810e2512f497ff8	d__Bacteria; p__Bacillota; c__Clostridia; o__Lachnospirales; f__Lachnospiraceae; g__Incertae_Sedis	0.7230041092144539
fbce0efc9b445df39ec4da0842eb2f0f	d__Bacteria; p__Bacteroidota; c__Bacteroidia; o__Bacteroidales; f__Bacteroidaceae; g__Bacteroides	0.9999880055018614
b88fa6f52f0d9f8b5b66fe2e2e56e5b4	d__Bacteria; p__Bacillota; c__Clostridia; o__Oscillospirales; f__Ruminococcaceae; g__Ruthenibacterium	0.9999589884657614
2cb335d7780b278fcaa5c0708a42bb93	d__Bacteria; p__Fusobacteriota; c__Fusobacteriia; o__Fusobacteriales; f__Fusobacteriaceae; g__Cetobacterium	0.9873010150974331
e2a402adb1244c0823245382bc8c8e14	d__Bacteria; p__Actinomycetota; c__Actinobacteria; o__Mycobacteriales; f__Corynebacteriaceae; g__Lawsonella	0.9999999991806305
f886a879ca81b9d86c75cf75b422c607	d__Bacteria; p__Pseudomonadota; c__Gammaproteobacteria; o__Enterobacterales; f__Morganellaceae; g__Cosenzaea	0.9195734923417085
8940e787aa759888703fe82159b010ee	d__Bacteria; p__Bacillota; c__Bacilli; o__Paenibacillales; f__Paenibacillaceae; g__Paenibacillus	0.9939391005746658
deba64dbbe22d281de5a234e8311a2bf	d__Bacteria; p__Bacillota; c__Clostridia; o__Peptostreptococcales-Tissierellales; f__Anaerovoracaceae; g__Mogibacterium	0.9952607478197047
a799a247e1efd239f6c15188300d3d15	d__Bacteria; p__Actinomycetota; c__Coriobacteriia; o__Coriobacteriales; f__Eggerthellaceae; g__Slackia	0.9940595447023568
617767e86eb5b0e7ccfe1c5698d72933	d__Bacteria; p__Actinomycetota; c__Actinobacteria; o__Bifidobacteriales; f__Bifidobacteriaceae; g__Bifidobacterium	0.999925896617013
48446c3a58057f8f18977b2a596b7f5a	d__Bacteria; p__Bacillota; c__Clostridia; o__Lachnospirales; f__Lachnospiraceae; g__CHKCI001	0.9890575055093881
91bd5738940c481ec9831d895d3cf980	d__Bacteria; p__Bacteroidota; c__Bacteroidia; o__Bacteroidales; f__Prevotellaceae; g__Prevotella	0.9999974592231401
38e15e441b22139741ddb6915783b8ac	d__Bacteria; p__Bacillota; c__Clostridia; o__Peptostreptococcales-Tissierellales; f__Family_XI; g__Anaerococcus	0.9998632106776603
9950d1219e70c85e9d5eeb734aa7f40e	d__Bacteria; p__Campylobacterota; c__Campylobacteria; o__Campylobacterales; f__Campylobacteraceae; g__Campylobacter	0.9999999999553779
771ca4746e0560781b9a42cd384fd3a6	d__Bacteria; p__Bacillota; c__Bacilli; o__Erysipelotrichales; f__Erysipelotrichaceae; g__Holdemania	0.9999986601515639
420b0bd2deac95db18f054ada20d916c	d__Bacteria; p__Bacillota; c__Negativicutes; o__Acidaminococcales; f__Acidaminococcaceae; g__Phascolarctobacterium	0.99999984206387
188963aa27fe6352ac1b898ef10d2d99	d__Bacteria; p__Actinomycetota; c__Actinobacteria; o__Bifidobacteriales; f__Bifidobacteriaceae; g__Gardnerella	0.9999995171443203
cdfbe2063a9080c035e298dcd5904c37	d__Bacteria; p__Bacillota; c__Clostridia; o__Peptostreptococcales-Tissierellales; f__Peptostreptococcaceae; g__Peptostreptococcus	0.9999999727068886
cf05191c8d15c329a9b4a85e16653792	d__Bacteria; p__Bacillota; c__Bacilli; o__Lactobacillales; f__Lactobacillaceae; g__HT002	0.9233858339538525
3ba8d1e3c2b445019bc5ff46d2962f12	d__Bacteria; p__Actinomycetota; c__Rubrobacteria; o__Rubrobacterales; f__Rubrobacteriaceae; g__Rubrobacter	0.9997899676577637
cceec03e8f61099b70667895afc16b76	d__Bacteria; p__Bacteroidota; c__Bacteroidia; o__Bacteroidales; f__Prevotellaceae; g__Hoylesella	0.9999609199172118
d4ec9475966f7546fa43f3cd38f61c32	d__Bacteria; p__Bacteroidota; c__Bacteroidia; o__Bacteroidales; f__Porphyromonadaceae; g__Porphyromonas	0.999999934760455
49ff7cddd6bc617422b625f0bbfe1ed3	d__Bacteria; p__Actinomycetota; c__Actinobacteria; o__Actinomycetales; f__Actinomycetaceae; g__Mobiluncus	0.999999999980119
b3dad3a7214a6c918366ec73d1259a55	d__Bacteria; p__Bacillota; c__Clostridia; o__Oscillospirales; f__[Eubacterium]_coprostanoligenes_group; g__Incertae_Sedis	0.9999962227967243
dc032bde9f534d64619d34dadcc173e7	d__Bacteria; p__Bacillota; c__Negativicutes; o__Veillonellales-Selenomonadales; f__Veillonellaceae; g__Dialister	0.7462431383041248
d4f57d9fb533d2ffa6a2cd3d8607ee08	d__Bacteria; p__Bacillota; c__Negativicutes; o__Veillonellales-Selenomonadales; f__Veillonellaceae; g__Dialister	0.7596576526138349
7ffca6b3a80abc1bcde2657c2af14ce6	d__Eukaryota	0.9680409070548094
523264c80c32fdd98d4225810b5dde47	d__Bacteria; p__Bacillota; c__Negativicutes; o__Veillonellales-Selenomonadales; f__Veillonellaceae; g__Dialister	0.998866519606366
28fdb7ad75a83a1eb803c79dbeb746bb	d__Bacteria; p__Bacteroidota; c__Bacteroidia; o__Bacteroidales	0.9999956394639942
b94ca09c28df2ce43e6ad3b90d944c7e	d__Bacteria; p__Bacillota; c__Bacilli; o__Erysipelotrichales; f__Erysipelotrichaceae; g__Bulleidia	0.9955624234919008
67d3be87ef8ba50cf63cbb61478d1b70	d__Bacteria; p__Actinomycetota; c__Actinobacteria; o__Mycobacteriales; f__Corynebacteriaceae; g__Corynebacterium	0.9999945112670471
b78b47b3028bda9095749e49604b7028	d__Bacteria; p__Actinomycetota; c__Actinobacteria; o__Mycobacteriales; f__Corynebacteriaceae; g__Corynebacterium	0.9999753290354014
18f5a1b1e98ffadbebaeede86fad0262	d__Bacteria; p__Bacteroidota; c__Bacteroidia; o__Bacteroidales; f__Prevotellaceae; g__Prevotella	0.8969861070426327
1084ee0afb956f551cd8f9492a893fea	d__Bacteria; p__Bacillota; c__Clostridia; o__Peptostreptococcales-Tissierellales; f__Family_XI; g__Peptoniphilus	0.9999999746373905
d62bcebea242cf99fe235b014a25238f	d__Bacteria; p__Pseudomonadota; c__Alphaproteobacteria; o__Acetobacterales; f__Acetobacteraceae; g__Rhodovastum	0.9990101752304116
cb74f5bb18b43e0f323328b766abc1ba	d__Bacteria; p__Pseudomonadota; c__Alphaproteobacteria; o__Rhodospirillales; f__Rhodospirillaceae; g__Incertae_Sedis	0.999999998915797
7b97eb573db6d2164067e4c772a4fc71	d__Bacteria; p__Acidobacteriota; c__Acidobacteriae; o__Bryobacterales; f__Bryobacteraceae; g__Bryobacter	0.9997578962926912
4a0b505e08bb7948dbf946ac09419010	d__Bacteria	0.9999999999999959
584f5752c279d68a3b2f6cef90d2800f	d__Bacteria; p__Acidobacteriota; c__Acidobacteriae; o__Solibacterales; f__Solibacteraceae; g__Candidatus_Solibacter	0.9987936811310627
6a938d3c4efbe65d20addc9bcd90590b	d__Bacteria; p__Patescibacteria; c__Saccharimonadia; o__Saccharimonadales; f__LWQ8; g__Incertae_Sedis	0.9706753001117684
bc5c3b74e1885aaf61ba4dd284cec060	d__Bacteria; p__Latescibacterota; c__Incertae_Sedis; o__Incertae_Sedis; f__Incertae_Sedis; g__Incertae_Sedis	0.9999995940868416
50501d056a1b3c2eca852822b0a6e90d	d__Bacteria; p__Armatimonadota; c__Chthonomonadia; o__Chthonomonadales; f__Chthonomonadaceae; g__Chthonomonas	0.9999996612377805
a2f7f9647a7b724d27b05f86e390d05f	d__Bacteria; p__Bacteroidota; c__Bacteroidia; o__Chitinophagales; f__Chitinophagaceae	0.9999996727200546
b40b13bab00c9599b73cf78cc90bf6de	d__Bacteria; p__Myxococcota; c__Polyangiia; o__MSB-4B10; f__Incertae_Sedis; g__Incertae_Sedis	0.87822174005465
fabbb75c5b894c5ea9e62082be2e1236	d__Bacteria; p__Bacteroidota; c__Bacteroidia; o__Chitinophagales; f__Chitinophagaceae; g__Aurantisolimonas	0.9999990868589398
edd4febd93675a9714ddedaf7e9f284e	d__Bacteria; p__Gemmatimonadota; c__Gemmatimonadia; o__Gemmatimonadales; f__Gemmatimonadaceae; g__Incertae_Sedis	0.9999999998362767
b72f6bcc3f1175bf5b101582273170b3	d__Bacteria; p__Bacillota; c__Bacilli; o__Lactobacillales; f__Aerococcaceae; g__Aerococcus	0.9999996891244706
9f17352586d1bb7a6ee9af9b5ab8910e	d__Bacteria; p__Bacillota; c__Clostridia; o__Peptostreptococcales-Tissierellales; f__Family_XI; g__Murdochiella	0.9999999999998863
8c6865a28abfaae9aa5cc2fa9722bc89	d__Bacteria; p__Bacteroidota; c__Bacteroidia; o__Bacteroidales; f__Bacteroidaceae; g__Bacteroides	0.9999100978797331
3d960a3de3a6d13abfe1d87b8eeb368a	d__Bacteria; p__Bacillota; c__Clostridia	0.7154440443678505
7b9b111c67a0ad2157f379c5caffdf08	d__Bacteria; p__Pseudomonadota; c__Gammaproteobacteria; o__Enterobacterales; f__Morganellaceae; g__Morganella	0.9753760773719969
24ba640100a388f2d0f21b1147045897	d__Bacteria; p__Bacteroidota; c__Bacteroidia; o__Bacteroidales; f__Bacteroidaceae; g__Bacteroides	0.9999999602734996
6565911bc268cb1ccbaf27fa83d08529	d__Bacteria; p__Actinomycetota; c__Actinobacteria; o__Actinomycetales; f__Actinomycetaceae; g__Mobiluncus	0.7951480015258304
c7c71026e92852c511b4ff2619da091e	d__Bacteria; p__Bacillota; c__Clostridia; o__Peptostreptococcales-Tissierellales; f__Family_XI; g__Parvimonas	0.9999998829287404
1979ba6d788406473f8e1dba5ac1530b	d__Bacteria; p__Actinomycetota; c__Actinobacteria; o__Actinomycetales; f__Actinomycetaceae; g__Schaalia	0.9997870412719124
153b99a8be376f0b9c9db341e3cb2d31	d__Bacteria; p__Bacillota; c__Clostridia; o__Oscillospirales; f__Ruminococcaceae; g__Faecalibacterium	0.9998188502937101
78909132e085f3e2643d736c2056052d	d__Bacteria; p__Bacteroidota; c__Bacteroidia; o__Bacteroidales; f__Bacteroidaceae; g__Bacteroides	0.997973885583435
7a112b787e2a3f4204a447a33d9e4cc0	d__Bacteria; p__Bacillota; c__Clostridia; o__Lachnospirales; f__Lachnospiraceae	0.9999799776114555
46dbdae1f1a2785707de6ef95458920c	d__Bacteria; p__Bacillota; c__Clostridia; o__Clostridia_UCG-014; f__Incertae_Sedis; g__Incertae_Sedis	0.9999998105005867
1af96f3baec61dc51a47bb868b603d8a	d__Bacteria; p__Bacteroidota; c__Bacteroidia; o__Bacteroidales; f__Prevotellaceae; g__Segatella	0.9999998541722555
c575a5e9a046d20d23c2a211b015beba	d__Bacteria; p__Bacillota; c__Clostridia; o__Lachnospirales; f__Lachnospiraceae; g__[Eubacterium]_oxidoreducens_group	0.9055757518100584
114347d1513e11f4295ab8b93d4dbd2d	d__Bacteria; p__Bacillota; c__Negativicutes; o__Veillonellales-Selenomonadales; f__Veillonellaceae; g__Megasphaera	0.9940653388864533
0a5a4c701664f987dc2bdac21dfa7641	d__Bacteria; p__Bacillota; c__Clostridia; o__Peptostreptococcales-Tissierellales; f__Family_XI; g__Ezakiella	0.9999999999989058
5fb4f8f67753794f94ee3e2a75bc0633	d__Bacteria; p__Bacillota; c__Clostridia; o__Lachnospirales; f__Lachnospiraceae; g__Lachnoclostridium	0.716124471007733
7a1b61c21959dfe417dde05dcd61e7da	d__Bacteria; p__Bacillota; c__Clostridia; o__Lachnospirales; f__Lachnospiraceae; g__Incertae_Sedis	0.9209099316304096
3beafb75b9d9e64a676cd8367c13478d	d__Bacteria; p__Bacillota; c__Clostridia; o__Peptostreptococcales-Tissierellales; f__Family_XI; g__Anaerococcus	0.9999996118052125
88545a912529826db398619e26de4d7b	d__Bacteria; p__Pseudomonadota; c__Gammaproteobacteria; o__Burkholderiales; f__Sutterellaceae; g__Sutterella	0.9994230171229374
d5452baffc7c8cff0df765fe75c21af5	d__Bacteria; p__Bacillota; c__Clostridia; o__Oscillospirales; f__Ruminococcaceae; g__Faecalibacterium	0.9862018799707964
0979dff374eaeab28cae4a89366ae375	d__Bacteria; p__Bacteroidota; c__Bacteroidia; o__Bacteroidales; f__Tannerellaceae; g__Parabacteroides	0.9455062903466637
9bc511fcb4809eba94c083e9d8cb7846	d__Bacteria; p__Bacillota; c__Clostridia; o__Oscillospirales; f__Oscillospiraceae; g__Flavonifractor	0.8625561821254628
f6dcc12e207a0c4d9d7cd42ce8f8e92c	d__Bacteria; p__Bacteroidota; c__Bacteroidia; o__Bacteroidales; f__Tannerellaceae; g__Parabacteroides	0.9906838113915835
6cfa73f8975ee6d7947fd955e476a904	d__Bacteria; p__Bacillota; c__Clostridia; o__Lachnospirales; f__Lachnospiraceae	0.9996072596028155
1d59c255499062caf0b5c1398716ee66	d__Bacteria; p__Bacillota; c__Clostridia; o__Oscillospirales; f__Ruminococcaceae; g__Faecalibacterium	0.9994292342925649
e7e328a034daeeb09970ecd68bea6aa7	d__Bacteria; p__Bacillota; c__Clostridia; o__Peptostreptococcales-Tissierellales; f__Family_XI; g__Anaerococcus	0.9999999671600796
85581a93204cb0efc8009b2e47c802ed	d__Bacteria; p__Bacillota; c__Clostridia	0.9999999851128448
0d593c68e9f4ed74fb1a335f8f729a24	d__Bacteria; p__Bacteroidota; c__Bacteroidia; o__Bacteroidales; f__Bacteroidaceae; g__Bacteroides	0.9999992164424413
dfac20a462d1cf384bdea5d2a01014f5	d__Bacteria; p__Bacillota; c__Clostridia; o__Peptostreptococcales-Tissierellales; f__Family_XI; g__Peptoniphilus	0.9999825727861078
d1e371d8b46458c1fffe1c4965accb69	d__Bacteria; p__Bacillota; c__Bacilli; o__Lactobacillales; f__Lactobacillaceae; g__Lactobacillus	0.999620502537392
aa15b96f1440d573b821009176a759cd	d__Bacteria; p__Bacillota; c__Clostridia; o__Eubacteriales; f__Anaerofustaceae; g__Anaerofustis	0.9999999897424203
f4ffd5c1fed0f8c13a2a276c643ce762	d__Bacteria; p__Bacillota; c__Clostridia; o__Oscillospirales; f__Butyricicoccaceae; g__UCG-009	0.9997805249800258
19002ffb8f2109a167c3ea78208ba5cb	d__Bacteria; p__Bacillota; c__Clostridia; o__Oscillospirales; f__Oscillospiraceae; g__UCG-002	0.9681322141824302
290144152a3cccf9d08d9658e2c3f5be	d__Bacteria; p__Patescibacteria; c__Saccharimonadia; o__Saccharimonadales; f__Incertae_Sedis; g__Incertae_Sedis	0.9999502682426361
e8fa3e2f1a8bbcdfc361531439e69eec	d__Bacteria; p__Bacillota; c__Clostridia; o__Lachnospirales; f__Lachnospiraceae	0.9999999446797605
33e83ea26dc0ad0462712117f4c016c2	d__Bacteria; p__Bacillota; c__Clostridia; o__Peptostreptococcales-Tissierellales; f__Family_XI	0.9406900597682727
445c9242b422868302f6e8e58c5e2e8b	d__Bacteria; p__Bacillota; c__Bacilli; o__Erysipelotrichales; f__Erysipelatoclostridiaceae; g__Massiliomicrobiota	0.9992693321976702
a857ddfd32c4a9bd822ce1e57e5ef067	d__Bacteria; p__Bacteroidota; c__Bacteroidia; o__Bacteroidales; f__Porphyromonadaceae; g__Porphyromonas	0.9980290816987558
e74f3a9a513883a0cc30d4e3acc454b5	d__Bacteria; p__Bacillota; c__Clostridia; o__Peptostreptococcales-Tissierellales; f__Family_XI; g__Fenollaria	0.9997260338569531
ff8abd1264040a17c78ba152ff58c357	d__Bacteria; p__Bacteroidota; c__Bacteroidia; o__Bacteroidales; f__Porphyromonadaceae; g__Porphyromonas	0.9938859576495237
ea047ee279ab88a012d75466453a15d5	d__Bacteria; p__Bacillota; c__Clostridia; o__Peptostreptococcales-Tissierellales; f__Family_XI; g__Incertae_Sedis	0.9150561589721877
9b71dc008a3d721a32ee75d14da14555	d__Bacteria; p__Bacillota; c__Clostridia; o__Lachnospirales; f__Lachnospiraceae; g__Lachnospiraceae_ND3007_group	0.9999993623794453
a815759ea1d29e4c6e9cb676dce4d149	d__Bacteria; p__Bacteroidota; c__Bacteroidia; o__Bacteroidales; f__Marinifilaceae; g__Odoribacter	0.9999999999907487
45d8e9661d7c4d3f7a7a1a7a3edfb1c7	d__Bacteria; p__Bacteroidota; c__Bacteroidia; o__Bacteroidales; f__Marinifilaceae; g__Odoribacter	0.9999999998985629
734672b38c24ce324898afd8cb022c17	d__Bacteria; p__Bacillota; c__Clostridia; o__Oscillospirales; f__[Eubacterium]_coprostanoligenes_group; g__Incertae_Sedis	0.9990347200944576
9082ef0d9706d5e5c6fd163e488113e1	d__Bacteria; p__Bacillota; c__Clostridia; o__Oscillospirales; f__Oscillospiraceae	0.9956860902754606
290abbd3548ce2b89e5a8c685762e2be	d__Bacteria; p__Bacteroidota; c__Bacteroidia; o__Bacteroidales; f__Bacteroidaceae; g__Bacteroides	0.9999908728603094
13d1de78996efc4209ce68e7ee1ffa90	d__Bacteria; p__Pseudomonadota; c__Gammaproteobacteria; o__Burkholderiales; f__Sutterellaceae; g__Sutterella	0.9999995290325047
e1b49ede8142d0eca9e82d38bfa07c39	d__Bacteria; p__Bacillota; c__Clostridia; o__Peptococcales; f__Peptococcaceae; g__Peptococcus	0.9999999789218637
47104e462a4338ee930d613048925cf4	d__Bacteria; p__Bacillota; c__Clostridia; o__Lachnospirales; f__Lachnospiraceae; g__[Eubacterium]_eligens_group	0.9046923110309574
5c3133b6939ee854f99c3e65e9c376bd	d__Bacteria; p__Bacteroidota; c__Bacteroidia; o__Bacteroidales; f__Prevotellaceae; g__Segatella	0.9999207230606202
5cd59c982457488f1bb78bf6e85ef8c5	d__Bacteria; p__Bacteroidota; c__Bacteroidia; o__Bacteroidales; f__Prevotellaceae; g__Paraprevotella	0.9999986157897839
9191f3e9caaf0d65612f817d6e03772c	d__Bacteria; p__Bacillota; c__Clostridia; o__Peptostreptococcales-Tissierellales; f__Family_XI; g__Peptoniphilus	0.9999999996894644
d700c97f5d5010b11f20c8ad9894a8c4	d__Bacteria; p__Bacillota; c__Clostridia; o__Clostridia_UCG-014; f__Incertae_Sedis; g__Incertae_Sedis	0.999999993549153
27ad063efd5e59347d60191213947baa	d__Eukaryota	0.9429275096719227
0c58e064ea493a1d5cc7d9ae6956e49b	d__Bacteria; p__Bacillota; c__Clostridia; o__Lachnospirales; f__Lachnospiraceae	0.9999071850228202
5c7c0e7762991ea38915fa177a1866f9	d__Bacteria; p__Bacteroidota; c__Bacteroidia; o__Bacteroidales; f__Porphyromonadaceae; g__Porphyromonas	0.9999998688938035
408e5cee0c6b1f36293fffc92ea1d5ae	d__Bacteria; p__Bacteroidota; c__Bacteroidia; o__Bacteroidales; f__Bacteroidaceae; g__Bacteroides	0.9999993490759054
e022a85468f059fead633b0502694c1d	d__Bacteria; p__Bacillota; c__Negativicutes; o__Veillonellales-Selenomonadales; f__Veillonellaceae; g__Dialister	0.9966582610194832
3ea68e4bd427ec55cf4004ed548c943f	d__Bacteria; p__Bacillota; c__Clostridia; o__Peptostreptococcales-Tissierellales; f__Family_XI; g__Peptoniphilus	0.9999475448199292
08099c7214654cf7dda05153b18584d2	d__Bacteria; p__Bacillota; c__Clostridia; o__Oscillospirales; f__Ruminococcaceae	0.99998057778443
e5c6210910a686e1a21e0b3476c735dd	d__Bacteria; p__Bacillota; c__Clostridia; o__Peptostreptococcales-Tissierellales; f__Anaerovoracaceae; g__Family_XIII_AD3011_group	0.9683995415879622
e699f299b1ea142e510252408400113c	d__Bacteria; p__Pseudomonadota; c__Gammaproteobacteria; o__Enterobacterales; f__Enterobacteriaceae; g__Escherichia-Shigella	0.9915607282646242
f9b16b9e313e055effe0a76984c98bfe	d__Bacteria; p__Bacillota; c__Clostridia; o__Christensenellales; f__Christensenellaceae; g__Christensenellaceae_R-7_group	0.8130721241347801
bb93fd53a3b5926938e66a3d34e38f5d	d__Bacteria; p__Bacillota; c__Clostridia; o__Oscillospirales; f__Oscillospiraceae; g__UCG-002	0.7106821347635828
ac04d9bca04b2c1c25dcdfb0baa0b003	d__Bacteria; p__Bacteroidota; c__Bacteroidia; o__Bacteroidales; f__Bacteroidaceae; g__Bacteroides	0.9999999689613195
37218a6acfa0526fa374a5cca46fbdf0	d__Bacteria; p__Bacteroidota; c__Bacteroidia; o__Bacteroidales; f__Bacteroidaceae; g__Bacteroides	0.9999993978289262
53945116d12bc841559acd3762f0b1a7	d__Bacteria; p__Bacillota; c__Clostridia	0.9999997002532395
e402dd3f4b066f7b8282bf3877e4281a	d__Bacteria; p__Bacillota; c__Clostridia; o__Peptostreptococcales-Tissierellales; f__Anaerovoracaceae; g__Family_XIII_AD3011_group	0.9842844485935978
1fb8c47b24e0131dd3118e4dbacf181b	d__Bacteria; p__Bacillota; c__Clostridia; o__Oscillospirales; f__Oscillospiraceae; g__Incertae_Sedis	0.9784549894281577
11cfe80fa8512507fbd0424eeb012fa9	d__Bacteria; p__Bacillota; c__Clostridia; o__Oscillospirales; f__Ruminococcaceae; g__Phocea	0.9999968272796333
cef1bc4e686211fdaccd464a994620ab	d__Bacteria; p__Bacteroidota; c__Bacteroidia; o__Bacteroidales; f__Tannerellaceae; g__Parabacteroides	0.9994276444898923
4c3b841a8315a68834930b1a3ce6e0d4	d__Bacteria; p__Bacillota; c__Clostridia; o__Christensenellales; f__Christensenellaceae; g__Incertae_Sedis	0.9992911668533557
e4590462ae7738778e1a015932c2ba28	d__Bacteria; p__Bacillota; c__Clostridia; o__Oscillospirales; f__Ruminococcaceae	0.9999998964056582
17f24527e1734e7367356a85ab6d312f	d__Bacteria; p__Bacillota; c__Clostridia; o__Lachnospirales; f__Lachnospiraceae; g__Lachnospiraceae_NK4A136_group	0.8430233450704916
783b38173b5fec26970d2020c87ac99b	d__Bacteria; p__Pseudomonadota; c__Gammaproteobacteria; o__Enterobacterales; f__Morganellaceae	0.9999994780198025
06c4a4d5a4cc93a80c4d3de542c01802	d__Bacteria; p__Bacillota; c__Clostridia; o__Lachnospirales; f__Lachnospiraceae	0.9957655043400793
eb33c61fb43bebb64c28e437d746e1ee	d__Bacteria; p__Bacillota; c__Clostridia; o__Lachnospirales; f__Lachnospiraceae	0.9999903931273388
a95da137f8b01f6cbdfeca55db4aab3e	d__Bacteria; p__Pseudomonadota; c__Gammaproteobacteria; o__Enterobacterales; f__Enterobacteriaceae; g__Escherichia-Shigella	0.9933846897956834
5d8216512984422f1b1b601c87ca601b	d__Bacteria; p__Pseudomonadota; c__Gammaproteobacteria; o__Enterobacterales; f__Pasteurellaceae; g__Haemophilus	0.9348849653160805
9493f41503ad5c6f657ae07b25d749b9	d__Bacteria; p__Bacillota; c__Clostridia; o__Peptostreptococcales-Tissierellales; f__Family_XI; g__Fenollaria	0.9997279686060352
bc5a0879a595df9a9b0ffdb7b92a4282	d__Bacteria; p__Bacteroidota; c__Bacteroidia; o__Bacteroidales; f__Bacteroidaceae; g__Bacteroides	0.998743280147528
017ae15b2783f43639b09b9dcf2320bc	d__Bacteria; p__Bacteroidota; c__Bacteroidia; o__Bacteroidales; f__Prevotellaceae; g__Prevotella	0.9970876427106727
2389c1c42ecdd1b2ce97ed662394fcfc	d__Bacteria; p__Actinomycetota; c__Coriobacteriia; o__Coriobacteriales; f__Eggerthellaceae; g__Slackia	0.9999983606763515
8e6d1f3e77cd0cc7b2fdc127217d8d1a	d__Bacteria; p__Bacillota; c__Clostridia; o__Lachnospirales; f__Lachnospiraceae; g__Lachnospiraceae_UCG-004	0.9654189255750034
b08720d32f2ea1c363d54eb85e88c637	d__Bacteria; p__Bacillota; c__Clostridia; o__Oscillospirales; f__Oscillospiraceae; g__Fastidiosipila	0.9998795301979565
1d765c904b452f27ed5a256435406a10	d__Bacteria; p__Bacteroidota; c__Bacteroidia; o__Bacteroidales; f__Bacteroidaceae; g__Bacteroides	0.9999799119284655
b2497ba24578d3daaf614d97073fe52b	d__Bacteria; p__Bacillota; c__Clostridia; o__Peptostreptococcales-Tissierellales; f__Anaerovoracaceae; g__Family_XIII_UCG-001	0.9999999796218477
b9e35ed776a06811d8653982510a35ae	d__Bacteria; p__Bacteroidota; c__Bacteroidia; o__Bacteroidales; f__Prevotellaceae; g__Prevotella	0.951608600501401
aa77b0e6088ab866ee53e299ea893d3b	d__Bacteria; p__Bacillota; c__Bacilli; o__Mycoplasmatales; f__Mycoplasmataceae; g__Mycoplasma	0.9999999843651041
340e3fb701c3a0862786dd29326baf4d	d__Bacteria; p__Bacillota; c__Bacilli; o__Staphylococcales; f__Staphylococcaceae; g__Staphylococcus	0.9992219891328082
2bf76345e8ec87dd7c9003dd090f8c91	d__Bacteria; p__Bacillota; c__Clostridia; o__Lachnospirales; f__Lachnospiraceae; g__Extibacter	0.9515286418499107
aa22cd396de1a0950282d9edaca74250	d__Bacteria; p__Actinomycetota; c__Actinobacteria; o__Micrococcales; f__Micrococcaceae; g__Rothia	0.9999836684417498
28ad02b2b4d8ce4a66a894ed499bf9a6	d__Bacteria; p__Bacillota; c__Bacilli; o__Lactobacillales; f__Aerococcaceae; g__Facklamia	0.9998373564969957
a8fdea090cabd109aeac9dc628db557a	d__Bacteria; p__Bacteroidota; c__Bacteroidia; o__Bacteroidales; f__Muribaculaceae; g__Incertae_Sedis	0.999999984047662
99a407737e4b18a37d9112a5a1540770	d__Bacteria; p__Bacteroidota; c__Bacteroidia; o__Bacteroidales; f__Muribaculaceae; g__Incertae_Sedis	0.9999997762267692
19161a3ec6660cbc07924f2d5194d52d	d__Bacteria; p__Bacteroidota; c__Bacteroidia; o__Bacteroidales; f__Tannerellaceae; g__Parabacteroides	0.9999999907393544
7448c7e7ca0adb9782c7228e53bcffc3	d__Bacteria; p__Bacillota; c__Bacilli; o__Lactobacillales; f__Lactobacillaceae; g__Ligilactobacillus	0.9994238316703766
e5d7a1f31e1c0dcf45d61743fd8cf62b	d__Bacteria; p__Bacillota; c__Bacilli; o__Mycoplasmatales; f__Mycoplasmataceae; g__Ureaplasma	1.0
fedfe9a669b715e27e16df13d11d72d6	d__Bacteria; p__Bacillota; c__Clostridia; o__Oscillospirales; f__Oscillospiraceae; g__Colidextribacter	0.9769246827426183
9e316411fc53818e4274f42e8cdac51f	d__Bacteria; p__Bacillota; c__Negativicutes; o__Veillonellales-Selenomonadales; f__Veillonellaceae; g__Dialister	0.9938677213356303
34f50d0f3e9c1af555af1ebd52a52f1f	d__Bacteria; p__Bacillota; c__Clostridia; o__Peptostreptococcales-Tissierellales; f__Family_XI; g__Parvimonas	0.9991416251759827
e11e43d6f935f916dcbaddb90a8d6419	d__Bacteria; p__Pseudomonadota; c__Gammaproteobacteria; o__Enterobacterales; f__Enterobacteriaceae; g__Escherichia-Shigella	0.9816154317087386
4da8298bf081814a03723ac83c997281	d__Bacteria; p__Bacillota; c__Clostridia; o__Peptostreptococcales-Tissierellales; f__Family_XI; g__Peptoniphilus	0.999906566213926
cf9ea4c1efaacb9280a29a0f92ade6e2	d__Bacteria; p__Bacillota; c__Clostridia; o__Lachnospirales; f__Lachnospiraceae	0.9994017271126833
84b90b775edd3eb3167079d19133e13c	d__Bacteria	0.9999952927757956
92d736d7c4a2901e9632e8ebc7cb63ed	d__Bacteria; p__Bacteroidota; c__Bacteroidia; o__Bacteroidales; f__Bacteroidaceae; g__Bacteroides	0.9999893926121197
9d94d350ebaf5cc01f4be307c20b3763	d__Bacteria; p__Bacteroidota; c__Bacteroidia; o__Bacteroidales; f__Tannerellaceae; g__Parabacteroides	0.9999999919319436
ff4070f7153c36d2d12f3b79d2fed3b7	d__Bacteria; p__Thermodesulfobacteriota; c__Desulfovibrionia; o__Desulfovibrionales; f__Desulfovibrionaceae; g__Bilophila	0.999999501368773
ca926ef62dc364b47679537286a2f6aa	d__Bacteria; p__Bacillota; c__Bacilli; o__Erysipelotrichales; f__Erysipelatoclostridiaceae; g__Erysipelotrichaceae_UCG-003	0.9999567099193102
ddd19e22ca2993b38a5026d46b145d0d	d__Bacteria; p__Bacillota; c__Clostridia; o__Lachnospirales; f__Lachnospiraceae; g__Incertae_Sedis	0.8001147760115195
33f197b46580700ceba6e8840a11e830	d__Bacteria; p__Bacillota; c__Clostridia; o__Lachnospirales; f__Lachnospiraceae	0.999813666851757
58af8ca903f56ea9483b198c846c03fe	d__Bacteria; p__Bacillota; c__Clostridia; o__Lachnospirales; f__Lachnospiraceae; g__Anaerostipes	0.9972645741290701
9be217405830e2b67d6179a9903b01f1	d__Bacteria; p__Bacillota; c__Clostridia; o__Oscillospirales; f__[Eubacterium]_coprostanoligenes_group; g__Incertae_Sedis	0.996539070175957
86839e3c834b308a472e5c8d6e376b9c	d__Bacteria; p__Bacillota; c__Clostridia; o__Lachnospirales; f__Lachnospiraceae; g__Lachnospiraceae_UCG-004	0.9990639179265908
a1584ac6690dc266dd1cc310ddc5bc39	d__Bacteria; p__Bacillota; c__Clostridia; o__Peptostreptococcales-Tissierellales; f__Family_XI; g__Peptoniphilus	0.9991244001786679
5218b5d9720e79593323eed0f81cffc4	d__Bacteria; p__Synergistota; c__Synergistia; o__Synergistales; f__Synergistaceae; g__Rarimicrobium	0.9999999990143493
cc4695d1772e3965f2cbde17f8ebfed0	d__Bacteria; p__Bacteroidota; c__Bacteroidia; o__Bacteroidales; f__Bacteroidaceae; g__Bacteroides	0.9999999162279245
bf4d96f763f41fad6500aae19b86b38c	d__Bacteria; p__Spirochaetota; c__Spirochaetia; o__Spirochaetales; f__Spirochaetaceae; g__Treponema	0.9998706863046879
978eaa6e6b0cfbb5eb4f59bc7e60893b	d__Bacteria; p__Bacteroidota; c__Bacteroidia; o__Bacteroidales; f__Porphyromonadaceae; g__Porphyromonas	0.9999652020306186
a30b4ae35ced98f1ce92ce3af3f38a8d	d__Bacteria; p__Bacillota; c__Clostridia; o__Oscillospirales; f__Ruminococcaceae; g__Ruminococcus	0.8061155222690333
ddd73c222c6fa7bc3515978462860c0d	d__Bacteria; p__Bacillota; c__Clostridia; o__Oscillospirales; f__Ruminococcaceae; g__Ruminococcus	0.9549772792605471
1739d8f19c1ac366a2138b64b03047a9	d__Bacteria; p__Actinomycetota; c__Actinobacteria; o__Micrococcales; f__Micrococcaceae; g__Rothia	0.9999995295005105
ba1d10c1cd4b04e7003f05bbb0dcacf6	d__Bacteria; p__Bacteroidota; c__Bacteroidia; o__Bacteroidales; f__Bacteroidaceae; g__Bacteroides	0.9999999902504442
9e5afbf4ba3bb0f0e9e7fd3d9d433797	d__Bacteria; p__Bacillota; c__Desulfotomaculia; o__Desulfotomaculales; f__Desulfurisporaceae; g__Desulfocucumis	0.9471864576814885
bca3710075690a4167edc08f571f2278	d__Bacteria; p__Bacteroidota; c__Bacteroidia; o__Bacteroidales; f__Tannerellaceae; g__Parabacteroides	0.999999549671161
c1bda45290e3d2ec8c81b997463429ea	d__Bacteria; p__Bacillota; c__Clostridia; o__Oscillospirales; f__Oscillospiraceae; g__UCG-005	0.9981283752097112
262cf5f4cfdd850b200dbbe5ff55fa9d	d__Bacteria; p__Bacteroidota; c__Bacteroidia; o__Bacteroidales; f__Bacteroidaceae; g__Bacteroides	0.9999996519450642
817e0cf900ab36d42caffe6439b7cce3	d__Bacteria; p__Bacillota; c__Clostridia; o__Clostridia_vadinBB60_group; f__Incertae_Sedis; g__Incertae_Sedis	0.9883640498196538
68147b25669846556e2d6171b8df1289	d__Bacteria; p__Bacillota; c__Clostridia; o__Lachnospirales; f__Lachnospiraceae; g__Lachnospiraceae_NC2004_group	0.9601742722282741
bc801f806078f07e2535453bd2ca37c9	d__Bacteria; p__Bacillota; c__Clostridia	0.9910732393306118
d3d6ec97999f27f0f6f346614189eec9	d__Bacteria; p__Bacillota; c__Clostridia; o__Lachnospirales; f__Lachnospiraceae	0.9835898637067395
05f1a7b743a31e1ea1e45f6434b629f2	d__Bacteria; p__Bacillota; c__Clostridia; o__Peptostreptococcales-Tissierellales; f__Family_XI; g__Ezakiella	0.9999999334225316
6ce4fd1e99dc6b364d049d24b15f9b5a	d__Bacteria; p__Bacillota; c__Bacilli; o__Erysipelotrichales; f__Erysipelotrichaceae; g__Longicatena	0.9379166902477958
20145cef6040cfe522044084f61455d0	d__Bacteria; p__Bacteroidota; c__Bacteroidia; o__Bacteroidales; f__Prevotellaceae; g__Segatella	0.7401503436233546
e34fce02c8180da5de5ab3c1ac26241d	d__Bacteria; p__Bacillota; c__Clostridia; o__Oscillospirales; f__[Eubacterium]_coprostanoligenes_group; g__Incertae_Sedis	0.9993781348037841
7e5f6f8bb7bcd2c1dfcd15aca275591f	d__Bacteria; p__Bacillota; c__Clostridia; o__Clostridia_vadinBB60_group; f__Incertae_Sedis; g__Incertae_Sedis	0.7747418326820387
0ed711c48b5d3c335e809e02dbb1e8bc	d__Bacteria; p__Bacillota; c__Clostridia; o__Oscillospirales; f__Ruminococcaceae; g__Acutalibacter	0.9950848221082967
dfbad03c06a944d3e744759a25a62f15	d__Bacteria; p__Bacteroidota; c__Bacteroidia; o__Bacteroidales; f__Bacteroidaceae; g__Bacteroides	0.9996226191100614
8bc481c7dd62366b2d901ab52f7dfd28	d__Bacteria; p__Bacillota; c__Clostridia; o__Clostridia_UCG-014; f__Incertae_Sedis; g__Incertae_Sedis	0.9999363449351218
76c2e37ac6425f0b6a0fcd961311befb	d__Bacteria; p__Pseudomonadota; c__Gammaproteobacteria; o__Enterobacterales; f__Enterobacteriaceae; g__Escherichia-Shigella	0.9982707396780375
48d841e0d2ce66317b46eef3f96e8651	d__Bacteria; p__Thermodesulfobacteriota; c__Desulfovibrionia; o__Desulfovibrionales; f__Desulfovibrionaceae; g__Incertae_Sedis	0.9903388301180533
1fff5d19b63d8883b9cbc820b2fb41b8	d__Bacteria; p__Bacillota; c__Clostridia; o__Lachnospirales; f__Lachnospiraceae; g__Howardella	0.9999999866584944
e9667c4e3a748a1af1f48ece46b8154c	d__Bacteria; p__Pseudomonadota; c__Gammaproteobacteria; o__Enterobacterales; f__Enterobacteriaceae; g__Aquamonas	0.794360278157447
986c45e53dfe117f7148088ea60edf89	d__Bacteria; p__Bacillota; c__Clostridia; o__Lachnospirales; f__Lachnospiraceae; g__Fusicatenibacter	0.996958204721039
d867b4b8026bdbc9196db4066cf66b86	d__Bacteria; p__Bacteroidota; c__Bacteroidia; o__Bacteroidales; f__Tannerellaceae; g__Parabacteroides	0.9996541056035746
637150e64676241d5499b86ebd0152e9	d__Bacteria; p__Bacillota; c__Clostridia; o__Peptostreptococcales-Tissierellales; f__Family_XI; g__Ezakiella	0.9999999999999147
8891b2fea7d7b98c7ae7a08adf29afa8	d__Bacteria; p__Bacillota; c__Clostridia; o__Oscillospirales; f__[Eubacterium]_coprostanoligenes_group; g__Incertae_Sedis	0.929503160800041
d16f36e4ad535a6bce9b7d4f8aab6fe4	d__Bacteria; p__Bacteroidota; c__Bacteroidia; o__Bacteroidales; f__Rikenellaceae; g__Alistipes	0.9999998936762665
b2a0d797083a77f8960dc22093dd745e	d__Bacteria; p__Bacteroidota; c__Bacteroidia; o__Bacteroidales; f__Bacteroidaceae; g__Bacteroides	0.9996023128316988
3fb6be6ea2309e06466f677172215945	d__Bacteria; p__Bacillota; c__Clostridia; o__Peptostreptococcales-Tissierellales; f__Family_XI; g__Anaerococcus	0.9999999997331059
212c0fb1e054a34cff054db7927ea1ff	d__Bacteria; p__Actinomycetota; c__Actinobacteria; o__Bifidobacteriales; f__Bifidobacteriaceae; g__Gardnerella	0.9999915363662294
301d45f7f1569aa4f7e9a969a5ec065a	d__Bacteria; p__Bacteroidota; c__Bacteroidia; o__Bacteroidales; f__Bacteroidaceae; g__Bacteroides	0.9999996576394654
ebda6ffa589046f910c7aaef8975a116	d__Bacteria; p__Bacillota; c__Clostridia; o__Peptostreptococcales-Tissierellales; f__Family_XI; g__Finegoldia	0.9677467427565885
778534051fe1c779377d834d59875849	d__Bacteria; p__Actinomycetota; c__Actinobacteria; o__Actinomycetales; f__Actinomycetaceae; g__Varibaculum	0.9999971514492286
ccc152f741be527173d80fc3d08c28c5	d__Bacteria; p__Bacillota; c__Clostridia	0.994117668559138
c1ed40a196575e1be942a54ef33e5210	d__Bacteria; p__Bacillota; c__Bacilli; o__Lactobacillales; f__Streptococcaceae; g__Streptococcus	0.9999947989090116
d7bfd35a8aaae98aa9f3eb1778a97aad	d__Bacteria; p__Bacillota; c__Clostridia; o__Peptostreptococcales-Tissierellales; f__Peptostreptococcaceae; g__Peptostreptococcus	0.9987277066778883
6d2814857858bd06cc5dc46a39fed725	d__Bacteria; p__Pseudomonadota; c__Gammaproteobacteria; o__Enterobacterales; f__Enterobacteriaceae; g__Escherichia-Shigella	0.997283568353735
f4449504473dacd84e924f043e8adf50	d__Bacteria; p__Bacillota; c__Clostridia; o__Lachnospirales; f__Lachnospiraceae; g__Tyzzerella	0.9906246246702556
ea70db9bd6b0237fed2a80ed7c248328	d__Bacteria; p__Bacillota; c__Clostridia; o__Peptostreptococcales-Tissierellales; f__Family_XI; g__Peptoniphilus	0.9979388116442749
89c2f4a4ddb44b462d2be2303c842d56	d__Bacteria; p__Bacillota; c__Clostridia; o__Peptostreptococcales-Tissierellales; f__Family_XI; g__Ezakiella	0.9995222008213757
563c8b6cc3cda89b2e285a8e9d05ae3d	d__Bacteria; p__Actinomycetota; c__Actinobacteria; o__Mycobacteriales; f__Corynebacteriaceae; g__Corynebacterium	0.999948404300399
6daa56a74f0034fca5f6a54872e5d27d	d__Bacteria; p__Bacteroidota; c__Bacteroidia; o__Bacteroidales; f__Prevotellaceae	0.7378944790385081
aba9f804ce354b3ad90edc112cbc7915	d__Bacteria; p__Bacteroidota; c__Bacteroidia; o__Bacteroidales; f__Prevotellaceae; g__Incertae_Sedis	0.9999992792325725
704be50c124c8757f99fc514a846cdf8	d__Bacteria; p__Bacillota; c__Bacilli; o__Lactobacillales; f__Lactobacillaceae	0.9663194561584859
7da6d9139153cadb9f0aa8ee801d5879	d__Bacteria; p__Bacteroidota; c__Bacteroidia; o__Bacteroidales; f__Prevotellaceae; g__Hoylesella	0.9981440854457451
ad4341eee3c0aa9d8075d5735c918e7d	d__Bacteria; p__Bacillota; c__Negativicutes; o__Veillonellales-Selenomonadales; f__Veillonellaceae; g__Dialister	0.9879015703543194
253860c968993f3264f961fe60423058	d__Bacteria; p__Bacteroidota; c__Bacteroidia; o__Bacteroidales; f__Prevotellaceae; g__Hoylesella	0.9999499147684363
3a0d38c894d33ca5d14a20b70f210f59	d__Bacteria; p__Bacillota; c__Clostridia; o__Oscillospirales; f__Ruminococcaceae	0.9999991707092815
74404014a420e08577a671b9d36c8b8a	d__Bacteria; p__Bacteroidota; c__Bacteroidia; o__Bacteroidales; f__Bacteroidaceae; g__Bacteroides	0.9986852291829802
8cfdf8c5c5b7b2e21d1fe4d1327c9074	d__Bacteria; p__Bacillota; c__Bacilli; o__Lactobacillales; f__Streptococcaceae; g__Streptococcus	0.9999768150872271
60c7b64539da267793303c09d4ab90b1	d__Bacteria; p__Bacillota; c__Clostridia; o__Lachnospirales; f__Lachnospiraceae; g__Agathobacter	0.7131823711385815
4ab502b6d8daa3be37c7b86e3afc000d	d__Bacteria; p__Verrucomicrobiota; c__Lentisphaeria; o__Victivallales; f__Victivallaceae; g__Victivallis	0.9999999752574528
5fffeabc2d5e080edf25f0ab44e66d11	d__Bacteria; p__Fusobacteriota; c__Fusobacteriia; o__Fusobacteriales; f__Leptotrichiaceae; g__Sneathia	0.9999996669608167
e216176db172ea2bf95ba74400a3d1a1	d__Bacteria; p__Bacillota; c__Bacilli; o__Mycoplasmatales; f__Mycoplasmataceae; g__Mycoplasma	0.9999999999997016
45d425eabf1cfb15ecc4cf52610f235f	d__Bacteria; p__Actinomycetota; c__Actinobacteria; o__Bifidobacteriales; f__Bifidobacteriaceae; g__Gardnerella	0.9999916764783823
f5de4563796e078119aca069dcd2e074	d__Bacteria; p__Pseudomonadota; c__Gammaproteobacteria; o__Methylococcales; f__Methylococcaceae; g__Methylocaldum	0.7171304133394597
3c78de855b9b8e036e2d11f8a6eb67ae	d__Bacteria; p__Bacillota; c__Bacilli; o__Staphylococcales; f__Staphylococcaceae; g__Staphylococcus	0.9994110840435789
8fb13021514d38825d5a0734fa5da87b	d__Bacteria; p__Pseudomonadota; c__Gammaproteobacteria; o__Burkholderiales; f__Alcaligenaceae; g__Pelistega	0.973853261138994
68c08e5169c8425088c27b6dcd824f69	d__Bacteria; p__Bacillota; c__Clostridia; o__Oscillospirales; f__Oscillospiraceae; g__Fastidiosipila	0.9999093464298895
94cc32f221eafdc7ae00b70abe4b235a	d__Bacteria; p__Bacteroidota; c__Bacteroidia; o__Bacteroidales; f__Bacteroidaceae; g__Bacteroides	0.9999162047426179
74fe92b7ffd00642ab4bc72db21ecd36	d__Bacteria; p__Bacillota; c__Clostridia; o__Peptostreptococcales-Tissierellales; f__Family_XI; g__Fenollaria	0.9998095834784355
15c81c18c5147b899b61a8958606a588	d__Bacteria; p__Bacillota; c__Clostridia; o__Peptostreptococcales-Tissierellales; f__Family_XI; g__W5053	0.9999607276119917
743f50ce6dfdc83755d7f8efd6de466f	d__Bacteria; p__Bacteroidota; c__Bacteroidia; o__Bacteroidales; f__Porphyromonadaceae; g__Porphyromonas	0.9477874061992267
ea3ab55eca0ae8c6d66339a9d176c24a	d__Bacteria; p__Bacillota; c__Clostridia; o__Monoglobales; f__Monoglobaceae; g__Monoglobus	0.9976080694071917
37c7631c5245f9ed1a8d405692e758ff	d__Bacteria; p__Bacteroidota; c__Bacteroidia; o__Bacteroidales; f__Rikenellaceae; g__Alistipes	0.9999997994234976
0a8849a56501899fccb6a1ae08c1d306	d__Bacteria; p__Bacillota; c__Clostridia; o__Christensenellales; f__Christensenellaceae; g__Christensenellaceae_R-7_group	0.9831655530516615
da36aac2ab74e7c172f6ef9f6ba828fd	d__Bacteria; p__Bacteroidota; c__Bacteroidia; o__Bacteroidales; f__Rikenellaceae; g__Alistipes	0.9999996949282387
30253fc51d53378dbddc843c40ead8f1	d__Bacteria; p__Bacillota; c__Clostridia; o__Peptostreptococcales-Tissierellales; f__Family_XI; g__Peptoniphilus	0.9649401207997409
ac3b820e306171607a474e1082d894df	d__Bacteria; p__Bacteroidota; c__Bacteroidia; o__Bacteroidales; f__Prevotellaceae; g__Hoylesella	0.9999992385273998
091502453c0cea84e5f8a621f08fda71	d__Bacteria; p__Actinomycetota; c__Actinobacteria; o__Mycobacteriales; f__Corynebacteriaceae; g__Lawsonella	0.999999998211436
fcd33d9243d70944980aecfebfb62fb6	d__Bacteria; p__Bacteroidota; c__Bacteroidia; o__Bacteroidales; f__Prevotellaceae; g__Hoylesella	0.9999822333528131
244e172dc22b2f1a56f61769d3caa16d	d__Bacteria; p__Pseudomonadota; c__Alphaproteobacteria; o__Hyphomicrobiales; f__Hyphomicrobiales_Incertae_Sedis; g__Phreatobacter	0.9997916491581174
bb3c9970d4550e0d6ccc14398ee18422	d__Bacteria; p__Acidobacteriota; c__Acidobacteriae; o__Terriglobales; f__Incertae_Sedis; g__Incertae_Sedis	0.9995861998764273
cfaecefb1eafd74157df67788bd58f48	d__Bacteria; p__Planctomycetota; c__Planctomycetes; o__Gemmatales; f__Gemmataceae; g__Incertae_Sedis	0.9999999860465892
b042cb3ea01192284808698ed1d60119	d__Bacteria; p__Thermodesulfobacteriota; c__Incertae_Sedis; o__Incertae_Sedis; f__Incertae_Sedis; g__Incertae_Sedis	0.9437274397193485
a0bd039c3a383d3bcfaf224596fd29f6	d__Bacteria; p__Planctomycetota; c__Planctomycetes; o__Gemmatales; f__Gemmataceae; g__Fimbriiglobus	0.9960227524587856
dc833156df5cf571bb4d9ffca16a6fd9	d__Bacteria; p__Actinomycetota; c__Actinobacteria; o__Mycobacteriales; f__Mycobacteriaceae; g__Mycobacterium	0.9999987601316048
7fb02927eb1cec025fc5e0db61fc2065	d__Bacteria; p__Fibrobacterota; c__Fibrobacteria; o__Fibrobacterales; f__Fibrobacteraceae; g__possible_genus_04	0.9999999999754579
3e1bff0c15afeda52c185cd32f868f2a	d__Bacteria; p__Chloroflexota; c__Anaerolineae; o__Incertae_Sedis; f__Incertae_Sedis; g__Incertae_Sedis	0.8866218266273648
09409c2debe7519ae7193c1456de555a	d__Bacteria; p__Gemmatimonadota; c__BD2-11_terrestrial_group; o__Incertae_Sedis; f__Incertae_Sedis; g__Incertae_Sedis	0.9999999999749605
e091538a2fdfd8a3fb6f5ccef2fd5fe1	d__Bacteria; p__Incertae_Sedis; c__Incertae_Sedis; o__SJA-28; f__Incertae_Sedis; g__Incertae_Sedis	0.9999999815649121
f78f1158b73491519bff78a3109c0c51	d__Bacteria; p__Verrucomicrobiota; c__Verrucomicrobiia; o__Chthoniobacterales; f__Xiphinematobacteraceae; g__Candidatus_Xiphinematobacter	0.9999540177474838
9d079c73c929019d68841c606925ea57	d__Bacteria; p__Chloroflexota; c__Ktedonobacteria; o__Ktedonobacterales; f__JG30-KF-AS9; g__Incertae_Sedis	0.9999840548941221
5d90bce670ea3ebad45d9090ba0c82ea	d__Bacteria; p__Pseudomonadota; c__Alphaproteobacteria; o__Rickettsiales; f__Mitochondria; g__Incertae_Sedis	0.999999957940191
2ea55cc6ea5c8de449fd3c9646379eae	d__Bacteria; p__Myxococcota; c__Myxococcia; o__Myxococcales; f__Myxococcaceae; g__P3OB-42	0.9959944507189016
b63a83e0ea6c6363d47ab90c607e9bfe	d__Bacteria; p__Actinomycetota; c__Actinobacteria; o__Propionibacteriales; f__Nocardioidaceae; g__Nocardioides	0.9999689219643006
9d36cd8217838b01fa71faadac79b1bc	d__Bacteria; p__Verrucomicrobiota; c__Verrucomicrobiia; o__Verrucomicrobiales; f__Verrucomicrobiaceae; g__Roseimicrobium	0.9853905368892042
2615d2e94c906fb3446bee55e1502e4a	d__Bacteria; p__Latescibacterota; c__Incertae_Sedis; o__Incertae_Sedis; f__Incertae_Sedis; g__Incertae_Sedis	0.9999999186834747
9aa9382c519e05de29f03a77bfbeb8b0	d__Bacteria; p__Bacteroidota; c__Bacteroidia; o__Sphingobacteriales; f__AKYH767; g__Incertae_Sedis	0.8983151148379063
dd4bb81a532dda090970ef69ca155412	d__Bacteria; p__Armatimonadota; c__Incertae_Sedis; o__Incertae_Sedis; f__Incertae_Sedis; g__Incertae_Sedis	0.9914766458351397
32159ebae4d9712df616952476d28393	d__Bacteria; p__Pseudomonadota; c__Alphaproteobacteria; o__Elsterales; f__Incertae_Sedis; g__Incertae_Sedis	0.9985098552288736
870e482bd3130db412ec7aeb98302922	d__Bacteria; p__Patescibacteria; c__Saccharimonadia; o__Saccharimonadales; f__Incertae_Sedis; g__Incertae_Sedis	0.9998343768245571
3fec4a8b511e924efc72fb107d8df2e0	d__Bacteria; p__Bacteroidota; c__Bacteroidia; o__Sphingobacteriales; f__AKYH767; g__Incertae_Sedis	0.9344780581689303
709e48be8b3c64eaddbc2047a3bdd787	d__Bacteria; p__Planctomycetota; c__Planctomycetes; o__Isosphaerales; f__Isosphaeraceae; g__Singulisphaera	0.9999984175640734
81ec49f1135809b9f77e7dd14d2df446	d__Bacteria; p__Actinomycetota; c__Coriobacteriia; o__Coriobacteriales; f__Eggerthellaceae; g__Berryella	0.9999143484723131
203878e9d152bb2a951df16f07645d2a	d__Bacteria; p__Bacillota; c__Clostridia; o__Peptostreptococcales-Tissierellales; f__Family_XI; g__Anaerococcus	1.0
def46fa9c9e2a883bb0b000339724643	d__Bacteria; p__Bacillota; c__Clostridia; o__Peptostreptococcales-Tissierellales; f__Family_XI; g__Peptoniphilus	0.9999999991902087
24f1008980a9f1e6d50e73de43c269d6	d__Bacteria; p__Bacteroidota; c__Bacteroidia; o__Bacteroidales; f__Tannerellaceae; g__Parabacteroides	0.9988243748264382
d29a6d3a95414093fc88cc10430845f2	d__Bacteria; p__Bacteroidota; c__Bacteroidia; o__Bacteroidales; f__Rikenellaceae; g__Alistipes	0.9998403288004065
b14ed1d2f3d3a2b59a69a0b3294c1732	d__Bacteria; p__Actinomycetota; c__Actinobacteria; o__Bifidobacteriales; f__Bifidobacteriaceae; g__Galliscardovia	0.8537195729847988
902dab4f87595a9afa0df51ad8dfc597	d__Bacteria; p__Bacillota; c__Clostridia; o__Peptostreptococcales-Tissierellales; f__Family_XI; g__Finegoldia	0.9627329767445121
b734372ea07cabba5939e2bf606b9e25	d__Bacteria; p__Bacteroidota; c__Bacteroidia; o__Bacteroidales; f__Prevotellaceae; g__Hoylesella	0.9989120151204354
9c3f66f8ef8d35f91599ab349042039b	d__Bacteria; p__Bacteroidota; c__Bacteroidia; o__Bacteroidales; f__Bacteroidaceae; g__Bacteroides	0.9999654260065967
c1c5498005238195f2b1fe61c355cec4	d__Bacteria; p__Bacillota; c__Clostridia; o__Peptostreptococcales-Tissierellales; f__Family_XI; g__Fenollaria	0.9999204363632258
8990cc87abf94b0cba90f701e21a4f5c	d__Bacteria; p__Bacillota; c__Clostridia; o__Lachnospirales; f__Lachnospiraceae	0.9999590712490848
4f60c2b7c85fe7a5830f4ba4c3e96924	d__Bacteria; p__Bacillota; c__Bacilli; o__Erysipelotrichales; f__Erysipelatoclostridiaceae; g__UCG-004	0.9999953727617927
39b1a012871621a9058b25fe033774fd	d__Bacteria; p__Bacillota; c__Clostridia; o__Oscillospirales; f__Ruminococcaceae; g__Incertae_Sedis	0.9972711643183769
f477286d13175675fc04f452db907e5a	d__Bacteria; p__Bacillota; c__Clostridia; o__Christensenellales; f__Christensenellaceae; g__Christensenellaceae_R-7_group	0.9136530602083919
a6d1786b258cc95bbd1bb3c0167994b9	d__Bacteria; p__Bacillota; c__Clostridia; o__Oscillospirales; f__UCG-010; g__Incertae_Sedis	0.9945212794667809
aa0df0b066bbe1038a844179c7e82e1a	d__Bacteria; p__Campylobacterota; c__Campylobacteria; o__Campylobacterales; f__Campylobacteraceae; g__Campylobacter	0.9999999999999005
64004de32f83872715810260da172af4	d__Bacteria; p__Bacteroidota; c__Bacteroidia; o__Bacteroidales; f__Tannerellaceae; g__Parabacteroides	0.8001199205397754
a49d72c1ef8412beca6cea148c2813e5	d__Bacteria; p__Bacillota; c__Clostridia; o__Lachnospirales; f__Lachnospiraceae; g__Fusicatenibacter	0.9928858698020655
1d8ee698ff3c82b36382baa43c11eaa3	d__Bacteria; p__Bacillota; c__Clostridia; o__Lachnospirales; f__Lachnospiraceae; g__Lachnospiraceae_UCG-004	0.8153859534070216
1ae9b7cf80f2f6b9263fc03599398f68	d__Bacteria; p__Bacillota; c__Negativicutes; o__Veillonellales-Selenomonadales; f__Veillonellaceae; g__Veillonella	0.9999992152275421
c4b4ed5fe39969106c2b1ce0d70b91ad	d__Bacteria; p__Synergistota; c__Synergistia; o__Synergistales; f__Synergistaceae; g__Pyramidobacter	0.9902667363844824
62302ec169aa0c8948838d0979fa5869	d__Bacteria; p__Bacillota; c__Clostridia; o__Oscillospirales; f__[Eubacterium]_coprostanoligenes_group; g__Incertae_Sedis	0.9999119464704531
1a37adb7c3064b861a3f127b64911274	d__Bacteria; p__Bacillota; c__Clostridia	0.9999963564482739
18094cd6ff7e1b6bc0aba54761d3d852	d__Bacteria; p__Bacteroidota; c__Bacteroidia; o__Bacteroidales; f__Porphyromonadaceae; g__Porphyromonas	0.9999200568343146
25885e6b7449e7749c111fcc1b4043f7	d__Bacteria; p__Bacillota; c__Clostridia; o__Lachnospirales; f__Lachnospiraceae; g__Lachnospiraceae_ND3007_group	0.9999992124809413
d9a48cd04b6990f15eca7e11d101d9b8	d__Bacteria; p__Bacillota; c__Clostridia; o__Peptostreptococcales-Tissierellales; f__Family_XI; g__Peptoniphilus	0.9989688453012077
ae6eb5b6c681e41d20c50eb91d654f1d	d__Bacteria; p__Bacillota; c__Clostridia; o__Peptostreptococcales-Tissierellales; f__Family_XI; g__Ezakiella	0.9999999878051399
03c168d5570db25444f792d80f8951d9	d__Bacteria; p__Bacillota; c__Clostridia; o__Lachnospirales; f__Lachnospiraceae	0.9998824289544801
9dc18eb1b97e0b4b858cb24e25d53a37	d__Bacteria; p__Pseudomonadota; c__Gammaproteobacteria; o__Burkholderiales; f__Sutterellaceae; g__Parasutterella	0.9856710056419139
aa244b93a92e310c46627c256e42e24b	d__Bacteria; p__Bacteroidota; c__Bacteroidia; o__Bacteroidales; f__Prevotellaceae; g__Prevotella	0.908919420287269
90f593b2accdbc972fa4d35e93af73aa	d__Bacteria; p__Bacteroidota; c__Bacteroidia; o__Bacteroidales; f__Bacteroidaceae; g__Bacteroides	0.9999951095764528
3267e493515a8d74da6c302f475b3892	d__Bacteria; p__Bacillota; c__Clostridia; o__Lachnospirales; f__Lachnospiraceae	0.9963743971916035
eb35d6afa2c9dbb32a9a76b700a9115e	d__Bacteria; p__Bacillota; c__Clostridia; o__Oscillospirales; f__Ruminococcaceae; g__Incertae_Sedis	0.9992454416850532
e6cef17cb9ba0673a810cdffadad19d3	d__Bacteria; p__Bacillota; c__Negativicutes; o__Veillonellales-Selenomonadales; f__Selenomonadaceae; g__Selenomonas	0.9999533273619895
f3f4c9dcdcf6730b5bcc9cbdbbc366c0	d__Bacteria; p__Bacillota; c__Clostridia; o__Christensenellales; f__Christensenellaceae; g__Christensenellaceae_R-7_group	0.9629333407889948
7fd26a8722058d72a921694f5e96d312	d__Bacteria; p__Bacillota; c__Bacilli; o__Lactobacillales; f__Lactobacillaceae; g__Ligilactobacillus	0.9514003219714772
c96e4c0223bfe71aac48b341be2cb859	d__Bacteria; p__Bacillota; c__Clostridia; o__Oscillospirales; f__[Eubacterium]_coprostanoligenes_group; g__Incertae_Sedis	0.9987403853644958
40d2f498099844fe19e317b8b3521e66	d__Bacteria; p__Bacillota; c__Clostridia; o__Peptostreptococcales-Tissierellales; f__Family_XI; g__Fenollaria	0.999999999886299
6db321b472727adf597e6020442b3513	d__Bacteria; p__Bacillota; c__Negativicutes; o__Veillonellales-Selenomonadales; f__Veillonellaceae; g__Allisonella	0.9998665662630809
9dfb2fcac1d279f9e6f368c4c14c073c	d__Bacteria; p__Bacillota; c__Clostridia; o__Peptostreptococcales-Tissierellales; f__Family_XI	0.9998544659151426
2fac74da299fca447ead3accac2a4311	d__Bacteria; p__Bacillota; c__Clostridia; o__Peptostreptococcales-Tissierellales; f__Family_XI; g__Ezakiella	0.9999526690380836
fd4f9261fb16605767bcaf350e3e0d01	d__Bacteria; p__Bacillota; c__Clostridia; o__Peptostreptococcales-Tissierellales; f__Family_XI; g__Peptoniphilus	0.9999986686104644
f49aebc8c10d6a2dfed3c5c5d9a041ea	d__Bacteria; p__Actinomycetota; c__Actinobacteria; o__Actinomycetales; f__Actinomycetaceae; g__Schaalia	0.9970907965425595
0c9f645812e174ceb734f43f62dcc4d6	d__Bacteria; p__Bacillota; c__Negativicutes; o__Veillonellales-Selenomonadales; f__Veillonellaceae; g__Dialister	0.9463210354522124
1e16a774f143a6efd66630c6b97e12b0	d__Bacteria; p__Bacillota; c__Clostridia; o__Peptostreptococcales-Tissierellales; f__Family_XI	0.9978934350037889
c123ecbc05650b2943e9da61c86744f0	d__Bacteria; p__Pseudomonadota; c__Gammaproteobacteria; o__Burkholderiales; f__Sutterellaceae; g__Sutterella	0.9999976497140942
f462952d3c160cf8b606182cc6a1ef6f	d__Bacteria; p__Pseudomonadota; c__Gammaproteobacteria; o__Enterobacterales; f__Enterobacteriaceae; g__Escherichia-Shigella	0.9726653273543036
9f379431e93845bfe218937b8875b0e9	d__Bacteria; p__Fusobacteriota; c__Fusobacteriia; o__Fusobacteriales; f__Fusobacteriaceae; g__Fusobacterium	0.9998579715656751
f4c6a26f518b99511e75fe6fe8e94a01	d__Bacteria; p__Pseudomonadota; c__Gammaproteobacteria; o__Enterobacterales; f__Enterobacteriaceae; g__Escherichia-Shigella	0.8377560664168846
846b15503ff57282f0bc73d44ac3e3ee	d__Bacteria; p__Pseudomonadota; c__Gammaproteobacteria; o__Enterobacterales	0.9996578148935482
2283c8c654d370f69a55f5a80933d1ae	d__Bacteria; p__Bacillota; c__Bacilli; o__Erysipelotrichales; f__Erysipelotrichaceae; g__[Clostridium]_innocuum_group	0.9842464411897062
d03ce900973017e2e9181dc62db6f28f	d__Bacteria; p__Bacillota; c__Bacilli; o__Erysipelotrichales; f__Erysipelatoclostridiaceae; g__Coprobacillus	0.99332307926933
aa04c4f0a41d4a29a28d8ea3c16a0688	d__Bacteria; p__Bacillota; c__Bacilli; o__Erysipelotrichales; f__Erysipelatoclostridiaceae; g__Thomasclavelia	0.7299850874832113
66bc0f552e7cae899346e2bc35e61776	d__Bacteria; p__Bacillota; c__Clostridia; o__Peptostreptococcales-Tissierellales; f__Family_XI	0.9646267672881979
e87be477fb49e73e3b4ed636b6737b53	d__Bacteria; p__Bacillota; c__Clostridia; o__Lachnospirales; f__Lachnospiraceae; g__Lachnospiraceae_UCG-004	0.9328223024091394
8700ee787299d881297a79c5846d46a4	d__Bacteria; p__Bacillota; c__Bacilli; o__Erysipelotrichales; f__Erysipelatoclostridiaceae; g__Thomasclavelia	0.9999993879211385
549dd38a5823c2c79129f11f89887307	d__Bacteria; p__Bacillota; c__Clostridia; o__Lachnospirales; f__Lachnospiraceae	0.9999956937610774
8dd3a41133c4bf2a2c3cbe1d072aa7f5	d__Bacteria; p__Bacillota; c__Clostridia; o__Peptostreptococcales-Tissierellales; f__Family_XI; g__Finegoldia	0.9999350984565523
5ee5686b7c376287e49b00926512a66a	d__Bacteria; p__Bacillota; c__Clostridia; o__Peptostreptococcales-Tissierellales; f__Family_XI; g__Peptoniphilus	0.9999926502416036
536e6f6a59f88dd07bf391f1803d5d0a	d__Bacteria; p__Bacillota; c__Clostridia; o__Peptostreptococcales-Tissierellales; f__Family_XI; g__Finegoldia	0.9999999912668187
8483b5e9cd61657d3655cb4dacec7b0e	d__Bacteria; p__Bacteroidota; c__Bacteroidia; o__Bacteroidales; f__Bacteroidaceae; g__Bacteroides	0.999892912256948
ed028f8dafef4dbd339caadd0b94e944	d__Bacteria; p__Actinomycetota; c__Coriobacteriia; o__Coriobacteriales; f__Eggerthellaceae; g__Eggerthella	0.9999837483428261
a73f70867ecde24be7edd9b6603bd7cc	d__Bacteria; p__Bacillota; c__Clostridia; o__Clostridia_vadinBB60_group; f__Incertae_Sedis; g__Incertae_Sedis	0.9999980805941764
4730361a5734bce576950f4640ea30ab	d__Bacteria; p__Bacillota; c__Clostridia; o__Oscillospirales; f__Oscillospiraceae; g__UCG-002	0.9968808582579192
fef2aa7175fd4a46169ede72424c81a6	d__Bacteria; p__Bacillota; c__Clostridia; o__Lachnospirales; f__Lachnospiraceae; g__Roseburia	0.7499885874837721
fece42d5793b07878a94d57cce540233	d__Bacteria; p__Bacteroidota; c__Bacteroidia; o__Bacteroidales; f__Bacteroidaceae; g__Bacteroides	0.9915022009043959
d2d250166ebe70396c7bf81e3502eaed	d__Bacteria; p__Bacillota; c__Clostridia; o__Peptostreptococcales-Tissierellales; f__Family_XI; g__Peptoniphilus	0.996901926652046
dfd58d1e91da9f9f9a0e485066cdceb4	d__Bacteria; p__Bacillota; c__Clostridia; o__Lachnospirales; f__Lachnospiraceae	0.9998041315121013
10c254800c282419f4c3118ab8766ba9	d__Bacteria; p__Bacteroidota; c__Bacteroidia; o__Bacteroidales; f__Bacteroidaceae; g__Bacteroides	0.8512504917461772
635998f7c7742f4aa361db8db1889916	d__Bacteria; p__Bacteroidota; c__Bacteroidia; o__Bacteroidales; f__Porphyromonadaceae; g__Porphyromonas	0.8190030005807285
d2a4bf20003ff818c0fb23f86035af30	d__Bacteria; p__Bacillota; c__Clostridia; o__Oscillospirales; f__[Eubacterium]_coprostanoligenes_group; g__Incertae_Sedis	0.9989161045418455
344137e64c29be7e02d5e63626411a2c	d__Bacteria; p__Bacillota; c__Clostridia; o__Oscillospirales; f__Ruminococcaceae; g__Ruminococcus	0.9992378922758406
4ffaa4c0cac040249e6c805a5de1e8f6	d__Bacteria; p__Bacillota; c__Clostridia; o__Peptostreptococcales-Tissierellales; f__Family_XI; g__Anaerococcus	0.9999999851634557
3d0dd641c90567073f19848a3cc5efbf	d__Bacteria; p__Pseudomonadota; c__Gammaproteobacteria; o__Burkholderiales; f__Sutterellaceae; g__Sutterella	0.9998232507279433
ce1737463ee6e03b51ba08d58037b980	d__Bacteria; p__Bacillota; c__Clostridia; o__Oscillospirales	0.9985150182602881
c896feafc1046d4942c05b5017cf7012	d__Bacteria; p__Bacteroidota; c__Bacteroidia; o__Bacteroidales; f__Prevotellaceae; g__Prevotella	0.9999973838177257
8fa6a7ef60263276ab195b0862e2a511	d__Bacteria; p__Bacillota; c__Clostridia; o__Oscillospirales; f__Ruminococcaceae	0.999999997481785
b804f103b24dd8be8e9d972bd247967e	d__Bacteria; p__Actinomycetota; c__Actinobacteria; o__Actinomycetales; f__Actinomycetaceae; g__Mobiluncus	0.9999925670267219
e86dbe4ff66224e43c62fc67c0bc8a3a	d__Bacteria; p__Bacillota; c__Clostridia; o__Peptostreptococcales-Tissierellales; f__Family_XI; g__Fenollaria	0.9999994770276377
970061e73ce91ac85fddf205224d8322	d__Bacteria; p__Bacillota; c__Clostridia	0.8726964527611178
c59926c8c0247e2485557089c2c5a3ca	d__Bacteria; p__Bacillota; c__Clostridia; o__Lachnospirales; f__Lachnospiraceae	0.9507452082131408
b3df5e75bcb91f0ab0467878f2a02bd8	d__Bacteria; p__Bacteroidota; c__Bacteroidia; o__Bacteroidales; f__Bacteroidaceae; g__Bacteroides	0.9999999783259457
f7f92d336eea9d710af1998ea2690b39	d__Bacteria; p__Pseudomonadota; c__Gammaproteobacteria; o__Burkholderiales; f__Sutterellaceae; g__Parasutterella	0.9996882687650985
7163c82e80e001f46b9bbf2bbd44b1eb	d__Bacteria; p__Bacillota; c__Clostridia; o__Lachnospirales; f__Lachnospiraceae; g__Incertae_Sedis	0.7826488578428894
b6007f80557d6df4cf2137c196bf85cd	d__Bacteria; p__Bacteroidota; c__Bacteroidia; o__Bacteroidales; f__Rikenellaceae; g__Alistipes	0.999999999986656
4d02e10169c0817fe1531407b3e157e0	d__Bacteria; p__Bacillota; c__Clostridia; o__Oscillospirales; f__Ruminococcaceae	0.9999992269437377
e18b0a415cb699675fdca491067a44aa	d__Bacteria; p__Bacillota; c__Clostridia; o__Oscillospirales; f__Ruminococcaceae; g__Faecalibacterium	0.9534249897399572
be685f8e537428877488e2f6305f2dbc	d__Bacteria; p__Bacillota; c__Clostridia; o__Peptostreptococcales-Tissierellales; f__Family_XI; g__Fenollaria	0.99998964817687
f229a52f0955c7e0f6e5af4e5b3bfe62	d__Bacteria; p__Bacillota; c__Negativicutes; o__Veillonellales-Selenomonadales; f__Veillonellaceae; g__Veillonella	0.9999999916406068
d85f88b860c8d725762d500c22e12fd8	d__Bacteria; p__Bacteroidota; c__Bacteroidia; o__Bacteroidales; f__Prevotellaceae; g__Prevotellaceae_NK3B31_group	0.9999243863061814
2e26020c6772de07203734c2d2483517	d__Bacteria; p__Bacillota; c__Bacilli; o__Lactobacillales; f__Lactobacillaceae	0.9516509220998981
cbaffc0777041adeb9cbdc89d85ea490	d__Bacteria; p__Bacillota; c__Clostridia; o__Lachnospirales; f__Lachnospiraceae	0.9999169270611082
9b145f69db61fb7e7fbf17d9d99b912c	d__Bacteria; p__Bacillota	0.8261915045056973
e28b61b23b0fc408b5668bf78cef904c	d__Bacteria; p__Bacillota; c__Clostridia; o__Lachnospirales; f__Lachnospiraceae; g__Lachnospiraceae_UCG-008	0.8781728676012043
57908408a6e23587efcc2243b15b9b37	d__Bacteria; p__Pseudomonadota; c__Gammaproteobacteria; o__Enterobacterales; f__Enterobacteriaceae; g__Escherichia-Shigella	0.996266585392335
45530ccfa4847f7ac9734463be746fc7	d__Bacteria; p__Bacillota; c__Clostridia; o__Lachnospirales; f__Lachnospiraceae	0.7399695942387252
4570dc90d9c8049f3627bb91f602bfa7	d__Bacteria; p__Bacillota; c__Clostridia; o__Oscillospirales; f__Ruminococcaceae; g__Incertae_Sedis	0.9984419269803726
3fc065d846f4e6ca4afc2f081a976725	d__Bacteria; p__Bacillota; c__Clostridia; o__Oscillospirales; f__Oscillospiraceae; g__Fastidiosipila	0.9972054523857671
75e975a18a2a4a824b88afb653514338	d__Bacteria; p__Bacillota; c__Clostridia; o__Oscillospirales; f__Oscillospiraceae; g__Flavonifractor	0.9922773584540078
6d00ca06832a9e3ea3a09214e03a5ad6	d__Bacteria; p__Bacteroidota; c__Bacteroidia; o__Bacteroidales; f__Bacteroidaceae; g__Bacteroides	0.9961996323704904
87eb032d4183cb24a77089520029d770	d__Bacteria; p__Bacteroidota; c__Bacteroidia; o__Bacteroidales; f__Bacteroidaceae; g__Bacteroides	0.999999976821883
18d1bd11f1bed657aa25f32041f8843f	d__Bacteria; p__Bacteroidota; c__Bacteroidia; o__Bacteroidales; f__Bacteroidaceae; g__Bacteroides	0.9999999304183997
93c23dbcaa8022d3916a491e7117156d	d__Bacteria; p__Thermodesulfobacteriota; c__Desulfovibrionia; o__Desulfovibrionales; f__Desulfovibrionaceae; g__Desulfovibrio	0.9999760543158926
6475d912b946d13b129bfa26dbdbc9b6	d__Bacteria; p__Bacillota; c__Clostridia; o__Oscillospirales; f__[Eubacterium]_coprostanoligenes_group; g__Incertae_Sedis	0.9956742930626975
fa624d94d1604e654825d536d379942f	d__Bacteria; p__Bacillota; c__Clostridia; o__Peptostreptococcales-Tissierellales; f__Family_XI; g__Peptoniphilus	0.9985918844113959
46946f67d617663f17672c262fabda4a	d__Bacteria; p__Bacillota; c__Clostridia; o__Peptostreptococcales-Tissierellales; f__Family_XI; g__Ezakiella	0.9999994058662256
d07745d86f189154082afa2831c87104	d__Bacteria; p__Bacteroidota; c__Bacteroidia; o__Bacteroidales; f__Bacteroidaceae; g__Bacteroides	0.9999999835447825
c1d62b4ccd42ffc9585ca1addc0a7bf2	d__Bacteria; p__Bacteroidota; c__Bacteroidia; o__Bacteroidales; f__Muribaculaceae; g__Incertae_Sedis	0.999999996460943
3ce1bfacd0d3b6cf9adc0aaa1d641ede	d__Bacteria; p__Bacillota; c__Clostridia; o__Lachnospirales; f__Lachnospiraceae; g__Anaerobutyricum	0.9670697854171298
f08d7ca75636a19ebcdaa80374445af5	d__Bacteria; p__Bacillota; c__Clostridia; o__Lachnospirales; f__Lachnospiraceae; g__Sellimonas	0.9086052560036562
86f155f34fcc89f98ecda0327c90e19f	d__Bacteria; p__Bacillota; c__Clostridia; o__Christensenellales; f__Christensenellaceae; g__Christensenellaceae_R-7_group	0.7024100973714706
07c0a6b06e592252f6d85913b9c1df08	d__Bacteria; p__Bacillota; c__Clostridia; o__Oscillospirales; f__Oscillospiraceae; g__UCG-002	0.918651516710821
7c9949420bcc2951df9eedabbcf50895	d__Bacteria; p__Pseudomonadota; c__Gammaproteobacteria; o__Enterobacterales; f__Enterobacteriaceae; g__Escherichia-Shigella	0.8194900925590565
55d1a29f1ddec8544c346e94b94147e1	d__Bacteria; p__Bacillota; c__Clostridia; o__Lachnospirales; f__Lachnospiraceae; g__Lachnoclostridium	0.7393693749052149
8968c02b94897ea7cbbc672055ece56a	d__Bacteria; p__Pseudomonadota; c__Gammaproteobacteria; o__Enterobacterales; f__Enterobacteriaceae; g__Escherichia-Shigella	0.9993010660679402
542de4e7d4d54ca2217892188b442cd3	d__Bacteria; p__Pseudomonadota; c__Gammaproteobacteria; o__Enterobacterales; f__Pasteurellaceae; g__Haemophilus	0.8973270292326526
696752dbb8dbc665550ecb51f79b452d	d__Bacteria; p__Bacillota; c__Clostridia; o__Lachnospirales; f__Lachnospiraceae; g__Lachnospiraceae_UCG-004	0.9858895144498732
2d00faeaa74dc11dd21bc37263f57e2d	d__Bacteria; p__Bacteroidota; c__Bacteroidia; o__Bacteroidales; f__Barnesiellaceae; g__Coprobacter	0.9999999999920419
e5441c8fb03cb86a47e575a513046e2e	d__Bacteria; p__Bacteroidota; c__Bacteroidia; o__Bacteroidales; f__Incertae_Sedis	0.7466213668222512
40dad35623961f9f7d4f00a28480e449	d__Bacteria; p__Actinomycetota; c__Actinobacteria; o__Bifidobacteriales; f__Bifidobacteriaceae	0.9994376863284371
318c3bf3cf6c50fd3310972cdb1cb697	d__Bacteria; p__Bacillota; c__Clostridia; o__Lachnospirales; f__Lachnospiraceae; g__Moryella	0.8965940464580585
b7ba5afb3018883c3d4f9d8afd2e7cb8	d__Bacteria; p__Bacillota; c__Clostridia; o__Oscillospirales; f__Oscillospiraceae; g__Oscillibacter	0.984350689387107
549bf78670cf7104e665d73363f6398a	d__Bacteria; p__Bacillota; c__Clostridia; o__Oscillospirales; f__Oscillospiraceae; g__Fastidiosipila	0.9999999710753831
fbb2e107af35abae095eae638d9f424e	d__Bacteria; p__Pseudomonadota; c__Gammaproteobacteria; o__Burkholderiales; f__Neisseriaceae; g__Incertae_Sedis	0.9999999944127893
d49107566d5d44c98cbc7aff68967d58	d__Bacteria; p__Bacillota; c__Negativicutes; o__Veillonellales-Selenomonadales; f__Veillonellaceae; g__Megasphaera	0.9227774432159191
e08afdf4d5c01581f652b94a076756d8	d__Bacteria; p__Actinomycetota; c__Coriobacteriia; o__Coriobacteriales; f__Atopobiaceae; g__Fannyhessea	0.999999997983906
cfdd1664e417670122a9fb3117c9c923	d__Bacteria; p__Bacillota; c__Clostridia; o__Oscillospirales; f__Ethanoligenenaceae; g__Acetanaerobacterium	0.9999312313904881
822b5f70887d1c37088422911a9375a4	d__Bacteria; p__Bacillota; c__Bacilli; o__Lactobacillales; f__Streptococcaceae; g__Streptococcus	0.9999885155061553
edc9a28d781afed138d3b08d9e4dddc5	d__Bacteria; p__Bacillota; c__Clostridia; o__Lachnospirales; f__Lachnospiraceae	0.9994669879289462
404b58b06200cb6c14fe8f1b5d3b4b6a	d__Bacteria; p__Bacillota; c__Clostridia; o__Peptostreptococcales-Tissierellales; f__Family_XI; g__Kallipyga	0.999999999969873
4255620333759af31c79db05a84e9e67	d__Bacteria; p__Bacteroidota; c__Bacteroidia; o__Bacteroidales; f__Bacteroidaceae; g__Bacteroides	0.999948201318838
9c1676ac0cd9ef5f99ab969d3d6f0691	d__Bacteria; p__Bacillota; c__Clostridia; o__Lachnospirales; f__Lachnospiraceae; g__Anaerobutyricum	0.9998926565996222
347bd5fd8b047df8818591fe8b08b3f5	d__Bacteria; p__Bacillota; c__Bacilli; o__Lactobacillales; f__Aerococcaceae	0.9232777890681706
a6510d653a53557b4dc00b3a4783e927	d__Bacteria; p__Bacteroidota; c__Bacteroidia; o__Bacteroidales; f__Porphyromonadaceae; g__Porphyromonas	0.9999985716748196
b08d0d18216dbf0257cf2292db204826	d__Bacteria; p__Bacteroidota; c__Bacteroidia; o__Bacteroidales; f__Prevotellaceae; g__Hoylesella	0.9999980283237133
355ffc278077e892e35f0b554853d734	d__Bacteria; p__Pseudomonadota; c__Gammaproteobacteria; o__Burkholderiales; f__Alcaligenaceae; g__Pusillimonas	0.8386106283937294
ecb3759e804e8c86d9fb0de817207fe9	d__Bacteria; p__Bacillota; c__Clostridia; o__Oscillospirales; f__Oscillospiraceae; g__Intestinimonas	0.8320560608700771
e341d76ffa2250ed506c5fb284abdca6	d__Bacteria; p__Bacillota; c__Clostridia; o__Lachnospirales; f__Lachnospiraceae; g__Lachnoanaerobaculum	0.9999998435271473
ed03c17290ee1292705f85c7c51986cd	d__Bacteria; p__Bacillota; c__Clostridia; o__Lachnospirales; f__Lachnospiraceae; g__Howardella	0.9999999901036318
8694161257281d5b388ab474718cfbcb	d__Bacteria; p__Bacillota; c__Clostridia; o__Peptostreptococcales-Tissierellales; f__Anaerovoracaceae; g__Family_XIII_AD3011_group	0.943336629916281
3e1da0a91f96850666c721d972c3b460	d__Bacteria; p__Bacteroidota; c__Bacteroidia; o__Bacteroidales; f__Bacteroidaceae; g__Bacteroides	0.768459803873654
d430bc7bab9df6865312c37eda78d18b	d__Bacteria; p__Bacteroidota; c__Bacteroidia; o__Bacteroidales; f__Bacteroidaceae; g__Bacteroides	0.9999998788537072
9758739f6381ee4f99bb2dc691a27e25	d__Bacteria; p__Pseudomonadota; c__Gammaproteobacteria; o__Enterobacterales; f__Enterobacteriaceae; g__Escherichia-Shigella	0.926449684515208
d996adeec3adc0e902917567c95b7d7b	d__Bacteria; p__Bacteroidota; c__Bacteroidia; o__Bacteroidales; f__Porphyromonadaceae; g__Porphyromonas	0.9926116559065055
c0aa89f634c5744bb0097e7d6c8f6555	d__Bacteria; p__Bacillota; c__Clostridia; o__Peptostreptococcales-Tissierellales; f__Family_XI; g__Anaerococcus	0.9996147682459123
9fcf0d0b8172a5a5a6bcc7904cd352d1	d__Bacteria; p__Bacillota; c__Clostridia; o__Oscillospirales; f__Oscillospiraceae	0.9998647809306312
cda939a120fd78477e02750d4081877d	d__Bacteria; p__Bacillota; c__Clostridia; o__Peptostreptococcales-Tissierellales; f__Family_XI; g__Peptoniphilus	0.9224422256406487
1e738a3d7e9ae2420c8aa5852753fced	d__Bacteria; p__Bacillota; c__Bacilli; o__Lactobacillales; f__Lactobacillaceae; g__Incertae_Sedis	0.8552631465488955
f787da4575079db32c43c45b8ddb7c7e	d__Bacteria; p__Bacillota; c__Negativicutes; o__Veillonellales-Selenomonadales; f__Veillonellaceae; g__Incertae_Sedis	0.9976899208201713
d86d18ea98524ec07f1f86a299312122	d__Bacteria; p__Bacillota; c__Bacilli; o__Lactobacillales; f__Aerococcaceae	0.8666012318750105
be7bcbff51e1807121109a6338908071	d__Bacteria; p__Bacillota; c__Bacilli; o__RF39; f__Incertae_Sedis; g__Incertae_Sedis	0.9999999999944578
781b7db074b7c018ca5d81d5e36e2d99	d__Bacteria; p__Bacillota; c__Clostridia; o__Peptostreptococcales-Tissierellales; f__Family_XI; g__Anaerococcus	0.99999999990726
53ce90f8e62851de30bf0ee3cf17e2da	d__Bacteria; p__Bacillota; c__Clostridia; o__Oscillospirales; f__Oscillospiraceae; g__UCG-002	0.9685712046735354
f5a885a0e57dc8f90470b94d138d4fc3	d__Bacteria; p__Bacteroidota; c__Bacteroidia; o__Bacteroidales; f__Porphyromonadaceae; g__Porphyromonas	0.9996798860548437
c1796bf95bb2decfacae0f0ef9ce96cb	d__Bacteria; p__Bacillota; c__Clostridia; o__Lachnospirales; f__Lachnospiraceae; g__Lachnospiraceae_UCG-008	0.9073074127020391
2a82f76acba3cfb0058e2c923db2e1b4	d__Bacteria; p__Bacillota; c__Clostridia; o__Oscillospirales; f__Oscillospiraceae; g__Incertae_Sedis	0.9918465778821004
d002f38fb5f889e51ac38b02e5fdf999	d__Bacteria; p__Bacillota; c__Clostridia; o__Oscillospirales; f__Oscillospiraceae; g__Pseudoflavonifractor	0.7351373707509881
b39b9391460a706645d91ac302c42445	d__Bacteria; p__Pseudomonadota; c__Gammaproteobacteria; o__Enterobacterales; f__Enterobacteriaceae; g__Escherichia-Shigella	0.9536193590376991
f826cd006d21f7f6155a176a8023ce08	d__Bacteria; p__Actinomycetota; c__Actinobacteria; o__Bifidobacteriales; f__Bifidobacteriaceae; g__Bifidobacterium	0.9910438185546776
7f47269c8a90540462e39a1a769197ad	d__Bacteria; p__Actinomycetota; c__Actinobacteria; o__Actinomycetales; f__Actinomycetaceae; g__Actinotignum	0.9926721749687419
d3b902f9b0a889a3a6d4f0e12b1fb2dd	d__Bacteria; p__Bacillota; c__Clostridia; o__Peptostreptococcales-Tissierellales; f__Family_XI; g__Finegoldia	0.9967612016722417
37cfe16dfe512321576287d613b5decc	d__Bacteria; p__Bacillota; c__Clostridia; o__Oscillospirales; f__Ruminococcaceae; g__Faecalibacterium	0.9428849728133033
e331046870b1b08079fb5f8995480946	d__Bacteria; p__Bacillota; c__Clostridia; o__Oscillospirales; f__Ruminococcaceae; g__Faecalibacterium	0.9751440218770331
f48a51323ca086e6ff40fb2296ec5a21	d__Bacteria; p__Bacteroidota; c__Bacteroidia; o__Bacteroidales; f__Tannerellaceae; g__Parabacteroides	0.9834372312980751
90f6c963643b6ecfb26c1e47bb173bf1	d__Bacteria; p__Bacillota; c__Clostridia; o__Lachnospirales; f__Lachnospiraceae; g__Lachnospiraceae_UCG-004	0.799101844811486
c62dcd7c3d4b9de4e12f4499d099bc70	d__Bacteria; p__Bacteroidota; c__Bacteroidia; o__Bacteroidales; f__Bacteroidaceae; g__Bacteroides	0.9999999668954734
1d8f51d497501a1ffe54b9e4ccf3df60	d__Bacteria; p__Bacteroidota; c__Bacteroidia; o__Bacteroidales; f__Prevotellaceae; g__Hoylesella	0.997686975143982
501d0521abd297fe1e520e1848932cfa	d__Bacteria; p__Bacillota; c__Clostridia; o__Oscillospirales; f__Ruminococcaceae; g__Incertae_Sedis	0.9331014361960841
a3ca56de2edd7d5c6a41f3466869e50e	d__Bacteria; p__Bacteroidota; c__Bacteroidia; o__Bacteroidales; f__Porphyromonadaceae; g__Porphyromonas	0.9999998415347716
d429833fe3376439b9bb3224a50b47d1	d__Bacteria; p__Bacillota; c__Clostridia; o__Oscillospirales; f__Ruminococcaceae; g__Incertae_Sedis	0.9986100940176926
e37fe663a199dbd0142d45d8f2be047f	d__Bacteria; p__Bacillota; c__Clostridia; o__Lachnospirales; f__Lachnospiraceae; g__Agathobacter	0.8421803889131002
d3bec24e5bd1aec8dbd89cc593c598a8	d__Bacteria; p__Pseudomonadota; c__Gammaproteobacteria; o__Burkholderiales; f__Sutterellaceae; g__Sutterella	0.9999999513019459
b108fc430f2750e9b974c4040b2a8e69	d__Bacteria; p__Bacteroidota; c__Bacteroidia; o__Bacteroidales; f__Porphyromonadaceae; g__Porphyromonas	0.9999685069468005
030a341b8c5ffc04de1a09976e0077a5	d__Bacteria; p__Bacillota; c__Clostridia; o__Oscillospirales; f__[Eubacterium]_coprostanoligenes_group; g__Incertae_Sedis	0.9960373168779211
585eab4670a88a9b1c2c66a21c98d66f	d__Bacteria; p__Bacillota; c__Clostridia; o__Lachnospirales; f__Lachnospiraceae; g__Lachnospiraceae_UCG-004	0.7975308101377712
807b349a9e677d46e49a9918c8f7658e	d__Bacteria; p__Bacillota; c__Clostridia; o__Oscillospirales; f__Oscillospiraceae; g__Incertae_Sedis	0.8381036039237058
a5d89a6f798b665811bab1b1e70ad70a	d__Bacteria; p__Bacillota; c__Clostridia; o__Oscillospirales; f__Ruminococcaceae	0.9998924419840887
4c105cfbb43340228dfe287ac0ba223f	d__Bacteria; p__Bacillota; c__Clostridia; o__Oscillospirales; f__Ethanoligenenaceae; g__Acetanaerobacterium	0.8068262637701575
8ff55c875763328190ccb8249876fb5a	d__Bacteria; p__Bacteroidota; c__Bacteroidia; o__Bacteroidales; f__Rikenellaceae; g__Alistipes	0.9999985559781289
00722741257b00283029d4c0f954739c	d__Bacteria; p__Bacillota; c__Clostridia; o__Lachnospirales; f__Lachnospiraceae	0.9991263206059255
5cebacfbdd87cc12bde50cd57cfe2347	d__Bacteria; p__Bacteroidota; c__Bacteroidia; o__Bacteroidales; f__Bacteroidaceae; g__Bacteroides	0.9999984791947778
faac0b7980d3de53ba35da3b96f13202	d__Bacteria; p__Bacteroidota; c__Bacteroidia; o__Bacteroidales; f__Bacteroidaceae; g__Bacteroides	0.9999999948256431
dbe15cbe59315a6279cd620c81148a35	d__Bacteria; p__Bacillota; c__Clostridia; o__Oscillospirales; f__Ruminococcaceae; g__Ruminococcus	0.9984941382329999
bd38607ec99c24035c0f7f402f152baf	d__Bacteria; p__Bacillota; c__Clostridia; o__Peptostreptococcales-Tissierellales; f__Peptostreptococcaceae	0.9997379422669102
d52904722e9cf510ee93b3f4ea3eb496	d__Bacteria; p__Bacteroidota; c__Bacteroidia; o__Bacteroidales; f__Bacteroidaceae; g__Bacteroides	0.9999998406393174
2e6c6cfc1246b057a5cd7c0cb1395558	d__Bacteria; p__Bacillota; c__Clostridia; o__Lachnospirales; f__Lachnospiraceae	0.9999822290852783
7200e546d345cefbe4fc4bd86b577dee	d__Bacteria; p__Pseudomonadota; c__Gammaproteobacteria; o__Enterobacterales	0.9569199147764449
7fbf0e797521aff2c9e44c0a58cb0193	d__Bacteria; p__Bacillota; c__Clostridia; o__Peptostreptococcales-Tissierellales; f__Family_XI; g__Fenollaria	0.9999989842515945
471a045a5673fcc97280345e56f23ee2	d__Bacteria; p__Pseudomonadota; c__Gammaproteobacteria; o__Enterobacterales; f__Enterobacteriaceae; g__Escherichia-Shigella	0.9875730284407633
edf9debf0fe0f8223d603f29c4071c4c	d__Bacteria; p__Bacteroidota; c__Bacteroidia; o__Bacteroidales; f__Bacteroidaceae; g__Bacteroides	0.999999978574323
fea1fef6534c97e9be8d72dc192b0a82	d__Bacteria; p__Bacillota; c__Clostridia; o__Lachnospirales; f__Lachnospiraceae; g__Blautia	0.862018040860414
62a09f08f4d06e7a0926780a8bf6bffe	d__Bacteria; p__Bacillota; c__Clostridia; o__Oscillospirales; f__Oscillospiraceae; g__Incertae_Sedis	0.7013776726476192
76237b3cbbc7f0540b52cd3bbc446b19	d__Bacteria; p__Bacillota; c__Clostridia; o__Oscillospirales; f__Oscillospiraceae; g__Oscillibacter	0.9982869117269801
7d6b880c2b60b3e0eaf2a1b37fca522b	d__Bacteria; p__Bacteroidota; c__Bacteroidia; o__Bacteroidales; f__Prevotellaceae; g__Segatella	0.9656891989002843
f50eddfdb859d7c8b9f232445de63db4	d__Bacteria; p__Bacillota; c__Clostridia; o__Lachnospirales; f__Lachnospiraceae	0.9999814426872149
b62d4636990a7ea69f92387c8b6b7319	d__Bacteria; p__Bacillota; c__Clostridia; o__Oscillospirales; f__Ruminococcaceae; g__Incertae_Sedis	0.7738873887226276
89cc3eff9217686376be28ad4c58e9a0	d__Bacteria; p__Bacillota; c__Clostridia; o__Oscillospirales; f__Ruminococcaceae; g__Incertae_Sedis	0.9613250637465979
1c24e8ad2c06d6a4c9fa82d534dbffb9	d__Bacteria; p__Actinomycetota; c__Coriobacteriia; o__Coriobacteriales; f__Eggerthellaceae; g__Eggerthella	0.9999904024255525
228326b1a15df21310c0f0f51d7efad6	d__Bacteria; p__Bacillota; c__Clostridia; o__Oscillospirales; f__Ruminococcaceae; g__Incertae_Sedis	0.8837020934036475
71b7137092cdd89cd65c9b662f197f0d	d__Bacteria; p__Bacillota; c__Clostridia	0.946633157819158
27d20cd7c78d54f53c2c69201a1b1824	d__Bacteria; p__Bacillota; c__Clostridia; o__Lachnospirales; f__Lachnospiraceae; g__Roseburia	0.8314885230320552
a63d6247b973aeaa8c14d42e0ee744ba	d__Bacteria; p__Bacillota; c__Clostridia; o__Lachnospirales; f__Lachnospiraceae; g__Coprococcus	0.9270305733826796
66b7d740e639be6f44cae1deb0890ee4	d__Bacteria; p__Actinomycetota; c__Actinobacteria; o__Micrococcales; f__Micrococcaceae; g__Rothia	0.999997104427095
74bbed315b1899b426736052939b4d7a	d__Bacteria; p__Bacillota; c__Bacilli; o__Erysipelotrichales; f__Erysipelatoclostridiaceae; g__Massiliomicrobiota	0.9975507233118018
2181487636088e07f5880b1306816842	d__Bacteria; p__Bacillota; c__Negativicutes; o__Veillonellales-Selenomonadales; f__Veillonellaceae; g__Dialister	0.8491831473367187
7fa67b898951e5d740a0281f6354897e	d__Bacteria; p__Bacteroidota; c__Bacteroidia; o__Bacteroidales; f__Muribaculaceae; g__Incertae_Sedis	0.9999974557303056
410c6341fda466919dd780f2a550c58a	d__Bacteria; p__Bacillota; c__Clostridia; o__Oscillospirales; f__Ruminococcaceae	0.9999981594168943
fb60c040053d0e935c1eaa63263931e0	d__Bacteria; p__Bacillota; c__Clostridia; o__Lachnospirales; f__Lachnospiraceae; g__Lachnospiraceae_UCG-008	0.9623536221858242
8856d48deda31f35d6a89c22dc9772a7	d__Bacteria; p__Actinomycetota; c__Actinobacteria; o__Micromonosporales; f__Micromonosporaceae	0.9994796495690448
7758789cbd91a9fba7e1333418536fc3	d__Bacteria; p__Pseudomonadota; c__Gammaproteobacteria; o__Enterobacterales; f__Pasteurellaceae; g__Conservatibacter	0.9847403833678802
5bbfab6fe915fa7950c2175d2a2f2a7e	d__Bacteria; p__Bacillota; c__Clostridia; o__Oscillospirales; f__Ruminococcaceae; g__Acutalibacter	0.9999882136177236
a1e81372b62130eb4967d4694738491d	d__Bacteria; p__Bacteroidota; c__Bacteroidia; o__Bacteroidales; f__Tannerellaceae; g__Parabacteroides	0.9999998987839172
7e86d391aa3718735e1fc04a738c2ccc	d__Bacteria; p__Bacteroidota; c__Bacteroidia; o__Bacteroidales; f__Bacteroidaceae; g__Bacteroides	0.9999997616011598
c7b512affc1af81d5760eca97b7bb920	d__Bacteria; p__Bacillota; c__Clostridia; o__Oscillospirales; f__Ruminococcaceae; g__Acutalibacter	0.9979386455329838
fd792c573e9bfcaa8f07ac4189ab853f	d__Bacteria; p__Bacteroidota; c__Bacteroidia; o__Bacteroidales; f__Prevotellaceae	0.7003307259687498
f7106f37b27290265ffba3ac6c3b183a	d__Bacteria; p__Bacillota; c__Clostridia; o__Peptostreptococcales-Tissierellales; f__Family_XI; g__Murdochiella	0.9999979306430855
698a8679dc9da44916d05ac0450bc74e	d__Bacteria; p__Bacillota; c__Bacilli; o__Erysipelotrichales; f__Erysipelotrichaceae; g__Solobacterium	0.9717416578683492
863934f9913d1746be1081f4ab38469f	d__Bacteria; p__Bacillota; c__Clostridia; o__Oscillospirales; f__Ruminococcaceae; g__Subdoligranulum	0.7074439983757723
7df80e5ca44059b958b2ff251aeb14d1	d__Bacteria; p__Bacillota; c__Clostridia; o__Oscillospirales; f__Oscillospiraceae; g__UCG-002	0.9060625515319974
a1f4181dee4857eb9c37b1be03b3cbea	d__Bacteria; p__Bacillota; c__Clostridia	0.9999999992816155
aa0b09d58f2e6d2b725e1006074c59a6	d__Bacteria; p__Bacillota; c__Clostridia; o__Lachnospirales; f__Lachnospiraceae; g__Blautia	0.860311265086098
d988c0f06d74887ff0468b561e28291b	d__Bacteria; p__Bacteroidota; c__Bacteroidia; o__Bacteroidales; f__Prevotellaceae; g__Prevotellaceae_NK3B31_group	0.9994961126969756
4099b13576bce51ce9bbc95ab6bb5178	d__Bacteria; p__Bacillota; c__Clostridia; o__Lachnospirales; f__Lachnospiraceae	0.7124807327594986
1dd3202e4e2154a52f1b86d0af11ca8c	d__Bacteria; p__Bacteroidota; c__Bacteroidia; o__Bacteroidales; f__Bacteroidaceae; g__Bacteroides	0.9999995102046659
c827bf6fbdabd49170e233c83b23b483	d__Bacteria; p__Bacillota; c__Clostridia; o__Peptostreptococcales-Tissierellales; f__Family_XI; g__Anaerococcus	0.999998814200772
2b1e165e9f6d9735826a00b8c65ea5fa	d__Bacteria; p__Actinomycetota; c__Actinobacteria; o__Bifidobacteriales; f__Bifidobacteriaceae; g__Bifidobacterium	0.9890607374421043
38c3e230472c376fa52f2498eaff02b3	d__Bacteria; p__Bacillota; c__Bacilli; o__Erysipelotrichales; f__Erysipelotrichaceae; g__Longicatena	0.9951907216118164
be3f884d0a69f7dbf37521a8954a12a4	d__Bacteria; p__Bacteroidota; c__Bacteroidia; o__Bacteroidales; f__Prevotellaceae; g__Prevotella	0.8596184355681511
d430c35be2c81ebea07cd3e4a030127d	d__Bacteria; p__Bacteroidota; c__Bacteroidia; o__Bacteroidales; f__Bacteroidaceae; g__Bacteroides	0.999999712327322
c5ced97c600208b3339521656c13e857	d__Bacteria; p__Actinomycetota; c__Actinobacteria; o__Actinomycetales; f__Actinomycetaceae; g__Varibaculum	0.9999900610671321
8d4c39b5fe0ba1efacadfcfea8d9cd5e	d__Bacteria; p__Bacteroidota; c__Bacteroidia; o__Bacteroidales; f__Muribaculaceae; g__Incertae_Sedis	0.999999833880906
636e0b518caa70b79c3d477d9c099fa9	d__Bacteria; p__Pseudomonadota; c__Gammaproteobacteria; o__Enterobacterales; f__Enterobacteriaceae; g__Escherichia-Shigella	0.9267708676117609
3ec044a99583abe8491235eb909d920f	d__Bacteria; p__Actinomycetota; c__Coriobacteriia; o__Coriobacteriales; f__Atopobiaceae; g__Fannyhessea	0.9999993641577479
c8281007577db0ff9897b3dfd9bd3a4c	d__Bacteria; p__Pseudomonadota; c__Gammaproteobacteria; o__Enterobacterales; f__Enterobacteriaceae; g__Escherichia-Shigella	0.9952756852987726
6af377330ec2ca827e0e12d76857f66e	d__Bacteria; p__Bacteroidota; c__Bacteroidia; o__Bacteroidales; f__Bacteroidaceae; g__Bacteroides	0.9999942653617506
1be505016196b5f42d0462c3fa2b44b9	d__Bacteria; p__Bacillota; c__Clostridia; o__Lachnospirales; f__Lachnospiraceae	0.9999975381886883
8a3869e7d88fb8b1a2ccbd9ee79c2bc4	d__Bacteria; p__Pseudomonadota; c__Gammaproteobacteria; o__Enterobacterales; f__Enterobacteriaceae; g__Escherichia-Shigella	0.9891856910531487
96539e4e6f0a5dc2da68294356134958	d__Bacteria; p__Bacillota; c__Negativicutes; o__Veillonellales-Selenomonadales; f__Veillonellaceae; g__Dialister	0.8759679935905313
04997b5c1c9d5deaf00d1c0c7ae38fd1	d__Bacteria; p__Bacteroidota; c__Bacteroidia; o__Bacteroidales; f__Prevotellaceae; g__Prevotella	0.9999068372107001
d70199aecffdf13340ddc6e373fadefe	d__Bacteria; p__Bacillota; c__Clostridia; o__Lachnospirales; f__Lachnospiraceae	0.7420725230968561
64d73070f4e7e77a27864adcc83b4bf9	d__Bacteria; p__Bacillota; c__Clostridia; o__Peptostreptococcales-Tissierellales; f__Family_XI	0.9979967968904716
47abec8a9cc9371326e543f075d5e859	d__Bacteria; p__Bacillota; c__Clostridia; o__Peptostreptococcales-Tissierellales; f__Family_XI; g__Parvimonas	0.7440219771538826
5c56df04d2379d94bebd8fc780a036ec	d__Bacteria; p__Bacillota; c__Clostridia; o__Lachnospirales; f__Lachnospiraceae	0.9999995591183981
cd21e21250cbdbb4229e99946b16e01a	d__Bacteria; p__Bacteroidota; c__Bacteroidia; o__Bacteroidales; f__Bacteroidaceae; g__Bacteroides	0.9982443358185051
6430153722536939716a2aa432ff60ca	d__Bacteria; p__Pseudomonadota; c__Gammaproteobacteria; o__Enterobacterales	0.9999931754878543
0163200a58857c8abcc33fa57d5dc54a	d__Bacteria; p__Bacillota; c__Clostridia; o__Lachnospirales; f__Lachnospiraceae	0.9953298677130273
ab82e0fd2a582b9b9a3beb7d5616c004	d__Bacteria; p__Bacillota; c__Clostridia; o__Peptostreptococcales-Tissierellales; f__Family_XI; g__Murdochiella	0.9999999997603624
f87783bd5cc703e45285c0a16d040448	d__Bacteria; p__Actinomycetota; c__Actinobacteria; o__Actinomycetales; f__Actinomycetaceae; g__Mobiluncus	0.9481220300336153
5f0f9c8970852518c84921157a1b0fe8	d__Bacteria; p__Bacteroidota; c__Bacteroidia; o__Bacteroidales; f__Rikenellaceae; g__Alistipes	0.9999999827720104
33b4bc212dd042384348b880de5f3137	d__Bacteria; p__Bacillota; c__Clostridia; o__Oscillospirales; f__Ruminococcaceae; g__Faecalibacterium	0.9998374154188323
b26a6ec8d449743fa290c9c0fe345a9d	d__Bacteria; p__Bacteroidota; c__Bacteroidia; o__Bacteroidales; f__Prevotellaceae; g__Prevotella	0.8717205641976986
2b549a6ed991ed878c4b72eaa8348bf7	d__Bacteria; p__Bacteroidota; c__Bacteroidia; o__Bacteroidales; f__Rikenellaceae; g__Alistipes	0.9999999999928946
83b3aa3c4ec2cd899e41c96383ee2372	d__Bacteria; p__Bacillota; c__Clostridia; o__Oscillospirales; f__Ruminococcaceae; g__Ruminococcus	0.9083328685574549
fab01e36784e135c9d50a5ee70b55cbf	d__Bacteria; p__Bacteroidota; c__Bacteroidia; o__Bacteroidales; f__Bacteroidaceae; g__Bacteroides	0.9999061117866082
b130f72eef1f60bfb55d39903fb2c01c	d__Bacteria; p__Bacillota; c__Clostridia; o__Lachnospirales; f__Lachnospiraceae; g__Blautia	0.739955562132095
a8bbe04d8938407485b14b16569043be	d__Bacteria; p__Bacillota; c__Clostridia; o__Peptostreptococcales-Tissierellales; f__Family_XI; g__Fenollaria	0.9784057749595337
efe29e106413832ab3a84c9eadd1a0e4	d__Bacteria; p__Bacillota; c__Clostridia; o__Peptostreptococcales-Tissierellales; f__Family_XI; g__Finegoldia	0.9999999098866296
e131f212c2fad0df14d54149be1b1504	d__Bacteria; p__Bacillota; c__Clostridia; o__Oscillospirales; f__Ethanoligenenaceae; g__Acetanaerobacterium	0.9708377420354487
484d4cc40ecda8293ac8e9933ed7c42d	d__Bacteria; p__Bacillota; c__Clostridia	0.9999913447728995
b08fec9ff41779c307282c14d240d2b7	d__Bacteria; p__Bacillota; c__Clostridia; o__Christensenellales; f__Christensenellaceae; g__Christensenellaceae_R-7_group	0.947070937326567
b2197e3aeb129419f9506a1190e0ed61	d__Bacteria; p__Bacillota; c__Clostridia; o__Peptostreptococcales-Tissierellales; f__Family_XI; g__Peptoniphilus	0.9999999999090079
9104508460c8e5464705808ff9267b2c	d__Bacteria; p__Bacillota; c__Clostridia; o__Oscillospirales; f__Ruminococcaceae; g__Hydrogenoanaerobacterium	0.9038377172470232
4fe8c14a127468a5be4c1b3c3dc14631	d__Bacteria; p__Bacillota; c__Clostridia; o__Lachnospirales; f__Lachnospiraceae; g__Fusicatenibacter	0.966905125010935
0ae75a9717bc156dc0634ceaaeb4cffd	d__Bacteria; p__Bacillota; c__Clostridia; o__Christensenellales; f__Christensenellaceae; g__Christensenellaceae_R-7_group	0.9480753399996512
95fdd816723ca482a5caba10bea171c8	d__Bacteria; p__Bacillota; c__Bacilli; o__Lactobacillales; f__Lactobacillaceae; g__Ligilactobacillus	0.9996064327415474
6852e09e657e55b13fdb773c81cbeaa9	d__Bacteria; p__Campylobacterota; c__Campylobacteria; o__Campylobacterales; f__Campylobacteraceae; g__Campylobacter	0.9999991321264261
799584ada5d4795d1f154471a1197cf1	d__Bacteria; p__Bacillota; c__Bacilli; o__Erysipelotrichales; f__Erysipelotrichaceae; g__Solobacterium	0.9773154435712087
ba44aafd385a1aefa0e4866636a19a06	d__Bacteria; p__Bacillota; c__Clostridia; o__Oscillospirales; f__Ruminococcaceae; g__Subdoligranulum	0.8399424443555648
955c88747fb9648e2d27bbd96386f36a	d__Bacteria; p__Bacteroidota; c__Bacteroidia; o__Bacteroidales; f__Tannerellaceae; g__Parabacteroides	0.9950202215766365
ee18c7d414fe029e58084b102ec896ba	d__Bacteria; p__Bacillota; c__Clostridia; o__Oscillospirales; f__[Eubacterium]_coprostanoligenes_group; g__Incertae_Sedis	0.9994481254189502
2d059183095105ebd7776518d5faad1e	d__Bacteria; p__Bacteroidota; c__Bacteroidia; o__Bacteroidales; f__Bacteroidaceae; g__Bacteroides	0.9999995458226928
b026067f1c03f6afbdd735c79bab08e5	d__Bacteria; p__Bacillota; c__Clostridia; o__Peptostreptococcales-Tissierellales; f__Family_XI; g__Finegoldia	0.9999999975097182
28e49a1ca3ed6f9b27ad860063dab022	d__Bacteria; p__Bacillota; c__Clostridia; o__Lachnospirales; f__Lachnospiraceae; g__Blautia	0.9948890377076753
06d404aaf2adb069c5baf2842365247c	d__Bacteria; p__Bacillota; c__Clostridia; o__Lachnospirales; f__Lachnospiraceae; g__Anaerostipes	0.9956798193407804
9845474098bf0d1686e0c54f51a539b8	d__Bacteria; p__Bacillota; c__Clostridia; o__Oscillospirales; f__Ruminococcaceae; g__Faecalibacterium	0.9736738691810974
4297d448ec5649360ecd24df07980dad	d__Bacteria; p__Bacillota; c__Clostridia; o__Lachnospirales; f__Lachnospiraceae	0.9985908161337335
00229cd386286d7ef57d7b78b5c644b5	d__Bacteria; p__Bacillota; c__Clostridia; o__Peptostreptococcales-Tissierellales; f__Family_XI; g__Fenollaria	0.9999997565387998
520ebeadcfbbd87e2f5fee9b5dc39595	d__Bacteria; p__Bacillota; c__Clostridia; o__Lachnospirales; f__Lachnospiraceae	0.9995805742827288
01073bfaad5881655c27049b3f7b19e2	d__Bacteria; p__Bacteroidota; c__Bacteroidia; o__Bacteroidales; f__Prevotellaceae; g__Prevotella	0.998416000952427
a3738f297ddeee5f739572f65dcf5f58	d__Bacteria; p__Bacillota; c__Clostridia; o__Christensenellales; f__Christensenellaceae; g__Incertae_Sedis	0.9997913810123022
1183c7cf6d60738ef55a638d2752b851	d__Bacteria; p__Fusobacteriota; c__Fusobacteriia; o__Fusobacteriales; f__Leptotrichiaceae; g__Sneathia	0.9999761983450373
aeb328a5186cc2fca3ad28fede0f8b7b	d__Bacteria; p__Bacillota; c__Clostridia; o__Peptostreptococcales-Tissierellales; f__Family_XI; g__Peptoniphilus	0.9999999999999432
dd6fbedbafc6611b571283f5fd7a2189	d__Bacteria; p__Bacillota; c__Bacilli; o__Lactobacillales; f__Lactobacillaceae; g__Amylolactobacillus	0.7236105428331715
133b411c4a3132e011b437d14dde1b7f	d__Bacteria; p__Actinomycetota; c__Actinobacteria; o__Actinomycetales; f__Actinomycetaceae; g__Actinotignum	0.9541016964164256
f207b91f98b7c403f8f3d9d47b46acbb	d__Bacteria; p__Actinomycetota; c__Actinobacteria	0.9541022616562818
e9fa77b5390780c6df56b152b370d977	d__Bacteria; p__Fusobacteriota; c__Fusobacteriia; o__Fusobacteriales; f__Leptotrichiaceae; g__Sneathia	0.9998551304360382
b96c3828eb1b8d7fc6197e94acd7d64c	d__Bacteria; p__Campylobacterota; c__Campylobacteria; o__Campylobacterales; f__Campylobacteraceae; g__Campylobacter	0.9940605594944871
d6a6b2a382cb74d20d2bc709c531a652	d__Bacteria; p__Actinomycetota; c__Actinobacteria; o__Actinomycetales; f__Actinomycetaceae; g__Mobiluncus	0.9999999637517909
0f1a789e182230a830821ffbbb82aa9e	d__Bacteria; p__Bacteroidota; c__Bacteroidia; o__Bacteroidales; f__Porphyromonadaceae; g__Porphyromonas	0.9999999050235334
e1b20576bf66c58213d4a7afc3486996	d__Bacteria; p__Fusobacteriota; c__Fusobacteriia; o__Fusobacteriales; f__Leptotrichiaceae; g__Sneathia	0.9020284899371411
0e2f8b7f97fb8d1c8ba56a2520bbf789	d__Bacteria; p__Bacteroidota; c__Bacteroidia; o__Bacteroidales; f__Tannerellaceae; g__Parabacteroides	0.9284631666885741
3da44ffa9f4508ee39d75b7499559f40	d__Bacteria; p__Bacillota; c__Bacilli; o__Lactobacillales; f__Streptococcaceae; g__Streptococcus	0.9994583066897033
50769a6323a93624b399606698e3188c	d__Bacteria; p__Bacillota; c__Negativicutes; o__Veillonellales-Selenomonadales; f__Veillonellaceae; g__Dialister	0.9521370314011023
39a9405b7b15a8fbffafdb93abb85a7e	d__Bacteria; p__Bacillota; c__Clostridia; o__Peptostreptococcales-Tissierellales; f__Family_XI; g__Ezakiella	1.0
25066415be7d2835579c669ea05febc7	d__Bacteria; p__Bacillota; c__Clostridia; o__Oscillospirales; f__Oscillospiraceae; g__Incertae_Sedis	0.9874845427812688
0b275f2c27c57dbc91136414264c6c80	d__Bacteria; p__Bacteroidota; c__Bacteroidia; o__Bacteroidales; f__Bacteroidaceae; g__Bacteroides	0.9999995950220718
12950dd67eba75a21b15fa00d344f24d	d__Bacteria; p__Bacillota; c__Clostridia	0.9999895310469361
76b90695ecde59ce6c8391f46de64db2	d__Bacteria; p__Bacillota; c__Clostridia; o__Peptostreptococcales-Tissierellales; f__Family_XI; g__Parvimonas	0.9998293335721493
9f40f48beb4e8cba9b1206162e4405f7	d__Bacteria; p__Bacillota; c__Clostridia; o__Peptostreptococcales-Tissierellales; f__Family_XI; g__Finegoldia	0.9999999995438174
84dd496bbd3decdbb9737f5c92d7ac42	d__Bacteria; p__Bacteroidota; c__Bacteroidia; o__Bacteroidales; f__Porphyromonadaceae; g__Porphyromonas	0.9999998133798617
e066c011b94667c5c5588d7bc4d3ec9b	d__Bacteria; p__Bacillota; c__Clostridia; o__Oscillospirales; f__Oscillospiraceae; g__Oscillibacter	0.9999957426444683
b0647e561dd2c66995ca7f13e5c4e5f6	d__Bacteria; p__Bacillota; c__Clostridia; o__Oscillospirales; f__[Eubacterium]_coprostanoligenes_group; g__Incertae_Sedis	0.9999260752939167
9a20eb7a19898973beaad211406e11ad	d__Bacteria; p__Bacillota; c__Clostridia	0.9980157512782932
4b122ef19f8e35b63671ed5512c20bb1	d__Bacteria; p__Bacillota; c__Clostridia; o__Oscillospirales; f__Ruminococcaceae	0.9929283812421656
0ee7f4ee7c953f7b4924df8cbeb51e5b	d__Bacteria; p__Bacillota; c__Negativicutes; o__Veillonellales-Selenomonadales; f__Veillonellaceae; g__Megasphaera	0.9999989882102513
d668437b973cfc99d18edcc0ed3f727e	d__Bacteria; p__Bacteroidota; c__Bacteroidia; o__Bacteroidales; f__Rikenellaceae; g__Alistipes	0.9999999999843254
641762d02907be929958b2f24687e9c2	d__Bacteria; p__Bacillota; c__Clostridia; o__Peptostreptococcales-Tissierellales; f__Peptostreptococcaceae; g__Peptostreptococcus	0.999999946522793
eb5d2481f8f95808fc63cde5831174b3	d__Bacteria	0.99999887955111
ebe516d524ec8a97c30bbc9b78495e18	d__Bacteria; p__Bacillota; c__Bacilli; o__Bacillales	0.9538339608004981
c858d8b34a357e8dc3804559953f91b6	d__Bacteria; p__Pseudomonadota; c__Gammaproteobacteria; o__Rickettsiellales; f__Rickettsiellaceae; g__Incertae_Sedis	0.968353031147113
f8a2a3ba50a50dfc9ca0d07bccb448ec	d__Bacteria; p__Pseudomonadota; c__Alphaproteobacteria; o__Rickettsiales; f__Mitochondria; g__Incertae_Sedis	0.9999996472810633
04e1fe2a5ba93b68b7edd08be16e273e	d__Bacteria; p__Chlamydiota; c__Chlamydiia; o__Chlamydiales; f__Simkaniaceae; g__Incertae_Sedis	0.9473273445474553
952f2dbbafad5ee2b13cbd4060f41f6f	d__Bacteria; p__Thermodesulfobacteriota; c__Incertae_Sedis; o__Incertae_Sedis; f__Incertae_Sedis; g__Incertae_Sedis	0.9692491097649943
4cf9feaa79a25295ac041cae83a19ee3	d__Bacteria; p__Pseudomonadota; c__Alphaproteobacteria; o__Rhodospirillales; f__Incertae_Sedis; g__Incertae_Sedis	0.9998735343122742
87e4e7a40d23eb522d1036a33164789d	d__Bacteria; p__Bacteroidota; c__Bacteroidia; o__Sphingobacteriales; f__AKYH767; g__Incertae_Sedis	0.9997176036006584
2fc3c464bf2351fd148fc960c2998c6e	d__Bacteria; p__Chloroflexota; c__Anaerolineae; o__Aggregatilineales; f__Aggregatilineaceae; g__Incertae_Sedis	0.9999165901913499
557513f6809ccc9e1c33edb42c649009	d__Bacteria; p__Bacteroidota; c__Bacteroidia; o__Sphingobacteriales; f__env.OPS_17; g__Incertae_Sedis	0.9999999999998721
380ec26030176dafb7b505196131fc49	d__Bacteria; p__Acidobacteriota; c__Acidobacteriae; o__Bryobacterales; f__Bryobacteraceae; g__Bryobacter	0.9974306379046578
7147d67fa7faef58a7b32068c1d4bbd6	d__Bacteria; p__Thermodesulfobacteriota; c__Desulfuromonadia; o__Geobacterales	0.7544301852836263
e6173ab326633951e23557d95bb4d1ca	d__Bacteria; p__Myxococcota; c__Polyangiia; o__Polyangiales; f__Phaselicystaceae; g__Phaselicystis	0.9991065730849114
f7ec08329a7c9c32b884d946511fad81	d__Bacteria; p__Cyanobacteriota; c__Cyanobacteriia; o__Chloroplast; f__Incertae_Sedis; g__Incertae_Sedis	0.999999999967514
cf444bd49a8834de5633f463b727f1ff	d__Bacteria; p__Acidobacteriota; c__Acidobacteriae; o__Subgroup_2; f__Incertae_Sedis; g__Incertae_Sedis	0.9999999999877502
b46d8b9d93ed99145717c24484c1ba8a	d__Bacteria; p__Pseudomonadota; c__Gammaproteobacteria; o__Rickettsiellales; f__Rickettsiellaceae; g__Aquicella	0.9999999995250874
b8b5a47a87c7ced3102ae328ed9520f6	d__Bacteria; p__Chlamydiota; c__Chlamydiia; o__Chlamydiales; f__Parachlamydiaceae; g__Neochlamydia	0.9771869655951883
b05f049660c92be68af1970c8b478d39	d__Bacteria; p__Bacteroidota; c__Bacteroidia; o__Sphingobacteriales; f__Sphingobacteriaceae; g__Mucilaginibacter	0.9761601013347738
a2fbe051f26a8ec0edf7718c9f981816	d__Bacteria; p__Planctomycetota; c__Planctomycetes; o__Pirellulales; f__Pirellulaceae; g__Pirellula	0.9999432689172667
099bf483177b18a8d5cc1e0195dd540a	d__Bacteria; p__Bacteroidota; c__Bacteroidia; o__Bacteroidales; f__Muribaculaceae; g__Incertae_Sedis	0.9999999758421015
f4b8fa3ca1d61b0d165fbf0c15202afc	d__Bacteria; p__Acidobacteriota; c__Vicinamibacteria; o__Vicinamibacterales; f__Incertae_Sedis; g__Incertae_Sedis	0.9998575610034787
fbb7fa03ae8d64faf7944a6ce0ad9333	d__Bacteria; p__Bacteroidota; c__Bacteroidia; o__Flavobacteriales; f__Flavobacteriaceae; g__Flavobacterium	0.9999941112216691
90defdbbff092d79b2062432a3e4e803	d__Bacteria; p__Dependentiae; c__Babeliae; o__Babeliales; f__Incertae_Sedis; g__Incertae_Sedis	0.9999998605948646
b677139f890208b58cf2660bf011cb3e	d__Bacteria; p__Acidobacteriota; c__Acidobacteriae; o__Solibacterales; f__Solibacteraceae; g__Candidatus_Solibacter	0.9988526129042642
9219e4de63235ee862d6f452a5e6ddb8	d__Bacteria; p__Pseudomonadota; c__Alphaproteobacteria; o__Rickettsiales; f__Mitochondria; g__Incertae_Sedis	0.9997946509192611
5f63d04f0aee24a3b4c1351f65b67962	d__Bacteria; p__Spirochaetota; c__Leptospirae; o__Leptospirales; f__Leptospiraceae; g__Turneriella	1.0
f1618c916394ec0e69a53eca90389ab4	d__Bacteria; p__Pseudomonadota; c__Gammaproteobacteria; o__Lysobacterales; f__Lysobacteraceae; g__Arenimonas	0.9995744595503545
ef9ff6974cae893be356cd4db324c5c9	d__Bacteria; p__Bacteroidota; c__Bacteroidia; o__Sphingobacteriales; f__KD3-93; g__Incertae_Sedis	0.9985237814759483
8c8a05cd5446167ab7aa5684c71351fc	d__Bacteria; p__Fusobacteriota; c__Fusobacteriia; o__Fusobacteriales; f__Leptotrichiaceae; g__Sneathia	0.9166808551024691
cbac449a13c4abf34e03421198810977	d__Bacteria; p__Bacteroidota; c__Bacteroidia; o__Bacteroidales; f__Tannerellaceae; g__Parabacteroides	0.9998934996255299
bfc6bb3b4f7d3165fffe3e5e8fa04d59	d__Bacteria; p__Bacillota; c__Clostridia; o__Peptostreptococcales-Tissierellales; f__Family_XI; g__Parvimonas	0.999999928656936
217851a40f2e7163b5d8dfc49a49b419	d__Bacteria; p__Bacillota; c__Clostridia; o__Lachnospirales; f__Lachnospiraceae; g__Shuttleworthia	0.9924671980023556
7d67c8fe4b6f529943999b78362e9d66	d__Bacteria; p__Pseudomonadota; c__Alphaproteobacteria	0.9832718467598967
5c54174c74e19f13586a1d1564625163	d__Bacteria; p__Bacillota; c__Negativicutes; o__Veillonellales-Selenomonadales; f__Veillonellaceae; g__Megasphaera	0.9985619374749427
4994dbd9562b9f0ed257ec654c1f390e	d__Bacteria; p__Bacillota; c__Bacilli; o__Lactobacillales; f__Streptococcaceae; g__Streptococcus	0.99977948443663
9d143f96251f16acbaaed1cc58bedb6b	d__Bacteria; p__Pseudomonadota; c__Gammaproteobacteria; o__Burkholderiales; f__Neisseriaceae; g__Neisseria	0.9937929463716046
f59f4b0bdd7405bad6434dea5ca2e497	d__Bacteria; p__Bacteroidota; c__Bacteroidia; o__Bacteroidales; f__Prevotellaceae; g__Prevotella	0.9909827677286646
d8701883173300ba261c8b2379dad636	d__Bacteria; p__Bacillota; c__Clostridia; o__Oscillospirales; f__Ruminococcaceae; g__Incertae_Sedis	0.9698645798036716
e033da6aec3726b0fd29967d5f22c15e	d__Bacteria; p__Bacteroidota; c__Bacteroidia; o__Bacteroidales; f__Tannerellaceae; g__Parabacteroides	0.9958149626549363
08b5acfc40ce00c8e3d9414901e8458d	d__Bacteria; p__Bacillota; c__Clostridia; o__Lachnospirales; f__Lachnospiraceae	0.9999471952010919
42b006deea444e9443f6348fb263ba65	d__Bacteria; p__Bacillota; c__Bacilli; o__Lactobacillales; f__Lactobacillaceae	0.9985933835306374
c28b88e6dd5265c5b2acdbe915d1d0de	d__Bacteria; p__Bacillota; c__Clostridia; o__Peptostreptococcales-Tissierellales; f__Family_XI; g__Anaerococcus	0.993949389767045
6fa504e95810a0587a90383c0c30426b	d__Bacteria; p__Pseudomonadota; c__Gammaproteobacteria; o__Cardiobacteriales; f__Cardiobacteriaceae; g__Cardiobacterium	0.9999994996132502
6c0c63276e2597cfdc8563cdbe7c784f	d__Bacteria; p__Bacillota; c__Clostridia; o__Oscillospirales; f__Ruminococcaceae; g__Faecalibacterium	0.8348898987512904
092215cf09a70b779594d17718f69d38	d__Bacteria; p__Bacillota; c__Negativicutes; o__Veillonellales-Selenomonadales; f__Veillonellaceae; g__Dialister	0.9605913750783354
737aef531af99e92e11031b059177c61	d__Bacteria; p__Patescibacteria; c__Saccharimonadia; o__Saccharimonadales; f__Saccharimonadaceae; g__Candidatus_Saccharimonas	0.9999714852911347
da759947f3ce96c6583f9fa2f4ec1940	d__Bacteria; p__Bacillota; c__Clostridia; o__Peptostreptococcales-Tissierellales; f__Family_XI; g__Anaerococcus	0.999999999998721
cea9ae3eb82c3d8a42221a75b1839b85	d__Bacteria; p__Bacillota; c__Negativicutes; o__Veillonellales-Selenomonadales; f__Veillonellaceae; g__Dialister	0.8981486355743304
ff089fa492775d3b5e226a95a8fe8176	d__Bacteria; p__Bacillota; c__Clostridia; o__Oscillospirales; f__Butyricicoccaceae; g__Agathobaculum	0.9999980017343616
26ae24b265aa1643dd4eb757fb865c00	d__Bacteria; p__Bacillota; c__Clostridia; o__Lachnospirales; f__Lachnospiraceae	0.9998363837245464
4907556411e9869826319008a2603fc6	d__Bacteria; p__Bacillota; c__Negativicutes; o__Veillonellales-Selenomonadales; f__Veillonellaceae; g__Veillonella	0.9999977818977344
93f82941148d63143fd681ec8690859a	d__Bacteria; p__Actinomycetota; c__Coriobacteriia; o__Coriobacteriales; f__Atopobiaceae; g__Atopobium	0.9989315190468274
d38e6ea9307b187a66ace1bd2b24a943	d__Bacteria; p__Bacillota; c__Clostridia; o__Peptostreptococcales-Tissierellales; f__Family_XI; g__Anaerococcus	0.9986358345108302
f1a2dfd530b785a4b18b8799e51ca2ef	d__Bacteria; p__Bacteroidota; c__Bacteroidia; o__Bacteroidales; f__Tannerellaceae; g__Parabacteroides	0.9931705136461753
49095ce0b6df52a2d5d05beaf738494f	d__Bacteria; p__Actinomycetota; c__Coriobacteriia; o__Coriobacteriales; f__Coriobacteriales_Incertae_Sedis; g__Raoultibacter	0.9999999918514249
33edc49fb1de794f0ca40bf423ab98f2	d__Bacteria; p__Bacillota	0.9945283439066552
01b190f3c72e2959bf75994bd2292f02	d__Bacteria; p__Bacillota; c__Clostridia; o__Peptostreptococcales-Tissierellales; f__Family_XI; g__Ezakiella	0.9978499842500457
7a714597c6ca68844227019a314a6dd9	d__Bacteria; p__Bacillota; c__Clostridia; o__Lachnospirales; f__Lachnospiraceae; g__Lachnoclostridium	0.7815978431238455
15d8cb4584907561eef1d676bd4ff425	d__Bacteria; p__Bacillota; c__Clostridia; o__Peptostreptococcales-Tissierellales; f__Family_XI; g__Murdochiella	0.9999997950984959
f8e1d6a9fe71441f2a866027c0f05a14	d__Bacteria; p__Bacteroidota; c__Bacteroidia; o__Bacteroidales; f__Porphyromonadaceae; g__Porphyromonas	0.9248717537652336
ed684e4e9e554eca26a20c5f301bcf47	d__Bacteria; p__Bacillota; c__Negativicutes; o__Veillonellales-Selenomonadales; f__Veillonellaceae; g__Dialister	0.9999850367589547
ec3c5bdd7c1d421912f7dddf3c4c23a1	d__Bacteria; p__Bacillota; c__Clostridia; o__Peptostreptococcales-Tissierellales; f__Family_XI; g__Murdochiella	0.9999944006415707
0c089ec59b31b710207255dc8387b2a9	d__Bacteria; p__Bacillota; c__Clostridia; o__Lachnospirales; f__Lachnospiraceae	0.9999809085753112
c670dbc2ded4b4f3a63ba4647f241f63	d__Bacteria; p__Bacillota; c__Clostridia; o__Lachnospirales; f__Lachnospiraceae	0.9921353915862767
c1378ec57e9d918cbb0bd6f7811500fd	d__Bacteria; p__Actinomycetota; c__Actinobacteria; o__Actinomycetales; f__Actinomycetaceae; g__Schaalia	0.9997677082518471
0a694ee31e05640dcad58fb758439a0d	d__Bacteria; p__Bacillota; c__Clostridia; o__Peptostreptococcales-Tissierellales; f__Peptostreptococcaceae; g__Peptostreptococcus	0.9993107022804982
73b459480a9c829ff7d8adfa57377c84	d__Bacteria; p__Bacillota; c__Clostridia; o__Lachnospirales; f__Lachnospiraceae	0.9997974263462661
fc9b8e1c14503362c91db8fd6fafa921	d__Bacteria; p__Bacillota; c__Clostridia; o__Oscillospirales; f__Oscillospiraceae; g__UCG-005	0.9974679532102455
6950ab20f592a916842559c935ddf3a9	d__Bacteria; p__Bacillota; c__Clostridia; o__Oscillospirales; f__Ruminococcaceae; g__Incertae_Sedis	0.966975407429947
c4045cdd6f74de2d7dacdda814c14847	d__Bacteria; p__Bacteroidota; c__Bacteroidia; o__Bacteroidales; f__Barnesiellaceae; g__Barnesiella	0.9985586899004114
e98611407e08151291cbb928aeeb5f5b	d__Bacteria; p__Bacteroidota; c__Bacteroidia; o__Bacteroidales; f__Marinifilaceae; g__Odoribacter	0.9999292938473962
fe0f4e8c7a55a8ff44bc40d580b5b65e	Unassigned	0.731388662552672
d15a2797f35ff5f5939ebf07dae5f63c	d__Bacteria; p__Bacteroidota; c__Bacteroidia; o__Bacteroidales; f__Muribaculaceae; g__Incertae_Sedis	0.9999995977801134
87f2c8b6310b5f19d163534abab7d44d	d__Bacteria; p__Actinomycetota; c__Actinobacteria; o__Mycobacteriales; f__Corynebacteriaceae; g__Corynebacterium	0.9999998748666677
d94896dad92b355066fdab7e539d4313	d__Bacteria; p__Pseudomonadota; c__Gammaproteobacteria; o__Burkholderiales	0.9738798882018029
7d3b917871c9d52780fef6a47a78ee83	d__Bacteria; p__Bacillota; c__Clostridia; o__Oscillospirales; f__[Eubacterium]_coprostanoligenes_group; g__Incertae_Sedis	0.9978220802638917
bc4968c43e102fd3bac5f8b7ad98dbfc	d__Bacteria; p__Bacillota; c__Clostridia; o__Peptostreptococcales-Tissierellales; f__Family_XI; g__Murdochiella	0.9999999999999858
270389d227eccda08f63590d867f451c	d__Bacteria; p__Bacteroidota; c__Bacteroidia; o__Bacteroidales; f__Muribaculaceae; g__Incertae_Sedis	0.9999994985338653
660cb4407251bad3cef3f38dac885716	d__Bacteria; p__Actinomycetota; c__Actinobacteria; o__Propionibacteriales; f__Nocardioidaceae	0.9745175851255383
73b2e3583b33a954577bfd8e4f0f9502	d__Bacteria; p__Patescibacteria; c__Saccharimonadia; o__Saccharimonadales; f__Saccharimonadaceae; g__TM7x	0.9986114913423312
850a9b0f1c6c44a3ade7ac2fa8d1339e	d__Bacteria; p__Bacteroidota; c__Bacteroidia; o__Bacteroidales; f__Muribaculaceae; g__Incertae_Sedis	0.9999997793070138
9d31a2bfa5d83058b43e92965901bdd5	d__Bacteria; p__Actinomycetota; c__Coriobacteriia; o__Coriobacteriales; f__Incertae_Sedis; g__Incertae_Sedis	0.9999998347225437
0743a301d3ea71fe683a2721287e0df4	d__Bacteria; p__Bacillota; c__Clostridia; o__Lachnospirales; f__Lachnospiraceae	0.9999342699541078
ed0f74cc41da55e8fcc0d130d59a0271	d__Bacteria; p__Actinomycetota; c__Actinobacteria; o__Bifidobacteriales; f__Bifidobacteriaceae; g__Bifidobacterium	0.9247085042986751
e8ef32fd6da1a5a509cf570830c92d96	d__Bacteria; p__Bacillota; c__Clostridia; o__Oscillospirales; f__Oscillospiraceae; g__Flavonifractor	0.7731159654510542
09970f890cd1af8f566845ca9e13fe68	d__Bacteria; p__Synergistota; c__Synergistia; o__Synergistales; f__Synergistaceae; g__Jonquetella	1.0
959954306067210604eed9fb6610817b	d__Eukaryota	0.9739153772841737
543d071edba31f609fe61485add1bacf	d__Bacteria; p__Bacteroidota; c__Bacteroidia; o__Bacteroidales; f__Porphyromonadaceae; g__Porphyromonas	0.9999972320533824
6bc68c825f9bb8e7576f669e63cb34ab	d__Bacteria; p__Bacillota; c__Clostridia; o__Peptostreptococcales-Tissierellales; f__Family_XI; g__Anaerococcus	0.9999999753651426
317ea5893016bd566bbbb90b64314fff	d__Bacteria; p__Bacillota; c__Clostridia; o__Clostridia_vadinBB60_group; f__Incertae_Sedis; g__Incertae_Sedis	0.9999999889385692
95b1964a49f598a55fb1506511c473bb	d__Bacteria	0.9999853546282349
bac647c4d4fe93ac6a8a0d12b2319eab	d__Bacteria; p__Actinomycetota; c__Actinobacteria; o__Bifidobacteriales; f__Bifidobacteriaceae; g__Bifidobacterium	0.9231122394380673
1250c1aa4b6be3176b577428187534c8	d__Bacteria; p__Bacteroidota; c__Bacteroidia; o__Bacteroidales; f__Bacteroidaceae; g__Bacteroides	0.999999607441558
8901afd4ee198a7a4ee530896be8f593	d__Bacteria; p__Bacillota; c__Clostridia; o__Peptostreptococcales-Tissierellales; f__Family_XI; g__Ezakiella	0.9999969867117282
1500cbd05d684dbd0483d982408b0bd9	d__Bacteria; p__Bacteroidota; c__Bacteroidia; o__Bacteroidales; f__Rikenellaceae; g__Alistipes	0.9999648114223529
8986a40299fe650a4aa59d2f15abb18c	d__Bacteria; p__Fusobacteriota; c__Fusobacteriia; o__Fusobacteriales; f__Leptotrichiaceae; g__Sneathia	0.9902331638356567
4c843e2c93add006e1f19f0d96844172	d__Bacteria; p__Bacteroidota; c__Bacteroidia; o__Bacteroidales; f__Prevotellaceae; g__Hoylesella	0.9999993779113455
8c816e48f4730e9485210b58727206dd	d__Bacteria; p__Fusobacteriota; c__Fusobacteriia; o__Fusobacteriales; f__Leptotrichiaceae; g__Sneathia	0.9999730001297369
0ece816940ca5ff2d9dc9487e5110127	d__Bacteria; p__Bacteroidota; c__Bacteroidia; o__Bacteroidales; f__Rikenellaceae; g__Alistipes	0.9999999999996447
75ec7ae8b127c9c37727d639e8b0e1eb	d__Bacteria; p__Bacillota; c__Clostridia; o__Peptostreptococcales-Tissierellales; f__Peptostreptococcaceae; g__Peptostreptococcus	0.9999998643466576
7831f40609d51c5afbab53095a2f7b29	d__Bacteria; p__Acidobacteriota; c__Blastocatellia; o__Pyrinomonadales; f__Pyrinomonadaceae; g__Incertae_Sedis	0.7771658451626001
fc92e732ef1a03858fe4b1f7971439e0	d__Bacteria; p__Actinomycetota; c__Actinobacteria; o__Actinomycetales; f__Actinomycetaceae; g__Varibaculum	0.9999999999258478
f8dae43077eac3be23851b01935bd516	d__Bacteria; p__Bacteroidota; c__Bacteroidia; o__Bacteroidales; f__Porphyromonadaceae; g__Porphyromonas	0.9999995070796721
8677d5161fa013b5287cdbf3fa9da654	d__Bacteria; p__Bacillota; c__Bacilli; o__Lactobacillales; f__Aerococcaceae; g__Aerococcus	0.9999996201222399
1393eaf73f7dc9a6c68146ea769defd6	d__Bacteria; p__Pseudomonadota; c__Gammaproteobacteria; o__Enterobacterales; f__Enterobacteriaceae	0.9168992252291687
b6d1ba7906290b6602dbe5e8268d3a2e	d__Bacteria; p__Bacillota; c__Clostridia; o__Peptostreptococcales-Tissierellales; f__Family_XI; g__Peptoniphilus	0.9999959581502905
0f18144d308ada95632ab5193d92073f	d__Bacteria; p__Pseudomonadota; c__Gammaproteobacteria; o__Pseudomonadales; f__Pseudomonadaceae; g__Pseudomonas	0.9998767130949415
e7a1e64c6317c6428d3f400923647a3e	d__Bacteria; p__Bacillota; c__Clostridia; o__Lachnospirales; f__Lachnospiraceae; g__Blautia	0.9909164412366803
7e2496587c58b8541e6d6d4e9a16ad7d	d__Bacteria; p__Pseudomonadota; c__Alphaproteobacteria; o__Sphingomonadales; f__Sphingomonadaceae; g__Sphingopyxis	0.9989426367260736
9fd2ab2f88f10ef6d386289b4ce9b85d	d__Bacteria; p__Bacteroidota; c__Bacteroidia; o__Bacteroidales; f__Prevotellaceae; g__Prevotellaceae_UCG-001	0.9999850102840172
06424d3d6e04387a1118b916dd85d11c	d__Bacteria; p__Bacillota; c__Clostridia; o__Oscillospirales; f__Oscillospiraceae; g__UCG-003	0.9999820695340413
b864d8af368f6c46d8d902791325eaca	d__Bacteria; p__Bacteroidota; c__Bacteroidia; o__Bacteroidales	0.9999387116111123
1a3ee24596b98167e72b71f4fc7b8e79	d__Bacteria; p__Bacteroidota; c__Bacteroidia; o__Bacteroidales; f__Bacteroidaceae; g__Bacteroides	0.999999878391073
9feb92e501c6ecdeec6d99cec26d5a03	d__Bacteria; p__Pseudomonadota; c__Gammaproteobacteria; o__Enterobacterales; f__Enterobacteriaceae; g__Escherichia-Shigella	0.898563714899851
21b9e113e540691ec541d61c87e48255	d__Bacteria; p__Bacteroidota; c__Bacteroidia; o__Bacteroidales; f__Bacteroidaceae; g__Bacteroides	0.9971019077628599
d5d89cb14212f7faf454611ccab512df	d__Bacteria; p__Bacillota; c__Bacilli; o__Lactobacillales; f__Streptococcaceae; g__Streptococcus	0.9989626811094574
3a3cf90bffc6440fb4700c733e19b7d2	d__Bacteria; p__Bacteroidota; c__Bacteroidia; o__Bacteroidales; f__Bacteroidaceae; g__Bacteroides	0.9999995518150949
a0d88f0eb0ceb061fe3befab56cdaed4	d__Bacteria; p__Thermodesulfobacteriota; c__Desulfovibrionia; o__Desulfovibrionales; f__Desulfovibrionaceae; g__Bilophila	0.9938847923393102
ea1577f2f460d35654ca0098c293ef3d	d__Bacteria; p__Bacillota; c__Clostridia; o__Peptostreptococcales-Tissierellales; f__Family_XI; g__Peptoniphilus	0.977943369412687
b5f4ba21197e6e8ce3728cab171f1532	d__Bacteria; p__Pseudomonadota; c__Gammaproteobacteria; o__Burkholderiales; f__Sutterellaceae; g__Sutterella	0.9999581126150413
810407120616aa886b325e0b87ff2dcd	d__Bacteria; p__Actinomycetota; c__Actinobacteria; o__Mycobacteriales; f__Corynebacteriaceae; g__Lawsonella	0.9999504001975958
ade6597a794b0692ac0d3cd4ee617973	d__Bacteria; p__Bacillota; c__Clostridia; o__Peptostreptococcales-Tissierellales; f__Family_XI; g__Peptoniphilus	0.9771448273499513
f077f78a3984d362a22f3c3fedd9249c	d__Bacteria; p__Bacillota; c__Clostridia; o__Lachnospirales; f__Lachnospiraceae; g__Lachnospiraceae_UCG-004	0.9959091783316951
ccce4bd37adff409fe4270110e7ac735	d__Bacteria; p__Bacillota; c__Clostridia; o__Monoglobales; f__Monoglobaceae; g__Monoglobus	0.9987948997233032
afb38663110190ac45db6b02c69ba508	d__Bacteria; p__Bacillota; c__Clostridia; o__Clostridia_UCG-014; f__Incertae_Sedis; g__Incertae_Sedis	0.9993184617542634
36217366668e3e4bcd15d25e4f238fbe	d__Bacteria; p__Bacillota; c__Bacilli; o__Erysipelotrichales; f__Erysipelotrichaceae; g__Dielma	0.9999948239408049
70eeac3b43559216517c7300ee649bd2	d__Bacteria; p__Bacillota; c__Negativicutes; o__Veillonellales-Selenomonadales; f__Veillonellaceae; g__Megasphaera	0.999974940706807
5e550df6e43e1d71bbe64b109ed8a7b6	d__Bacteria; p__Bacillota; c__Negativicutes; o__Acidaminococcales; f__Acidaminococcaceae; g__Phascolarctobacterium	0.9970863525316741
8071d1ca5153862da950ad825e449453	d__Bacteria; p__Bacteroidota; c__Bacteroidia; o__Bacteroidales; f__Rikenellaceae; g__Alistipes	0.9999998498704599
4da1c9f6886ee2ec9d94feda67239824	d__Bacteria; p__Bacillota; c__Clostridia; o__Peptostreptococcales-Tissierellales; f__Family_XI; g__Helcococcus	0.9999999999956799
70fe0c10be3d9d741ffee7dcc93cc13e	d__Bacteria; p__Bacillota; c__Clostridia; o__Oscillospirales; f__Ruminococcaceae; g__Incertae_Sedis	0.8987729254700836
655abcd0a0dda9cc2869d070471fe995	d__Bacteria; p__Bacteroidota; c__Bacteroidia; o__Bacteroidales; f__Rikenellaceae; g__Rikenellaceae_RC9_gut_group	0.9981412695345324
48a418b8b779f3575269009fe74f928e	d__Bacteria; p__Bacillota; c__Clostridia; o__Lachnospirales; f__Lachnospiraceae	0.9993511875875054
322cb520d5ee27b3944971589ed9b55e	d__Bacteria; p__Bacillota	0.9999379847671925
9a163211e35a309e77548df9e7b9fa28	d__Bacteria; p__Bacteroidota; c__Bacteroidia; o__Bacteroidales; f__Bacteroidaceae; g__Bacteroides	0.9999975266633105
46d166bfb42d64a3acdfe0a72b121800	d__Bacteria; p__Bacillota; c__Clostridia; o__Eubacteriales; f__Anaerofustaceae; g__Anaerofustis	0.9999992735426214
7a09cc406023279708603c88961e3d07	d__Bacteria; p__Bacteroidota; c__Bacteroidia; o__Bacteroidales; f__Muribaculaceae; g__Incertae_Sedis	0.9999998736405837
e46d3cef9316ce5c1e0bc21dc3310a65	d__Bacteria	0.9999987303743743
23b332d2d4fad4c6c1d2a63c5d612167	d__Bacteria; p__Bacillota; c__Clostridia; o__Oscillospirales; f__Ruminococcaceae; g__Faecalibacterium	0.7634204791069319
6bfd0f66a4a95db0c2423e20f12afc4e	d__Bacteria; p__Actinomycetota; c__Actinobacteria; o__Actinomycetales; f__Actinomycetaceae; g__Varibaculum	0.9967770713329449
200487abdb367c103cf1142c06e108bd	d__Bacteria; p__Actinomycetota; c__Actinobacteria; o__Bifidobacteriales; f__Bifidobacteriaceae; g__Gardnerella	0.9783716020256622
9c8bd2a733d625e038dab3b8895b8741	d__Bacteria; p__Bacillota; c__Clostridia; o__Lachnospirales; f__Lachnospiraceae	0.9991808772573987
e35e7d4cf6b6c4837a7bf77ca88c05ca	d__Bacteria; p__Bacillota; c__Clostridia; o__Oscillospirales; f__UCG-010; g__Incertae_Sedis	0.9999998468486357
bac0efde53673547ea6586c3125c8f20	d__Bacteria; p__Bacillota; c__Clostridia; o__Lachnospirales; f__Lachnospiraceae	0.999982556670244
53cf006461f3b8f188f6c8d990ff8da1	d__Bacteria; p__Verrucomicrobiota; c__Verrucomicrobiia; o__Verrucomicrobiales; f__Akkermansiaceae; g__Akkermansia	1.0
6cdd5c6e0dbfc77e9d1e63623fae2443	d__Bacteria; p__Bacillota; c__Negativicutes; o__Acidaminococcales; f__Acidaminococcaceae; g__Succiniclasticum	0.999998748703136
c47de3925e38dbd8a984422d592e756c	d__Bacteria; p__Pseudomonadota; c__Gammaproteobacteria; o__Enterobacterales	0.988916397049521
ceb687548b4162146a8b90e1a20d0b42	d__Bacteria; p__Bacillota; c__Clostridia; o__Oscillospirales; f__Oscillospiraceae; g__Oscillibacter	0.991034416456592
8f65bffb6286e32db1b41f4f95c63556	d__Bacteria; p__Bacillota; c__Clostridia; o__Peptostreptococcales-Tissierellales; f__Family_XI	0.9993394502911631
f36452106c582fb44330c343c98027db	d__Bacteria; p__Bacillota; c__Clostridia	0.981860921764847
8378a2411221aca43ccfb2dc37aecc8d	d__Bacteria; p__Bacillota; c__Clostridia; o__Peptostreptococcales-Tissierellales; f__Family_XI	0.9990338919135022
d5a24f26da4ad2a1c2c3b48bf896c415	d__Bacteria; p__Bacillota; c__Negativicutes; o__Veillonellales-Selenomonadales; f__Veillonellaceae	0.947243715524147
5e62f8e00e2e5f0e40854edd0ade8bd1	d__Bacteria; p__Bacillota; c__Clostridia; o__Lachnospirales; f__Lachnospiraceae	0.9977630343909649
8ca5595ba5063780e23c4bd95933822c	d__Bacteria; p__Bacillota; c__Clostridia; o__Peptostreptococcales-Tissierellales; f__Anaerovoracaceae; g__S5-A14a	0.9984394001891114
88eb9941131d2565e39c0c05f9773e26	d__Bacteria; p__Bacillota; c__Bacilli; o__Lactobacillales	0.9923829672738246
345ec465f6fb90ed4a33aa9093929134	d__Bacteria; p__Bacteroidota; c__Bacteroidia; o__Bacteroidales; f__Prevotellaceae	0.75698193297564
22e62cd5e7825cf7c7e63456b2030ac1	d__Bacteria; p__Actinomycetota; c__Actinobacteria; o__Actinomycetales; f__Actinomycetaceae; g__Actinotignum	0.9851167184474514
f8c421132c7dba63084413488e3cd21e	d__Bacteria; p__Bacteroidota; c__Bacteroidia; o__Bacteroidales; f__Rikenellaceae; g__Alistipes	0.999851464035463
0e7103b789d25111d0db8985b2c2be9b	d__Bacteria; p__Bacillota; c__Clostridia; o__Peptostreptococcales-Tissierellales; f__Family_XI; g__Ezakiella	0.9999997348251594
2bcb1d4e36fc1bcfbd555d53b4ade62e	d__Bacteria; p__Bacteroidota; c__Bacteroidia; o__Bacteroidales; f__Bacteroidaceae; g__Bacteroides	0.999999914363432
5640123931c74d18f81f0fe375893075	d__Bacteria; p__Actinomycetota; c__Coriobacteriia; o__Coriobacteriales; f__Coriobacteriaceae; g__Collinsella	0.8735890381088769
1f0b52355a498b23d02454fd0ee48e2a	d__Bacteria; p__Bacillota; c__Bacilli; o__Lactobacillales; f__Streptococcaceae; g__Streptococcus	0.9999383461310788
0a570159289d80fc9a030a903ae65b6d	d__Bacteria; p__Bacillota; c__Clostridia; o__Lachnospirales; f__Lachnospiraceae	0.9999858597986054
456aeca020990dca581c3a18c02e8dd3	d__Bacteria; p__Synergistota; c__Synergistia; o__Synergistales; f__Synergistaceae; g__Rarimicrobium	0.9999999999709246
efcff61be59c33fede3ce9ebaf492ff4	d__Bacteria; p__Bacillota; c__Clostridia; o__Lachnospirales; f__Lachnospiraceae; g__Frisingicoccus	0.992077468713307
53873a49d9f8ce4ea2f4c9dc9bcc217e	d__Bacteria; p__Bacillota; c__Negativicutes; o__Veillonellales-Selenomonadales; f__Veillonellaceae; g__Incertae_Sedis	0.9835985610826449
1aaf138223a9ac8db3f756c9fb291d2a	d__Bacteria; p__Bacillota; c__Clostridia; o__Peptostreptococcales-Tissierellales; f__Family_XI; g__Murdochiella	0.9999973549870185
605240d3af2c3fa6e9af0c1d164f790b	d__Bacteria; p__Bacillota; c__Clostridia; o__Lachnospirales; f__Lachnospiraceae	0.9999953567942326
126a338b99adf1b1855273ba0ec17497	d__Bacteria; p__Actinomycetota; c__Actinobacteria; o__Actinomycetales; f__Actinomycetaceae; g__Schaalia	0.9173980708142571
c4869ff88cf502cec86859aec272731e	d__Bacteria; p__Fusobacteriota; c__Fusobacteriia; o__Fusobacteriales; f__Fusobacteriaceae; g__Fusobacterium	0.9997816914142612
59c660fd927626441251b9112471de67	d__Bacteria; p__Bacteroidota; c__Bacteroidia; o__Bacteroidales; f__Porphyromonadaceae; g__Porphyromonas	0.9971082722260989
fadee4db5c6d1bb3b7355fc47e5cf05c	d__Bacteria; p__Bacillota; c__Clostridia; o__Peptostreptococcales-Tissierellales; f__Family_XI; g__Anaerococcus	0.9999999999998579
34bfd66f6247e59edd7cfc7edadf298d	d__Bacteria; p__Bacteroidota; c__Bacteroidia; o__Bacteroidales; f__Marinifilaceae; g__Gabonibacter	1.0
6d8ae2c52433471d31e899cb0aa53966	d__Bacteria; p__Bacillota; c__Clostridia; o__Peptostreptococcales-Tissierellales; f__Family_XI; g__Peptoniphilus	0.9999987225548127
518c3d18dae9a2ebd6ac4ab970029c7f	d__Bacteria; p__Bacillota; c__Clostridia; o__Peptostreptococcales-Tissierellales; f__Family_XI; g__Peptoniphilus	0.9999990271316123
fe666780d7892b38a0175b5591e03665	d__Bacteria; p__Bacillota; c__Clostridia; o__Peptostreptococcales-Tissierellales; f__Family_XI; g__Anaerococcus	0.9999999999990763
778065a48f74dd79af96fc89b63a36c8	d__Bacteria; p__Thermodesulfobacteriota; c__Desulfovibrionia; o__Desulfovibrionales; f__Desulfovibrionaceae; g__Bilophila	0.9999959596693822
1523dfee9643fb50e0fb6bf76a27a7a4	d__Bacteria; p__Pseudomonadota; c__Gammaproteobacteria; o__Enterobacterales; f__Enterobacteriaceae; g__Escherichia-Shigella	0.8155558867981151
7725cd9e1c2a32a981262728f437aec3	d__Bacteria; p__Bacillota; c__Clostridia; o__Peptostreptococcales-Tissierellales; f__Family_XI; g__Peptoniphilus	0.9999643568072911
73a989101670cfd8ba6794ca371ed581	d__Bacteria; p__Bacillota; c__Clostridia; o__Peptostreptococcales-Tissierellales; f__Family_XI; g__Peptoniphilus	0.9999999996369127
921b7a75bd4baea63b58b8f015fdd59f	d__Bacteria; p__Pseudomonadota; c__Gammaproteobacteria; o__Burkholderiales; f__Sutterellaceae; g__Parasutterella	0.7544743830140391
f462955d1a6c3185db03f46b6378da10	d__Bacteria; p__Bacillota; c__Clostridia; o__Oscillospirales; f__Ruminococcaceae; g__Anaerotruncus	0.9999027199277296
f1cc70fea849a6d6f45250e315622bed	d__Bacteria; p__Bacillota; c__Bacilli; o__Erysipelotrichales; f__Erysipelatoclostridiaceae; g__Massiliomicrobiota	0.9926887457339035
1ce8038a2fcc9665969d59abe3acb2b9	d__Eukaryota	0.966577908006654
814df7153521bd01a5404aa6d2d3e942	d__Bacteria; p__Actinomycetota; c__Actinobacteria; o__Mycobacteriales; f__Corynebacteriaceae; g__Corynebacterium	0.9999938417142055
e05ae2c80d04c0d00f8843bec4c45d0e	d__Bacteria; p__Actinomycetota; c__Thermoleophilia; o__Solirubrobacterales	0.9854420803198388
458db829e42c023b8e76380d8bbb023e	d__Bacteria; p__Pseudomonadota; c__Gammaproteobacteria; o__Methylococcales; f__Methylococcaceae; g__Methylocaldum	0.7549576309684773
5d921f32e6f8b438108bd954f1c141be	d__Bacteria; p__Pseudomonadota; c__Alphaproteobacteria; o__Caulobacterales; f__Caulobacteraceae; g__Brevundimonas	0.9988683253622604
007cb798124f8ef71430db8611660864	d__Bacteria; p__Thermodesulfobacteriota; c__Desulfovibrionia; o__Desulfovibrionales; f__Desulfovibrionaceae; g__Incertae_Sedis	0.9999071346379785
307bdb8bac7e8257414a7a1c78992871	d__Bacteria; p__Pseudomonadota; c__Gammaproteobacteria; o__Lysobacterales; f__Lysobacteraceae; g__Stenotrophomonas	0.9979438365551853
94e2910fccc7866c48e5630c73853dec	d__Bacteria; p__Bacteroidota; c__Bacteroidia; o__Bacteroidales; f__Porphyromonadaceae; g__Porphyromonas	0.9995643894748961
b40cccea177069fedf8536b96877826f	d__Bacteria; p__Bacteroidota; c__Bacteroidia; o__Bacteroidales; f__Bacteroidaceae; g__Bacteroides	0.9999969518627396
65e2339c6cf1ba37ffd812b05a001ae1	d__Bacteria; p__Bacillota; c__Bacilli; o__Lactobacillales	0.899486333546689
866176be8211e856708f1f7156e2e346	d__Bacteria; p__Bacteroidota; c__Bacteroidia; o__Bacteroidales; f__Prevotellaceae; g__Prevotella	0.9999736461386972
b599001a7e0440b0071bddbb173c9ec5	d__Bacteria; p__Bacillota; c__Bacilli; o__Mycoplasmatales; f__Mycoplasmataceae; g__Ureaplasma	0.9999999999987068
0fcdede99e18d61b1d7364eb1c4feccb	d__Bacteria; p__Bacillota; c__Clostridia; o__Peptostreptococcales-Tissierellales; f__Family_XI; g__W5053	0.9998755655242044
4105fad159e2d6a53e285471c3fe5cd5	d__Bacteria; p__Bacillota; c__Symbiobacteriia; o__Symbiobacteriales; f__Incertae_Sedis; g__Incertae_Sedis	0.9998441776230448
93fcb9cd1259b5467a8f39c89feada9d	d__Bacteria; p__Bacillota; c__Clostridia; o__Oscillospirales; f__Oscillospiraceae; g__UCG-005	0.9305377860004115
774a09b756e2a59224d8374dd997ce2c	d__Bacteria; p__Pseudomonadota; c__Gammaproteobacteria; o__Enterobacterales; f__Succinivibrionaceae; g__Incertae_Sedis	0.8069597290684516
1f004fe5e24c34a42ef4fe59e2290384	d__Bacteria; p__Bacillota; c__Clostridia; o__Oscillospirales; f__Ruminococcaceae	0.9999998834401654
bbcba8f2339d687be01b1853b76a3cd4	d__Bacteria; p__Bacteroidota; c__Bacteroidia; o__Bacteroidales; f__Prevotellaceae; g__Segatella	0.9999989877979665
4aa1e71bafa19566a3ff1f9321573650	d__Bacteria; p__Bacillota; c__Clostridia; o__Oscillospirales; f__[Eubacterium]_coprostanoligenes_group; g__Incertae_Sedis	0.9993743025805174
0a5f87bec547cb3b192dd100fa8aee88	d__Bacteria; p__Bacteroidota; c__Bacteroidia; o__Bacteroidales; f__Bacteroidaceae; g__Bacteroides	0.9999883394761039
b7b41db6910db67dcf998ebc672e3f0f	d__Bacteria; p__Bacillota; c__Clostridia; o__Oscillospirales; f__Ruminococcaceae; g__Incertae_Sedis	0.9837335291124352
ff10e15ead63510ad619381a4cb036b6	d__Bacteria; p__Bacillota; c__Clostridia; o__Peptostreptococcales-Tissierellales; f__Family_XI; g__Peptoniphilus	0.9999254347781894
9a5c064fbfbfd20f05e202563b83788a	d__Bacteria; p__Bacteroidota; c__Bacteroidia; o__Bacteroidales; f__Porphyromonadaceae; g__Porphyromonas	0.9999997130825292
9915327308b9e3ef8b07a0c5fe42244e	d__Bacteria; p__Chloroflexota; c__Ktedonobacteria; o__Ktedonobacterales; f__JG30-KF-AS9; g__Incertae_Sedis	0.9999991140689647
db56deba6bebcc645aa2d2816abdf8c8	d__Bacteria; p__Pseudomonadota; c__Alphaproteobacteria	0.9971200859644792
5ab585669cbddc305ec78c50f2312a74	d__Bacteria; p__Elusimicrobiota; c__Lineage_IIc; o__Incertae_Sedis; f__Incertae_Sedis; g__Incertae_Sedis	0.9999961283733313
a761c55206872561416ad36e267ffb94	d__Bacteria; p__Chloroflexota; c__Ktedonobacteria; o__C0119; f__Incertae_Sedis; g__Incertae_Sedis	0.9984939078596595
61a2bc4c909af59a60a74e0fcc902efa	d__Bacteria; p__Planctomycetota; c__Phycisphaerae; o__Tepidisphaerales; f__CPla-3_termite_group; g__Incertae_Sedis	0.9999999366421284
5ffbb7494b5eac5da1dcc8b137333106	d__Bacteria; p__Sumerlaeota; c__Sumerlaeia; o__Sumerlaeales; f__Sumerlaeaceae; g__Sumerlaea	0.9999999969206925
593dd669d41f06fb0ea48d04df22f833	d__Bacteria; p__Pseudomonadota; c__Alphaproteobacteria; o__Rhodospirillales; f__Incertae_Sedis; g__Incertae_Sedis	0.9990592220021169
1a77cba7fb8b4492e821ef38f11cc9bb	d__Bacteria; p__Planctomycetota; c__BD7-11; o__Incertae_Sedis; f__Incertae_Sedis; g__Incertae_Sedis	0.9999869475874058
3cba6ac84a3e4d33e966615ac8f7ab8f	d__Bacteria; p__Pseudomonadota; c__Gammaproteobacteria; o__Burkholderiales; f__A21b; g__Incertae_Sedis	0.9980801424043781
b315ab1f2eb960804157d2e07822c8af	d__Bacteria; p__Acidobacteriota; c__Blastocatellia; o__11-24; f__Incertae_Sedis; g__Incertae_Sedis	0.9999998709446286
8c6efbcefc63ba980477f1d3526bed98	d__Bacteria; p__Pseudomonadota; c__Alphaproteobacteria; o__Rickettsiales; f__Mitochondria; g__Incertae_Sedis	0.9999958095690691
f739012242bb4cc9a594a2a022acc601	d__Bacteria; p__Bacteroidota; c__Bacteroidia; o__Sphingobacteriales; f__AKYH767; g__Incertae_Sedis	0.9999161452905937
4b05fecd75864cecaffd58cd07cc9f99	d__Archaea; p__Thermoplasmatota; c__Thermoplasmata; o__Incertae_Sedis; f__Incertae_Sedis; g__Incertae_Sedis	0.981094131167124
9e841df859159085a869937a63033c32	d__Bacteria; p__Spirochaetota; c__Spirochaetia; o__Spirochaetales; f__Spirochaetaceae; g__Spirochaeta	0.9841779843572519
2940e255ee1a55f87239f0f8a1b510ba	d__Bacteria	0.9999720351053398
4149eca5217876c07c8ce86050befcc1	d__Bacteria; p__Bacillota; c__Bacilli; o__Lactobacillales; f__Lactobacillaceae; g__Lactobacillus	0.952412711698016
081bd5bb4565353c553178095e28d0b2	d__Eukaryota	0.9014375810610088
387a4af7d00483a048d13e7c88a4a10f	d__Bacteria; p__Bacillota; c__Clostridia; o__Peptostreptococcales-Tissierellales; f__Family_XI; g__Peptoniphilus	0.9999130004741098
8a56adedbe569a33542812baa9b92e89	d__Bacteria; p__Bacillota; c__Clostridia; o__Peptostreptococcales-Tissierellales; f__Family_XI; g__Ezakiella	0.9999642150492444
4eec83ba618ad641839353d1e30ceb36	d__Bacteria; p__Bacteroidota; c__Bacteroidia; o__Bacteroidales; f__Marinifilaceae; g__Odoribacter	0.9999999999958646
49d0747327dc343aa584431d3a107b2a	d__Bacteria; p__Actinomycetota; c__Actinobacteria; o__Bifidobacteriales; f__Bifidobacteriaceae; g__Gardnerella	0.7107996511439584
07906f6d3aad209e93c24bdff3bf9bff	d__Bacteria; p__Bacteroidota; c__Bacteroidia; o__Bacteroidales; f__Prevotellaceae; g__Hoylesella	0.9999511330117117
8c7f0a46abb84b5b4cdc61c4b548706a	d__Bacteria; p__Bacteroidota; c__Bacteroidia; o__Bacteroidales; f__Prevotellaceae	0.9999508098482297
032fd99f9dc28a0f3a56f2d0684ea223	d__Bacteria; p__Bacteroidota; c__Bacteroidia; o__Bacteroidales; f__Prevotellaceae; g__Hoylesella	0.9492647522814643
88a2756ec6bb6a43592990ce052dbff6	d__Bacteria; p__Bacillota; c__Clostridia; o__Lachnospirales; f__Lachnospiraceae; g__Lachnospiraceae_UCG-010	0.9997641067880879
d394aae701ed56c73e6c1557627667ab	d__Bacteria; p__Bacillota; c__Clostridia; o__Oscillospirales; f__Ruminococcaceae; g__Acutalibacter	0.9999620511089367
af0c77e741be97990884598162c88c33	d__Bacteria; p__Bacillota; c__Clostridia; o__Oscillospirales; f__UCG-011; g__Incertae_Sedis	0.7724683346106007
2ab89b610e08ceb623ccf18130bfc8ac	d__Bacteria; p__Methylomirabilota; c__Methylomirabilia; o__Rokubacteriales; f__Incertae_Sedis; g__Incertae_Sedis	0.9999999999778026
