row	baseMean	log2FoldChange	lfcSE	stat	pvalue	padj	Domain	Phylum	Class	Order	Family	Genus	Species
4a0b292ba716582f9af46694458c0b9b	1.0531791811445184	-6.59116503826741e-4	0.3891799900959431	-0.0016936032699529373	0.9986487007447662	NA	d__Bacteria	p__Cyanobacteriota	c__Cyanobacteriia	o__Chloroplast	f__Incertae_Sedis	g__Incertae_Sedis	NA
10e51791c8dee561db8251780cf9ef0d	1.0531791811445184	-6.59116503826741e-4	0.3891799900959431	-0.0016936032699529373	0.9986487007447662	NA	d__Bacteria	p__Cyanobacteriota	c__Vampirivibrionia	o__Gastranaerophilales	f__Gastranaerophilaceae	g__Zag_111	NA
0fd672291b9b2013b63d4b3ab74a11a2	1.0531791811445184	-6.59116503826741e-4	0.3891799900959431	-0.0016936032699529373	0.9986487007447662	NA	d__Bacteria	p__Cyanobacteriota	c__Vampirivibrionia	o__Gastranaerophilales	f__Gastranaerophilaceae	g__Zag_111	NA
b6b86531ef8d5b24a2b1f0d0cbb40c76	1.2122237923245203	-0.5856710694464525	0.3527210448820912	-1.6604369882217622	0.09682657429700708	0.2277620049644179	d__Bacteria	p__Cyanobacteriota	c__Vampirivibrionia	o__Gastranaerophilales	f__Gastranaerophilaceae	g__CAG-196	NA
5a709350efd4ece76350bb959e1190aa	1.0531791811445184	-6.59116503826741e-4	0.3891799900959431	-0.0016936032699529373	0.9986487007447662	NA	d__Bacteria	p__Elusimicrobiota	c__Lineage_IIa	o__Incertae_Sedis	f__Incertae_Sedis	g__Incertae_Sedis	NA
717e6182253f059237eb5caacd914ba4	1.0531791811445184	-6.59116503826741e-4	0.3891799900959431	-0.0016936032699529373	0.9986487007447662	NA	d__Bacteria	p__Acidobacteriota	c__Blastocatellia	o__Pyrinomonadales	f__Pyrinomonadaceae	g__Incertae_Sedis	NA
88fb15f05df086348963d416fa3f3077	1.0531791811445184	-6.59116503826741e-4	0.3891799900959431	-0.0016936032699529373	0.9986487007447662	NA	d__Bacteria	p__Acidobacteriota	c__Blastocatellia	o__Blastocatellales	f__Blastocatellaceae	g__JGI_0001001-H03	NA
c0c0fd60a887713923e9ab2db602524d	1.0531791811445184	-6.59116503826741e-4	0.3891799900959431	-0.0016936032699529373	0.9986487007447662	NA	d__Bacteria	p__Acidobacteriota	c__Blastocatellia	o__Blastocatellales	f__Blastocatellaceae	g__JGI_0001001-H03	NA
43ee2a760aea0393c28cb0810989880e	1.0531791811445184	-6.59116503826741e-4	0.3891799900959431	-0.0016936032699529373	0.9986487007447662	NA	d__Bacteria	p__Acidobacteriota	c__Blastocatellia	o__11-24	f__Incertae_Sedis	g__Incertae_Sedis	NA
78b250b765b8266d4c84e5186698182c	1.2693088689886092	-6.5909125968611e-4	0.4012286755842043	-0.001642682340005853	0.9986893297120591	0.9990603906560739	d__Bacteria	p__Verrucomicrobiota	c__Verrucomicrobiia	o__Opitutales	f__Puniceicoccaceae	g__Incertae_Sedis	NA
d80de89804f1b657b26fd2220b9dadbe	1.0531791811445184	-6.59116503826741e-4	0.3891799900959431	-0.0016936032699529373	0.9986487007447662	NA	d__Bacteria	p__Verrucomicrobiota	c__Verrucomicrobiia	o__Opitutales	f__Opitutaceae	g__Oleiharenicola	NA
cdea785960ee02974c822d5dd1504cd4	1.0531791811445184	-6.59116503826741e-4	0.3891799900959431	-0.0016936032699529373	0.9986487007447662	NA	d__Bacteria	p__Acidobacteriota	c__Subgroup_22	o__Incertae_Sedis	f__Incertae_Sedis	g__Incertae_Sedis	NA
f2a749d79e64aa7b0e5aafde0e6f4b30	1.0531791811445184	-6.59116503826741e-4	0.3891799900959431	-0.0016936032699529373	0.9986487007447662	NA	d__Bacteria	p__Incertae_Sedis	c__Incertae_Sedis	o__SJA-28	f__Incertae_Sedis	g__Incertae_Sedis	NA
1c719e69d668107c05bdba29829217c5	1.370223006272698	0.658092909752433	0.42195320360057276	1.5596348223851704	0.11884620257135872	0.26400479990240483	d__Bacteria	p__Thermodesulfobacteriota	c__Desulfovibrionia	o__Desulfovibrionales	f__Desulfovibrionaceae	g__Incertae_Sedis	NA
d09c79773d4b9e43484e592b61a6eca3	1.0531791811445184	-6.59116503826741e-4	0.3891799900959431	-0.0016936032699529373	0.9986487007447662	NA	d__Bacteria	p__Thermodesulfobacteriota	c__Desulfovibrionia	o__Desulfovibrionales	f__Desulfovibrionaceae	g__Incertae_Sedis	NA
ed66913c64e880ea0b4cf78c59280664	1.8464401930055931	-6.588267306799126e-4	0.4848761380592801	-0.0013587526359141345	0.9989158725834415	0.9990603906560739	d__Bacteria	p__Thermodesulfobacteriota	c__Desulfovibrionia	o__Desulfovibrionales	f__Desulfovibrionaceae	g__Desulfovibrio	NA
a01206f0b17de33744bdac813c3c6eca	1.600868975671498	-1.0643518486293164	0.4181172945733795	-2.545581975305073	0.010909574515485878	0.050831947633290096	d__Bacteria	p__Thermodesulfobacteriota	c__Desulfovibrionia	o__Desulfovibrionales	f__Desulfovibrionaceae	g__Desulfovibrio	NA
4102c0c9284b080a36ae312a7b497915	1.932174560555691	-0.22362911662512078	0.48393017648070064	-0.462110295025256	0.6440022277954115	0.7635004189530045	d__Bacteria	p__Thermodesulfobacteriota	c__Desulfovibrionia	o__Desulfovibrionales	f__Desulfovibrionaceae	g__Desulfovibrio	NA
b354a1e7a29c4f05aace7e65edc75c7f	2.6104776766318496	-0.19741195133281772	0.4725187149706163	-0.4177865237466707	0.67610320474266306	0.7971294137684215	d__Bacteria	p__Thermodesulfobacteriota	c__Desulfovibrionia	o__Desulfovibrionales	f__Desulfovibrionaceae	g__Desulfovibrio	NA
27f098662c8f87b4aaff903d9c0f28d3	216.29307989449595	0.13718900266392928	0.7220212066496986	0.19000688816400507	0.849303732886366	0.9712830471487165	d__Bacteria	p__Thermodesulfobacteriota	c__Desulfovibrionia	o__Desulfovibrionales	f__Desulfovibrionaceae	g__Bilophila	NA
2bfa411d459e8b37ba258c4588f217e3	1.0531791811445184	-6.59116503826741e-4	0.3891799900959431	-0.0016936032699529373	0.9986487007447662	NA	d__Bacteria	p__Thermodesulfobacteriota	c__Desulfovibrionia	o__Desulfovibrionales	f__Desulfovibrionaceae	g__Bilophila	NA
06a0a123bc442593231a5fec7e636a9d	1.2697868602569844	0.47937103508994106	0.38260142687636195	1.2529253719820819	0.21023286728366283	0.35730276179661874	d__Bacteria	p__Thermodesulfobacteriota	c__Desulfovibrionia	o__Desulfovibrionales	f__Desulfovibrionaceae	g__Bilophila	NA
31774b2ab198d7b5abc9f0d6e8a5ffc2	4.745632816304028	2.627599714416872	0.6352932938655517	4.1360419506851525	3.533476219161073e-5	4.833614263903672e-4	d__Bacteria	p__Thermodesulfobacteriota	c__Desulfovibrionia	o__Desulfovibrionales	f__Desulfovibrionaceae	g__Bilophila	NA
73d9a139e017712e591ccbb4cb1ac896	1.1112224488867868	0.14374767880557976	0.38358155391779813	0.3747512812787265	0.7078454499260544	NA	d__Bacteria	p__Thermodesulfobacteriota	c__Desulfovibrionia	o__Desulfovibrionales	f__Desulfovibrionaceae	g__Bilophila	NA
986601969786e8a0bcc7ef7b2d735681	1.0531791811445184	-6.59116503826741e-4	0.3891799900959431	-0.0016936032699529373	0.9986487007447662	NA	d__Bacteria	p__Thermodesulfobacteriota	c__Desulfovibrionia	o__Desulfovibrionales	f__Desulfovibrionaceae	g__Bilophila	NA
1e7d14975ac82ced9a7752e896f667ef	1.0387304233561945	-0.03913395526143773	0.390860505960274	-0.10012256205137082	0.9202470234054324	NA	d__Bacteria	p__Thermodesulfobacteriota	c__Desulfovibrionia	o__Desulfovibrionales	f__Desulfovibrionaceae	g__Bilophila	NA
d562f63f002b432f6632e40415b8c57f	1.0387111791071328	0.06645698849920485	0.3947106312532257	0.16836888403081682	0.8662930855754242	NA	d__Bacteria	p__Thermodesulfobacteriota	c__Desulfovibrionia	o__Desulfovibrionales	f__Desulfovibrionaceae	g__Bilophila	NA
48e665141691a28bc90fb9f37cbc09c2	1.0531791811445184	-6.59116503826741e-4	0.3891799900959431	-0.0016936032699529373	0.9986487007447662	NA	d__Bacteria	p__Pseudomonadota	c__Alphaproteobacteria	o__Incertae_Sedis	f__Incertae_Sedis	g__Hypericibacter	NA
252f97f175f100d130e9172e60cab011	1.0531791811445184	-6.59116503826741e-4	0.3891799900959431	-0.0016936032699529373	0.9986487007447662	NA	d__Bacteria	p__Pseudomonadota	c__Alphaproteobacteria	o__Rhodospirillales	f__Incertae_Sedis	g__Incertae_Sedis	NA
656fc22d077cc5d6ef83285bcd081cbe	2.219658094429249	-2.2255972401049595	0.45209249558080006	-4.922880299629283	8.527961992837237e-7	2.219350108867642e-5	d__Bacteria	p__Pseudomonadota	c__Alphaproteobacteria	o__Rhodospirillales	f__Incertae_Sedis	g__Incertae_Sedis	NA
6b2ddef408d50cd0e2dcf59cb7c65dac	1.297997662512785	0.5326550883370903	0.3866859946370367	1.377487407675749	0.16836160534650174	0.30995491357927085	d__Bacteria	p__Pseudomonadota	c__Alphaproteobacteria	o__Rhodospirillales	f__Incertae_Sedis	g__Incertae_Sedis	NA
e603a72ebbc7a4fcb5a657b52c3e8c50	1.125785481741557	0.2779900552161	0.3870008144534357	0.7183190443893704	0.4725605902355185	NA	d__Bacteria	p__Pseudomonadota	c__Alphaproteobacteria	o__Rhodospirillales	f__Incertae_Sedis	g__Incertae_Sedis	NA
078e0fd51a7d5e5b908328591895ba58	1.212798167435756	0.3662237815044987	0.37912778029792477	0.9659639850625403	0.3340622028296148	0.46631086824824164	d__Bacteria	p__Pseudomonadota	c__Alphaproteobacteria	o__Rhodospirillales	f__Incertae_Sedis	g__Incertae_Sedis	NA
9562e97de3789cd3282858fdf6c9d9b5	1.0531791811445184	-6.59116503826741e-4	0.3891799900959431	-0.0016936032699529373	0.9986487007447662	NA	d__Bacteria	p__Pseudomonadota	c__Alphaproteobacteria	o__Rickettsiales	f__SM2D12	g__Incertae_Sedis	NA
19377431bcdc91653d35f0fc94647e1f	1.0531791811445184	-6.59116503826741e-4	0.3891799900959431	-0.0016936032699529373	0.9986487007447662	NA	d__Bacteria	p__Pseudomonadota	c__Alphaproteobacteria	o__Hyphomicrobiales	f__KF-JG30-B3	g__Incertae_Sedis	NA
c22fca4bf161aec670f108d97d721ff7	1.0531791811445184	-6.59116503826741e-4	0.3891799900959431	-0.0016936032699529373	0.9986487007447662	NA	d__Bacteria	p__Pseudomonadota	c__Alphaproteobacteria	o__Micropepsales	f__Micropepsaceae	g__Incertae_Sedis	NA
807c29d4e29fc08522008814b7c076d2	1.0531791811445184	-6.59116503826741e-4	0.3891799900959431	-0.0016936032699529373	0.9986487007447662	NA	d__Bacteria	p__Pseudomonadota	c__Alphaproteobacteria	o__Micropepsales	f__Micropepsaceae	g__Incertae_Sedis	NA
69ab0a13268347e6a96cf85a415dc5fd	1.0531791811445184	-6.59116503826741e-4	0.3891799900959431	-0.0016936032699529373	0.9986487007447662	NA	d__Bacteria	p__Pseudomonadota	c__Alphaproteobacteria	o__Micropepsales	f__Micropepsaceae	g__Incertae_Sedis	NA
24577bf48a0acfd6bf24269ed20af563	1.0531791811445184	-6.59116503826741e-4	0.3891799900959431	-0.0016936032699529373	0.9986487007447662	NA	d__Bacteria	p__Pseudomonadota	c__Alphaproteobacteria	o__Hyphomicrobiales	f__A0839	g__Incertae_Sedis	NA
3a4517e1c206178cddb6959bf9b8ed9b	1.0531791811445184	-6.59116503826741e-4	0.3891799900959431	-0.0016936032699529373	0.9986487007447662	NA	d__Bacteria	p__Pseudomonadota	c__Alphaproteobacteria	o__Reyranellales	f__Reyranellaceae	g__Reyranella	NA
fb97a846d1d1fef4c17bd668730454b9	1.0531791811445184	-6.59116503826741e-4	0.3891799900959431	-0.0016936032699529373	0.9986487007447662	NA	d__Bacteria	p__Pseudomonadota	c__Alphaproteobacteria	o__Caulobacterales	f__Caulobacteraceae	g__Phenylobacterium	NA
6ec93cddf0ba04f2816fd600a1c4d5fd	1.0531791811445184	-6.59116503826741e-4	0.3891799900959431	-0.0016936032699529373	0.9986487007447662	NA	d__Bacteria	p__Pseudomonadota	c__Alphaproteobacteria	o__Caulobacterales	f__Hyphomonadaceae	g__SWB02	NA
e529f921adcae0ca6ba1d9148d23802a	1.0531791811445184	-6.59116503826741e-4	0.3891799900959431	-0.0016936032699529373	0.9986487007447662	NA	d__Bacteria	p__Pseudomonadota	c__Alphaproteobacteria	o__Caulobacterales	f__Caulobacteraceae	g__Phenylobacterium	NA
6472eb8b1e09f892aca2f23182962903	1.0531791811445184	-6.59116503826741e-4	0.3891799900959431	-0.0016936032699529373	0.9986487007447662	NA	d__Bacteria	p__Pseudomonadota	c__Alphaproteobacteria	o__Hyphomicrobiales	f__Xanthobacteraceae	NA	NA
3735efaa015d97c55fbbc3d909a677ea	1.0531791811445184	-6.59116503826741e-4	0.3891799900959431	-0.0016936032699529373	0.9986487007447662	NA	d__Bacteria	p__Pseudomonadota	c__Alphaproteobacteria	o__Hyphomicrobiales	f__Xanthobacteraceae	g__Incertae_Sedis	NA
c63a29416a7eabd7ff67a49489118771	1.0531791811445184	-6.59116503826741e-4	0.3891799900959431	-0.0016936032699529373	0.9986487007447662	NA	d__Bacteria	p__Pseudomonadota	c__Alphaproteobacteria	o__Hyphomicrobiales	f__Xanthobacteraceae	g__Pseudolabrys	NA
e3620a87443a142150a1b20a237c48a2	1.0531791811445184	-6.59116503826741e-4	0.3891799900959431	-0.0016936032699529373	0.9986487007447662	NA	d__Bacteria	p__Pseudomonadota	c__Alphaproteobacteria	o__Hyphomicrobiales	f__Xanthobacteraceae	g__Pseudolabrys	NA
bdc6b2e04197cd0807b9642cb29259df	1.0531791811445184	-6.59116503826741e-4	0.3891799900959431	-0.0016936032699529373	0.9986487007447662	NA	d__Bacteria	p__Pseudomonadota	c__Alphaproteobacteria	o__Hyphomicrobiales	f__Xanthobacteraceae	g__Incertae_Sedis	NA
c6f96c0b79d9a6b82fb53a5518bce977	1.0531791811445184	-6.59116503826741e-4	0.3891799900959431	-0.0016936032699529373	0.9986487007447662	NA	d__Bacteria	p__Pseudomonadota	c__Alphaproteobacteria	o__Hyphomicrobiales	f__Xanthobacteraceae	g__Incertae_Sedis	NA
fcc6bf2c1174f331c7dd8d9c048389ad	1.0531791811445184	-6.59116503826741e-4	0.3891799900959431	-0.0016936032699529373	0.9986487007447662	NA	d__Bacteria	p__Pseudomonadota	c__Alphaproteobacteria	o__Rhodospirillales	f__Rhodospirillaceae	g__Incertae_Sedis	NA
2e84ce47d75fdd4d78e71af86ef8927e	1.0531791811445184	-6.59116503826741e-4	0.3891799900959431	-0.0016936032699529373	0.9986487007447662	NA	d__Bacteria	p__Pseudomonadota	c__Alphaproteobacteria	o__Hyphomicrobiales	f__Kaistiaceae	g__Kaistia	NA
4bcf49be188ced50df74900b2f088e02	1.0531791811445184	-6.59116503826741e-4	0.3891799900959431	-0.0016936032699529373	0.9986487007447662	NA	d__Bacteria	p__Pseudomonadota	c__Alphaproteobacteria	o__Hyphomicrobiales	f__Methyloligellaceae	g__Incertae_Sedis	NA
efc5ddaa54b16c86f53ab9dc2017b039	1.0531791811445184	-6.59116503826741e-4	0.3891799900959431	-0.0016936032699529373	0.9986487007447662	NA	d__Bacteria	p__Pseudomonadota	c__Alphaproteobacteria	o__Hyphomicrobiales	f__Hyphomicrobiaceae	g__Pedomicrobium	NA
2d16d001e21717f960cf771ae879b1dd	1.0531791811445184	-6.59116503826741e-4	0.3891799900959431	-0.0016936032699529373	0.9986487007447662	NA	d__Bacteria	p__Pseudomonadota	c__Alphaproteobacteria	o__Sphingomonadales	f__Sphingomonadaceae	g__Sphingomonas	NA
342aa16012d5dd3a335eb453c762ccc0	1.0531791811445184	-6.59116503826741e-4	0.3891799900959431	-0.0016936032699529373	0.9986487007447662	NA	d__Bacteria	p__Pseudomonadota	c__Alphaproteobacteria	o__Sphingomonadales	f__Sphingomonadaceae	g__Novosphingobium	NA
e4ac0ea2d3110a7a0fbb7d37386f53a2	1.0531791811445184	-6.59116503826741e-4	0.3891799900959431	-0.0016936032699529373	0.9986487007447662	NA	d__Bacteria	p__Pseudomonadota	c__Alphaproteobacteria	o__Elsterales	f__Incertae_Sedis	g__Incertae_Sedis	NA
13146d4939fcf946a0accdf800121e32	1.0531791811445184	-6.59116503826741e-4	0.3891799900959431	-0.0016936032699529373	0.9986487007447662	NA	d__Bacteria	p__Pseudomonadota	c__Alphaproteobacteria	o__Elsterales	f__Incertae_Sedis	g__Incertae_Sedis	NA
b99a4d2c3620448fcb2d9cbc77dd2b8e	1.0531791811445184	-6.59116503826741e-4	0.3891799900959431	-0.0016936032699529373	0.9986487007447662	NA	d__Bacteria	p__NB1-j	c__Incertae_Sedis	o__Incertae_Sedis	f__Incertae_Sedis	g__Incertae_Sedis	NA
6f66ba6c62a32733b88be65908a71afa	1.0531791811445184	-6.59116503826741e-4	0.3891799900959431	-0.0016936032699529373	0.9986487007447662	NA	d__Bacteria	p__Myxococcota	c__Polyangiia	o__Polyangiales	f__Sandaracinaceae	g__Incertae_Sedis	NA
79f86519148638f865325943211bd56e	1.0531791811445184	-6.59116503826741e-4	0.3891799900959431	-0.0016936032699529373	0.9986487007447662	NA	d__Bacteria	p__Myxococcota	c__Polyangiia	o__Polyangiales	f__Polyangiaceae	g__Pajaroellobacter	NA
21b726d9e46d31c3340e0ded2ce93cda	1.0531791811445184	-6.59116503826741e-4	0.3891799900959431	-0.0016936032699529373	0.9986487007447662	NA	d__Bacteria	p__Myxococcota	c__Myxococcia	o__Myxococcales	f__Myxococcaceae	g__Incertae_Sedis	NA
6349b9390370e0c49a1125963649dfdc	1.0531791811445184	-6.59116503826741e-4	0.3891799900959431	-0.0016936032699529373	0.9986487007447662	NA	d__Bacteria	p__Myxococcota	c__Polyangiia	o__Haliangiales	f__Haliangiaceae	g__Incertae_Sedis	NA
612b65b15d2a64e55bef0a6f28a0f7d0	1.0531791811445184	-6.59116503826741e-4	0.3891799900959431	-0.0016936032699529373	0.9986487007447662	NA	d__Bacteria	p__RCP2-54	c__Incertae_Sedis	o__Incertae_Sedis	f__Incertae_Sedis	g__Incertae_Sedis	NA
324792d80a7bdee8e81e5887b4504842	1.0531791811445184	-6.59116503826741e-4	0.3891799900959431	-0.0016936032699529373	0.9986487007447662	NA	d__Bacteria	p__Myxococcota	c__bacteriap25	o__Incertae_Sedis	f__Incertae_Sedis	g__Incertae_Sedis	NA
16dedc79dc6331305afc61a06e0a39e9	1.0531791811445184	-6.59116503826741e-4	0.3891799900959431	-0.0016936032699529373	0.9986487007447662	NA	d__Bacteria	p__RCP2-54	c__Incertae_Sedis	o__Incertae_Sedis	f__Incertae_Sedis	g__Incertae_Sedis	NA
92046b62c32c7844bc7e53f3094d7a98	1.0531791811445184	-6.59116503826741e-4	0.3891799900959431	-0.0016936032699529373	0.9986487007447662	NA	d__Bacteria	p__Thermodesulfobacteriota	c__Incertae_Sedis	o__Incertae_Sedis	f__Incertae_Sedis	g__Incertae_Sedis	NA
795c00308bc107978d870eb029091b2f	1.0531791811445184	-6.59116503826741e-4	0.3891799900959431	-0.0016936032699529373	0.9986487007447662	NA	d__Bacteria	p__MBNT15	c__Incertae_Sedis	o__Incertae_Sedis	f__Incertae_Sedis	g__Incertae_Sedis	NA
a6835ee7fc97773c805e48c5e8ba3fae	1.3690644933974996	-6.590110144063822e-4	0.41969430188004836	-0.001570216730258902	0.9987471488286463	0.9990603906560739	d__Bacteria	p__Spirochaetota	c__Spirochaetia	o__Spirochaetales	f__Spirochaetaceae	g__Treponema	NA
d0d02f9ef4d7b00ae2480eff7b6bc314	1.0531791811445184	-6.59116503826741e-4	0.3891799900959431	-0.0016936032699529373	0.9986487007447662	NA	d__Bacteria	p__Gemmatimonadota	c__Gemmatimonadia	o__Gemmatimonadales	f__Gemmatimonadaceae	g__Incertae_Sedis	NA
07f7a53f8a49890a6938be8e5f997f42	1.0531791811445184	-6.59116503826741e-4	0.3891799900959431	-0.0016936032699529373	0.9986487007447662	NA	d__Bacteria	p__Gemmatimonadota	c__Gemmatimonadia	o__Gemmatimonadales	f__Gemmatimonadaceae	g__Gemmatimonas	NA
239945043a7bf81915359c009bc05289	1.0531791811445184	-6.59116503826741e-4	0.3891799900959431	-0.0016936032699529373	0.9986487007447662	NA	d__Bacteria	p__Gemmatimonadota	c__Gemmatimonadia	o__Gemmatimonadales	f__Gemmatimonadaceae	g__Gemmatimonas	NA
0df71a4bb1d9fdb124e1516c2c99b1df	1.0531791811445184	-6.59116503826741e-4	0.3891799900959431	-0.0016936032699529373	0.9986487007447662	NA	d__Bacteria	p__Gemmatimonadota	c__Gemmatimonadia	o__Gemmatimonadales	f__Gemmatimonadaceae	g__Incertae_Sedis	NA
ee2315846979ff05c0759ac025d4f7a8	1.0531791811445184	-6.59116503826741e-4	0.3891799900959431	-0.0016936032699529373	0.9986487007447662	NA	d__Bacteria	p__Gemmatimonadota	c__Gemmatimonadia	o__Gemmatimonadales	f__Gemmatimonadaceae	g__Incertae_Sedis	NA
07c881edda2e47c4993e3ef18690a278	1.0531791811445184	-6.59116503826741e-4	0.3891799900959431	-0.0016936032699529373	0.9986487007447662	NA	d__Bacteria	p__Pseudomonadota	c__Gammaproteobacteria	o__Methylococcales	f__Methylococcaceae	NA	NA
b579963a73221af76d2cd1095de5d27b	1.0531791811445184	-6.59116503826741e-4	0.3891799900959431	-0.0016936032699529373	0.9986487007447662	NA	d__Bacteria	p__Pseudomonadota	c__Gammaproteobacteria	o__Lysobacterales	f__Rhodanobacteraceae	g__Rudaea	NA
a96ffc478885074f3149a409a56635b2	1.0531791811445184	-6.59116503826741e-4	0.3891799900959431	-0.0016936032699529373	0.9986487007447662	NA	d__Bacteria	p__Pseudomonadota	c__Gammaproteobacteria	o__Lysobacterales	f__Lysobacteraceae	g__Incertae_Sedis	NA
649f026cd615015b1c0f8e760d309122	1.0531791811445184	-6.59116503826741e-4	0.3891799900959431	-0.0016936032699529373	0.9986487007447662	NA	d__Bacteria	p__Pseudomonadota	c__Gammaproteobacteria	o__Lysobacterales	f__Lysobacteraceae	g__Luteimonas	NA
c5cee77da0b9051f359bd257c0308cac	1.0531791811445184	-6.59116503826741e-4	0.3891799900959431	-0.0016936032699529373	0.9986487007447662	NA	d__Bacteria	p__Pseudomonadota	c__Gammaproteobacteria	o__Lysobacterales	f__Rhodanobacteraceae	g__Ahniella	NA
4804669ff00c7ec682696fdd03d60923	1.0531791811445184	-6.59116503826741e-4	0.3891799900959431	-0.0016936032699529373	0.9986487007447662	NA	d__Bacteria	p__Pseudomonadota	c__Gammaproteobacteria	o__Lysobacterales	f__Lysobacteraceae	g__Arenimonas	NA
ff9d93d7b7e46787568f2d241caeaf3b	1.1253604727068007	0.17768046089667439	0.3824595090499531	0.46457325989368337	0.6422370851557442	NA	d__Bacteria	p__Pseudomonadota	c__Gammaproteobacteria	o__Pseudomonadales	f__Pseudomonadaceae	g__Pseudomonas	NA
3f4ed624f5d48912e38e325830488c41	1.0531791811445184	-6.59116503826741e-4	0.3891799900959431	-0.0016936032699529373	0.9986487007447662	NA	d__Bacteria	p__Pseudomonadota	c__Gammaproteobacteria	o__R7C24	f__Incertae_Sedis	g__Incertae_Sedis	NA
ade04fd51fe2a7ea6a5de7be6c690573	1.0531791811445184	-6.59116503826741e-4	0.3891799900959431	-0.0016936032699529373	0.9986487007447662	NA	d__Bacteria	p__Pseudomonadota	c__Gammaproteobacteria	o__JG36-TzT-191	f__Incertae_Sedis	g__Incertae_Sedis	NA
1f45933646ae2b2dc3a03d83d865ec78	1.0531791811445184	-6.59116503826741e-4	0.3891799900959431	-0.0016936032699529373	0.9986487007447662	NA	d__Bacteria	p__Pseudomonadota	c__Gammaproteobacteria	o__Gammaproteobacteria_Incertae_Sedis	f__Unknown_Family	g__Acidibacter	NA
08ff68f5cebffbf00b63740f6ef7f364	1.0531791811445184	-6.59116503826741e-4	0.3891799900959431	-0.0016936032699529373	0.9986487007447662	NA	d__Bacteria	p__Pseudomonadota	c__Gammaproteobacteria	o__Steroidobacterales	f__Steroidobacteraceae	g__Incertae_Sedis	NA
bd5081f7ae4e0d4cd45c407f23068f16	1.16866924764417	-6.591259788530187e-4	0.39220823594371673	-0.0016805510910984684	0.9986591148619384	NA	d__Bacteria	p__Pseudomonadota	c__Gammaproteobacteria	o__Enterobacterales	f__Enterobacteriaceae	g__Escherichia-Shigella	NA
5d92d8822552c057f2320aabf55a4247	1.2121155168160818	-6.591186688884895e-4	0.3947747853110507	-0.0016696068072563376	0.9986678471247942	0.9990603906560739	d__Bacteria	p__Pseudomonadota	c__Gammaproteobacteria	o__Enterobacterales	f__Enterobacteriaceae	g__Escherichia-Shigella	NA
ecdee0aca044f2ca5423a3cd3dd03448	1.3277055791226733	-6.590452035087943e-4	0.41152151618032407	-0.0016014841936478677	0.9987222010337248	0.9990603906560739	d__Bacteria	p__Pseudomonadota	c__Gammaproteobacteria	o__Enterobacterales	f__Enterobacteriaceae	g__Escherichia-Shigella	NA
50bd7aa8db48727b2746ad7ef1eb554f	1.2562031750408782	-0.7116301164671237	0.36485940158169133	-1.9504228570845559	0.05112573973097487	0.15462918728841107	d__Bacteria	p__Pseudomonadota	c__Gammaproteobacteria	o__Enterobacterales	f__Enterobacteriaceae	g__Escherichia-Shigella	NA
70b61774c9afaef3bb3195d1897df968	1.3133288076298302	0.5588983067733255	0.38929806535167355	1.4356565226401603	0.1511001025307602	0.29146340348216204	d__Bacteria	p__Pseudomonadota	c__Gammaproteobacteria	o__Enterobacterales	f__Enterobacteriaceae	g__Aquamonas	NA
c36c7aa5e6c47fc763828a8add383940	1.0387148832605266	-0.03913446983503787	0.3908602901955666	-0.10012393383696505	0.9202459343512908	NA	d__Bacteria	p__Pseudomonadota	c__Gammaproteobacteria	o__Enterobacterales	f__Pasteurellaceae	g__Haemophilus	NA
8e2cd06fd189258064f799d1ea5d5c7f	1.0531791811445184	-6.59116503826741e-4	0.3891799900959431	-0.0016936032699529373	0.9986487007447662	NA	d__Bacteria	p__Pseudomonadota	c__Gammaproteobacteria	o__Enterobacterales	f__Pasteurellaceae	g__Haemophilus	NA
394eda29c886632f514dd94b58381186	17.08632161206177	2.696243906130841	0.6709540274202654	4.018522575231514	5.856419894602463e-5	7.021123626450369e-4	d__Bacteria	p__Pseudomonadota	c__Gammaproteobacteria	o__Enterobacterales	f__Pasteurellaceae	g__Haemophilus	NA
d4323ab1fd41d176de5cdd8311cd3101	1.0531791811445184	-6.59116503826741e-4	0.3891799900959431	-0.0016936032699529373	0.9986487007447662	NA	d__Bacteria	p__Pseudomonadota	c__Gammaproteobacteria	o__Enterobacterales	f__Pasteurellaceae	g__Actinobacillus	NA
ca9c66d47347c03d0343d6fe03ed8636	1.7767178641609953	0.6354449378218132	0.48915776939058797	1.2990592761379944	0.19392358740245233	0.34043312724221597	d__Bacteria	p__Pseudomonadota	c__Gammaproteobacteria	o__Enterobacterales	f__Pasteurellaceae	g__Haemophilus	NA
f3384f1f36a908bd09b3c265bac26f8c	1.2691808954258463	0.5062161982029679	0.38360594545697824	1.3196255277011617	0.18696007548521484	0.333708115192179	d__Bacteria	p__Pseudomonadota	c__Gammaproteobacteria	o__Enterobacterales	f__Pasteurellaceae	NA	NA
b4bb370a59f2637d406ccc0f5a1b2a1e	10.250553980989032	4.151019688130645	0.6866134483181833	6.045642855231438	1.4881542283716454e-9	1.151425405685199e-7	d__Bacteria	p__Pseudomonadota	c__Gammaproteobacteria	o__Enterobacterales	f__Morganellaceae	g__Morganella	NA
63afe8e6aac58bf0d670a82ca5bc574c	1.038742922832062	-6.59113222794125e-4	0.38896199360802225	-0.0016945440264745982	0.9986479501307391	NA	d__Bacteria	p__Pseudomonadota	c__Gammaproteobacteria	o__Enterobacterales	f__Yersiniaceae	NA	NA
945184b6386c192c0066e0a98a154780	17.62113319822907	-3.3187076831711173	0.6403114571477418	-5.182958458925993	2.183936942514005e-7	6.853707993124834e-6	d__Bacteria	p__Pseudomonadota	c__Gammaproteobacteria	o__Enterobacterales	f__Enterobacteriaceae	NA	NA
db2c9e372a6b791fdad2f43b5e74533d	1.038742922832062	-6.59113222794125e-4	0.38896199360802225	-0.0016945440264745982	0.9986479501307391	NA	d__Bacteria	p__Pseudomonadota	c__Gammaproteobacteria	o__Enterobacterales	f__Enterobacteriaceae	NA	NA
4d72007c70f4abc0bf9e8fe8b826d07d	1.0387148832605266	-0.03913446983503787	0.3908602901955666	-0.10012393383696505	0.9202459343512908	NA	d__Bacteria	p__Pseudomonadota	c__Gammaproteobacteria	o__Enterobacterales	f__Enterobacteriaceae	NA	NA
c939ee112ba982665e012437dae05c1e	1.5871776226272325	1.0667083793000693	0.4510046735530793	2.3651825398978423	0.018021186067766225	0.07031154559355902	d__Bacteria	p__Pseudomonadota	c__Gammaproteobacteria	o__Enterobacterales	f__Enterobacteriaceae	NA	NA
4cbfff144d4e7a4e0f4619ed505be070	1.2408505392064524	0.42386796972157825	0.391447997027071	1.0828206375833498	0.27888804338964795	0.4252612279555311	d__Bacteria	p__Pseudomonadota	c__Gammaproteobacteria	o__Enterobacterales	f__Enterobacteriaceae	NA	NA
40c00caf4aba9abc8cf5384e6e8e438c	1.0387225030027176	-6.591132247366227e-4	0.3889616751283165	-0.0016945454189520974	0.9986479490197044	NA	d__Bacteria	p__Pseudomonadota	c__Gammaproteobacteria	o__Enterobacterales	f__Enterobacteriaceae	NA	NA
be55f2c3cea91fd2eed842b94a484d20	1.0387304233561945	-0.03913395526143773	0.390860505960274	-0.10012256205137082	0.9202470234054324	NA	d__Bacteria	p__Pseudomonadota	c__Gammaproteobacteria	o__Enterobacterales	f__Enterobacteriaceae	NA	NA
d509a9b999e826dc5f7982d3b443a791	1.0387148832605266	-0.03913446983503787	0.3908602901955666	-0.10012393383696505	0.9202459343512908	NA	d__Bacteria	p__Pseudomonadota	c__Gammaproteobacteria	o__Enterobacterales	f__Enterobacteriaceae	g__Escherichia-Shigella	NA
f57cabd02554d88ba107201d7c772fbd	46.61357984420034	-3.072410339051628	0.7900214829226173	-3.889021255074618	1.0064930382067994e-4	0.0011004125775695716	d__Bacteria	p__Pseudomonadota	c__Gammaproteobacteria	o__Enterobacterales	f__Enterobacteriaceae	g__Escherichia-Shigella	NA
551d5342b46ac267bc6a5da9d67b261a	1.0386805954253813	0.06645873191826909	0.39471031275526086	0.16837343684880274	0.8662895040793808	NA	d__Bacteria	p__Pseudomonadota	c__Gammaproteobacteria	o__Enterobacterales	f__Enterobacteriaceae	g__Escherichia-Shigella	NA
0be1484f101c08a77a6f34e40dd2f642	1.0531791811445184	-6.59116503826741e-4	0.3891799900959431	-0.0016936032699529373	0.9986487007447662	NA	d__Bacteria	p__Pseudomonadota	c__Gammaproteobacteria	o__Enterobacterales	f__Enterobacteriaceae	g__Escherichia-Shigella	NA
9c4d4b6d306824a963a9ea03bf5ed140	2.497206589284462	1.8606565098191732	0.5427544854314671	3.428173437092886	6.076571165575488e-4	0.005186961146935237	d__Bacteria	p__Pseudomonadota	c__Gammaproteobacteria	o__Enterobacterales	f__Enterobacteriaceae	g__Escherichia-Shigella	NA
39b7592a8a28facf6a3dfd81e013eaad	1.0531791811445184	-6.59116503826741e-4	0.3891799900959431	-0.0016936032699529373	0.9986487007447662	NA	d__Bacteria	p__Pseudomonadota	c__Gammaproteobacteria	o__Enterobacterales	f__Enterobacteriaceae	g__Escherichia-Shigella	NA
a3eab7cdcc6ff79cc81be0363a6ff21a	1.0531791811445184	-6.59116503826741e-4	0.3891799900959431	-0.0016936032699529373	0.9986487007447662	NA	d__Bacteria	p__Pseudomonadota	c__Gammaproteobacteria	o__Enterobacterales	f__Enterobacteriaceae	g__Escherichia-Shigella	NA
8bafedeb678c6cb11deef4768047bfc7	1.0531791811445184	-6.59116503826741e-4	0.3891799900959431	-0.0016936032699529373	0.9986487007447662	NA	d__Bacteria	p__Pseudomonadota	c__Gammaproteobacteria	o__Enterobacterales	f__Enterobacteriaceae	g__Escherichia-Shigella	NA
dd76ee315469214d08ce4659f45d97eb	1.3284669366539423	-0.6069174964727132	0.365568920778672	-1.6601999294140268	0.09687423885979886	0.2277620049644179	d__Bacteria	p__Pseudomonadota	c__Gammaproteobacteria	o__Enterobacterales	f__Enterobacteriaceae	g__Escherichia-Shigella	NA
9e787ce305381a372bbab3e55fdb8cc4	1.2410130323927298	-6.591077731437567e-4	0.39748892843974737	-0.0016581789478538052	0.9986769652247525	0.9990603906560739	d__Bacteria	p__Pseudomonadota	c__Gammaproteobacteria	o__Enterobacterales	f__Enterobacteriaceae	g__Escherichia-Shigella	NA
18c2c9764fa4936d514850289294ce15	1.4011452384038081	-1.0661748110556664	0.38856397060618725	-2.743884898520978	0.0060716822817062895	0.032788955793408306	d__Bacteria	p__Pseudomonadota	c__Gammaproteobacteria	o__Enterobacterales	f__Enterobacteriaceae	g__Escherichia-Shigella	NA
d46e2205f0c6ecf67b51f83d111c509c	3868.7093731071236	-0.6441017168213343	0.7075119715619921	-0.9103757147731856	0.3626244006711133	0.4964076681195218	d__Bacteria	p__Pseudomonadota	c__Gammaproteobacteria	o__Enterobacterales	f__Enterobacteriaceae	g__Escherichia-Shigella	NA
4850a238b7fbbd5ffa204c5a5a396f2c	1.038742922832062	-6.59113222794125e-4	0.38896199360802225	-0.0016945440264745982	0.9986479501307391	NA	d__Bacteria	p__Pseudomonadota	c__Gammaproteobacteria	o__Enterobacterales	f__Hafniaceae	g__Hafnia-Obesumbacterium	NA
59569afbca0342ed00919b6c31665ddc	1.139964968448468	0.21085846014277201	0.38147351173092037	0.552747317070615	0.5804364478635102	NA	d__Bacteria	p__Pseudomonadota	c__Gammaproteobacteria	o__Enterobacterales	f__Morganellaceae	g__Cosenzaea	NA
38eaa8f3d127290bf06b9a82171c37c0	1.3286523098081227	-0.8997136070393498	0.3775946136968134	-2.3827501092527967	0.01718385458165847	0.0685333247083574	d__Bacteria	p__Pseudomonadota	c__Gammaproteobacteria	o__Enterobacterales	f__Morganellaceae	g__Proteus	NA
bb7e5c6df18c100b97f890fc35eb2911	1.0387148832605266	-0.03913446983503787	0.3908602901955666	-0.10012393383696505	0.9202459343512908	NA	d__Bacteria	p__Pseudomonadota	c__Gammaproteobacteria	o__Enterobacterales	f__Morganellaceae	g__Proteus	NA
11f0558dca37009cbf1a6083b0b658e5	1.0531791811445184	-6.59116503826741e-4	0.3891799900959431	-0.0016936032699529373	0.9986487007447662	NA	d__Bacteria	p__Pseudomonadota	c__Gammaproteobacteria	o__Enterobacterales	f__Morganellaceae	g__Providencia	NA
3fe93561235ac9bb8279ec49fed55fbd	1.0531791811445184	-6.59116503826741e-4	0.3891799900959431	-0.0016936032699529373	0.9986487007447662	NA	d__Bacteria	p__Pseudomonadota	c__Gammaproteobacteria	o__Pseudomonadales	f__Moraxellaceae	g__Enhydrobacter	NA
8adadd953ff6f3831d8492aaecdbe713	1.0531791811445184	-6.59116503826741e-4	0.3891799900959431	-0.0016936032699529373	0.9986487007447662	NA	d__Bacteria	p__Pseudomonadota	c__Gammaproteobacteria	o__Enterobacterales	f__Succinivibrionaceae	g__Succinivibrio	NA
ad60a2e41201dc42447b53ee71937736	1.0531791811445184	-6.59116503826741e-4	0.3891799900959431	-0.0016936032699529373	0.9986487007447662	NA	d__Bacteria	p__Pseudomonadota	c__Gammaproteobacteria	o__Enterobacterales	f__Succinivibrionaceae	g__Succinivibrio	NA
4608fae4bbc9964cdd17af8782f2155e	1.0531791811445184	-6.59116503826741e-4	0.3891799900959431	-0.0016936032699529373	0.9986487007447662	NA	d__Bacteria	p__Pseudomonadota	c__Gammaproteobacteria	o__Burkholderiales	f__Oxalobacteraceae	g__Massilia	NA
6513039f8225f3c93ab2a462ab8b9c7f	1.110612874281424	-6.591251535944515e-4	0.3903043765492287	-0.001688746509639296	0.9986525758732944	NA	d__Bacteria	p__Pseudomonadota	c__Gammaproteobacteria	o__Burkholderiales	f__Neisseriaceae	g__Incertae_Sedis	NA
cc63a75851b8c19c41038012fcab77a2	1.0531791811445184	-6.59116503826741e-4	0.3891799900959431	-0.0016936032699529373	0.9986487007447662	NA	d__Bacteria	p__Pseudomonadota	c__Gammaproteobacteria	o__Burkholderiales	f__SC-I-84	g__Incertae_Sedis	NA
a79df03c29d5421b97a241db52f4f4ab	1.0531791811445184	-6.59116503826741e-4	0.3891799900959431	-0.0016936032699529373	0.9986487007447662	NA	d__Bacteria	p__Pseudomonadota	c__Gammaproteobacteria	o__Burkholderiales	f__SC-I-84	g__Incertae_Sedis	NA
4f824a5d5b0df86eb1225e6abfce7a93	1.0531791811445184	-6.59116503826741e-4	0.3891799900959431	-0.0016936032699529373	0.9986487007447662	NA	d__Bacteria	p__Pseudomonadota	c__Gammaproteobacteria	o__Burkholderiales	f__A21b	g__Incertae_Sedis	NA
e934de394d66c2b06ec85ba363b1f37a	1.0531791811445184	-6.59116503826741e-4	0.3891799900959431	-0.0016936032699529373	0.9986487007447662	NA	d__Bacteria	p__Pseudomonadota	c__Gammaproteobacteria	o__Burkholderiales	f__A21b	g__Incertae_Sedis	NA
8e7cdf0804e61520aff16b0d184b841b	1.0531791811445184	-6.59116503826741e-4	0.3891799900959431	-0.0016936032699529373	0.9986487007447662	NA	d__Bacteria	p__Pseudomonadota	c__Gammaproteobacteria	o__Burkholderiales	f__A21b	g__Incertae_Sedis	NA
1d8f612763d34c1a3ddbeb32073dcab6	1.0531791811445184	-6.59116503826741e-4	0.3891799900959431	-0.0016936032699529373	0.9986487007447662	NA	d__Bacteria	p__Pseudomonadota	c__Gammaproteobacteria	o__Burkholderiales	f__SC-I-84	g__Incertae_Sedis	NA
5a7c85d39e6fe84bdaa0bdfb9c3e22d9	1.0531791811445184	-6.59116503826741e-4	0.3891799900959431	-0.0016936032699529373	0.9986487007447662	NA	d__Bacteria	p__Pseudomonadota	c__Gammaproteobacteria	o__Burkholderiales	f__Nitrosomonadaceae	g__mle1-7	NA
a1af1932f736869ced05f2e1e8f655f5	1.0531791811445184	-6.59116503826741e-4	0.3891799900959431	-0.0016936032699529373	0.9986487007447662	NA	d__Bacteria	p__Pseudomonadota	c__Gammaproteobacteria	o__Burkholderiales	f__Nitrosomonadaceae	g__Ellin6067	NA
3e63f8a90d89bd302975337b3a1d295c	1.0531791811445184	-6.59116503826741e-4	0.3891799900959431	-0.0016936032699529373	0.9986487007447662	NA	d__Bacteria	p__Pseudomonadota	c__Gammaproteobacteria	o__Burkholderiales	f__Neisseriaceae	g__Incertae_Sedis	NA
4a1e5e44473fcf41f308288148927289	1.3125348065574276	0.5586672044926715	0.3892083686239511	1.43539360797365	0.15117496645045472	0.29146340348216204	d__Bacteria	p__Pseudomonadota	c__Gammaproteobacteria	o__Burkholderiales	f__Neisseriaceae	g__Incertae_Sedis	NA
52d998a538496179968dec55950d1516	1.2410650224950215	-0.6706121226027567	0.3618239163456693	-1.8534212148709537	0.06382200889439496	0.1827783518896916	d__Bacteria	p__Pseudomonadota	c__Gammaproteobacteria	o__Burkholderiales	f__Neisseriaceae	g__Eikenella	NA
4f5efd25dacb5d639316e7291ff6ff8b	1.1543204856627858	0.24327643805901927	0.38061818261163577	0.6391613674096245	0.5227179612804809	NA	d__Bacteria	p__Pseudomonadota	c__Gammaproteobacteria	o__Burkholderiales	f__Neisseriaceae	g__Neisseria	NA
c3872198144b62ba82c1558586a5ebe3	1.1538942356802422	-0.39917002411168634	0.36129909827594736	-1.1048187665467533	0.26923812710429446	NA	d__Bacteria	p__Pseudomonadota	c__Gammaproteobacteria	o__Burkholderiales	f__Neisseriaceae	g__Eikenella	NA
d2261d7f1ddc9f5f4c6f971b97f9a517	1.0531791811445184	-6.59116503826741e-4	0.3891799900959431	-0.0016936032699529373	0.9986487007447662	NA	d__Bacteria	p__Pseudomonadota	c__Gammaproteobacteria	o__Burkholderiales	f__Oxalobacteraceae	NA	NA
fec2da4ccc40b9ad85a020553063366b	1.0531791811445184	-6.59116503826741e-4	0.3891799900959431	-0.0016936032699529373	0.9986487007447662	NA	d__Bacteria	p__Pseudomonadota	c__Gammaproteobacteria	o__Burkholderiales	f__Oxalobacteraceae	NA	NA
b600d65ed89ddbd1e326cd0b04be1d7a	1.2708414351780242	0.4795792501154062	0.38269637964374387	1.2531585758972992	0.21014800202573744	0.35730276179661874	d__Bacteria	p__Pseudomonadota	c__Gammaproteobacteria	o__Burkholderiales	f__Oxalobacteraceae	NA	NA
6fe33250c45ddbda2700682431270ddc	1.0242342789738461	-0.03913577409952159	0.3906558585496348	-0.10017966771269908	0.9202016876155734	NA	d__Bacteria	p__Pseudomonadota	c__Gammaproteobacteria	o__Burkholderiales	f__Sutterellaceae	g__Sutterella	NA
3652788e84d52e1a7133359c67311619	1.4577443992175882	0.7961914430617792	0.439198431798361	1.8128285199053629	0.06985827371753714	0.19258455174132758	d__Bacteria	p__Pseudomonadota	c__Gammaproteobacteria	o__Burkholderiales	f__Sutterellaceae	g__Sutterella	NA
f6cba9b8a57bb49f57a00f18bf1e64b0	3.3408497055988136	2.370573166825751	0.5779850924798636	4.101443441481735	4.1058086967644206e-5	5.476122349309546e-4	d__Bacteria	p__Pseudomonadota	c__Gammaproteobacteria	o__Burkholderiales	f__Sutterellaceae	g__Sutterella	NA
8cde5eace37ee2a7ee97a22d324d510b	1.0531791811445184	-6.59116503826741e-4	0.3891799900959431	-0.0016936032699529373	0.9986487007447662	NA	d__Bacteria	p__Pseudomonadota	c__Gammaproteobacteria	o__Burkholderiales	f__Sutterellaceae	g__Sutterella	NA
21401b105dc53b367b8fdc0ec97a9f02	69.88448438306649	0.9594104430078927	0.8378052752450682	1.1451472929998603	0.2521481475079259	0.4057949824901312	d__Bacteria	p__Pseudomonadota	c__Gammaproteobacteria	o__Burkholderiales	f__Sutterellaceae	g__Sutterella	NA
eb736939d75ad207f5c1a4f3053d2ee4	1.0242899114153634	-0.07866264542461261	0.3926516009383338	-0.20033700419565242	0.8412170239517719	NA	d__Bacteria	p__Pseudomonadota	c__Gammaproteobacteria	o__Burkholderiales	f__Sutterellaceae	g__Sutterella	NA
d23a867d55cfafa513f34ea224089f8e	1.0531791811445184	-6.59116503826741e-4	0.3891799900959431	-0.0016936032699529373	0.9986487007447662	NA	d__Bacteria	p__Pseudomonadota	c__Gammaproteobacteria	o__Burkholderiales	f__Sutterellaceae	g__Sutterella	NA
5b7e242f5faf6839260511c704d90a14	1.2119780225815395	-6.591187097725406e-4	0.39476752005411214	-0.0016696376380766912	0.9986678225253929	0.9990603906560739	d__Bacteria	p__Pseudomonadota	c__Gammaproteobacteria	o__Burkholderiales	f__Sutterellaceae	g__Sutterella	NA
f179bd107516ffa74815272feed765a8	1.0531791811445184	-6.59116503826741e-4	0.3891799900959431	-0.0016936032699529373	0.9986487007447662	NA	d__Bacteria	p__Pseudomonadota	c__Gammaproteobacteria	o__Burkholderiales	f__Sutterellaceae	g__Sutterella	NA
06c89d0310c1277e6797f95171429317	1.0531791811445184	-6.59116503826741e-4	0.3891799900959431	-0.0016936032699529373	0.9986487007447662	NA	d__Bacteria	p__Pseudomonadota	c__Gammaproteobacteria	o__Burkholderiales	f__Sutterellaceae	g__Sutterella	NA
40c89594b6b2d71ed7ab90eb09c61288	1.1832180012394335	0.30601825990298265	0.37941672201211174	0.8065492165978229	0.4199262418123	NA	d__Bacteria	p__Pseudomonadota	c__Gammaproteobacteria	o__Burkholderiales	f__Sutterellaceae	g__Sutterella	NA
cdef896edca66918c640aeadee6f1809	1.1395063707465674	-6.591267235197819e-4	0.3911118243023214	-0.001685264117738078	0.9986553544160731	NA	d__Bacteria	p__Pseudomonadota	c__Gammaproteobacteria	o__Burkholderiales	f__Sutterellaceae	g__Sutterella	NA
ed0b2c436e0aa37c7501df9927eca476	1.0242962054687381	0.06645571672536628	0.39450899137186834	0.16845171638363096	0.866227925538395	NA	d__Bacteria	p__Pseudomonadota	c__Gammaproteobacteria	o__Burkholderiales	f__Sutterellaceae	g__Sutterella	NA
aece197f1dcbc89d27c3a60dd4477d52	1.0531791811445184	-6.59116503826741e-4	0.3891799900959431	-0.0016936032699529373	0.9986487007447662	NA	d__Bacteria	p__Pseudomonadota	c__Gammaproteobacteria	o__Burkholderiales	f__Sutterellaceae	g__Sutterella	NA
1748af885d51d419f6f9b79bdcdaa1a9	1.0531791811445184	-6.59116503826741e-4	0.3891799900959431	-0.0016936032699529373	0.9986487007447662	NA	d__Bacteria	p__Pseudomonadota	c__Gammaproteobacteria	o__Burkholderiales	f__Sutterellaceae	g__Sutterella	NA
d86ba22052f74b04328616f924d93032	1.1836378551908306	-6.591243922456046e-4	0.3929327878317674	-0.0016774481861966837	0.9986615906183636	NA	d__Bacteria	p__Pseudomonadota	c__Gammaproteobacteria	o__Burkholderiales	f__Sutterellaceae	g__Sutterella	NA
d37c35f73fc21285f14723633ad2fbcd	78.5811342820422	-2.073239918072004	0.7756155712405376	-2.6730251363520403	0.007517061764513806	0.03816324956647923	d__Bacteria	p__Pseudomonadota	c__Gammaproteobacteria	o__Burkholderiales	f__Sutterellaceae	g__Sutterella	NA
6ee91bd06f6e189fe0bf12eafec77e58	1.0387205801281543	0.06645645099535044	0.39471072904340715	0.1683674805506543	0.86629418963036	NA	d__Bacteria	p__Pseudomonadota	c__Gammaproteobacteria	o__Burkholderiales	f__Sutterellaceae	g__Sutterella	NA
0c1f135a432920cdc89f2d08d4946c4d	1.0531791811445184	-6.59116503826741e-4	0.3891799900959431	-0.0016936032699529373	0.9986487007447662	NA	d__Bacteria	p__Pseudomonadota	c__Gammaproteobacteria	o__Burkholderiales	f__Sutterellaceae	g__Sutterella	NA
dbcdaca3ee9e9fe75d8829e87b8551dc	33.546298192130386	1.739776973677757	0.8035649108146139	2.165073350345846	0.030382068461600954	0.10594008839388307	d__Bacteria	p__Pseudomonadota	c__Gammaproteobacteria	o__Burkholderiales	f__Sutterellaceae	g__Sutterella	NA
8cd3a754b6daeaa0ff3c1bb084886b17	1.038742922832062	-0.0391335405035363	0.3908606794902159	-0.10012145646007836	0.9202479011292768	NA	d__Bacteria	p__Pseudomonadota	c__Gammaproteobacteria	o__Burkholderiales	f__Sutterellaceae	g__Sutterella	NA
16c0796c006308528e5db2d872fa458b	1.0531791811445184	-6.59116503826741e-4	0.3891799900959431	-0.0016936032699529373	0.9986487007447662	NA	d__Bacteria	p__Pseudomonadota	c__Gammaproteobacteria	o__Burkholderiales	f__Sutterellaceae	g__Sutterella	NA
2bfa557403fda092b8fd1a03217d7f7d	1.038742922832062	-0.0391335405035363	0.3908606794902159	-0.10012145646007836	0.9202479011292768	NA	d__Bacteria	p__Pseudomonadota	c__Gammaproteobacteria	o__Burkholderiales	f__Sutterellaceae	g__Sutterella	NA
ab2e88891faaeca1271f08a7e208c1b8	1.2123272035557604	-0.5856904233133574	0.3527259510092671	-1.6604687623280932	0.09682018701731988	0.2277620049644179	d__Bacteria	p__Pseudomonadota	c__Gammaproteobacteria	o__Burkholderiales	f__Sutterellaceae	g__Parasutterella	NA
ac26691b1cdabb4d1fba5fc650c1b2d5	1.0387111791071326	0.06645698849920492	0.3947106312532221	0.1683688840308185	0.8662930855754228	NA	d__Bacteria	p__Pseudomonadota	c__Gammaproteobacteria	o__Burkholderiales	f__Sutterellaceae	g__Parasutterella	NA
69a11f927915e2a3ba1f7b9c84486527	513.2850416705866	-0.4633953350119382	0.7839848498588163	-0.5910769003959561	0.5544688965067696	0.6761352143688265	d__Bacteria	p__Pseudomonadota	c__Gammaproteobacteria	o__Burkholderiales	f__Sutterellaceae	g__Parasutterella	NA
c2fce4d038c0d3e28601144696c09504	1.0531791811445184	-6.59116503826741e-4	0.3891799900959431	-0.0016936032699529373	0.9986487007447662	NA	d__Bacteria	p__Pseudomonadota	c__Gammaproteobacteria	o__Burkholderiales	f__Sutterellaceae	g__Parasutterella	NA
c1a0435d7cc9aee9c98e02da7322bacd	1.1830663935083063	0.3060052949488357	0.3794111284555904	0.8065269360823539	0.41993908314857104	NA	d__Bacteria	p__Pseudomonadota	c__Gammaproteobacteria	o__Burkholderiales	f__Sutterellaceae	g__Parasutterella	NA
b0b2f7e520da337e3ccdcaf3e0cccb0c	1.1395063707465674	0.2108301148557405	0.3814620075898292	0.5526896798656753	0.5804759213041253	NA	d__Bacteria	p__Pseudomonadota	c__Gammaproteobacteria	o__Burkholderiales	f__Sutterellaceae	g__Parasutterella	NA
a4a05d57d649b1866bdc41fe852052c7	1.0531791811445184	-6.59116503826741e-4	0.3891799900959431	-0.0016936032699529373	0.9986487007447662	NA	d__Bacteria	p__Pseudomonadota	c__Gammaproteobacteria	o__Burkholderiales	f__Sutterellaceae	g__Parasutterella	NA
c845eda99662b5a88a8c8e979ec07dd0	1.1543204856627858	0.24327643805901927	0.38061818261163577	0.6391613674096245	0.5227179612804809	NA	d__Bacteria	p__Pseudomonadota	c__Gammaproteobacteria	o__Burkholderiales	f__Burkholderiaceae	g__Lautropia	NA
9af5372058f5a2f86b5b945b62f46feb	1.0531791811445184	-6.59116503826741e-4	0.3891799900959431	-0.0016936032699529373	0.9986487007447662	NA	d__Bacteria	p__Pseudomonadota	c__Gammaproteobacteria	o__Burkholderiales	f__Comamonadaceae	NA	NA
9282e20164736c7ada9bd98d04654b5e	1.1975801352671915	0.43326291635716996	0.3894412946666766	1.112524332397776	0.26591277415878506	0.4209628041949906	d__Bacteria	p__Pseudomonadota	c__Gammaproteobacteria	o__Burkholderiales	f__Sutterellaceae	g__Sutterella	NA
4b44a8fdda93baa3c8dba677986a246e	1.0531791811445184	-6.59116503826741e-4	0.3891799900959431	-0.0016936032699529373	0.9986487007447662	NA	d__Bacteria	p__Pseudomonadota	c__Gammaproteobacteria	o__Burkholderiales	f__Nitrosomonadaceae	g__MND1	NA
aa388a5d51a4643cfb007dc0b081257a	1.0531791811445184	-6.59116503826741e-4	0.3891799900959431	-0.0016936032699529373	0.9986487007447662	NA	d__Bacteria	p__Pseudomonadota	c__Gammaproteobacteria	o__Burkholderiales	f__Nitrosomonadaceae	g__GOUTA6	NA
199c1f47723143d72682c4ced6bac9ac	1.0386805954253813	0.06645873191826909	0.39471031275526086	0.16837343684880274	0.8662895040793808	NA	d__Bacteria	p__Campylobacterota	c__Campylobacteria	o__Campylobacterales	f__Campylobacteraceae	g__Campylobacter	NA
310ab433faac5fab0765d87127d7578f	1.0531791811445184	-6.59116503826741e-4	0.3891799900959431	-0.0016936032699529373	0.9986487007447662	NA	d__Bacteria	p__Campylobacterota	c__Campylobacteria	o__Campylobacterales	f__Campylobacteraceae	g__Campylobacter	NA
9104e464668ba956eb9de3d3d2f9eb19	98.80331288812305	-0.6790541015692624	0.6881300786935702	-0.9868106664636157	0.3237354646916722	0.46631086824824164	d__Bacteria	p__Campylobacterota	c__Campylobacteria	o__Campylobacterales	f__Campylobacteraceae	g__Campylobacter	NA
c4d97dd6e01de35fd44a216238c03e34	1.0531791811445184	-6.59116503826741e-4	0.3891799900959431	-0.0016936032699529373	0.9986487007447662	NA	d__Bacteria	p__Campylobacterota	c__Campylobacteria	o__Campylobacterales	f__Campylobacteraceae	g__Campylobacter	NA
6df3c15ec9eab9b36fea7edbebb9aa8d	1.2403933139555459	0.4237441487314009	0.3914524710830817	1.0824919499396024	0.2790339904873597	0.4252612279555311	d__Bacteria	p__Campylobacterota	c__Campylobacteria	o__Campylobacterales	f__Campylobacteraceae	g__Campylobacter	NA
50d2bcfe618afef2607f5475a1d512e4	2.8397753679045907	2.0899570746200453	0.5500689360344853	3.7994457379956836	1.4502005906375933e-4	0.001487850029048377	d__Bacteria	p__Campylobacterota	c__Campylobacteria	o__Campylobacterales	f__Campylobacteraceae	g__Campylobacter	NA
d3e280b7fc88765c0b66e5bd845d439f	1.0531791811445184	-6.59116503826741e-4	0.3891799900959431	-0.0016936032699529373	0.9986487007447662	NA	d__Bacteria	p__Campylobacterota	c__Campylobacteria	o__Campylobacterales	f__Campylobacteraceae	g__Campylobacter	NA
8365c56e7d1f57079c8821b426206d94	991.3709450714584	0.8919483470366533	0.7860562318447234	1.134713155245168	0.25649552355161515	0.41031592748061974	d__Bacteria	p__Campylobacterota	c__Campylobacteria	o__Campylobacterales	f__Campylobacteraceae	g__Campylobacter	NA
1f8f31872fb44c8c3e8d4116f774a2b4	1.0531791811445184	-6.59116503826741e-4	0.3891799900959431	-0.0016936032699529373	0.9986487007447662	NA	d__Bacteria	p__Campylobacterota	c__Campylobacteria	o__Campylobacterales	f__Campylobacteraceae	g__Campylobacter	NA
a6f150307a48d996f282bab7ffe7405f	1.0531791811445184	-6.59116503826741e-4	0.3891799900959431	-0.0016936032699529373	0.9986487007447662	NA	d__Bacteria	p__Campylobacterota	c__Campylobacteria	o__Campylobacterales	f__Campylobacteraceae	g__Campylobacter	NA
3839eb0c980882d7adf3aa431c4e7910	1.2109776098362992	-6.591190064868772e-4	0.3947148013204079	-0.0016698613892409887	0.9986676439980423	0.9990603906560739	d__Bacteria	p__Campylobacterota	c__Campylobacteria	o__Campylobacterales	f__Campylobacteraceae	g__Campylobacter	NA
2031f98bfcb31c0d0003b9ad0a9de157	1.0531791811445184	-6.59116503826741e-4	0.3891799900959431	-0.0016936032699529373	0.9986487007447662	NA	d__Bacteria	p__Campylobacterota	c__Campylobacteria	o__Campylobacterales	f__Campylobacteraceae	g__Campylobacter	NA
87a7bc7a44c3ce7afdafcdbb020d3d42	1.0531791811445184	-6.59116503826741e-4	0.3891799900959431	-0.0016936032699529373	0.9986487007447662	NA	d__Bacteria	p__Acidobacteriota	c__Acidobacteriae	o__Subgroup_2	f__Incertae_Sedis	g__Incertae_Sedis	NA
96f6ae7bdd6e03adf2e2c2143240384b	1.0531791811445184	-6.59116503826741e-4	0.3891799900959431	-0.0016936032699529373	0.9986487007447662	NA	d__Bacteria	p__Acidobacteriota	c__Acidobacteriae	o__Subgroup_2	f__Incertae_Sedis	g__Incertae_Sedis	NA
421e1ceb06cb5b4c61b2580c7892ffad	1.0531791811445184	-6.59116503826741e-4	0.3891799900959431	-0.0016936032699529373	0.9986487007447662	NA	d__Bacteria	p__Acidobacteriota	c__Acidobacteriae	o__Subgroup_2	f__Incertae_Sedis	g__Incertae_Sedis	NA
da970e482dfe05782437a7463b5c71b7	1.0531791811445184	-6.59116503826741e-4	0.3891799900959431	-0.0016936032699529373	0.9986487007447662	NA	d__Bacteria	p__Acidobacteriota	c__Acidobacteriae	o__Subgroup_2	f__Incertae_Sedis	g__Incertae_Sedis	NA
1fde572bf665afdc27e7e75cd898ac29	1.0531791811445184	-6.59116503826741e-4	0.3891799900959431	-0.0016936032699529373	0.9986487007447662	NA	d__Bacteria	p__Acidobacteriota	c__Acidobacteriae	o__Subgroup_2	f__Incertae_Sedis	g__Incertae_Sedis	NA
7c2a31114b8ebe9ab185f4339d220f57	1.0531791811445184	-6.59116503826741e-4	0.3891799900959431	-0.0016936032699529373	0.9986487007447662	NA	d__Bacteria	p__Acidobacteriota	c__Acidobacteriae	o__Subgroup_2	f__Incertae_Sedis	g__Incertae_Sedis	NA
f0816e1099f91abe999b985664f1efea	1.0531791811445184	-6.59116503826741e-4	0.3891799900959431	-0.0016936032699529373	0.9986487007447662	NA	d__Bacteria	p__Acidobacteriota	c__Acidobacteriae	o__Subgroup_2	f__Incertae_Sedis	g__Incertae_Sedis	NA
548f66148663c88b329bc7d20a2d46a5	1.0531791811445184	-6.59116503826741e-4	0.3891799900959431	-0.0016936032699529373	0.9986487007447662	NA	d__Bacteria	p__Acidobacteriota	c__Acidobacteriae	o__Subgroup_2	f__Incertae_Sedis	g__Incertae_Sedis	NA
eb9e5762c6738498daa59b3d44d43e82	1.0531791811445184	-6.59116503826741e-4	0.3891799900959431	-0.0016936032699529373	0.9986487007447662	NA	d__Bacteria	p__Acidobacteriota	c__Acidobacteriae	o__Terriglobales	f__Incertae_Sedis	g__Incertae_Sedis	NA
202f505123c72e7cf838be7c86ebf7a6	1.0531791811445184	-6.59116503826741e-4	0.3891799900959431	-0.0016936032699529373	0.9986487007447662	NA	d__Bacteria	p__Acidobacteriota	c__Acidobacteriae	o__Terriglobales	f__Incertae_Sedis	g__Incertae_Sedis	NA
d29f5c2276e5c39023b2a73593ed907b	1.0531791811445184	-6.59116503826741e-4	0.3891799900959431	-0.0016936032699529373	0.9986487007447662	NA	d__Bacteria	p__Acidobacteriota	c__Acidobacteriae	o__Terriglobales	f__Incertae_Sedis	g__Incertae_Sedis	NA
84a29877f28a3309c0acba3ff63a32de	1.0531791811445184	-6.59116503826741e-4	0.3891799900959431	-0.0016936032699529373	0.9986487007447662	NA	d__Bacteria	p__Acidobacteriota	c__Acidobacteriae	o__Terriglobales	f__Incertae_Sedis	g__Incertae_Sedis	NA
ceb36da1a26eecc6429aa5cefb368a09	1.0531791811445184	-6.59116503826741e-4	0.3891799900959431	-0.0016936032699529373	0.9986487007447662	NA	d__Bacteria	p__Acidobacteriota	c__Acidobacteriae	o__Terriglobales	f__Incertae_Sedis	g__Incertae_Sedis	NA
2863313205c6e7fe577361c0fce7f94b	1.0531791811445184	-6.59116503826741e-4	0.3891799900959431	-0.0016936032699529373	0.9986487007447662	NA	d__Bacteria	p__Acidobacteriota	c__Acidobacteriae	o__Terriglobales	f__Incertae_Sedis	g__Incertae_Sedis	NA
0c0641127df64e7dbb361a6fc16d34a5	1.0531791811445184	-6.59116503826741e-4	0.3891799900959431	-0.0016936032699529373	0.9986487007447662	NA	d__Bacteria	p__Acidobacteriota	c__Acidobacteriae	o__Terriglobales	f__Incertae_Sedis	g__Incertae_Sedis	NA
4542e210503a0deaa85d8f51bd802105	1.0531791811445184	-6.59116503826741e-4	0.3891799900959431	-0.0016936032699529373	0.9986487007447662	NA	d__Bacteria	p__Acidobacteriota	c__Subgroup_5	o__Incertae_Sedis	f__Incertae_Sedis	g__Incertae_Sedis	NA
73cc351d044ed1f086350eb35945b662	1.0531791811445184	-6.59116503826741e-4	0.3891799900959431	-0.0016936032699529373	0.9986487007447662	NA	d__Bacteria	p__Acidobacteriota	c__Subgroup_5	o__Incertae_Sedis	f__Incertae_Sedis	g__Incertae_Sedis	NA
4a5cf75f959f95005df0c73dc649cae2	1.0531791811445184	-6.59116503826741e-4	0.3891799900959431	-0.0016936032699529373	0.9986487007447662	NA	d__Bacteria	p__Acidobacteriota	c__Holophagae	o__Subgroup_7	f__Incertae_Sedis	g__Incertae_Sedis	NA
76fed0c69c769fe95c07daed890c69b6	1.0531791811445184	-6.59116503826741e-4	0.3891799900959431	-0.0016936032699529373	0.9986487007447662	NA	d__Bacteria	p__Acidobacteriota	c__Holophagae	o__Subgroup_7	f__Incertae_Sedis	g__Incertae_Sedis	NA
0f9bf2d38b92641cc4f869f14a6da831	1.0531791811445184	-6.59116503826741e-4	0.3891799900959431	-0.0016936032699529373	0.9986487007447662	NA	d__Bacteria	p__Acidobacteriota	c__Holophagae	o__Subgroup_7	f__Incertae_Sedis	g__Incertae_Sedis	NA
cf65a38e7a7e0fc7bf6df77a8a4cf68f	1.0531791811445184	-6.59116503826741e-4	0.3891799900959431	-0.0016936032699529373	0.9986487007447662	NA	d__Bacteria	p__Acidobacteriota	c__Holophagae	o__Subgroup_7	f__Incertae_Sedis	g__Incertae_Sedis	NA
ed56f5a06d3ad03cda9c8c992220b7f1	1.0531791811445184	-6.59116503826741e-4	0.3891799900959431	-0.0016936032699529373	0.9986487007447662	NA	d__Bacteria	p__Acidobacteriota	c__Thermoanaerobaculia	o__Thermoanaerobaculales	f__Thermoanaerobaculaceae	g__Subgroup_10	NA
5958fd2b7ec972907e061e8f4d0c49b8	1.0531791811445184	-6.59116503826741e-4	0.3891799900959431	-0.0016936032699529373	0.9986487007447662	NA	d__Bacteria	p__Acidobacteriota	c__Subgroup_22	o__Incertae_Sedis	f__Incertae_Sedis	g__Incertae_Sedis	NA
7625543d02304c6a42e1c6d0dfe96791	1.0531791811445184	-6.59116503826741e-4	0.3891799900959431	-0.0016936032699529373	0.9986487007447662	NA	d__Bacteria	p__Acidobacteriota	c__Subgroup_22	o__Incertae_Sedis	f__Incertae_Sedis	g__Incertae_Sedis	NA
811ef0f05f1341efae2dabdf27a7b79a	1.0531791811445184	-6.59116503826741e-4	0.3891799900959431	-0.0016936032699529373	0.9986487007447662	NA	d__Bacteria	p__Acidobacteriota	c__Vicinamibacteria	o__Subgroup_17	f__Incertae_Sedis	g__Incertae_Sedis	NA
fd29f1993439b22d622c9c0794dc6f07	1.0531791811445184	-6.59116503826741e-4	0.3891799900959431	-0.0016936032699529373	0.9986487007447662	NA	d__Bacteria	p__Acidobacteriota	c__Vicinamibacteria	o__Vicinamibacterales	f__Incertae_Sedis	g__Incertae_Sedis	NA
28c5037a2188505b8ff92bfe42aae505	1.0531791811445184	-6.59116503826741e-4	0.3891799900959431	-0.0016936032699529373	0.9986487007447662	NA	d__Bacteria	p__Acidobacteriota	c__Vicinamibacteria	o__Vicinamibacterales	f__Vicinamibacteraceae	g__Incertae_Sedis	NA
3f48c674bfb96d735ee09bd32ac101da	1.0531791811445184	-6.59116503826741e-4	0.3891799900959431	-0.0016936032699529373	0.9986487007447662	NA	d__Bacteria	p__Acidobacteriota	c__Vicinamibacteria	o__Vicinamibacterales	f__Incertae_Sedis	g__Incertae_Sedis	NA
09aa002a2f42aaa4bce28e5c6737e22a	1.0531791811445184	-6.59116503826741e-4	0.3891799900959431	-0.0016936032699529373	0.9986487007447662	NA	d__Bacteria	p__Acidobacteriota	c__Vicinamibacteria	o__Vicinamibacterales	f__Incertae_Sedis	g__Incertae_Sedis	NA
1da3700384049096a7cf88e23d5e7b4b	1.0531791811445184	-6.59116503826741e-4	0.3891799900959431	-0.0016936032699529373	0.9986487007447662	NA	d__Bacteria	p__Verrucomicrobiota	c__Verrucomicrobiia	o__Pedosphaerales	f__Pedosphaeraceae	g__Incertae_Sedis	NA
1cd2ee92fa127c7f5b53fe414444faea	1.0531791811445184	-6.59116503826741e-4	0.3891799900959431	-0.0016936032699529373	0.9986487007447662	NA	d__Bacteria	p__Verrucomicrobiota	c__Verrucomicrobiia	o__Pedosphaerales	f__Pedosphaeraceae	g__ADurb.Bin063-1	NA
c3ab1b8ef73a270555011875649d0a76	1.0531791811445184	-6.59116503826741e-4	0.3891799900959431	-0.0016936032699529373	0.9986487007447662	NA	d__Bacteria	p__Verrucomicrobiota	c__Verrucomicrobiia	o__Pedosphaerales	f__Pedosphaeraceae	g__Incertae_Sedis	NA
442107b053dcc602e8bdb265f185b79a	1.0531791811445184	-6.59116503826741e-4	0.3891799900959431	-0.0016936032699529373	0.9986487007447662	NA	d__Bacteria	p__Verrucomicrobiota	c__Verrucomicrobiia	o__Pedosphaerales	f__Pedosphaeraceae	g__Incertae_Sedis	NA
b2ed3fe36210d1424e41cfbd5f8049ea	1.0531791811445184	-6.59116503826741e-4	0.3891799900959431	-0.0016936032699529373	0.9986487007447662	NA	d__Bacteria	p__Verrucomicrobiota	c__Verrucomicrobiia	o__Pedosphaerales	f__Pedosphaeraceae	g__ADurb.Bin118	NA
665f31e57ce0e3c9693d87434f81ba80	1.0531791811445184	-6.59116503826741e-4	0.3891799900959431	-0.0016936032699529373	0.9986487007447662	NA	d__Bacteria	p__Verrucomicrobiota	c__Verrucomicrobiia	o__Chthoniobacterales	f__Chthoniobacteraceae	g__Chthoniobacter	NA
b0546a8c6a38415c52d2dc916319d3fd	1.0531791811445184	-6.59116503826741e-4	0.3891799900959431	-0.0016936032699529373	0.9986487007447662	NA	d__Bacteria	p__Verrucomicrobiota	c__Verrucomicrobiia	o__Chthoniobacterales	f__Chthoniobacteraceae	g__Candidatus_Udaeobacter	NA
a3f409a4744ac086bdf72f9ce6d26476	1.0531791811445184	-6.59116503826741e-4	0.3891799900959431	-0.0016936032699529373	0.9986487007447662	NA	d__Bacteria	p__Verrucomicrobiota	c__Verrucomicrobiia	o__Chthoniobacterales	f__Chthoniobacteraceae	g__Candidatus_Udaeobacter	NA
07b148ebe6cc2c05b1faa8d187c51114	1.0531791811445184	-6.59116503826741e-4	0.3891799900959431	-0.0016936032699529373	0.9986487007447662	NA	d__Bacteria	p__Verrucomicrobiota	c__Verrucomicrobiia	o__Verrucomicrobiales	f__Akkermansiaceae	g__Akkermansia	NA
7b28c20e72c6c95b3e604f0849245770	16.609525261920485	2.447867660899042	0.6892566712694974	3.551460236707572	3.830998742896031e-4	0.003554500572756578	d__Bacteria	p__Verrucomicrobiota	c__Verrucomicrobiia	o__Verrucomicrobiales	f__Akkermansiaceae	g__Akkermansia	NA
816a2fefa6390f837c349fbfda6eef68	1.2109017738852237	0.3660146302732234	0.37903222749158544	0.9656556981855823	0.33421649454867924	0.46631086824824164	d__Bacteria	p__Verrucomicrobiota	c__Verrucomicrobiia	o__Verrucomicrobiales	f__Akkermansiaceae	g__Akkermansia	NA
f2a24e999503e8addef5c9eed4946a69	1.2256278898600672	0.39512233280737735	0.3870715803134446	1.0207991309705906	0.30734961623348045	0.44878427073284904	d__Bacteria	p__Verrucomicrobiota	c__Verrucomicrobiia	o__Verrucomicrobiales	f__Akkermansiaceae	g__Akkermansia	NA
3b010dbd9eae72a79f11af5d24eb3ca3	2.6078554368100657	-1.607013560677325	0.49461716228587355	-3.249004853067594	0.0011580950236146491	0.00901961598683818	d__Bacteria	p__Verrucomicrobiota	c__Verrucomicrobiia	o__Verrucomicrobiales	f__Akkermansiaceae	g__Akkermansia	NA
fa2fd8da0b9cfec5c5f9ff58680553b7	1.0531791811445184	-6.59116503826741e-4	0.3891799900959431	-0.0016936032699529373	0.9986487007447662	NA	d__Bacteria	p__Planctomycetota	c__OM190	o__Incertae_Sedis	f__Incertae_Sedis	g__Incertae_Sedis	NA
891f4e188fadbc3661081d172cdc6b0d	1.0531791811445184	-6.59116503826741e-4	0.3891799900959431	-0.0016936032699529373	0.9986487007447662	NA	d__Bacteria	p__Methylomirabilota	c__Methylomirabilia	o__Rokubacteriales	f__Incertae_Sedis	g__Incertae_Sedis	NA
0f700b983207ec336ed4b4679028b514	1.0531791811445184	-6.59116503826741e-4	0.3891799900959431	-0.0016936032699529373	0.9986487007447662	NA	d__Bacteria	p__Methylomirabilota	c__Methylomirabilia	o__Rokubacteriales	f__Incertae_Sedis	g__Incertae_Sedis	NA
a509cecf30ac8a5a81bfb39bb35f037b	1.0531791811445184	-6.59116503826741e-4	0.3891799900959431	-0.0016936032699529373	0.9986487007447662	NA	d__Bacteria	p__Planctomycetota	c__Phycisphaerae	o__Tepidisphaerales	f__WD2101_soil_group	g__Incertae_Sedis	NA
99b463fe81dce53e18aef155d5b56b09	1.0531791811445184	-6.59116503826741e-4	0.3891799900959431	-0.0016936032699529373	0.9986487007447662	NA	d__Bacteria	p__Planctomycetota	c__Planctomycetes	o__Pirellulales	f__Pirellulaceae	g__Incertae_Sedis	NA
5c3adc0e3d4a9ed3b695654b4fee0acd	1.0531791811445184	-6.59116503826741e-4	0.3891799900959431	-0.0016936032699529373	0.9986487007447662	NA	d__Bacteria	p__Planctomycetota	c__Planctomycetes	o__Planctomycetales	f__Incertae_Sedis	g__Incertae_Sedis	NA
b083b0507152640dea2c3af522e34549	1.0531791811445184	-6.59116503826741e-4	0.3891799900959431	-0.0016936032699529373	0.9986487007447662	NA	d__Bacteria	p__Planctomycetota	c__Planctomycetes	o__Gemmatales	f__Gemmataceae	g__Incertae_Sedis	NA
003b7b0615c8f71650829cdf5d8960f6	1.0531791811445184	-6.59116503826741e-4	0.3891799900959431	-0.0016936032699529373	0.9986487007447662	NA	d__Bacteria	p__Planctomycetota	c__Planctomycetes	o__Isosphaerales	f__Isosphaeraceae	g__Aquisphaera	NA
e1afda7647b678ef6678d4b1afe50c90	1.0531791811445184	-6.59116503826741e-4	0.3891799900959431	-0.0016936032699529373	0.9986487007447662	NA	d__Bacteria	p__Latescibacterota	c__Incertae_Sedis	o__Incertae_Sedis	f__Incertae_Sedis	g__Incertae_Sedis	NA
14f7e725b0bff83e39887f3463600df2	1.0531791811445184	-6.59116503826741e-4	0.3891799900959431	-0.0016936032699529373	0.9986487007447662	NA	d__Bacteria	p__Latescibacterota	c__Incertae_Sedis	o__Incertae_Sedis	f__Incertae_Sedis	g__Incertae_Sedis	NA
3db6357039e0f720a4c2812a40be6378	1.0531791811445184	-6.59116503826741e-4	0.3891799900959431	-0.0016936032699529373	0.9986487007447662	NA	d__Bacteria	p__Latescibacterota	c__Incertae_Sedis	o__Incertae_Sedis	f__Incertae_Sedis	g__Incertae_Sedis	NA
143d05008bcf1acad1f6728241660074	1.0531791811445184	-6.59116503826741e-4	0.3891799900959431	-0.0016936032699529373	0.9986487007447662	NA	d__Bacteria	p__Latescibacterota	c__Incertae_Sedis	o__Incertae_Sedis	f__Incertae_Sedis	g__Incertae_Sedis	NA
6ba98911efd5b1fa1cbba9f869562cce	2.115614154658131	1.462273073076604	0.48701810773183496	3.002502473443493	0.0026776979740667298	0.017745985952355284	d__Bacteria	p__Synergistota	c__Synergistia	o__Synergistales	f__Synergistaceae	g__Cloacibacillus	NA
52aaa69ff4a2ce8df78870b820719f48	1.0531791811445184	-6.59116503826741e-4	0.3891799900959431	-0.0016936032699529373	0.9986487007447662	NA	d__Bacteria	p__Synergistota	c__Synergistia	o__Synergistales	f__Synergistaceae	g__Cloacibacillus	NA
65c652b1773b5a68acc8ff445809a9fe	1.3123526348888561	-0.8626812963165146	0.3750336207355812	-2.3002772248111354	0.021432519134292602	0.08060630743880248	d__Bacteria	p__Synergistota	c__Synergistia	o__Synergistales	f__Synergistaceae	g__Cloacibacillus	NA
877643a6259d1ae9cf9218b8e0900c94	1.0531791811445184	-6.59116503826741e-4	0.3891799900959431	-0.0016936032699529373	0.9986487007447662	NA	d__Bacteria	p__Synergistota	c__Synergistia	o__Synergistales	f__Synergistaceae	g__Jonquetella	NA
7d9c546eb37008639fd589377422a579	1.1397167460748174	0.2108431356499764	0.3814672814705122	0.5527161722420872	0.5804577775678177	NA	d__Bacteria	p__Synergistota	c__Synergistia	o__Synergistales	f__Synergistaceae	g__Jonquetella	NA
aa20849f82828d2d6b4647130ba42dc7	1.7733327848579956	-0.3668052160624264	0.4308570025058508	-0.851338643515363	0.3945812643952	0.5197755668020722	d__Bacteria	p__Synergistota	c__Synergistia	o__Synergistales	f__Synergistaceae	g__Jonquetella	NA
eaa8c65cb4ccf4c015caf9728e6e66fb	1.7171509305662709	-0.4676108529742427	0.42081183187241944	-1.1112112767685003	0.2664774184153065	0.4212317117764919	d__Bacteria	p__Synergistota	c__Synergistia	o__Synergistales	f__Synergistaceae	g__Rarimicrobium	NA
cb020f55949c3589d9ab4c1d57f9f071	1.1397967310192572	-6.591266771173481e-4	0.3911197656779058	-0.0016852297811513592	0.9986553818126667	NA	d__Bacteria	p__Synergistota	c__Synergistia	o__Synergistales	f__Synergistaceae	g__Rarimicrobium	NA
cffbe01a90a30b25cbe5b6d5f1d0a234	1.2398491471011328	0.331103022041249	0.37258816667126177	0.8886568379220279	0.3741875344356266	0.4964076681195218	d__Bacteria	p__Synergistota	c__Synergistia	o__Synergistales	f__Synergistaceae	g__Rarimicrobium	NA
3d01d38846c11d0cfcf2965c94432e0c	1.1395063707465671	0.2108301148557405	0.38146200758982945	0.5526896798656749	0.5804759213041256	NA	d__Bacteria	p__Synergistota	c__Synergistia	o__Synergistales	f__Synergistaceae	g__Rarimicrobium	NA
e61859187c5041260b401fe638aedf47	1.6443301183360068	-0.8172289206628768	0.4154523906458526	-1.9670820028076665	0.0491737577309028	0.15296909474890172	d__Bacteria	p__Synergistota	c__Synergistia	o__Synergistales	f__Synergistaceae	g__Rarimicrobium	NA
8624322ae2483faffff421f46f814fc2	1.3994191511352152	-6.590381880186858e-4	0.4148391205385962	-0.0015886596885150075	0.9987324334953531	0.9990603906560739	d__Bacteria	p__Synergistota	c__Synergistia	o__Synergistales	f__Synergistaceae	g__Pyramidobacter	NA
95a236e255a934f05f28d6529a255fee	1.0531791811445184	-6.59116503826741e-4	0.3891799900959431	-0.0016936032699529373	0.9986487007447662	NA	d__Bacteria	p__Acidobacteriota	c__Acidobacteriae	o__Bryobacterales	f__Bryobacteraceae	g__Bryobacter	NA
75cac7ae6fbcbb7817a14f6772f94924	1.0531791811445184	-6.59116503826741e-4	0.3891799900959431	-0.0016936032699529373	0.9986487007447662	NA	d__Bacteria	p__Acidobacteriota	c__Acidobacteriae	o__Bryobacterales	f__Bryobacteraceae	g__Bryobacter	NA
d9facc840701cfa0b07ad05c9d161711	1.0531791811445184	-6.59116503826741e-4	0.3891799900959431	-0.0016936032699529373	0.9986487007447662	NA	d__Bacteria	p__Acidobacteriota	c__Acidobacteriae	o__Bryobacterales	f__Bryobacteraceae	g__Bryobacter	NA
c46b8f7dccf1a699db0ec014c97f5946	1.0531791811445184	-6.59116503826741e-4	0.3891799900959431	-0.0016936032699529373	0.9986487007447662	NA	d__Bacteria	p__Acidobacteriota	c__Acidobacteriae	o__Bryobacterales	f__Bryobacteraceae	g__Bryobacter	NA
c8d288f515d31ccb79baf2286101865e	1.0531791811445184	-6.59116503826741e-4	0.3891799900959431	-0.0016936032699529373	0.9986487007447662	NA	d__Bacteria	p__Acidobacteriota	c__Acidobacteriae	o__Solibacterales	f__Solibacteraceae	g__Candidatus_Solibacter	NA
27cf25602aa5981f49b722300c48b338	1.0531791811445184	-6.59116503826741e-4	0.3891799900959431	-0.0016936032699529373	0.9986487007447662	NA	d__Bacteria	p__Acidobacteriota	c__Acidobacteriae	o__Solibacterales	f__Solibacteraceae	g__Candidatus_Solibacter	NA
b42f9b16bd113bf59ee341eebd6dcdae	1.0531791811445184	-6.59116503826741e-4	0.3891799900959431	-0.0016936032699529373	0.9986487007447662	NA	d__Bacteria	p__Acidobacteriota	c__Acidobacteriae	o__Solibacterales	f__Solibacteraceae	g__Candidatus_Solibacter	NA
da88d8677a4ba67fb2406c91ed1fc1aa	1.0531791811445184	-6.59116503826741e-4	0.3891799900959431	-0.0016936032699529373	0.9986487007447662	NA	d__Bacteria	p__Nitrospirota	c__Nitrospiria	o__Nitrospirales	f__Nitrospiraceae	g__Nitrospira	NA
9094f39bc33a26e3c004e464482fdec1	1.0531791811445184	-6.59116503826741e-4	0.3891799900959431	-0.0016936032699529373	0.9986487007447662	NA	d__Bacteria	p__Actinomycetota	c__Thermoleophilia	o__Gaiellales	f__Incertae_Sedis	g__Incertae_Sedis	NA
b32c31cdf2e8499f2dcf74dc1dca50df	1.0531791811445184	-6.59116503826741e-4	0.3891799900959431	-0.0016936032699529373	0.9986487007447662	NA	d__Bacteria	p__Actinomycetota	c__Thermoleophilia	o__Solirubrobacterales	f__67-14	g__Incertae_Sedis	NA
cb80be4ac2def4c41b4338fe839038be	1.0531791811445184	-6.59116503826741e-4	0.3891799900959431	-0.0016936032699529373	0.9986487007447662	NA	d__Bacteria	p__Actinomycetota	c__Thermoleophilia	o__Solirubrobacterales	f__Solirubrobacteraceae	g__Incertae_Sedis	NA
6be01b304ffd87213eb490e18acdcec4	1.0531791811445184	-6.59116503826741e-4	0.3891799900959431	-0.0016936032699529373	0.9986487007447662	NA	d__Bacteria	p__Actinomycetota	c__Thermoleophilia	o__Solirubrobacterales	f__Solirubrobacteraceae	g__Solirubrobacter	NA
9283c7fcf595c5a15d33919d657cc638	1.0531791811445184	-6.59116503826741e-4	0.3891799900959431	-0.0016936032699529373	0.9986487007447662	NA	d__Bacteria	p__Actinomycetota	c__Acidimicrobiia	o__Acidimicrobiales	f__Acidimicrobiaceae	g__Acidiferrimicrobium	NA
756139c0f07d2832f8a021becbc33572	1.0531791811445184	-6.59116503826741e-4	0.3891799900959431	-0.0016936032699529373	0.9986487007447662	NA	d__Bacteria	p__Actinomycetota	c__Acidimicrobiia	o__Microtrichales	f__Incertae_Sedis	g__Incertae_Sedis	NA
29193d83ac633000f3668b2053d8eff3	1.0531791811445184	-6.59116503826741e-4	0.3891799900959431	-0.0016936032699529373	0.9986487007447662	NA	d__Bacteria	p__Actinomycetota	c__Actinobacteria	o__Micromonosporales	f__Micromonosporaceae	g__Luedemannella	NA
14020b599754b2bb4b363aa72f0c7ae2	1.0531791811445184	-6.59116503826741e-4	0.3891799900959431	-0.0016936032699529373	0.9986487007447662	NA	d__Bacteria	p__Actinomycetota	c__Actinobacteria	o__Mycobacteriales	f__Mycobacteriaceae	g__Mycobacterium	NA
44bb9c5d36f698cdcdc9adde20c63610	1.1542329893317134	0.2432704572313739	0.3806157180675183	0.6391497925165024	0.5227254904676181	NA	d__Bacteria	p__Actinomycetota	c__Actinobacteria	o__Mycobacteriales	f__Corynebacteriaceae	g__Lawsonella	NA
820f6693f569e339f183638cd73a7fe6	39.693255153636656	-0.4000226640260586	0.6406562046383962	-0.6243952078039146	0.5323680714887145	0.6551750083949923	d__Bacteria	p__Actinomycetota	c__Actinobacteria	o__Mycobacteriales	f__Corynebacteriaceae	g__Lawsonella	NA
6ea4237388f704e8bcafe64e57e42c46	1.1394035355022927	0.2108237390034291	0.38145943177247477	0.5526766975555529	0.5804848125480591	NA	d__Bacteria	p__Actinomycetota	c__Actinobacteria	o__Mycobacteriales	f__Corynebacteriaceae	g__Lawsonella	NA
814ae1c84cb87b7f8b7239f9353bec49	1.1538942356802422	-6.591267221533603e-4	0.3916082435160127	-0.0016831278019978884	0.9986570589470017	NA	d__Bacteria	p__Actinomycetota	c__Actinobacteria	o__Mycobacteriales	f__Corynebacteriaceae	g__Corynebacterium	NA
0fc1b4b38c76ff1d5614d73496426a3e	6.41991639754278	1.169785786766271	0.5877347533865772	1.9903294471287716	0.046554656222238186	0.1469639591394324	d__Bacteria	p__Actinomycetota	c__Actinobacteria	o__Mycobacteriales	f__Corynebacteriaceae	g__Corynebacterium	NA
dee632b7432fc9dd0f5077f1f879363f	1.2546092902159658	-0.7108204817915557	0.3646297291266738	-1.949430956971185	0.05124398058747346	0.15462918728841107	d__Bacteria	p__Actinomycetota	c__Actinobacteria	o__Mycobacteriales	f__Corynebacteriaceae	g__Corynebacterium	NA
7f4b4de1ecd4e8e6082da402c8de097d	1.2839460209586495	-6.590807726000937e-4	0.40354157404519286	-0.001633241318839389	0.998696862546981	0.9990603906560739	d__Bacteria	p__Actinomycetota	c__Actinobacteria	o__Mycobacteriales	f__Corynebacteriaceae	g__Corynebacterium	NA
43904939ba355dce37c93c12823b71e2	3.2486659370879076	1.315345954528273	0.5166412036060485	2.545956352972684	0.010897881362505184	0.050831947633290096	d__Bacteria	p__Actinomycetota	c__Actinobacteria	o__Mycobacteriales	f__Corynebacteriaceae	g__Corynebacterium	NA
ffef4c02adc80b91aab3a5f338357160	1.0531791811445184	-6.59116503826741e-4	0.3891799900959431	-0.0016936032699529373	0.9986487007447662	NA	d__Bacteria	p__Actinomycetota	c__Actinobacteria	o__Mycobacteriales	f__Corynebacteriaceae	g__Corynebacterium	NA
3f651458e69ac13bba8f8dc34f61a86a	1.0531791811445184	-6.59116503826741e-4	0.3891799900959431	-0.0016936032699529373	0.9986487007447662	NA	d__Bacteria	p__Actinomycetota	c__Actinobacteria	o__Mycobacteriales	f__Corynebacteriaceae	g__Corynebacterium	NA
685a1812a6e46f72d7cf1f4a060b8e96	1.5567659284878552	-1.3726640860713313	0.3882837107944509	-3.535209044084753	4.0745268296456217e-4	0.0037158291685742547	d__Bacteria	p__Actinomycetota	c__Actinobacteria	o__Mycobacteriales	f__Corynebacteriaceae	g__Corynebacterium	NA
b5afd4c41a7b8c999cd54a3e0f9e8a65	1.0531791811445184	-6.59116503826741e-4	0.3891799900959431	-0.0016936032699529373	0.9986487007447662	NA	d__Bacteria	p__Actinomycetota	c__Actinobacteria	o__Mycobacteriales	f__Corynebacteriaceae	g__Corynebacterium	NA
4eec998cdc9da9bd11fac62e8d42dbcb	1.0531791811445184	-6.59116503826741e-4	0.3891799900959431	-0.0016936032699529373	0.9986487007447662	NA	d__Bacteria	p__Actinomycetota	c__Actinobacteria	o__Mycobacteriales	f__Corynebacteriaceae	g__Corynebacterium	NA
886813d6c66ef41ef648c9b92ffde619	1.0531791811445184	-6.59116503826741e-4	0.3891799900959431	-0.0016936032699529373	0.9986487007447662	NA	d__Bacteria	p__Actinomycetota	c__Actinobacteria	o__Mycobacteriales	f__Corynebacteriaceae	g__Corynebacterium	NA
6f2293344b118709ac45a2ece02a95e2	1.0531791811445184	-6.59116503826741e-4	0.3891799900959431	-0.0016936032699529373	0.9986487007447662	NA	d__Bacteria	p__Actinomycetota	c__Actinobacteria	o__Mycobacteriales	f__Corynebacteriaceae	g__Corynebacterium	NA
64c9f7286064d09ca06b592efe285406	1.2833850200833152	0.5061555020967756	0.38442480828656	1.3166567068155353	0.18795372153892287	0.333708115192179	d__Bacteria	p__Actinomycetota	c__Actinobacteria	o__Mycobacteriales	f__Corynebacteriaceae	g__Corynebacterium	NA
162dcb3929e23b071e65fda88174be74	1.458061411426986	-1.1856739957197526	0.3782830561104596	-3.1343566056353653	0.0017223140860460134	0.012416953579804706	d__Bacteria	p__Actinomycetota	c__Actinobacteria	o__Mycobacteriales	f__Corynebacteriaceae	g__Corynebacterium	NA
cc02d8e02665dcb672be926e61f5d0ec	1.0531791811445184	-6.59116503826741e-4	0.3891799900959431	-0.0016936032699529373	0.9986487007447662	NA	d__Bacteria	p__Actinomycetota	c__Actinobacteria	o__Mycobacteriales	f__Corynebacteriaceae	g__Corynebacterium	NA
68a9a8d8da1080f31a76648ced142371	1.7178564332705442	0.5064470120875821	0.44924949353053256	1.127317936649298	0.2596080814286651	0.41405354691238516	d__Bacteria	p__Actinomycetota	c__Actinobacteria	o__Mycobacteriales	f__Corynebacteriaceae	g__Corynebacterium	NA
0e2d370f860f8262fe2d1fd778dd030f	2.526972958256776	-0.09925160321668565	0.4668846662458885	-0.2125827005944419	0.8316524659578542	0.9551917988988486	d__Bacteria	p__Actinomycetota	c__Actinobacteria	o__Mycobacteriales	f__Corynebacteriaceae	g__Corynebacterium	NA
c8f6d9674494e380ed46082a08f1732e	1.1396010783031916	-0.34856266547776843	0.364289004101031	-0.9568300485432686	0.338653042935772	NA	d__Bacteria	p__Actinomycetota	c__Actinobacteria	o__Mycobacteriales	f__Corynebacteriaceae	g__Corynebacterium	NA
15c6199023bc6e28cf83f14b19720efc	1.1254721862263375	-0.2961265784937392	0.36759081347687067	-0.8055875381999227	0.42048071342351556	NA	d__Bacteria	p__Actinomycetota	c__Actinobacteria	o__Mycobacteriales	f__Corynebacteriaceae	g__Corynebacterium	NA
c7389f69e315b9711c476037ff272192	1.3273115375999838	0.3363510389136009	0.40109973224246065	0.8385720853841911	0.40170948063808587	0.5265882099242433	d__Bacteria	p__Actinomycetota	c__Actinobacteria	o__Mycobacteriales	f__Corynebacteriaceae	g__Corynebacterium	NA
d4263873dfde10ee5059a11b5fb34d40	1.283224812923218	0.599689336202337	0.39442792122837633	1.5204028516407007	0.12840975822301265	0.2665626693073045	d__Bacteria	p__Actinomycetota	c__Actinobacteria	o__Mycobacteriales	f__Corynebacteriaceae	g__Corynebacterium	NA
8f8f9102efdabfa644b9c246c18c898f	1.2683588566333104	-6.590917173743902e-4	0.40114226854759605	-0.0016430373188064777	0.9986890464803369	0.9990603906560739	d__Bacteria	p__Actinomycetota	c__Actinobacteria	o__Mycobacteriales	f__Corynebacteriaceae	g__Corynebacterium	NA
aa9b3a1418d146c262ec63305292065a	2.5657583329462406	1.4794795519735355	0.529805885326847	2.7924936150167854	0.005230349983432658	0.02962538300906192	d__Bacteria	p__Actinomycetota	c__Actinobacteria	o__Mycobacteriales	f__Corynebacteriaceae	g__Corynebacterium	NA
6a4c0e5943a7eb8c9f0b5b5e69171828	1.8319077249435813	1.2747150197016048	0.46517436767275105	2.74029505554864	0.006138405111288578	0.032788955793408306	d__Bacteria	p__Actinomycetota	c__Actinobacteria	o__Mycobacteriales	f__Corynebacteriaceae	g__Corynebacterium	NA
eb1989e33f64c3dd787f02779df7f2b0	1.0531791811445184	-6.59116503826741e-4	0.3891799900959431	-0.0016936032699529373	0.9986487007447662	NA	d__Bacteria	p__Actinomycetota	c__Actinobacteria	o__Mycobacteriales	f__Corynebacteriaceae	g__Corynebacterium	NA
9207bf5e78e77c8ecb9d079b8ce7dc8b	1.0531791811445184	-6.59116503826741e-4	0.3891799900959431	-0.0016936032699529373	0.9986487007447662	NA	d__Bacteria	p__Actinomycetota	c__Actinobacteria	o__Mycobacteriales	f__Corynebacteriaceae	g__Corynebacterium	NA
c7a0e0fc9343afc90e85d8fa29fcaa37	1.0531791811445184	-6.59116503826741e-4	0.3891799900959431	-0.0016936032699529373	0.9986487007447662	NA	d__Bacteria	p__Actinomycetota	c__Actinobacteria	o__Micrococcales	f__Brevibacteriaceae	g__Brevibacterium	NA
2f49affea1aa1db3f453ce4b3066a63f	1.0531791811445184	-6.59116503826741e-4	0.3891799900959431	-0.0016936032699529373	0.9986487007447662	NA	d__Bacteria	p__Actinomycetota	c__Actinobacteria	o__Micrococcales	f__Brevibacteriaceae	g__Brevibacterium	NA
098db241728e041aa7ef9d2116efcefa	1.2401646129894972	-0.6701529567595208	0.3687711879281899	-1.8172595330034795	0.0691773831206474	0.19258455174132758	d__Bacteria	p__Actinomycetota	c__Actinobacteria	o__Actinomycetales	f__Actinomycetaceae	g__Pauljensenia	NA
ca0fbd0cecc5463df736672031eb554e	1.3272148034237992	-6.590454841510597e-4	0.411462826757711	-0.0016017133050493942	0.9987220182295092	0.9990603906560739	d__Bacteria	p__Actinomycetota	c__Actinobacteria	o__Actinomycetales	f__Actinomycetaceae	g__Incertae_Sedis	NA
74d852d0838dc88b0c653a7955770ed3	7.504641143594999	3.6737646476096395	0.657270498858502	5.5894257447884215	2.27821760771662e-8	9.723432749734533e-7	d__Bacteria	p__Actinomycetota	c__Actinobacteria	o__Actinomycetales	f__Actinomycetaceae	g__Varibaculum	NA
783f42006cae3206609d789fdf05378f	1.1402440827579208	0.2108756421658474	0.3814805271772681	0.5527821923866031	0.5804125637504838	NA	d__Bacteria	p__Actinomycetota	c__Actinobacteria	o__Actinomycetales	f__Actinomycetaceae	g__Varibaculum	NA
44fc966d911d63e380eddb9f328f7e20	1.226414280893996	-6.591140027780848e-4	0.395994958491819	-0.0016644504901991112	0.9986719612648481	0.9990603906560739	d__Bacteria	p__Actinomycetota	c__Actinobacteria	o__Actinomycetales	f__Actinomycetaceae	g__Varibaculum	NA
2359b6a4d6a1188eac7ed4daae3e165f	91.59886478935711	0.6258448971199556	0.7280435926668303	0.8596255820719197	0.38999546855762557	0.5149220701364715	d__Bacteria	p__Actinomycetota	c__Actinobacteria	o__Actinomycetales	f__Actinomycetaceae	g__Varibaculum	NA
8dbd84f5836dcae2eedeefd923e3b94b	1.0387264241175567	0.06645611648459744	0.3947107898064449	0.1683666071484533	0.8662948766968549	NA	d__Bacteria	p__Actinomycetota	c__Actinobacteria	o__Actinomycetales	f__Actinomycetaceae	g__Varibaculum	NA
a814e18dc6c018749b8c0e8f314a63aa	5.249253808581557	0.8616317594177243	0.5436088386797249	1.5850216150097722	0.11296142332049379	0.25809387298279846	d__Bacteria	p__Actinomycetota	c__Actinobacteria	o__Actinomycetales	f__Actinomycetaceae	g__Winkia	NA
a553a33230e324c88c51d9bfb08d062f	1.8188127067866295	1.25987100290057	0.4776994356080418	2.637371763474951	0.008355120908859292	0.04070736990754733	d__Bacteria	p__Actinomycetota	c__Actinobacteria	o__Actinomycetales	f__Actinomycetaceae	g__Schaalia	NA
0ed3a6836e138f14044f6950ad7280d2	1.1392910328142791	-0.34852958960894814	0.36428230896557495	-0.9567568367474154	0.3386900030136888	NA	d__Bacteria	p__Actinomycetota	c__Actinobacteria	o__Actinomycetales	f__Actinomycetaceae	g__Actinomyces	NA
df8456a1abbfb4c8a2c450b44378d4cb	1.8603111159989405	-0.4204518864673682	0.4345443699231535	-0.9675695177956685	0.33325940688453043	0.46631086824824164	d__Bacteria	p__Actinomycetota	c__Actinobacteria	o__Actinomycetales	f__Actinomycetaceae	g__Schaalia	NA
09ecf5a6ae593fbc03199102562aeb4b	19.763698913256345	0.8442114868858334	0.6575125494983608	1.2839473368681886	0.19916038266186328	0.34893945533695914	d__Bacteria	p__Actinomycetota	c__Actinobacteria	o__Actinomycetales	f__Actinomycetaceae	g__Schaalia	NA
69781875067ad8281d038dba6a154509	1.0387264241175567	-0.03913408780086743	0.3908604504356109	-0.10012291537108141	0.920246742906559	NA	d__Bacteria	p__Actinomycetota	c__Actinobacteria	o__Actinomycetales	f__Actinomycetaceae	g__Schaalia	NA
f998b55dc9b150b36030120a29c2f1f3	1.470980434980707	-0.8981086242520311	0.3988449847281041	-2.2517736429963615	0.024336580103546807	0.08892853072083713	d__Bacteria	p__Actinomycetota	c__Actinobacteria	o__Actinomycetales	f__Actinomycetaceae	g__Gleimia	NA
a4880d08bdaee32b18e27f365e1bea71	1.2836375735676469	0.5062127470558561	0.38444985253531655	1.3167198367161659	0.18793255187598548	0.333708115192179	d__Bacteria	p__Actinomycetota	c__Actinobacteria	o__Actinomycetales	f__Actinomycetaceae	g__Mobiluncus	NA
c5e48d33cc9cb2091f9867c5937315dd	213.74107110202314	0.04040192716543491	0.7649006937418843	0.05281983334044215	0.9578754588374565	0.9990603906560739	d__Bacteria	p__Actinomycetota	c__Actinobacteria	o__Actinomycetales	f__Actinomycetaceae	g__Mobiluncus	NA
99cb3943ec9821ba3f4098ce8d8cd7bf	1.0531791811445184	-6.59116503826741e-4	0.3891799900959431	-0.0016936032699529373	0.9986487007447662	NA	d__Bacteria	p__Actinomycetota	c__Actinobacteria	o__Actinomycetales	f__Actinomycetaceae	g__Mobiluncus	NA
c153805ddb52c233ddbf21861e3cea4c	1.2126636240550261	-0.5857533890652316	0.3527419301024524	-1.66057204737498	0.09679942682645609	0.2277620049644179	d__Bacteria	p__Actinomycetota	c__Actinobacteria	o__Actinomycetales	f__Actinomycetaceae	g__Mobiluncus	NA
96301d3fcd5dbf689f9ec44e03ccbb99	1.1397706560537104	0.2108464674433264	0.3814686338859017	0.5527229468265827	0.5804531379257281	NA	d__Bacteria	p__Actinomycetota	c__Actinobacteria	o__Actinomycetales	f__Actinomycetaceae	g__Mobiluncus	NA
522737fb17597e7b5d12df50d64d91f1	1.1542177777902547	-6.591266648451013e-4	0.3916181128660428	-0.0016830852383749745	0.9986570929078112	NA	d__Bacteria	p__Actinomycetota	c__Actinobacteria	o__Actinomycetales	f__Actinomycetaceae	g__Mobiluncus	NA
da01cb1cde6679efdb2aa2b404997b32	1.0531791811445184	-6.59116503826741e-4	0.3891799900959431	-0.0016936032699529373	0.9986487007447662	NA	d__Bacteria	p__Actinomycetota	c__Actinobacteria	o__Micrococcales	f__Microbacteriaceae	g__Pseudoclavibacter	NA
f94e9a8cccfb09a1b81ee34db880a1d5	1.0531791811445184	-6.59116503826741e-4	0.3891799900959431	-0.0016936032699529373	0.9986487007447662	NA	d__Bacteria	p__Actinomycetota	c__Actinobacteria	o__Micrococcales	f__Intrasporangiaceae	NA	NA
7d135dfbf857c62673695ef24332b100	1.341252171673429	0.6091379880536044	0.41650836860327617	1.4624867925134244	0.1436078610038376	0.2852868722217421	d__Bacteria	p__Actinomycetota	c__Actinobacteria	o__Micrococcales	f__Micrococcaceae	g__Rothia	NA
2721fd42d5373667f111c60faaf21eac	1.2689138865380987	-6.59091450122768e-4	0.4011927156398327	-0.0016428300525637202	0.9986892118546488	0.9990603906560739	d__Bacteria	p__Actinomycetota	c__Actinobacteria	o__Micrococcales	f__Micrococcaceae	g__Rothia	NA
36ce67b3fecce277df99829617975495	1.1398342294468595	0.10896908792285166	0.38580156478095584	0.2824485379801929	0.7775996014236848	NA	d__Bacteria	p__Actinomycetota	c__Actinobacteria	o__Micrococcales	f__Micrococcaceae	g__Rothia	NA
73ddef4c71b516586e803b622be15dd0	8.296257629585348	1.4322913154326922	0.6012504066113888	2.382187686998833	0.01721012339925587	0.0685333247083574	d__Bacteria	p__Actinomycetota	c__Actinobacteria	o__Actinomycetales	f__Actinomycetaceae	g__Arcanobacterium	NA
222391ff48fdfdcd3e9fe543b7276630	1.0531791811445184	-6.59116503826741e-4	0.3891799900959431	-0.0016936032699529373	0.9986487007447662	NA	d__Bacteria	p__Actinomycetota	c__Actinobacteria	o__Actinomycetales	f__Actinomycetaceae	g__Arcanobacterium	NA
e72dc9742a0edbd346f05a0481998d3e	1.0531791811445184	-6.59116503826741e-4	0.3891799900959431	-0.0016936032699529373	0.9986487007447662	NA	d__Bacteria	p__Actinomycetota	c__Actinobacteria	o__Actinomycetales	f__Actinomycetaceae	g__Arcanobacterium	NA
53e3a7d0830e15c8da2eaa66c65f55b6	1.0963901297238552	-0.18507618794748398	0.37514159357894555	-0.493350220597536	0.6217651490964508	NA	d__Bacteria	p__Actinomycetota	c__Actinobacteria	o__Actinomycetales	f__Actinomycetaceae	g__Trueperella	NA
2a8b072fb29a41c14306e447f2612712	1.1833065902917927	-0.49545541548854827	0.3563086919933204	-1.3905229555776215	0.16437013353777882	NA	d__Bacteria	p__Actinomycetota	c__Actinobacteria	o__Actinomycetales	f__Actinomycetaceae	NA	NA
6cb84d89628deb90155586631bf75655	3.3355768291848755	-0.39012199473074904	0.4966108092548562	-0.7855688749830292	0.43212010506156495	0.5588753358796239	d__Bacteria	p__Actinomycetota	c__Actinobacteria	o__Actinomycetales	f__Actinomycetaceae	g__Actinotignum	NA
4c7410caa455e2490e912dd381cb0eac	1.0531791811445184	-6.59116503826741e-4	0.3891799900959431	-0.0016936032699529373	0.9986487007447662	NA	d__Bacteria	p__Actinomycetota	c__Actinobacteria	o__Micrococcales	f__Micrococcaceae	g__Pseudoglutamicibacter	NA
92343ddcff9b3b470e6961e7adcc7938	1.1396010783031916	-0.34856266547776843	0.364289004101031	-0.9568300485432686	0.338653042935772	NA	d__Bacteria	p__Actinomycetota	c__Actinobacteria	o__Micrococcales	f__Micrococcaceae	g__Pseudoglutamicibacter	NA
b7adcb2100790250a08c68c65e1ac793	1.2412150536364095	-0.6706766636173046	0.36183496220572586	-1.8535430062614648	0.06380456795381986	0.1827783518896916	d__Bacteria	p__Actinomycetota	c__Actinobacteria	o__Bifidobacteriales	f__Bifidobacteriaceae	g__Gardnerella	NA
0b922e921dda6b4874f4f33ce8afeef9	1.0531791811445184	-6.59116503826741e-4	0.3891799900959431	-0.0016936032699529373	0.9986487007447662	NA	d__Bacteria	p__Actinomycetota	c__Actinobacteria	o__Bifidobacteriales	f__Bifidobacteriaceae	g__Gardnerella	NA
f6db88de2de2cc9c70a0fad702c78246	4.279053519063904	-1.2778220500913617	0.550974768801708	-2.319202479762265	0.020384060083478404	0.07795624411853569	d__Bacteria	p__Actinomycetota	c__Actinobacteria	o__Bifidobacteriales	f__Bifidobacteriaceae	g__Gardnerella	NA
16d727e4303275d6c585035f380f0bac	1.0531791811445184	-6.59116503826741e-4	0.3891799900959431	-0.0016936032699529373	0.9986487007447662	NA	d__Bacteria	p__Actinomycetota	c__Actinobacteria	o__Bifidobacteriales	f__Bifidobacteriaceae	g__Gardnerella	NA
23bd044024010c3ba28e2542b98a22e1	13.845241403503715	1.794330846987701	0.6943222945224911	2.58429098581909	0.009757942904355603	0.046274333684210786	d__Bacteria	p__Actinomycetota	c__Actinobacteria	o__Bifidobacteriales	f__Bifidobacteriaceae	g__Gardnerella	NA
282dd7867741c58a5b4084ad8dcf416e	1.0531791811445184	-6.59116503826741e-4	0.3891799900959431	-0.0016936032699529373	0.9986487007447662	NA	d__Bacteria	p__Actinomycetota	c__Actinobacteria	o__Bifidobacteriales	f__Bifidobacteriaceae	g__Gardnerella	NA
51f600c5b8221ceec71b58a89e76f628	1.0531791811445184	-6.59116503826741e-4	0.3891799900959431	-0.0016936032699529373	0.9986487007447662	NA	d__Bacteria	p__Actinomycetota	c__Actinobacteria	o__Bifidobacteriales	f__Bifidobacteriaceae	g__Gardnerella	NA
01f38fa800a7fd407b51470dc0693ac0	1.0531791811445184	-6.59116503826741e-4	0.3891799900959431	-0.0016936032699529373	0.9986487007447662	NA	d__Bacteria	p__Actinomycetota	c__Actinobacteria	o__Bifidobacteriales	f__Bifidobacteriaceae	g__Gardnerella	NA
668e458764cab40f83a216e41dd5b5e2	1.0531791811445184	-6.59116503826741e-4	0.3891799900959431	-0.0016936032699529373	0.9986487007447662	NA	d__Bacteria	p__Actinomycetota	c__Actinobacteria	o__Bifidobacteriales	f__Bifidobacteriaceae	g__Gardnerella	NA
a8e53bd66879cd51ecb4e7daf552accb	81.73665968063902	0.4888911142176731	0.7395711442988162	0.6610467674224748	0.5085823218993535	0.6288034037851798	d__Bacteria	p__Actinomycetota	c__Actinobacteria	o__Bifidobacteriales	f__Bifidobacteriaceae	g__Gardnerella	NA
1de2e512028881b7a86c5aa9253def9d	1.0531791811445184	-6.59116503826741e-4	0.3891799900959431	-0.0016936032699529373	0.9986487007447662	NA	d__Bacteria	p__Actinomycetota	c__Actinobacteria	o__Bifidobacteriales	f__Bifidobacteriaceae	g__Gardnerella	NA
502417a975f52e88a31cf5254b2e04c8	1.0531791811445184	-6.59116503826741e-4	0.3891799900959431	-0.0016936032699529373	0.9986487007447662	NA	d__Bacteria	p__Actinomycetota	c__Actinobacteria	o__Bifidobacteriales	f__Bifidobacteriaceae	g__Gardnerella	NA
5509728c192071867b52bc7165eda7f3	1.3555482105129126	-0.9668592357572414	0.38199628049864093	-2.531069764593379	0.011371522820794646	0.05226726438528618	d__Bacteria	p__Actinomycetota	c__Actinobacteria	o__Bifidobacteriales	f__Bifidobacteriaceae	g__Bifidobacterium	NA
35ffcc3b809d667286737d79670b8de5	49.20081536836813	0.14246511865515268	0.7256980983399614	0.19631458175382088	0.8443639488657553	0.9666698856649795	d__Bacteria	p__Actinomycetota	c__Actinobacteria	o__Bifidobacteriales	f__Bifidobacteriaceae	g__Bifidobacterium	NA
5a6c87d6a4eb5e114959f6192f29b641	122.90650187663985	1.356828959561813	0.8532417303901048	1.5902046410007005	0.1117886847397269	0.2576210078127184	d__Bacteria	p__Actinomycetota	c__Actinobacteria	o__Bifidobacteriales	f__Bifidobacteriaceae	g__Bifidobacterium	NA
d131eed1a0c629350e24e1f52a5efd6d	1.1968864384074758	0.33632053572482823	0.3790885005773135	0.887182109751802	0.3749808627032189	0.4964076681195218	d__Bacteria	p__Actinomycetota	c__Actinobacteria	o__Bifidobacteriales	f__Bifidobacteriaceae	g__Bifidobacterium	NA
33ba975cdb88b5073a2355ffdf01e9cb	1.0387075420010625	0.06645719624873522	0.39471059340560993	0.16836942650901418	0.8662926588322116	NA	d__Bacteria	p__Actinomycetota	c__Actinobacteria	o__Bifidobacteriales	f__Bifidobacteriaceae	g__Bifidobacterium	NA
43713459a110c4089d11452e89ac4fb6	1.2702537682963542	-0.7509997047547642	0.3674755636745565	-2.0436725023160016	0.04098591146074943	0.1335573556840184	d__Bacteria	p__Actinomycetota	c__Actinobacteria	o__Bifidobacteriales	f__Bifidobacteriaceae	g__Bifidobacterium	NA
2c5e87b291147c04e1b8d1c808b1aee0	26.774412629915773	2.690102798511112	0.7338185088488315	3.665896629850856	2.464734771993289e-4	0.002412726607079669	d__Bacteria	p__Actinomycetota	c__Actinobacteria	o__Bifidobacteriales	f__Bifidobacteriaceae	g__Bifidobacterium	NA
81a0ecf2f6e7580667fbf3ed807a2857	1.1252665418180765	0.21084247004010442	0.381122567061647	0.553214341689718	0.580116647570682	NA	d__Bacteria	p__Actinomycetota	c__Actinobacteria	o__Bifidobacteriales	f__Bifidobacteriaceae	g__Bifidobacterium	NA
315ca0a729f126b941ba111a16d4d97a	33.97441858310239	4.607766231803251	0.7403250102651067	6.223977534074167	4.847065166928874e-10	4.309848777594258e-8	d__Bacteria	p__Actinomycetota	c__Actinobacteria	o__Bifidobacteriales	f__Bifidobacteriaceae	g__Bifidobacterium	NA
689a7bbbb932d7be2fa6b6f63dd0870e	1.6141119275380602	-1.5319093909097774	0.42554140815554636	-3.599906757722212	3.1833130972835986e-4	0.0030326741739299997	d__Bacteria	p__Actinomycetota	c__Actinobacteria	o__Bifidobacteriales	f__Bifidobacteriaceae	g__Alloscardovia	NA
e28aa253bc2dceaafb880d07d26119ab	1.1397167460748179	-6.591266899062276e-4	0.39111757710777406	-0.0016852392438619617	0.9986553742625267	NA	d__Bacteria	p__Actinomycetota	c__Actinobacteria	o__Bifidobacteriales	f__Bifidobacteriaceae	g__Alloscardovia	NA
1975f0f2b6531e29f1c84e99f1b51ef8	1.0531791811445184	-6.59116503826741e-4	0.3891799900959431	-0.0016936032699529373	0.9986487007447662	NA	d__Bacteria	p__Actinomycetota	c__Actinobacteria	o__Frankiales	f__Acidothermaceae	g__Acidothermus	NA
68c56896f754db932a51a88ebad5bc6a	1.0531791811445184	-6.59116503826741e-4	0.3891799900959431	-0.0016936032699529373	0.9986487007447662	NA	d__Bacteria	p__Actinomycetota	c__Actinobacteria	o__Propionibacteriales	f__Nocardioidaceae	g__Nocardioides	NA
c070d17ea9249b3a012c4e1354e1b027	1.0531791811445184	-6.59116503826741e-4	0.3891799900959431	-0.0016936032699529373	0.9986487007447662	NA	d__Bacteria	p__Chloroflexota	c__TK10	o__Incertae_Sedis	f__Incertae_Sedis	g__Incertae_Sedis	NA
bb6cb69f08dfe2398860ed18e1a58f3a	1.0531791811445184	-6.59116503826741e-4	0.3891799900959431	-0.0016936032699529373	0.9986487007447662	NA	d__Bacteria	p__Chloroflexota	c__TK10	o__Incertae_Sedis	f__Incertae_Sedis	g__Incertae_Sedis	NA
5b2529faa44a3679b887ecd91b6b4149	1.0531791811445184	-6.59116503826741e-4	0.3891799900959431	-0.0016936032699529373	0.9986487007447662	NA	d__Bacteria	p__Chloroflexota	c__KD4-96	o__Incertae_Sedis	f__Incertae_Sedis	g__Incertae_Sedis	NA
ea83911b09160d6ded7f7e31d63027de	1.0531791811445184	-6.59116503826741e-4	0.3891799900959431	-0.0016936032699529373	0.9986487007447662	NA	d__Bacteria	p__Chloroflexota	c__Ktedonobacteria	o__Ktedonobacterales	f__JG30-KF-AS9	g__Incertae_Sedis	NA
cc40b03f4e9d74ac9bc80407a1c35c0e	1.0531791811445184	-6.59116503826741e-4	0.3891799900959431	-0.0016936032699529373	0.9986487007447662	NA	d__Bacteria	p__Chloroflexota	c__Ktedonobacteria	o__Ktedonobacterales	f__Ktedonobacteraceae	g__HSB_OF53-F07	NA
a66e729da5593cc36dc621e84ed68588	1.0531791811445184	-6.59116503826741e-4	0.3891799900959431	-0.0016936032699529373	0.9986487007447662	NA	d__Bacteria	p__Chloroflexota	c__JG30-KF-CM66	o__Incertae_Sedis	f__Incertae_Sedis	g__Incertae_Sedis	NA
623b51d2582de036b3fe6ca38c41b9e5	1.0531791811445184	-6.59116503826741e-4	0.3891799900959431	-0.0016936032699529373	0.9986487007447662	NA	d__Bacteria	p__Chloroflexota	c__Anaerolineae	o__Aggregatilineales	f__A4b	g__Incertae_Sedis	NA
636b8291108f765220c716517342c27f	1.0531791811445184	-6.59116503826741e-4	0.3891799900959431	-0.0016936032699529373	0.9986487007447662	NA	d__Bacteria	p__Chloroflexota	c__Anaerolineae	o__Aggregatilineales	f__Aggregatilineaceae	g__Incertae_Sedis	NA
9ce0086d44b41a642d0d7740c5a6a7c0	1.0531791811445184	-6.59116503826741e-4	0.3891799900959431	-0.0016936032699529373	0.9986487007447662	NA	d__Bacteria	p__Chloroflexota	c__Anaerolineae	o__Aggregatilineales	f__A4b	g__Incertae_Sedis	NA
fd24b747799680c987af5c5132286ed6	1.0531791811445184	-6.59116503826741e-4	0.3891799900959431	-0.0016936032699529373	0.9986487007447662	NA	d__Bacteria	p__Chloroflexota	c__OLB14	o__Incertae_Sedis	f__Incertae_Sedis	g__Incertae_Sedis	NA
74aaeb93ba19830fa0e2cc55966371bd	1.3549644213967287	0.633369234075844	0.4226632165338156	1.49851988367947	0.13399823053683227	0.2739005976681993	d__Bacteria	p__Bacillota	c__Incertae_Sedis	o__DTU014	f__Incertae_Sedis	g__Incertae_Sedis	NA
625f65a4c1b795150143c1c3a4442e25	1.154056761867121	0.24325839891255518	0.380610757549608	0.639126441088175	0.5227406801747143	NA	d__Bacteria	p__Bacillota	c__Incertae_Sedis	o__DTU014	f__Incertae_Sedis	g__Incertae_Sedis	NA
de68af3f62b2b04e42f894e18839bb57	23.387662440458772	-0.9307284136537579	0.6462522184603579	-1.4401937619202931	0.14981258760700888	0.29146340348216204	d__Bacteria	p__Bacillota	c__Bacilli	o__Erysipelotrichales	f__Erysipelotrichaceae	g__Dielma	NA
5edad5fe169fa3d414d60cf1f00af012	1.0387111791071326	-0.039134592313332335	0.3908602387620937	-0.10012426036804559	0.9202456751198212	NA	d__Bacteria	p__Bacillota	c__Bacilli	o__Erysipelotrichales	f__Erysipelotrichaceae	g__Dielma	NA
850cd943df43949eb6f9b3d608b92b87	1.372551558293973	0.7505306422960449	0.43826041823466183	1.712522078355206	0.08680049942609333	0.21639283384962985	d__Bacteria	p__Bacillota	c__Bacilli	o__Erysipelotrichales	f__Erysipelotrichaceae	g__Faecalitalea	NA
04ca162b3dd2dc7f483ab3503bc605c3	1.0531791811445184	-6.59116503826741e-4	0.3891799900959431	-0.0016936032699529373	0.9986487007447662	NA	d__Bacteria	p__Bacillota	c__Bacilli	o__Erysipelotrichales	f__Erysipelotrichaceae	g__[Clostridium]_innocuum_group	NA
b5e0a6477e69e223d49eedc2c7c1b138	1.8044963121327204	-1.751305433183568	0.4061867119628892	-4.311577364804524	1.6209403912397784e-5	2.581408055899767e-4	d__Bacteria	p__Bacillota	c__Bacilli	o__Erysipelotrichales	f__Erysipelotrichaceae	g__[Clostridium]_innocuum_group	NA
5f8d35126b0a7321413d21487ec72b73	27.718133978958253	-0.4384267946307349	0.6316544688454139	-0.6940927615570025	0.4876240376990301	0.6121115861469002	d__Bacteria	p__Bacillota	c__Bacilli	o__Erysipelotrichales	f__Erysipelotrichaceae	g__[Clostridium]_innocuum_group	NA
79fa3dc8c1e23627e0313050a5403b91	1.2119780225815393	0.3661333286765933	0.379086363337906	0.9658309137072104	0.33412879687710556	0.46631086824824164	d__Bacteria	p__Bacillota	c__Bacilli	o__Erysipelotrichales	f__Erysipelotrichaceae	g__[Clostridium]_innocuum_group	NA
517b36b986012394a442af4336b89612	1.2408505392064524	0.42386796972157825	0.391447997027071	1.0828206375833498	0.27888804338964795	0.4252612279555311	d__Bacteria	p__Bacillota	c__Bacilli	o__Erysipelotrichales	f__Erysipelotrichaceae	g__Absiella	NA
090a2700078857f3d9c8272d7949b0b6	1.0531791811445184	-6.59116503826741e-4	0.3891799900959431	-0.0016936032699529373	0.9986487007447662	NA	d__Bacteria	p__Bacillota	c__Bacilli	o__Erysipelotrichales	f__Erysipelotrichaceae	g__Absiella	NA
f7870a4e6cccb8a029cf6f0091c106f5	1.3568517739010848	-0.32202122093789076	0.35583151462584867	-0.9049822955577476	0.3654747666288777	0.4964076681195218	d__Bacteria	p__Bacillota	c__Bacilli	o__Erysipelotrichales	f__Erysipelotrichaceae	g__Amedibacillus	NA
dc0990f1635527c8d57f34a09fd6975a	1.038742922832062	-0.039133540503536304	0.3908606794902159	-0.10012145646007839	0.9202479011292768	NA	d__Bacteria	p__Bacillota	c__Bacilli	o__Erysipelotrichales	f__Erysipelotrichaceae	g__Amedibacillus	NA
db30710da37e69642cc4285ba7316773	1.2258335603486163	-0.6285704840922345	0.351499980166481	-1.7882518337398612	0.07373538701301412	0.1957990201831986	d__Bacteria	p__Bacillota	c__Bacilli	o__Erysipelotrichales	f__Erysipelotrichaceae	g__Merdibacter	NA
ee5b57a629da222ad236b5d4bc329d71	1.5432176332695058	0.4470686386121487	0.4261211777262312	1.0491584600363972	0.294105193713189	0.4438617279943036	d__Bacteria	p__Bacillota	c__Bacilli	o__Erysipelotrichales	f__Erysipelotrichaceae	g__Merdibacter	NA
25394a604bbcd078c80186b300dab8ee	1.97060934823206	-1.9619279490442336	0.4380535489100441	-4.478739994062056	7.508492179790673e-6	1.3578917213282455e-4	d__Bacteria	p__Bacillota	c__Bacilli	o__Erysipelotrichales	f__Erysipelotrichaceae	g__Holdemanella	NA
b32f7f224c7c13fc104a6c85c344485d	1.0531791811445184	-6.59116503826741e-4	0.3891799900959431	-0.0016936032699529373	0.9986487007447662	NA	d__Bacteria	p__Bacillota	c__Bacilli	o__Erysipelotrichales	f__Erysipelotrichaceae	g__Holdemanella	NA
782a79a0725adc6ac22fc1fd15933a12	1.8168322582343472	0.6141531276796126	0.43103896080818677	1.4248204536501563	0.15420910830173556	0.2946237833367166	d__Bacteria	p__Bacillota	c__Bacilli	o__Erysipelotrichales	f__Erysipelotrichaceae	g__Holdemanella	NA
6dfb118aa8b73ede1bdb71dedc23838c	1.154320485662786	-6.591266466343424e-4	0.3916212488801032	-0.0016830717141095104	0.9986571036985986	NA	d__Bacteria	p__Bacillota	c__Bacilli	o__Erysipelotrichales	f__Erysipelotrichaceae	g__Holdemanella	NA
b54d7ff733e379a247675f613c934cf5	1.1395063707465674	0.2108301148557405	0.38146200758983106	0.5526896798656725	0.5804759213041273	NA	d__Bacteria	p__Bacillota	c__Bacilli	o__Erysipelotrichales	f__Erysipelotrichaceae	g__Merdibacter	NA
cb3bfa7ac2b500c6a49d88ce9412dbea	2.664421967470263	1.221231367524179	0.5119918224603844	2.3852556114188177	0.01706725805181785	0.0685333247083574	d__Bacteria	p__Bacillota	c__Bacilli	o__Erysipelotrichales	f__Erysipelotrichaceae	NA	NA
7a3090aa682623800304aca0da51c22c	37.46585367153879	-3.2879600618053497	0.6653225842248011	-4.94190358145787	7.736347526963522e-7	2.0636707028175197e-5	d__Bacteria	p__Bacillota	c__Bacilli	o__Erysipelotrichales	f__Erysipelotrichaceae	g__Faecalitalea	NA
7f4767d01227d691b8e5125a2a7d997f	1.0531791811445184	-6.59116503826741e-4	0.3891799900959431	-0.0016936032699529373	0.9986487007447662	NA	d__Bacteria	p__Bacillota	c__Bacilli	o__Erysipelotrichales	f__Erysipelotrichaceae	g__Catenisphaera	NA
419af6db3c0709d63ffc1933ab11b24c	1.2119780225815395	0.3661333286765931	0.37908636333790774	0.9658309137072054	0.33412879687710806	0.46631086824824164	d__Bacteria	p__Bacillota	c__Bacilli	o__Erysipelotrichales	f__Erysipelotrichaceae	g__Faecalicoccus	NA
a01b3da2645cda5a1311bca65b756fb2	3.197561152503376	2.2957712888178956	0.5645810261673034	4.066327386881729	4.775983023894198e-5	6.066635579160844e-4	d__Bacteria	p__Bacillota	c__Bacilli	o__Erysipelotrichales	f__Erysipelotrichaceae	g__Dielma	NA
a1c8a4289a5c93d48a8c7cc17815ba8a	1.0531791811445184	-6.59116503826741e-4	0.3891799900959431	-0.0016936032699529373	0.9986487007447662	NA	d__Bacteria	p__Bacillota	c__Bacilli	o__Erysipelotrichales	f__Erysipelotrichaceae	g__Solobacterium	NA
6412ab154c6964a9aecd4261cdfbbcd4	1.87424945178731	-0.16181087407614814	0.422921053424735	-0.3826030242898389	0.702014127530014	0.8249439141789923	d__Bacteria	p__Bacillota	c__Bacilli	o__Erysipelotrichales	f__Erysipelotrichaceae	g__Bulleidia	NA
ceea2487869e64d181f4153068628882	1.0531791811445184	-6.59116503826741e-4	0.3891799900959431	-0.0016936032699529373	0.9986487007447662	NA	d__Bacteria	p__Bacillota	c__Bacilli	o__Erysipelotrichales	f__Erysipelotrichaceae	NA	NA
8e493df449e84acb4e24f5811ff3599b	11.38825821057622	-1.1621261160463994	0.6689383031953903	-1.7372695067619022	0.08233961127480958	0.20868495304090692	d__Bacteria	p__Bacillota	c__Bacilli	o__Erysipelotrichales	f__Erysipelotrichaceae	g__Solobacterium	NA
c6d8e1d8298539bc261c4880b684c882	1.1829855285399673	-6.591245395405967e-4	0.392907069056064	-0.0016775583629078106	0.9986615027101905	NA	d__Bacteria	p__Bacillota	c__Bacilli	o__Erysipelotrichales	f__Erysipelotrichaceae	g__Solobacterium	NA
2fb5a4a7d5e419920ec9257327a118ca	1.6874346351641965	0.28368081613766294	0.4279969655120898	0.6628103444571026	0.5074520276228496	0.6281337743312999	d__Bacteria	p__Bacillota	c__Bacilli	o__Erysipelotrichales	f__Erysipelotrichaceae	g__Holdemania	NA
aa052f6ed7696840ff494c82879d3e1a	1.7417575438097235	0.316934801027042	0.44738538279927925	0.7084156371940201	0.4786871845453243	0.6030215181934605	d__Bacteria	p__Bacillota	c__Bacilli	o__Erysipelotrichales	f__Erysipelotrichaceae	g__Holdemania	NA
50c6b94dfbe5aeb899b25d4f5f37ddf4	1.1977067514141364	-0.5412574612555922	0.35431613613037116	-1.5276116610631463	0.12660898478309215	0.26400479990240483	d__Bacteria	p__Bacillota	c__Bacilli	o__Erysipelotrichales	f__Erysipelotrichaceae	g__Holdemania	NA
6f980c6f3f2ffefd2013c721461cc1c6	8.084389093315263	-0.5241464753950744	0.5467032727916165	-0.9587403285856314	0.33768957661668736	0.46854977665800446	d__Bacteria	p__Bacillota	c__Bacilli	o__Erysipelotrichales	f__Erysipelotrichaceae	g__Holdemania	NA
f484c995c0321753b4a7a37bc48d454a	1.1974983059931716	0.3363797312218096	0.3791147212868172	0.8872768909633644	0.3749298440276423	0.4964076681195218	d__Bacteria	p__Bacillota	c__Bacilli	o__Erysipelotrichales	f__Erysipelotrichaceae	g__Holdemania	NA
e865f29a716e8d51f83931befa951240	63.249294062797944	2.968727974318993	0.753933938891809	3.937649999789983	8.228349537340751e-5	9.440482748755463e-4	d__Bacteria	p__Bacillota	c__Bacilli	o__Erysipelotrichales	f__Erysipelatoclostridiaceae	g__Erysipelotrichaceae_UCG-003	NA
281d1d3fcec26d4fb13e9dcc637c143d	1.0531791811445184	-6.59116503826741e-4	0.3891799900959431	-0.0016936032699529373	0.9986487007447662	NA	d__Bacteria	p__Bacillota	c__Bacilli	o__Erysipelotrichales	f__Erysipelatoclostridiaceae	g__Erysipelotrichaceae_UCG-003	NA
e9f900358bb9297e10b9fbb1321b1e6e	9.349894708344829	2.3754455701786283	0.6314570271182249	3.7618483414769	1.6866231196549115e-4	0.001713930351115991	d__Bacteria	p__Bacillota	c__Bacilli	o__Erysipelotrichales	f__Erysipelatoclostridiaceae	g__Thomasclavelia	NA
200af66382877237f566d2bd8b55fc07	1.197584300552829	0.33638804666342287	0.37911841285917985	0.8872901849490787	0.37492268850583044	0.4964076681195218	d__Bacteria	p__Bacillota	c__Bacilli	o__Erysipelotrichales	f__Erysipelatoclostridiaceae	g__Thomasclavelia	NA
bd5ab72117a5582f67a888c1f7e57ca7	1.2697230558313652	0.4793584549277922	0.3825956885291279	1.2529112828496956	0.2102379952554979	0.35730276179661874	d__Bacteria	p__Bacillota	c__Bacilli	o__Erysipelotrichales	f__Erysipelatoclostridiaceae	g__Thomasclavelia	NA
8f4dea09ecd34aac65b4fdf5d1c37ff1	1.1826699655475916	0.30597136481594234	0.37939652242920957	0.8064685539468344	0.4199727326851887	NA	d__Bacteria	p__Bacillota	c__Bacilli	o__Erysipelotrichales	f__Erysipelatoclostridiaceae	g__Thomasclavelia	NA
a663a01aeb4dbb88bbe0a9840e8f64dc	23.568211869146598	-0.7742429918840469	0.6624061103007505	-1.1688343145453768	0.24247039217504873	0.39199380068299544	d__Bacteria	p__Bacillota	c__Bacilli	o__Erysipelotrichales	f__Erysipelatoclostridiaceae	g__Thomasclavelia	NA
38a54077b88e4a2c2eb7f723da920bd1	1.1826699655475919	0.30597136481594245	0.3793965224292098	0.8064685539468341	0.41997273268518887	NA	d__Bacteria	p__Bacillota	c__Bacilli	o__Erysipelotrichales	f__Erysipelatoclostridiaceae	g__Thomasclavelia	NA
075de4b64188bb21f1eab54a2bc06fc0	1.038742922832062	-6.59113222794125e-4	0.38896199360802225	-0.0016945440264745982	0.9986479501307391	NA	d__Bacteria	p__Bacillota	c__Bacilli	o__Erysipelotrichales	f__Erysipelatoclostridiaceae	g__Thomasclavelia	NA
c0f9afc03ac59992eccc5e6fc3a38ec6	1.16866924764417	0.27498040892408204	0.37992181279834364	0.7237815773163759	0.4691998412439105	NA	d__Bacteria	p__Bacillota	c__Bacilli	o__Erysipelotrichales	f__Erysipelatoclostridiaceae	g__Massiliomicrobiota	NA
a333ee090a52b582e1a0e2dd776eb937	6.136935342935788	-1.7374524605959463	0.5619131266133122	-3.0920303838917023	0.001987925005479126	0.013834138384332555	d__Bacteria	p__Bacillota	c__Bacilli	o__Erysipelotrichales	f__Erysipelatoclostridiaceae	g__Coprobacillus	NA
31e3f64d5d2212f7d32e2dc3e2142ff3	1.0531791811445184	-6.59116503826741e-4	0.3891799900959431	-0.0016936032699529373	0.9986487007447662	NA	d__Bacteria	p__Bacillota	c__Bacilli	o__Erysipelotrichales	f__Erysipelatoclostridiaceae	g__Catenibacterium	NA
1541faf3a457cc8cc05b01ce30983449	1.0386837729171505	-6.591132284206032e-4	0.38896107124054613	-0.0016945480593171913	0.998647946913001	NA	d__Bacteria	p__Bacillota	c__Bacilli	o__Erysipelotrichales	f__Erysipelatoclostridiaceae	g__Catenibacterium	NA
533b6c05a74b2c25a94f884d6fe42f9d	12.321984022742425	1.6618619735821671	0.6675824732944602	2.4893732835450666	0.012796852722905122	0.05689267439724903	d__Bacteria	p__Bacillota	c__Bacilli	o__Erysipelotrichales	f__Erysipelatoclostridiaceae	g__Catenibacterium	NA
a39090b6ec547ca876f6583c79c7f963	1.0531791811445184	-6.59116503826741e-4	0.3891799900959431	-0.0016936032699529373	0.9986487007447662	NA	d__Bacteria	p__Bacillota	c__Bacilli	o__Erysipelotrichales	f__Erysipelatoclostridiaceae	g__Catenibacterium	NA
ba64f4fa502258a89d2b7468af3cbb28	2.987766038841654	-1.5826601905070032	0.4906093521353368	-3.2259070961827474	0.0012557411107205515	0.009534723717211695	d__Bacteria	p__Bacillota	c__Bacilli	o__Erysipelotrichales	f__Erysipelatoclostridiaceae	g__Longibaculum	NA
6cce9922d65c4b649c6b35a233bd7dc2	1.1833911994809885	0.30603306377175504	0.3794231173695045	0.8065746386078054	0.41991159016299967	NA	d__Bacteria	p__Bacillota	c__Bacilli	o__Erysipelotrichales	f__Erysipelatoclostridiaceae	g__Longibaculum	NA
2e81e4d1a54e1636af43e46fa332ab11	1.3559245112223022	-0.6820703414036619	0.37070405361961417	-1.8399322444516508	0.06577818537609859	0.18667849630535702	d__Bacteria	p__Bacillota	c__Bacilli	o__Erysipelotrichales	f__Erysipelatoclostridiaceae	g__Massiliomicrobiota	NA
51ea85f428a5daaaf348c94671af386e	1.3408129880352035	0.2750003553232504	0.4070579555203403	0.6755803481883034	0.49930712202387006	0.6209332158501975	d__Bacteria	p__Bacillota	c__Bacilli	o__Erysipelotrichales	f__Erysipelatoclostridiaceae	g__Massiliomicrobiota	NA
44d7de38545dc197783053e56c9d6933	1.096489888013007	-0.28014654362879354	0.372891516319639	-0.7512816231213333	0.45248318643129865	NA	d__Bacteria	p__Bacillota	c__Clostridia	o__Peptostreptococcales-Tissierellales	f__Family_XI	g__Helcococcus	NA
a1b31da3a50890aadc04fca003e3e007	1.7443083911294188	-1.6688363355031361	0.4263742508660081	-3.914017631490563	9.07730030253349e-5	0.0010195241497687614	d__Bacteria	p__Bacillota	c__Bacilli	o__Lactobacillales	f__Streptococcaceae	g__Streptococcus	NA
b4e5ceb47185c8dc0d6f6b2d9d5d108f	1.1976667590277579	-6.591221437994632e-4	0.393754133317257	-0.0016739434282163914	0.9986643870067193	0.9990603906560739	d__Bacteria	p__Bacillota	c__Bacilli	o__Lactobacillales	f__Streptococcaceae	g__Streptococcus	NA
393625590ff2fa81911647ff974e2047	1.1396010783031916	0.21083598035546802	0.3814643810740639	0.5527016172829327	0.5804677457362288	NA	d__Bacteria	p__Bacillota	c__Bacilli	o__Lactobacillales	f__Streptococcaceae	g__Streptococcus	NA
5ae6c57554c708cdfa18bcdf68b3bc4b	1.1823469586491595	-0.49531495996199004	0.35627651344806555	-1.3902543144601422	0.1644516654679736	NA	d__Bacteria	p__Bacillota	c__Bacilli	o__Lactobacillales	f__Streptococcaceae	g__Streptococcus	NA
fd2eb1fe2266eed160a855f715f7c77e	545.5524678129934	0.9903952752120576	0.8141864936980494	1.2164231203512905	0.22382378096671743	0.3772827397969787	d__Bacteria	p__Bacillota	c__Bacilli	o__Lactobacillales	f__Streptococcaceae	g__Streptococcus	NA
205f8255db56fbbc2c5999ed97063cab	1.0242486829405157	0.0279841620637274	0.3963805942609106	0.07059922324377796	0.9437167286335988	NA	d__Bacteria	p__Bacillota	c__Bacilli	o__Lactobacillales	f__Streptococcaceae	g__Streptococcus	NA
3e54e2e7fb35c65339f6304a96609bd6	1.154004727829637	-0.3991830302131889	0.36130182805163913	-1.1048464170962777	0.2692261436520143	NA	d__Bacteria	p__Bacillota	c__Bacilli	o__Lactobacillales	f__Streptococcaceae	g__Streptococcus	NA
8a4d2ed84fa8862ba688b236ad9532a2	1.0386774672947785	0.06645890978948986	0.39471028014767	0.1683739013957936	0.866289138641423	NA	d__Bacteria	p__Bacillota	c__Bacilli	o__Lactobacillales	f__Streptococcaceae	g__Streptococcus	NA
edc9e5c16e40aff1eadce6597940f08f	1.7434027324858152	1.260026546272196	0.4724480767977837	2.667015928634016	0.007652804472199006	0.03833587967998281	d__Bacteria	p__Bacillota	c__Bacilli	o__Lactobacillales	f__Streptococcaceae	g__Streptococcus	NA
a8a9a05f11ee2bad8fa87bdfb414b594	1.3112064156378893	-0.8618431985291567	0.37495013892287765	-2.2985541517733017	0.02153026955956767	0.08060630743880248	d__Bacteria	p__Bacillota	c__Bacilli	o__Lactobacillales	f__Streptococcaceae	g__Streptococcus	NA
6b0ad7f7a533a2b9479cc58d760b69b1	1.1538942356802422	0.24324726349929204	0.38060618667140766	0.6391048596099069	0.5227547187609678	NA	d__Bacteria	p__Bacillota	c__Bacilli	o__Lactobacillales	f__Streptococcaceae	g__Streptococcus	NA
06f825b512d903b9230e1a55d87359ee	34.1785062210176	2.324427855924924	0.7207655639537308	3.2249429941885226	0.0012599775483850505	0.009534723717211695	d__Bacteria	p__Bacillota	c__Bacilli	o__Lactobacillales	f__Streptococcaceae	g__Streptococcus	NA
6e6bf831e6f7e98cffe6824ba27a738e	1.0387304233561943	-6.591132239831767e-4	0.3889617986514884	-0.001694544878875741	0.9986479494506224	NA	d__Bacteria	p__Bacillota	c__Bacilli	o__Lactobacillales	f__Streptococcaceae	g__Streptococcus	NA
48d5ac89b4bda862faac90161aff5a86	1.0387264241175567	0.06645611648459744	0.3947107898064449	0.1683666071484533	0.8662948766968549	NA	d__Bacteria	p__Bacillota	c__Bacilli	o__Lactobacillales	f__Streptococcaceae	g__Streptococcus	NA
fd496fd32dc8c08ade2e8b6c9d8ee13d	7.459391107421917	-1.4703422780685713	0.6157793250039333	-2.387774675707372	0.016950730770370237	0.0685333247083574	d__Bacteria	p__Bacillota	c__Bacilli	o__Lactobacillales	f__Streptococcaceae	g__Streptococcus	NA
735cb9abbbc8ff2b5b354be608a3a869	13.78093181673536	-3.3605555997147074	0.6692228742315377	-5.0215791018404765	5.12483898001096e-7	1.4390008399136036e-5	d__Bacteria	p__Bacillota	c__Bacilli	o__Lactobacillales	f__Streptococcaceae	g__Streptococcus	NA
9fec7bdd6bd88e710bd69b15692e54a0	1.328652309808123	0.6773142921352412	0.4218578451443471	1.6055510166072284	0.10837259536163688	0.2513773027192751	d__Bacteria	p__Bacillota	c__Bacilli	o__Lactobacillales	f__Streptococcaceae	g__Streptococcus	NA
2f590cb63f9311c157ef8aee6b18b188	1.0387264241175567	0.06645611648459744	0.3947107898064449	0.1683666071484533	0.8662948766968549	NA	d__Bacteria	p__Bacillota	c__Bacilli	o__Lactobacillales	f__Streptococcaceae	g__Streptococcus	NA
a140d9cb4a810eab90930f0ac2bbbd84	1.1689522942921644	0.2750019600488221	0.37993088403261815	0.7238210201022047	0.4691756227718771	NA	d__Bacteria	p__Bacillota	c__Bacilli	o__Lactobacillales	f__Streptococcaceae	g__Streptococcus	NA
a50e77cfb93d3d562a352bc70bcd47e9	1.2115051084836677	0.36608117196019796	0.3790625456979955	0.965754005809532	0.33416728846347465	0.46631086824824164	d__Bacteria	p__Bacillota	c__Bacilli	o__Lactobacillales	f__Streptococcaceae	g__Streptococcus	NA
e3055f1b3a2ef5ffe239567f02e0e758	2.59539546540884	-2.1559896913423766	0.47942682282204796	-4.497015162087895	6.89140755264426e-6	1.2677813549433493e-4	d__Bacteria	p__Bacillota	c__Bacilli	o__Lactobacillales	f__Streptococcaceae	g__Streptococcus	NA
f205db64334376cebee550bcc6276cb1	1.0531791811445184	-6.59116503826741e-4	0.3891799900959431	-0.0016936032699529373	0.9986487007447662	NA	d__Bacteria	p__Bacillota	c__Bacilli	o__Lactobacillales	f__Streptococcaceae	g__Streptococcus	NA
390ca9f4841e42ba2e0088023131f7c4	1.0531791811445184	-6.59116503826741e-4	0.3891799900959431	-0.0016936032699529373	0.9986487007447662	NA	d__Bacteria	p__Bacillota	c__Bacilli	o__Lactobacillales	f__Streptococcaceae	g__Streptococcus	NA
b3d2cc3b9f0184830bec2ef73bcc6166	1.0531791811445184	-6.59116503826741e-4	0.3891799900959431	-0.0016936032699529373	0.9986487007447662	NA	d__Bacteria	p__Bacillota	c__Bacilli	o__Lactobacillales	f__Streptococcaceae	g__Lactococcus	NA
d114fb4c335125128be28401522dd41a	1.4281958094082767	0.7513544119888772	0.4151840365650057	1.80969003096832	0.070343869344751	0.19258455174132758	d__Bacteria	p__Bacillota	c__Bacilli	o__Lactobacillales	f__Streptococcaceae	g__Lactococcus	NA
be1aa9c7efbdbcf5331f7c8a9487c845	1.1543484803332507	-0.3992234236869545	0.36131033620858494	-1.1049321972800754	0.26918896976775847	NA	d__Bacteria	p__Bacillota	c__Bacilli	o__Lactobacillales	f__Streptococcaceae	g__Streptococcus	NA
be62709da7b40d14392016ea7a3ae843	1.0531791811445184	-6.59116503826741e-4	0.3891799900959431	-0.0016936032699529373	0.9986487007447662	NA	d__Bacteria	p__Bacillota	c__Bacilli	o__Paenibacillales	f__Paenibacillaceae	g__Fontibacillus	NA
bd2ad00d586fbb853586dae6812f7b24	1.4733017465002276	-1.2149134225797005	0.3783109362516161	-3.2114150191303397	0.0013208302964732696	0.009843000445853964	d__Bacteria	p__Bacillota	c__Bacilli	o__Lactobacillales	f__Lactobacillaceae	g__Pediococcus	NA
bd7bb5b11e9ccba1afbf45d9e0d5808a	1.0531791811445184	-6.59116503826741e-4	0.3891799900959431	-0.0016936032699529373	0.9986487007447662	NA	d__Bacteria	p__Bacillota	c__Bacilli	o__Lactobacillales	f__Lactobacillaceae	g__Limosilactobacillus	NA
7bf8bd74563c4e9d340cbbdcbec06524	1.0531791811445184	-6.59116503826741e-4	0.3891799900959431	-0.0016936032699529373	0.9986487007447662	NA	d__Bacteria	p__Bacillota	c__Bacilli	o__Lactobacillales	f__Lactobacillaceae	g__HT002	NA
1a069ea36017c7efc95d851374fa7382	1.0531791811445184	-6.59116503826741e-4	0.3891799900959431	-0.0016936032699529373	0.9986487007447662	NA	d__Bacteria	p__Bacillota	c__Bacilli	o__Lactobacillales	f__Lactobacillaceae	g__Limosilactobacillus	NA
2ef1e51ab1cf99a3c6417b05a060830e	1.2695637976650758	0.27498963888378025	0.38536150071387637	0.7135887689205229	0.4754815043908358	0.6004009055444045	d__Bacteria	p__Bacillota	c__Bacilli	o__Lactobacillales	f__Lactobacillaceae	NA	NA
66ae4257e6338ac409fd953c0ab441d5	1.0531791811445184	-6.59116503826741e-4	0.3891799900959431	-0.0016936032699529373	0.9986487007447662	NA	d__Bacteria	p__Bacillota	c__Bacilli	o__Lactobacillales	f__Lactobacillaceae	NA	NA
814bfbcbcb52ced93388ec7c6a771752	1.0531791811445184	-6.59116503826741e-4	0.3891799900959431	-0.0016936032699529373	0.9986487007447662	NA	d__Bacteria	p__Bacillota	c__Bacilli	o__Lactobacillales	f__Lactobacillaceae	NA	NA
eb9529f0c886343a7359dc1a014da203	1.0531791811445184	-6.59116503826741e-4	0.3891799900959431	-0.0016936032699529373	0.9986487007447662	NA	d__Bacteria	p__Bacillota	c__Bacilli	o__Lactobacillales	f__Lactobacillaceae	g__Limosilactobacillus	NA
20c93503da260c528c1b59f783184b6d	1.0531791811445184	-6.59116503826741e-4	0.3891799900959431	-0.0016936032699529373	0.9986487007447662	NA	d__Bacteria	p__Bacillota	c__Bacilli	o__Lactobacillales	f__Lactobacillaceae	g__Limosilactobacillus	NA
95b3524e555cc42a09f7b09ef63189fa	1.0531791811445184	-6.59116503826741e-4	0.3891799900959431	-0.0016936032699529373	0.9986487007447662	NA	d__Bacteria	p__Bacillota	c__Bacilli	o__Lactobacillales	f__Lactobacillaceae	NA	NA
9a075c19908c02c511f36816e2237d72	1.0531791811445184	-6.59116503826741e-4	0.3891799900959431	-0.0016936032699529373	0.9986487007447662	NA	d__Bacteria	p__Bacillota	c__Bacilli	o__Lactobacillales	f__Lactobacillaceae	g__Limosilactobacillus	NA
d25415ae2df908f2bd472a1ccf16ee51	1.0531791811445184	-6.59116503826741e-4	0.3891799900959431	-0.0016936032699529373	0.9986487007447662	NA	d__Bacteria	p__Bacillota	c__Bacilli	o__Lactobacillales	f__Lactobacillaceae	g__HT002	NA
581a55014641e1cd55cdc272c0365a28	1.0531791811445184	-6.59116503826741e-4	0.3891799900959431	-0.0016936032699529373	0.9986487007447662	NA	d__Bacteria	p__Bacillota	c__Bacilli	o__Lactobacillales	f__Lactobacillaceae	g__Limosilactobacillus	NA
ff3739dd5a3c35cf09f01a391ce07570	1.0531791811445184	-6.59116503826741e-4	0.3891799900959431	-0.0016936032699529373	0.9986487007447662	NA	d__Bacteria	p__Bacillota	c__Bacilli	o__Lactobacillales	f__Lactobacillaceae	g__Limosilactobacillus	NA
149e4854b7b2f3c7c6a175482ffab23e	1.0531791811445184	-6.59116503826741e-4	0.3891799900959431	-0.0016936032699529373	0.9986487007447662	NA	d__Bacteria	p__Bacillota	c__Bacilli	o__Lactobacillales	f__Lactobacillaceae	g__Limosilactobacillus	NA
18916ff01c5cc30f13e73cab657abe0e	1.8880665095363165	-0.20527955508838788	0.4433958971637856	-0.4629712552630136	0.6433849711090691	0.7635004189530045	d__Bacteria	p__Bacillota	c__Bacilli	o__Lactobacillales	f__Lactobacillaceae	g__Lactobacillus	NA
53dc403fe18d6241b8b05a0853471556	1.0531791811445184	-6.59116503826741e-4	0.3891799900959431	-0.0016936032699529373	0.9986487007447662	NA	d__Bacteria	p__Bacillota	c__Bacilli	o__Lactobacillales	f__Lactobacillaceae	g__Lactobacillus	NA
797be95b1577a87d579b6bee98485d87	1.0387304233561943	-6.591132239831767e-4	0.3889617986514884	-0.001694544878875741	0.9986479494506224	NA	d__Bacteria	p__Bacillota	c__Bacilli	o__Lactobacillales	f__Lactobacillaceae	g__Lactobacillus	NA
0640e9dab39f8ff89a9bdef119e0fe6f	1.0531791811445184	-6.59116503826741e-4	0.3891799900959431	-0.0016936032699529373	0.9986487007447662	NA	d__Bacteria	p__Bacillota	c__Bacilli	o__Lactobacillales	f__Lactobacillaceae	g__Lactobacillus	NA
f7447c8e079023f4f2579d8580575dd3	332.4756119363622	-1.810190627193382	0.5415420041878942	-3.3426596888047038	8.297959542779222e-4	0.0068635060714305664	d__Bacteria	p__Bacillota	c__Bacilli	o__Lactobacillales	f__Lactobacillaceae	g__Lactobacillus	NA
cb9d64ad78fab4cdb5b990e951460a2c	1.0531791811445184	-6.59116503826741e-4	0.3891799900959431	-0.0016936032699529373	0.9986487007447662	NA	d__Bacteria	p__Bacillota	c__Bacilli	o__Lactobacillales	f__Lactobacillaceae	g__Lactobacillus	NA
29314436954b65ebdb30b273a9c40043	1.0387186569978308	0.06645656101178878	0.39471070904314043	0.16836776780871512	0.866293963657298	NA	d__Bacteria	p__Bacillota	c__Bacilli	o__Lactobacillales	f__Lactobacillaceae	g__Lactobacillus	NA
e7ce00b0e59f5a4a080ac984080d8dee	1.0531791811445184	-6.59116503826741e-4	0.3891799900959431	-0.0016936032699529373	0.9986487007447662	NA	d__Bacteria	p__Bacillota	c__Bacilli	o__Lactobacillales	f__Lactobacillaceae	g__Lactobacillus	NA
fcf550b93132029d88ab8865dad8ed66	1.0531791811445184	-6.59116503826741e-4	0.3891799900959431	-0.0016936032699529373	0.9986487007447662	NA	d__Bacteria	p__Bacillota	c__Bacilli	o__Lactobacillales	f__Lactobacillaceae	g__Lactobacillus	NA
3a5632d9c409049eb130a69aadbb0f22	1.0531791811445184	-6.59116503826741e-4	0.3891799900959431	-0.0016936032699529373	0.9986487007447662	NA	d__Bacteria	p__Bacillota	c__Bacilli	o__Lactobacillales	f__Lactobacillaceae	g__Lactobacillus	NA
3740da8e2b75174ae1fa2531a5c50fab	1.0531791811445184	-6.59116503826741e-4	0.3891799900959431	-0.0016936032699529373	0.9986487007447662	NA	d__Bacteria	p__Bacillota	c__Bacilli	o__Lactobacillales	f__Lactobacillaceae	g__Lactobacillus	NA
232aa5d7540fb57bd4f9cf8be191c9a8	1.0531791811445184	-6.59116503826741e-4	0.3891799900959431	-0.0016936032699529373	0.9986487007447662	NA	d__Bacteria	p__Bacillota	c__Bacilli	o__Lactobacillales	f__Lactobacillaceae	g__Lactobacillus	NA
73133b45b140eb6dd888998e03250e84	1.0531791811445184	-6.59116503826741e-4	0.3891799900959431	-0.0016936032699529373	0.9986487007447662	NA	d__Bacteria	p__Bacillota	c__Bacilli	o__Lactobacillales	f__Lactobacillaceae	g__Lactobacillus	NA
7656df7fd630620c3e31f81604a67bac	1.0531791811445184	-6.59116503826741e-4	0.3891799900959431	-0.0016936032699529373	0.9986487007447662	NA	d__Bacteria	p__Bacillota	c__Bacilli	o__Lactobacillales	f__Lactobacillaceae	g__Lactobacillus	NA
ab331fff290777ec31cb379b7258fc9e	1.0531791811445184	-6.59116503826741e-4	0.3891799900959431	-0.0016936032699529373	0.9986487007447662	NA	d__Bacteria	p__Bacillota	c__Bacilli	o__Lactobacillales	f__Lactobacillaceae	g__Lactobacillus	NA
1a537ff77f046aaacf7588f1a0687cc4	1.0531791811445184	-6.59116503826741e-4	0.3891799900959431	-0.0016936032699529373	0.9986487007447662	NA	d__Bacteria	p__Bacillota	c__Bacilli	o__Lactobacillales	f__Lactobacillaceae	g__Lactobacillus	NA
0df6c802966e8670279671824da4f10a	14.227062805570213	4.713664288836512	0.697067985300657	6.762129933141931	1.3597766763677684e-11	2.9017634273688178e-9	d__Bacteria	p__Bacillota	c__Bacilli	o__Lactobacillales	f__Lactobacillaceae	g__Lactobacillus	NA
dd2e6b7323c370b05ba4d9a0568f99e9	1.0531791811445184	-6.59116503826741e-4	0.3891799900959431	-0.0016936032699529373	0.9986487007447662	NA	d__Bacteria	p__Bacillota	c__Bacilli	o__Lactobacillales	f__Lactobacillaceae	g__Lactobacillus	NA
5bbd680b1ac82cec54b4f2897f339639	1.0531791811445184	-6.59116503826741e-4	0.3891799900959431	-0.0016936032699529373	0.9986487007447662	NA	d__Bacteria	p__Bacillota	c__Bacilli	o__Lactobacillales	f__Lactobacillaceae	g__Lactobacillus	NA
2858fb0d985caf63ed6f75ab7b85482e	1.0531791811445184	-6.59116503826741e-4	0.3891799900959431	-0.0016936032699529373	0.9986487007447662	NA	d__Bacteria	p__Bacillota	c__Bacilli	o__Lactobacillales	f__Lactobacillaceae	NA	NA
270296d9e9385f6ff7c5aa4302ba38d6	1.0531791811445184	-6.59116503826741e-4	0.3891799900959431	-0.0016936032699529373	0.9986487007447662	NA	d__Bacteria	p__Bacillota	c__Bacilli	o__Lactobacillales	f__Lactobacillaceae	NA	NA
8d01ff094cd1dbccba56575774169322	1.1395063707465674	0.2108301148557405	0.3814620075898292	0.5526896798656753	0.5804759213041253	NA	d__Bacteria	p__Bacillota	c__Bacilli	o__Lactobacillales	f__Lactobacillaceae	g__Incertae_Sedis	NA
3bac14d2805bf995afe9d316a5777b1e	34.37170716347951	-1.2688691661485034	0.639886913217765	-1.9829584570933152	0.047372070085618466	0.14866470229810266	d__Bacteria	p__Bacillota	c__Bacilli	o__Lactobacillales	f__Lactobacillaceae	g__Lactobacillus	NA
78500c826f22cac8943b1e6a24736ddf	1.0387205801281543	0.06645645099535044	0.39471072904340715	0.1683674805506543	0.86629418963036	NA	d__Bacteria	p__Bacillota	c__Bacilli	o__Lactobacillales	f__Lactobacillaceae	g__Lactobacillus	NA
67712faac9e2fae22c08613a11104b10	1.0531791811445184	-6.59116503826741e-4	0.3891799900959431	-0.0016936032699529373	0.9986487007447662	NA	d__Bacteria	p__Bacillota	c__Bacilli	o__Lactobacillales	f__Lactobacillaceae	g__Lactobacillus	NA
e55126d48e57348ad1410ca3c987d5a7	1.0531791811445184	-6.59116503826741e-4	0.3891799900959431	-0.0016936032699529373	0.9986487007447662	NA	d__Bacteria	p__Bacillota	c__Bacilli	o__Lactobacillales	f__Lactobacillaceae	g__Lactobacillus	NA
4c8e9e9625bae27df7fdc81da666be14	1.0387205801281543	0.06645645099535044	0.39471072904340715	0.1683674805506543	0.86629418963036	NA	d__Bacteria	p__Bacillota	c__Bacilli	o__Lactobacillales	f__Lactobacillaceae	g__Lactobacillus	NA
c2ce9ab4dfd49adefe174ba650b84aae	1.0531791811445184	-6.59116503826741e-4	0.3891799900959431	-0.0016936032699529373	0.9986487007447662	NA	d__Bacteria	p__Bacillota	c__Bacilli	o__Lactobacillales	f__Lactobacillaceae	g__Lactobacillus	NA
05b07ca026c6d57a6d11a453a16f59c8	1.0531791811445184	-6.59116503826741e-4	0.3891799900959431	-0.0016936032699529373	0.9986487007447662	NA	d__Bacteria	p__Bacillota	c__Bacilli	o__Lactobacillales	f__Lactobacillaceae	g__Lactobacillus	NA
5513af247a74e9450c886a68765a8f6e	1.0531791811445184	-6.59116503826741e-4	0.3891799900959431	-0.0016936032699529373	0.9986487007447662	NA	d__Bacteria	p__Bacillota	c__Bacilli	o__Lactobacillales	f__Lactobacillaceae	g__Lactobacillus	NA
0cf9119c9d8e440d5dd731e22ce0f537	1.0531791811445184	-6.59116503826741e-4	0.3891799900959431	-0.0016936032699529373	0.9986487007447662	NA	d__Bacteria	p__Bacillota	c__Bacilli	o__Lactobacillales	f__Lactobacillaceae	g__Lactobacillus	NA
456d174dbfd7362d3148d338ba43b555	1.0531791811445184	-6.59116503826741e-4	0.3891799900959431	-0.0016936032699529373	0.9986487007447662	NA	d__Bacteria	p__Bacillota	c__Bacilli	o__Lactobacillales	f__Lactobacillaceae	g__Lactobacillus	NA
abacccb67bb672221511c894fffbe89c	1.0531791811445184	-6.59116503826741e-4	0.3891799900959431	-0.0016936032699529373	0.9986487007447662	NA	d__Bacteria	p__Bacillota	c__Bacilli	o__Lactobacillales	f__Lactobacillaceae	g__Lactobacillus	NA
8961809ef142e965d189908690f2a529	1.0531791811445184	-6.59116503826741e-4	0.3891799900959431	-0.0016936032699529373	0.9986487007447662	NA	d__Bacteria	p__Bacillota	c__Bacilli	o__Lactobacillales	f__Lactobacillaceae	g__Lactobacillus	NA
2fb128b23cc1639587e021767929870b	1.0531791811445184	-6.59116503826741e-4	0.3891799900959431	-0.0016936032699529373	0.9986487007447662	NA	d__Bacteria	p__Bacillota	c__Bacilli	o__Lactobacillales	f__Lactobacillaceae	g__Lactobacillus	NA
4c7c8a67174a7941f39d5d65650afd49	1.0531791811445184	-6.59116503826741e-4	0.3891799900959431	-0.0016936032699529373	0.9986487007447662	NA	d__Bacteria	p__Bacillota	c__Bacilli	o__Lactobacillales	f__Lactobacillaceae	g__Lactobacillus	NA
73474e650064fb16464d1260150f3769	1.0531791811445184	-6.59116503826741e-4	0.3891799900959431	-0.0016936032699529373	0.9986487007447662	NA	d__Bacteria	p__Bacillota	c__Bacilli	o__Lactobacillales	f__Lactobacillaceae	g__Lactobacillus	NA
e24b5776f2060d8778c92a3aece918f0	1.0531791811445184	-6.59116503826741e-4	0.3891799900959431	-0.0016936032699529373	0.9986487007447662	NA	d__Bacteria	p__Bacillota	c__Bacilli	o__Lactobacillales	f__Lactobacillaceae	g__Lactobacillus	NA
a5345e64cc834b8bf890c20bf7d33c1d	1.0531791811445184	-6.59116503826741e-4	0.3891799900959431	-0.0016936032699529373	0.9986487007447662	NA	d__Bacteria	p__Bacillota	c__Bacilli	o__Lactobacillales	f__Lactobacillaceae	g__Lactobacillus	NA
fcebaf004ffa8c7c5361fe6187b36fa0	1.0531791811445184	-6.59116503826741e-4	0.3891799900959431	-0.0016936032699529373	0.9986487007447662	NA	d__Bacteria	p__Bacillota	c__Bacilli	o__Lactobacillales	f__Lactobacillaceae	g__Lactobacillus	NA
4e84421257e93a402a6fbabc5d34b821	1.0531791811445184	-6.59116503826741e-4	0.3891799900959431	-0.0016936032699529373	0.9986487007447662	NA	d__Bacteria	p__Bacillota	c__Bacilli	o__Lactobacillales	f__Lactobacillaceae	g__Lactobacillus	NA
638c1cbbe0a8cc58647e7647a603ab72	1.0531791811445184	-6.59116503826741e-4	0.3891799900959431	-0.0016936032699529373	0.9986487007447662	NA	d__Bacteria	p__Bacillota	c__Bacilli	o__Lactobacillales	f__Lactobacillaceae	g__Lactobacillus	NA
fb03fb05600615d16bb9610567eaeea1	1.0531791811445184	-6.59116503826741e-4	0.3891799900959431	-0.0016936032699529373	0.9986487007447662	NA	d__Bacteria	p__Bacillota	c__Bacilli	o__Lactobacillales	f__Lactobacillaceae	g__Lactobacillus	NA
92f2765bbf5d4ed177550e18bbed87f0	1.0531791811445184	-6.59116503826741e-4	0.3891799900959431	-0.0016936032699529373	0.9986487007447662	NA	d__Bacteria	p__Bacillota	c__Bacilli	o__Lactobacillales	f__Lactobacillaceae	g__Lactobacillus	NA
3255441a73c39b554397196c0c880abd	1.0531791811445184	-6.59116503826741e-4	0.3891799900959431	-0.0016936032699529373	0.9986487007447662	NA	d__Bacteria	p__Bacillota	c__Bacilli	o__Lactobacillales	f__Lactobacillaceae	g__Lactobacillus	NA
7a481ad1c7ea583122e37c20f6d48a09	1.0531791811445184	-6.59116503826741e-4	0.3891799900959431	-0.0016936032699529373	0.9986487007447662	NA	d__Bacteria	p__Bacillota	c__Bacilli	o__Lactobacillales	f__Lactobacillaceae	g__Lactobacillus	NA
4844f543bf025f816deceb10130f0cb6	1.0531791811445184	-6.59116503826741e-4	0.3891799900959431	-0.0016936032699529373	0.9986487007447662	NA	d__Bacteria	p__Bacillota	c__Bacilli	o__Lactobacillales	f__Lactobacillaceae	g__Lactobacillus	NA
f805b4e18d0fd74a157b519414a2ba3e	1.0531791811445184	-6.59116503826741e-4	0.3891799900959431	-0.0016936032699529373	0.9986487007447662	NA	d__Bacteria	p__Bacillota	c__Bacilli	o__Lactobacillales	f__Lactobacillaceae	g__Lactobacillus	NA
09e996f449e880d1fd8f27d59e8d8b11	1.0531791811445184	-6.59116503826741e-4	0.3891799900959431	-0.0016936032699529373	0.9986487007447662	NA	d__Bacteria	p__Bacillota	c__Bacilli	o__Lactobacillales	f__Lactobacillaceae	g__Lacticaseibacillus	NA
29daaf94c6c9c41e5044aa321d18a306	1.0531791811445184	-6.59116503826741e-4	0.3891799900959431	-0.0016936032699529373	0.9986487007447662	NA	d__Bacteria	p__Bacillota	c__Bacilli	o__Lactobacillales	f__Lactobacillaceae	g__Lacticaseibacillus	NA
6f899e58ffc768754891187809557d7d	1.0531791811445184	-6.59116503826741e-4	0.3891799900959431	-0.0016936032699529373	0.9986487007447662	NA	d__Bacteria	p__Bacillota	c__Bacilli	o__Lactobacillales	f__Lactobacillaceae	g__Ligilactobacillus	NA
9e9c4270966cf507485654eb33a69880	1.3562779851136206	0.1437176711292252	0.41898438446964276	0.3430143853956404	0.7315876380028598	0.8540525270777366	d__Bacteria	p__Bacillota	c__Bacilli	o__Lactobacillales	f__Lactobacillaceae	g__Weissella	NA
c8364ffd28638c0516d23fb9cbe39cec	3.8853929876251607	1.2608214753195566	0.5360914347922625	2.3518776714053073	0.018678916697252013	0.07247419678533781	d__Bacteria	p__Bacillota	c__Bacilli	o__Mycoplasmatales	f__Mycoplasmataceae	g__Ureaplasma	NA
e6c740ca4ed284182c87d52ca3c601b6	1.1392510513400353	-6.591267642702501e-4	0.3911048493653612	-0.0016852942768155474	0.998655330352645	NA	d__Bacteria	p__Bacillota	c__Bacilli	o__Lactobacillales	f__Aerococcaceae	g__Aerococcus	NA
484286e56b8b56172aeda79c4e056809	1.0531791811445184	-6.59116503826741e-4	0.3891799900959431	-0.0016936032699529373	0.9986487007447662	NA	d__Bacteria	p__Bacillota	c__Bacilli	o__Lactobacillales	f__Aerococcaceae	g__Aerococcus	NA
c45a3b1ba3c7be52bf6cfd79c71d1286	3.9000315786178374	-2.0966676048583444	0.49179155431748317	-4.263325765665366	2.0140655709487494e-5	3.0700113774318795e-4	d__Bacteria	p__Bacillota	c__Bacilli	o__Lactobacillales	f__Aerococcaceae	g__Aerococcus	NA
e68712d76951fcc660c7df2d1116d320	1.1683632690942043	0.30598480696005675	0.378929940691413	0.807497043917255	0.4193801769298113	NA	d__Bacteria	p__Bacillota	c__Bacilli	o__Lactobacillales	f__Aerococcaceae	g__Aerococcus	NA
851f12ea182c1ef77241b94d46b94306	1.0531791811445184	-6.59116503826741e-4	0.3891799900959431	-0.0016936032699529373	0.9986487007447662	NA	d__Bacteria	p__Bacillota	c__Bacilli	o__Lactobacillales	f__Aerococcaceae	g__Aerococcus	NA
5efc6c4d12513b5dd110edd3a8524b91	1.0531791811445184	-6.59116503826741e-4	0.3891799900959431	-0.0016936032699529373	0.9986487007447662	NA	d__Bacteria	p__Bacillota	c__Bacilli	o__Lactobacillales	f__Carnobacteriaceae	g__Trichococcus	NA
23b8b65acb9ae8dc5a89b6160b056fa5	1.4446409955612194	0.7750474501079885	0.43972801630499203	1.7625609953640557	0.07797456044237437	0.2034201857995439	d__Bacteria	p__Bacillota	c__Bacilli	o__Lactobacillales	f__Enterococcaceae	g__Enterococcus	NA
9908fffab7ed4f3bec44cda2f5084d49	5.100777872357959	1.7725075244114963	0.6075719033850342	2.9173625615933263	0.003530051808356782	0.022287368517850216	d__Bacteria	p__Bacillota	c__Bacilli	o__Lactobacillales	f__Enterococcaceae	g__Enterococcus	NA
a443e786f67086749ef29ce0ab494c9e	1.675350257487453	-0.9009770881846746	0.4226707537711956	-2.1316286498317805	0.0330373865786248	0.11226218728759739	d__Bacteria	p__Bacillota	c__Bacilli	o__Lactobacillales	f__Enterococcaceae	g__Enterococcus	NA
569653b1659271a290facfcedd0de061	1.2120248124936601	0.3661384890316462	0.3790887224331372	0.9658385158008094	0.33412499226523057	0.46631086824824164	d__Bacteria	p__Bacillota	c__Bacilli	o__Lactobacillales	f__Enterococcaceae	g__Enterococcus	NA
c5031390a5fabd8e9ca73b98b0fe5a3d	1.0386683642089511	-0.03913600309647545	0.39085964416311514	-0.10012802211973322	0.92024268868368575	NA	d__Bacteria	p__Bacillota	c__Bacilli	o__Lactobacillales	f__Enterococcaceae	g__Enterococcus	NA
31903fea91c7cdb500a0dd9c862f4621	1.0531791811445184	-6.59116503826741e-4	0.3891799900959431	-0.0016936032699529373	0.9986487007447662	NA	d__Bacteria	p__Bacillota	c__Bacilli	o__Bacillales	f__Bacillaceae	NA	NA
a4cbe987942964b584e95e4efab6a176	1.038742922832062	-0.039133540503536304	0.3908606794902159	-0.10012145646007839	0.9202479011292768	NA	d__Bacteria	p__Bacillota	c__Bacilli	o__Bacillales	f__Bacillaceae	NA	NA
8ae518dbb29595b3f79214be0b589066	1.2408505392064524	0.42386796972157825	0.391447997027071	1.0828206375833498	0.27888804338964795	0.4252612279555311	d__Bacteria	p__Bacillota	c__Bacilli	o__Lactobacillales	f__Listeriaceae	g__Listeria	NA
9ab201405ef4c6cce6fdd3dc77c4279a	1.1399192499953223	0.21085564076100005	0.38147236360258724	0.5527415899010357	0.5804403701190275	NA	d__Bacteria	p__Bacillota	c__Bacilli	o__Lactobacillales	f__Listeriaceae	g__Listeria	NA
942ec60e75a4f9183b9b69cbf8960379	1.0387075420010623	-0.03913471250887544	0.3908601882582665	-0.1001245808207425	0.9202454207139598	NA	d__Bacteria	p__Bacillota	c__Bacilli	o__Lactobacillales	f__Carnobacteriaceae	g__Granulicatella	NA
2bd9309f2f97cae51d18d06ea1ca519a	1.5153921895528688	0.725702614393379	0.44784408967014266	1.620435841696363	0.10513868586401405	0.24440735907822003	d__Bacteria	p__Bacillota	c__Bacilli	o__Lactobacillales	f__Carnobacteriaceae	g__Granulicatella	NA
e3071eccbbbd1ee2c34f2f169c488e5e	4.5340738144865655	1.6662067664883435	0.5772849100350098	2.8862815180588997	0.003898232970709408	0.023633037384925785	d__Bacteria	p__Bacillota	c__Bacilli	o__Lactobacillales	f__Aerococcaceae	NA	NA
5f0622cb76057f6b76d4eb82008097e5	1.0386683642089511	-0.03913600309647545	0.39085964416311514	-0.10012802211973322	0.92024268868368575	NA	d__Bacteria	p__Bacillota	c__Bacilli	o__Lactobacillales	f__Aerococcaceae	NA	NA
c5b6ff634ad3c513e3df8031f16fcda0	1.0531791811445184	-6.59116503826741e-4	0.3891799900959431	-0.0016936032699529373	0.9986487007447662	NA	d__Bacteria	p__Bacillota	c__Bacilli	o__Lactobacillales	f__Aerococcaceae	NA	NA
775e2682fb80883eb7a018b8d363387d	1.1538553769948559	-6.59126729030156e-4	0.3916070591339613	-0.0016831329100343957	0.9986570548713841	NA	d__Bacteria	p__Bacillota	c__Bacilli	o__Lactobacillales	f__Aerococcaceae	NA	NA
7fd072aff74564746d11ca0c54ee6ae2	1.2109017738852237	0.3660146302732234	0.37903222749158544	0.9656556981855823	0.33421649454867924	0.46631086824824164	d__Bacteria	p__Bacillota	c__Bacilli	o__Izemoplasmatales	f__Incertae_Sedis	g__Incertae_Sedis	NA
ec77511ed0d1b26f5e5906fe73dff013	1.1966989339274532	-0.541091321830465	0.3542761920275064	-1.5273149424290249	0.1266827156045276	0.26400479990240483	d__Bacteria	p__Bacillota	c__Bacilli	o__Izemoplasmatales	f__Incertae_Sedis	g__Incertae_Sedis	NA
3aad083a4c822d27071d1ff6163cbfb2	1.1971644332247062	-0.541168086214396	0.3542946095472835	-1.5274522152789705	0.12664860088664684	0.26400479990240483	d__Bacteria	p__Bacillota	c__Bacilli	o__Izemoplasmatales	f__Incertae_Sedis	g__Incertae_Sedis	NA
fb466b8ed3e9b801793c7cff0ad0bfa3	1.0531791811445184	-6.59116503826741e-4	0.3891799900959431	-0.0016936032699529373	0.9986487007447662	NA	d__Bacteria	p__Bacillota	c__Bacilli	o__Staphylococcales	f__Staphylococcaceae	g__Nosocomiicoccus	NA
5b5162062395b1f074a47905bde9cb9a	1.1687365989562668	-0.44812863728118757	0.35864156764515687	-1.2495167256366948	0.21147613990152955	NA	d__Bacteria	p__Bacillota	c__Bacilli	o__Staphylococcales	f__Staphylococcaceae	g__Nosocomiicoccus	NA
a985f0b427eead7e8c11f3de0a3c1254	1.0531791811445184	-6.59116503826741e-4	0.3891799900959431	-0.0016936032699529373	0.9986487007447662	NA	d__Bacteria	p__Bacillota	c__Bacilli	o__Staphylococcales	f__Staphylococcaceae	g__Staphylococcus	NA
cd24a0915f66d42f295b507570c0c4b1	1.1966322981370465	-6.591224100972652e-4	0.39370726012033586	-0.0016741433975482336	0.9986642274545003	NA	d__Bacteria	p__Bacillota	c__Bacilli	o__Staphylococcales	f__Staphylococcaceae	g__Staphylococcus	NA
f04a30e7186b66662a7a3469f04033b1	1.2122449467580807	-0.5856750285561302	0.3527220482938183	-1.6604434891131656	0.09682526745040573	0.2277620049644179	d__Bacteria	p__Bacillota	c__Bacilli	o__Staphylococcales	f__Staphylococcaceae	g__Staphylococcus	NA
65d43491988bfe557da4d86a5ba25dae	3.519381960461354	1.4766986901852945	0.529598883067659	2.7883342231230475	0.005297985469198355	0.02962538300906192	d__Bacteria	p__Bacillota	c__Bacilli	o__Staphylococcales	f__Staphylococcaceae	g__Staphylococcus	NA
1a26d1576717130f01d04c5e35e90713	1.0531791811445184	-6.59116503826741e-4	0.3891799900959431	-0.0016936032699529373	0.9986487007447662	NA	d__Bacteria	p__Bacillota	c__Bacilli	o__Staphylococcales	f__Staphylococcaceae	g__Staphylococcus	NA
26c6e3ed14694582e207478c1f23c21f	6.182431347873997	2.256119260971781	0.5735990546618175	3.933268792261075	8.379844102166787e-5	9.51201452873613e-4	d__Bacteria	p__Bacillota	c__Bacilli	o__Erysipelotrichales	f__Erysipelotrichaceae	g__Turicibacter	NA
be5cc85bd2ac16b6ae446fd24b1e2308	1.226414280893996	0.39529098503003035	0.3871253383527933	1.0210930307790795	0.3072103646682351	0.44878427073284904	d__Bacteria	p__Bacillota	c__Bacilli	o__Erysipelotrichales	f__Erysipelotrichaceae	g__Turicibacter	NA
70ccde8ba36f6355483b86ee336e82c2	2.3070517547716833	1.4416950707076608	0.5111578130586676	2.8204500329963493	0.004795634141431162	0.027809465374494836	d__Bacteria	p__Bacillota	c__Bacilli	o__Staphylococcales	f__Gemellaceae	g__Gemella	NA
566ff3542af7a37670c308327c3c782c	1.0242817468910879	0.02798070224466213	0.39638085558611236	0.07059044817714064	0.9437237126990861	NA	d__Bacteria	p__Bacillota	c__Bacilli	o__Staphylococcales	f__Gemellaceae	g__Gemella	NA
a26e0af7a0a6347cc7c9b1a361116f27	1.0531791811445184	-6.59116503826741e-4	0.3891799900959431	-0.0016936032699529373	0.9986487007447662	NA	d__Bacteria	p__Bacillota	c__Bacilli	o__Staphylococcales	f__Gemellaceae	g__Gemella	NA
85c44c83eddc5d3028261a1000b7d0e1	4.998751469361644	-3.6852780846439432	0.5440344015662302	-6.773979869718406	1.2528711243447436e-11	2.9017634273688178e-9	d__Bacteria	p__Bacillota	c__Bacilli	o__Staphylococcales	f__Gemellaceae	g__Gemella	NA
f4a51f5ce43b3761a9cddd0b3e0b6731	1.1826699655475916	0.30597136481594217	0.3793965224292107	0.8064685539468315	0.41997273268519036	NA	d__Bacteria	p__Bacillota	c__Bacilli	o__Staphylococcales	f__Gemellaceae	g__Gemella	NA
8c34fcb68ccd5fd5855d173e5486df4b	1.038745095909413	-6.591132225873438e-4	0.38896202750425574	-0.0016945438782713365	0.998647950248988	NA	d__Bacteria	p__Bacillota	c__Bacilli	o__RF39	f__Incertae_Sedis	g__Incertae_Sedis	NA
07cc0347d6ef242f7de0e364092fc19a	1.4124473243019113	0.7277928647192192	0.4318946366733171	1.6851166995845748	0.09196605832343542	0.2266230582704517	d__Bacteria	p__Bacillota	c__Bacilli	o__RF39	f__Incertae_Sedis	g__Incertae_Sedis	NA
bb518fecd8ffb68f2c76deb00d50f592	1.0531791811445184	-6.59116503826741e-4	0.3891799900959431	-0.0016936032699529373	0.9986487007447662	NA	d__Bacteria	p__Bacillota	c__Bacilli	o__RF39	f__Incertae_Sedis	g__Incertae_Sedis	NA
fafabb1c20c5f8873c3726e4485e3352	1.2695230934702666	-6.590911563158613e-4	0.4012481997301667	-0.001642602151882775	0.9986893936928382	0.9990603906560739	d__Bacteria	p__Bacillota	c__Bacilli	o__RF39	f__Incertae_Sedis	g__Incertae_Sedis	NA
5f974f9e9c4d789f6a052bab4674e890	1.3268485221469832	-0.898326450714978	0.3774470698328689	-2.380006423450978	0.01731233626695416	0.0685333247083574	d__Bacteria	p__Bacillota	c__Bacilli	o__RF39	f__Incertae_Sedis	g__Incertae_Sedis	NA
f646c254e568a1126ec17324cc80ad69	1.0531791811445184	-6.59116503826741e-4	0.3891799900959431	-0.0016936032699529373	0.9986487007447662	NA	d__Bacteria	p__Bacillota	c__Bacilli	o__RF39	f__Incertae_Sedis	g__Incertae_Sedis	NA
3de9c74cb0cb995a1c311ee7bdf36fd7	1.0531791811445184	-6.59116503826741e-4	0.3891799900959431	-0.0016936032699529373	0.9986487007447662	NA	d__Bacteria	p__Bacillota	c__Bacilli	o__RF39	f__Incertae_Sedis	g__Incertae_Sedis	NA
7fe14e1289665c68e6f36d5ed763cfa8	1.197215676408974	-6.591222600947369e-4	0.39373366247839675	-0.0016740307545608992	0.9986643173304749	0.9990603906560739	d__Bacteria	p__Bacillota	c__Bacilli	o__RF39	f__Incertae_Sedis	g__Incertae_Sedis	NA
bd6cf3f5a66cefd7b96fb6cf75d23cd2	1.0820666317319065	0.10896700826851173	0.384539976716123	0.2833697791295023	0.776893392121891	NA	d__Bacteria	p__Bacillota	c__Bacilli	o__RF39	f__Incertae_Sedis	g__Incertae_Sedis	NA
177db53ded58fcf2915778bff9a04f2c	1.0531791811445184	-6.59116503826741e-4	0.3891799900959431	-0.0016936032699529373	0.9986487007447662	NA	d__Bacteria	p__Bacillota	c__Bacilli	o__RF39	f__Incertae_Sedis	g__Incertae_Sedis	NA
c7cf8a8f75d27cb64693299761833b87	1.0531791811445184	-6.59116503826741e-4	0.3891799900959431	-0.0016936032699529373	0.9986487007447662	NA	d__Bacteria	p__Bacillota	c__Bacilli	o__RF39	f__Incertae_Sedis	g__Incertae_Sedis	NA
c7710d6f144476667c42e65e2ec71053	1.0531791811445184	-6.59116503826741e-4	0.3891799900959431	-0.0016936032699529373	0.9986487007447662	NA	d__Bacteria	p__Actinomycetota	c__Coriobacteriia	o__Coriobacteriales	f__Eggerthellaceae	g__Incertae_Sedis	NA
df1e6d1f962b2d50683e9c049e77d49a	1.1394730633019505	-6.591267288388313e-4	0.391110913965896	-0.0016852680539012157	0.9986553512754738	NA	d__Bacteria	p__Actinomycetota	c__Coriobacteriia	o__Coriobacteriales	f__Eggerthellaceae	g__Incertae_Sedis	NA
ad71b192343facecd54843bccb0470da	1.8864820804594755	0.28438527241041106	0.41790952651169905	0.6804948305059754	0.49619119397023315	0.6182981420939991	d__Bacteria	p__Actinomycetota	c__Coriobacteriia	o__Coriobacteriales	f__Eggerthellaceae	g__Adlercreutzia	NA
dffd7d5e83db17c6c0bce2832d77bec0	1.3255412619986322	-0.897318777553472	0.37734005055778824	-2.378010964452476	0.017406308337361624	0.0685333247083574	d__Bacteria	p__Actinomycetota	c__Coriobacteriia	o__Coriobacteriales	f__Eggerthellaceae	g__Adlercreutzia	NA
557b236b805bd4ec867cc86bd78e4dd6	2.2514932927260336	1.2270228906116105	0.5070517000054718	2.4199167276204165	0.015524061643468803	0.06395433889413596	d__Bacteria	p__Actinomycetota	c__Coriobacteriia	o__Coriobacteriales	f__Eggerthellaceae	g__Berryella	NA
4f1ddb6e7d5befadf0b9ab146d9d037b	4.683269784360606	0.049943231881086125	0.5613062915925442	0.08897678972987574	0.9291003560564434	0.9990603906560739	d__Bacteria	p__Actinomycetota	c__Coriobacteriia	o__Coriobacteriales	f__Eggerthellaceae	g__Berryella	NA
4bcbefafa048c06a56a0d5196d864e14	1.153596363039288	-6.591267748369126e-4	0.3915991698762457	-0.0016831669358369982	0.99865702772276	NA	d__Bacteria	p__Actinomycetota	c__Coriobacteriia	o__Coriobacteriales	f__Eggerthellaceae	g__Adlercreutzia	NA
1b9ab7ba8573cbfe5f1a9f59f0b38ff4	8.450218041013077	0.31874116887196924	0.5842542918404419	0.5455521222923537	0.5853738427675643	0.7070667218227495	d__Bacteria	p__Actinomycetota	c__Coriobacteriia	o__Coriobacteriales	f__Eggerthellaceae	g__Asaccharobacter	NA
0ef1d7890dcde5ea0b4f12dbc7cbaf9c	1.3266512374575938	0.5839839029498842	0.4111314362192423	1.420431160215308	0.15548219655139164	0.2946237833367166	d__Bacteria	p__Actinomycetota	c__Coriobacteriia	o__Coriobacteriales	f__Eggerthellaceae	g__Adlercreutzia	NA
3114d42cc9f862a2a18d7e5efde7fa9b	2.3746986472666465	0.19440793081793656	0.47041153400454055	0.41327203260296774	0.6794073179913109	0.8001408480096344	d__Bacteria	p__Actinomycetota	c__Coriobacteriia	o__Coriobacteriales	f__Eggerthellaceae	g__Slackia	NA
ef07177917eb453f28d1d7fbc847fa52	1.1396456789067493	0.21083874046492315	0.38146549923309786	0.5527072327347965	0.5804638999055689	NA	d__Bacteria	p__Actinomycetota	c__Coriobacteriia	o__Coriobacteriales	f__Eggerthellaceae	g__Slackia	NA
e673dc964cf400af5e4dbeb2991f4b11	7.4974243398517	-0.53047345070043594	0.5657105114647238	-0.9377118507608194	0.3483925119720311	0.4815217749665248	d__Bacteria	p__Actinomycetota	c__Coriobacteriia	o__Coriobacteriales	f__Eggerthellaceae	g__Slackia	NA
a1a2a4326524ddcb86d54831586052d2	1.0963245241882698	-0.2801305483128792	0.37288891840141014	-0.7512439616436181	0.4525058475022563	NA	d__Bacteria	p__Actinomycetota	c__Coriobacteriia	o__Coriobacteriales	f__Eggerthellaceae	g__Slackia	NA
5630abcf2a0751973b520c34da2efded	1.0387304233561943	-0.03913395526143771	0.39086050596027216	-0.10012256205137124	0.9202470234054321	NA	d__Bacteria	p__Actinomycetota	c__Coriobacteriia	o__Coriobacteriales	f__Eggerthellaceae	g__Slackia	NA
7465575a890dbec96aa2ef02b9b33c19	1.356060658400565	0.6339957190545255	0.42264508936669165	1.500066450563829	0.13359719036104661	0.2739005976681993	d__Bacteria	p__Actinomycetota	c__Coriobacteriia	o__Coriobacteriales	f__Eggerthellaceae	g__Senegalimassilia	NA
35195a80f6fb69ef8bd6827d1b045aad	5.62515750536593	1.2183806531768289	0.5753092833892086	2.1177837527655003	0.03419338593810935	0.11437098055160712	d__Bacteria	p__Actinomycetota	c__Coriobacteriia	o__Coriobacteriales	f__Eggerthellaceae	g__Senegalimassilia	NA
1e0296c7b89d1cd0d4d0bc8bf16822fc	1.0531791811445184	-6.59116503826741e-4	0.3891799900959431	-0.0016936032699529373	0.9986487007447662	NA	d__Bacteria	p__Actinomycetota	c__Coriobacteriia	o__Coriobacteriales	f__Eggerthellaceae	g__Senegalimassilia	NA
d8f492f56455891fe640d83e99eebe43	1.0531791811445184	-6.59116503826741e-4	0.3891799900959431	-0.0016936032699529373	0.9986487007447662	NA	d__Bacteria	p__Actinomycetota	c__Coriobacteriia	o__Coriobacteriales	f__Eggerthellaceae	g__Adlercreutzia	NA
b8f3e25d11280a9e2189700e107de07c	1.2264653244344912	0.39530192499144584	0.3871314068495005	1.0211052836256236	0.30720456010029257	0.44878427073284904	d__Bacteria	p__Actinomycetota	c__Coriobacteriia	o__Coriobacteriales	f__Eggerthellaceae	g__Adlercreutzia	NA
e1f30b1b47f80404147cdeb7df90687b	1.7027499636187822	1.126664358140017	0.4589851452263775	2.4546858865864416	0.014100774056646097	0.059942334336419864	d__Bacteria	p__Actinomycetota	c__Coriobacteriia	o__Coriobacteriales	f__Eggerthellaceae	g__Gordonibacter	NA
ca72a089674006d2e9cade617df3d5d7	1.8000705341567824	-0.24723305489580327	0.406611016339123	-0.60803334135346	0.5431653609104998	0.667692903331225	d__Bacteria	p__Actinomycetota	c__Coriobacteriia	o__Coriobacteriales	f__Eggerthellaceae	g__Gordonibacter	NA
3a579525f44db2e200d4bb4391842139	1.1394035355022927	0.2108237390034291	0.38145943177247477	0.5526766975555529	0.5804848125480591	NA	d__Bacteria	p__Actinomycetota	c__Coriobacteriia	o__Coriobacteriales	f__Eggerthellaceae	g__Gordonibacter	NA
7fbd34fbe0bb06c8ad8108a17c73bf3f	1.0531791811445184	-6.59116503826741e-4	0.3891799900959431	-0.0016936032699529373	0.9986487007447662	NA	d__Bacteria	p__Actinomycetota	c__Coriobacteriia	o__Coriobacteriales	f__Eggerthellaceae	g__Eggerthella	NA
fc063306a5517411b5a8ff299dc4d7ab	1.0387111791071326	-0.03913459231333234	0.3908602387620937	-0.10012426036804561	0.9202456751198212	NA	d__Bacteria	p__Actinomycetota	c__Coriobacteriia	o__Coriobacteriales	f__Eggerthellaceae	g__Eggerthella	NA
2777193159876da0512cd81cdda506bc	1.1544292663324598	0.2432838681765983	0.3806212482197331	0.639175740488745	0.5227086120187723	NA	d__Bacteria	p__Actinomycetota	c__Coriobacteriia	o__Coriobacteriales	f__Eggerthellaceae	g__Eggerthella	NA
42b57c0489629d2eaa592473f747682e	1.0387264241175567	-0.03913408780086743	0.3908604504356109	-0.10012291537108141	0.920246742906559	NA	d__Bacteria	p__Actinomycetota	c__Coriobacteriia	o__Coriobacteriales	f__Eggerthellaceae	g__Eggerthella	NA
ac11726e4c3f29d2e1beb38dc31eb68e	5.264961932794773	-3.8779908238148715	0.4989183273982559	-7.772796890500495	7.677179075316971e-15	2.7305166911210696e-12	d__Bacteria	p__Actinomycetota	c__Coriobacteriia	o__Coriobacteriales	f__Eggerthellaceae	g__Eggerthella	NA
629f41c0de31ba20f5d2b3f4c69e09c1	92.24441773941338	0.3731759955580222	0.642954250860046	0.580408318412771	0.5616392968485046	0.6833171376708717	d__Bacteria	p__Actinomycetota	c__Coriobacteriia	o__Coriobacteriales	f__Eggerthellaceae	g__Eggerthella	NA
871b99772b7ead3ed8a217f566729af6	4.463015944439175	0.3301827906436809	0.5466946525730594	0.6039619906462426	0.545868912840859	0.6699226329598984	d__Bacteria	p__Actinomycetota	c__Coriobacteriia	o__Coriobacteriales	f__Coriobacteriales_Incertae_Sedis	g__Incertae_Sedis	NA
a2b9b9deddf3af6663a2c624e9cde107	2.0503654273877068	0.47255140629835907	0.4485790301195528	1.053440697333572	0.29213906019766916	0.4415189479191402	d__Bacteria	p__Actinomycetota	c__Coriobacteriia	o__Coriobacteriales	f__Atopobiaceae	g__Olsenella	NA
2a394342d2a01c6285efc00378091b6d	1.1967634139867829	-6.59122376423006e-4	0.3937131870346454	-0.0016741181096507328	0.998664247631295	0.9990603906560739	d__Bacteria	p__Actinomycetota	c__Coriobacteriia	o__Coriobacteriales	f__Atopobiaceae	g__Parolsenella	NA
9a67e1965fe9ce8fed8d8fbe40c3ec36	3.5287061725278344	2.4630608949410595	0.5702529333706782	4.319242832092563	1.565654343622367e-5	2.5311411888561606e-4	d__Bacteria	p__Actinomycetota	c__Coriobacteriia	o__Coriobacteriales	f__Coriobacteriaceae	g__Collinsella	NA
35cbb315e019e0a8768d4b73862df415	133.60086059260672	0.43509455027659455	0.7257311145989287	0.5995258319839948	0.5488222893426346	0.6713032044439816	d__Bacteria	p__Actinomycetota	c__Coriobacteriia	o__Coriobacteriales	f__Coriobacteriaceae	g__Collinsella	NA
69659d7edd60cd37bbdc9e3bb7f77431	2.786286565427606	1.492039417954507	0.5713027015520601	2.611644254264995	0.009010796391922246	0.043308647523338004	d__Bacteria	p__Actinomycetota	c__Coriobacteriia	o__Coriobacteriales	f__Coriobacteriaceae	g__Collinsella	NA
f99ab34daac23c1ed229622264a46113	1.327468089081191	0.5843794171384271	0.4111192605320788	1.4214352701017012	0.15519025902400954	0.2946237833367166	d__Bacteria	p__Actinomycetota	c__Coriobacteriia	o__Coriobacteriales	f__Atopobiaceae	g__Incertae_Sedis	NA
a8778404029555f979afd941e00ddbb2	1.1966989339274532	-0.5410913218304646	0.3542761920275063	-1.5273149424290238	0.1266827156045279	0.26400479990240483	d__Bacteria	p__Actinomycetota	c__Coriobacteriia	o__Coriobacteriales	f__Atopobiaceae	g__Incertae_Sedis	NA
0c786d6e45f507c4b2a45db58952b19d	1.2697230558313652	0.4793584549277922	0.3825956885291279	1.2529112828496956	0.2102379952554979	0.35730276179661874	d__Bacteria	p__Actinomycetota	c__Coriobacteriia	o__Coriobacteriales	f__Atopobiaceae	g__Parolsenella	NA
5c8ab304c9598e43323adcc4607c798a	1.0531791811445184	-6.59116503826741e-4	0.3891799900959431	-0.0016936032699529373	0.9986487007447662	NA	d__Bacteria	p__Actinomycetota	c__Coriobacteriia	o__Coriobacteriales	f__Atopobiaceae	g__Lancefieldella	NA
1386a57247e2d8cf692503afab3209a5	1.1400090160052527	-0.34860601410761877	0.36429784215792954	-0.956925827621268	0.3386046939511178	NA	d__Bacteria	p__Actinomycetota	c__Coriobacteriia	o__Coriobacteriales	f__Atopobiaceae	g__Lancefieldella	NA
f9612c98d79c37a803a973724113cef6	1.3862179972215465	-1.0338940451523548	0.37533524140023145	-2.7545882483491124	0.005876603960811826	0.03199151237850112	d__Bacteria	p__Actinomycetota	c__Coriobacteriia	o__Coriobacteriales	f__Atopobiaceae	g__Lancefieldella	NA
5ab3a059593c2ae420d4f4ee3c3b18c8	1.0531791811445184	-6.59116503826741e-4	0.3891799900959431	-0.0016936032699529373	0.9986487007447662	NA	d__Bacteria	p__Actinomycetota	c__Coriobacteriia	o__Coriobacteriales	f__Atopobiaceae	g__Atopobium	NA
5cae10424570f575a812a5a31f5f1483	3.82732538780909	-2.814312232569462	0.5178978822748129	-5.4341064694218995	5.5071692502945744e-8	2.0986248535943964e-6	d__Bacteria	p__Actinomycetota	c__Coriobacteriia	o__Coriobacteriales	f__Atopobiaceae	g__Atopobium	NA
d80ecd40c3ec6b9051c0011e0d666990	5.778126697275897	1.4843122815814762	0.5737348058204486	2.5871051686656688	0.009678604645992114	0.04610299623782851	d__Bacteria	p__Actinomycetota	c__Coriobacteriia	o__Coriobacteriales	f__Atopobiaceae	g__Atopobium	NA
78f1224136a594084b29c27221ef08b9	1.3724171537269934	0.6593326404595509	0.42191788928327617	1.5627036852587073	0.11812230720214736	0.26400479990240483	d__Bacteria	p__Actinomycetota	c__Coriobacteriia	o__Coriobacteriales	f__Atopobiaceae	g__Lancefieldella	NA
f8a1fba13fea6294ac6a4f4071785e8a	13.637586437443476	-0.24376867780830244	0.6306027765500496	-0.3865645488304555	0.6990786073178943	0.8224000815966849	d__Bacteria	p__Actinomycetota	c__Coriobacteriia	o__Coriobacteriales	f__Atopobiaceae	NA	NA
5bcd2802f3d0f4991ce5bc148b25eb71	1.1682376906877614	-6.591260645864824e-4	0.3921933735781612	-0.0016806149950290366	0.9986590638740508	NA	d__Bacteria	p__Actinomycetota	c__Coriobacteriia	o__Coriobacteriales	f__Atopobiaceae	NA	NA
ea61f39afc44bcb7887ad9b4fb0ab3ff	1.1399192499953223	0.21085564076100005	0.38147236360258724	0.5527415899010357	0.5804403701190275	NA	d__Bacteria	p__Actinomycetota	c__Coriobacteriia	o__Coriobacteriales	f__Atopobiaceae	NA	NA
5f69e7570cbc0562106258b3252493c0	1.0387148832605266	0.06645677680406685	0.3947106697904231	0.16836833126237244	0.8662935204135516	NA	d__Bacteria	p__Actinomycetota	c__Coriobacteriia	o__Coriobacteriales	f__Atopobiaceae	g__Fannyhessea	NA
e09d949d7cec463caece6ea299532d89	1.0531791811445184	-6.59116503826741e-4	0.3891799900959431	-0.0016936032699529373	0.9986487007447662	NA	d__Bacteria	p__Actinomycetota	c__Coriobacteriia	o__Coriobacteriales	f__Atopobiaceae	g__Fannyhessea	NA
75995d3da38bc53cbe45c518f11ceae5	1.0531791811445184	-6.59116503826741e-4	0.3891799900959431	-0.0016936032699529373	0.9986487007447662	NA	d__Bacteria	p__Actinomycetota	c__Coriobacteriia	o__Coriobacteriales	f__Atopobiaceae	g__Fannyhessea	NA
0e1576434ee32820684481cac317c2c6	1.0531791811445184	-6.59116503826741e-4	0.3891799900959431	-0.0016936032699529373	0.9986487007447662	NA	d__Bacteria	p__Actinomycetota	c__Coriobacteriia	o__Coriobacteriales	f__Atopobiaceae	g__Fannyhessea	NA
80bbb02fb4e9ea0e27e3d4c776f8ad51	1.0531791811445184	-6.59116503826741e-4	0.3891799900959431	-0.0016936032699529373	0.9986487007447662	NA	d__Bacteria	p__Actinomycetota	c__Coriobacteriia	o__Coriobacteriales	f__Atopobiaceae	g__Fannyhessea	NA
a22c8ef72659b99e76dd5d4ec6b37843	36.4241991647034	0.9157236276953723	0.7431583518297061	1.2322052567138602	0.21787242016439878	0.36841501159336526	d__Bacteria	p__Actinomycetota	c__Coriobacteriia	o__Coriobacteriales	f__Atopobiaceae	g__Fannyhessea	NA
79782755a18c72d86cf07428121c811d	1.615487525362901	1.103740916674024	0.4552878258805906	2.424270656785593	0.015339168595818355	0.06343756934782242	d__Bacteria	p__Actinomycetota	c__Coriobacteriia	o__Coriobacteriales	f__Atopobiaceae	g__Fannyhessea	NA
7427cc5ba277f690df113d56e5c6b538	1.0531791811445184	-6.59116503826741e-4	0.3891799900959431	-0.0016936032699529373	0.9986487007447662	NA	d__Bacteria	p__Actinomycetota	c__Coriobacteriia	o__Coriobacteriales	f__Incertae_Sedis	g__Incertae_Sedis	NA
7ec0dd1971b9aa3f61c5b3a5c3f5d3ca	1.1828001610626064	-0.23892756339303547	0.35984104146521634	-0.6639808578258886	0.5067025627403444	NA	d__Bacteria	p__Actinomycetota	c__Coriobacteriia	o__Coriobacteriales	f__Incertae_Sedis	g__Incertae_Sedis	NA
946a5449049244c3ee2bad73b5d83547	1.0531791811445184	-6.59116503826741e-4	0.3891799900959431	-0.0016936032699529373	0.9986487007447662	NA	d__Bacteria	p__Bacillota	c__Bacilli	o__Mycoplasmatales	f__Mycoplasmataceae	g__Mycoplasmopsis	NA
3ee2737f18047cff2f0d8eb20c8385c3	1.4141608524626699	0.7288830639562992	0.44090930571855697	1.6531360406839832	0.09830317981564692	0.23052635794130827	d__Bacteria	p__Bacillota	c__Bacilli	o__Mycoplasmatales	f__Mycoplasmataceae	g__Mycoplasma	NA
58d48f7fae77eb29ab6dc15fd07b5dfc	1.1971900525376165	0.33634991559980176	0.37910150154945105	0.8872291832796324	0.3749555235053683	0.4964076681195218	d__Bacteria	p__Verrucomicrobiota	c__Lentisphaeria	o__Victivallales	f__vadinBE97	g__Incertae_Sedis	NA
dc8b0b246ab81bc82c56543dd2d18b84	1.2969322790165172	0.5323801819731184	0.38657179737815084	1.377183192317404	0.16845561695343989	0.30995491357927085	d__Bacteria	p__Verrucomicrobiota	c__Lentisphaeria	o__Victivallales	f__Victivallaceae	g__Victivallis	NA
822a0ee849989f75cc532cb3540de19a	1.6427710229360388	0.451019684220555	0.4381146405670813	1.0294558603126565	0.3032655113064626	0.44878427073284904	d__Bacteria	p__Verrucomicrobiota	c__Lentisphaeria	o__Victivallales	f__Victivallaceae	g__Victivallis	NA
16d139ad0f5d3f9e3b84cb43b9528b45	3.036912607414439	-0.7589386138421732	0.5136527192816274	-1.4775325533243397	0.1395329387978632	0.2819728138206819	d__Bacteria	p__Bacillota	c__Clostridia	o__Peptostreptococcales-Tissierellales	f__Family_XI	g__Ezakiella	NA
7960f9a6786b951809d1468b0f889a02	1.0531791811445184	-6.59116503826741e-4	0.3891799900959431	-0.0016936032699529373	0.9986487007447662	NA	d__Bacteria	p__Bacillota	c__Clostridia	o__Peptostreptococcales-Tissierellales	f__Family_XI	g__Ezakiella	NA
7172e3ecad730ff45cd546d57bf99510	1.1974084560283507	-6.591222104259293e-4	0.3937424051480804	-0.0016739934581799583	0.9986643470886397	0.9990603906560739	d__Bacteria	p__Bacillota	c__Clostridia	o__Peptostreptococcales-Tissierellales	f__Family_XI	g__Ezakiella	NA
7fae613f7cc102eb5599d1caa6893bb9	386.61194940361634	1.1081788511683084	0.7330320231918975	1.5117741327901069	0.130591332057345	0.2705649539906546	d__Bacteria	p__Bacillota	c__Clostridia	o__Peptostreptococcales-Tissierellales	f__Family_XI	g__Ezakiella	NA
f913d0daa2b8a949ecf86d443bce603d	1.0531791811445184	-6.59116503826741e-4	0.3891799900959431	-0.0016936032699529373	0.9986487007447662	NA	d__Bacteria	p__Bacillota	c__Clostridia	o__Peptostreptococcales-Tissierellales	f__Family_XI	g__Ezakiella	NA
c3270205a4f08b936a121ced76a19e3e	1.2402214252822914	0.4236974667486684	0.3914541579416953	1.0823680325086127	0.27908902699659055	0.4252612279555311	d__Bacteria	p__Bacillota	c__Clostridia	o__Peptostreptococcales-Tissierellales	f__Family_XI	g__Ezakiella	NA
e9622da5cb92d2ab6bf19953447a7ff5	1.2696578684174982	0.4793456041308448	0.38258982657302804	1.2528968907105746	0.21024323360508895	0.35730276179661874	d__Bacteria	p__Bacillota	c__Clostridia	o__Peptostreptococcales-Tissierellales	f__Family_XI	g__Ezakiella	NA
14d0d57ff9ee90927a8c2ea4bc946ba0	2.5502199552190845	-1.8969434626588884	0.4972925424770556	-3.8145423480715293	1.3643554016073045e-4	0.0014133662267135862	d__Bacteria	p__Bacillota	c__Clostridia	o__Peptostreptococcales-Tissierellales	f__Family_XI	g__Fenollaria	NA
24765397c72c219356beaf671e3aaad8	1.1397167460748174	0.2108431356499764	0.3814672814705122	0.5527161722420872	0.5804577775678177	NA	d__Bacteria	p__Bacillota	c__Clostridia	o__Peptostreptococcales-Tissierellales	f__Family_XI	g__Fenollaria	NA
3abe55788097bd9e5b181f0fd50bedff	1.1544806551487083	-0.3992389272824182	0.3613136138960077	-1.1049650827641553	0.2691747193781704	NA	d__Bacteria	p__Bacillota	c__Clostridia	o__Peptostreptococcales-Tissierellales	f__Family_XI	g__Fenollaria	NA
1ae9f0a22044e47d735c9f56d4eabe7c	1.2406772384935	-6.591079035208129e-4	0.39746516593599945	-0.0016582784103071403	0.9986768858653057	0.9990603906560739	d__Bacteria	p__Bacillota	c__Clostridia	o__Peptostreptococcales-Tissierellales	f__Family_XI	g__Fenollaria	NA
cea8e1a84a635bb445ef1b9240ca0288	1.1396310562821548	0.21083783569337333	0.3814651326074608	0.5527053921080957	0.5804651604864424	NA	d__Bacteria	p__Bacillota	c__Clostridia	o__Peptostreptococcales-Tissierellales	f__Family_XI	g__Fenollaria	NA
4412be52a441ed1fc13bfc8f6a7262f5	1.1400090160052527	-0.34860601410761877	0.36429784215792954	-0.956925827621268	0.3386046939511178	NA	d__Bacteria	p__Bacillota	c__Clostridia	o__Peptostreptococcales-Tissierellales	f__Family_XI	g__Fenollaria	NA
a0d739c6c1b016cb7e8a0eb07ffa4d88	1.2698493395415469	-0.7507676017926704	0.36744289982950357	-2.043222503798638	0.041030417020219735	0.1335573556840184	d__Bacteria	p__Bacillota	c__Clostridia	o__Peptostreptococcales-Tissierellales	f__Family_XI	g__Fenollaria	NA
052ed87a5bce8789c20b59effda065d6	1106.3020234800276	0.8490838957384258	0.7910558176492813	1.0733552257558536	0.2831117654882917	0.4295710371651562	d__Bacteria	p__Bacillota	c__Clostridia	o__Peptostreptococcales-Tissierellales	f__Family_XI	g__Fenollaria	NA
603c708a04bad70ea8e5099a5197c62a	1.0531791811445184	-6.59116503826741e-4	0.3891799900959431	-0.0016936032699529373	0.9986487007447662	NA	d__Bacteria	p__Bacillota	c__Clostridia	o__Peptostreptococcales-Tissierellales	f__Family_XI	g__Fenollaria	NA
6f824b7c90f7e6f9f761b446247e9ec5	1.0531791811445184	-6.59116503826741e-4	0.3891799900959431	-0.0016936032699529373	0.9986487007447662	NA	d__Bacteria	p__Bacillota	c__Clostridia	o__Peptostreptococcales-Tissierellales	f__Family_XI	g__Fenollaria	NA
b79da6351eafa397e464a8aaa687a970	3.0825392044022504	2.3079734286617666	0.5787352770266343	3.9879605067785597	6.66437543244069e-5	7.900987318238018e-4	d__Bacteria	p__Bacillota	c__Clostridia	o__Peptostreptococcales-Tissierellales	f__Family_XI	g__Fenollaria	NA
430717e69510d86450e1111e1d25744b	1.1395063707465674	-0.34855257395860034	0.36428695695629465	-0.9568077234245254	0.3386643132240014	NA	d__Bacteria	p__Bacillota	c__Clostridia	o__Peptostreptococcales-Tissierellales	f__Family_XI	g__Fenollaria	NA
6e40593253a55e1ea76004b6e99f2345	1.2829139536921412	-6.590813099215527e-4	0.4034378496788626	-0.0016336625590439341	0.9986965264463737	0.9990603906560739	d__Bacteria	p__Bacillota	c__Clostridia	o__Peptostreptococcales-Tissierellales	f__Family_XI	g__Fenollaria	NA
9f6ab14a559dfaa21b2cd4899b691e56	1.2408222892008858	-6.591078472241159e-4	0.3974754260009313	-0.0016582354633983627	0.998676920131934	0.9990603906560739	d__Bacteria	p__Bacillota	c__Clostridia	o__Peptostreptococcales-Tissierellales	f__Family_XI	g__Fenollaria	NA
eebdf542c58b46b9406e8329ec3c4637	2.526845377458356	1.9592422698580076	0.523275822026421	3.744186502389332	1.8097918896768138e-4	0.001821743345552038	d__Bacteria	p__Bacillota	c__Clostridia	o__Peptostreptococcales-Tissierellales	f__Family_XI	g__Anaerococcus	NA
9287624e38c5245c85f53198acc6a7f3	1.0386805954253815	-0.039135600986224414	0.3908598140446878	-0.10012694981671859	0.9202435399796526	NA	d__Bacteria	p__Bacillota	c__Clostridia	o__Peptostreptococcales-Tissierellales	f__Family_XI	g__Anaerococcus	NA
788d568979c4dff8ffc0dd1a378be1d4	7.351506256378062	1.649909553649221	0.6589206375104152	2.5039579271382917	0.01228126374044104	0.0552563647861626	d__Bacteria	p__Bacillota	c__Clostridia	o__Peptostreptococcales-Tissierellales	f__Family_XI	g__Anaerococcus	NA
f230bdda6982543843a76e67de7a65c2	1.2412150536364093	0.42396631732436035	0.3914444436447623	1.0830817098252437	0.27877215655130705	0.4252612279555311	d__Bacteria	p__Bacillota	c__Clostridia	o__Peptostreptococcales-Tissierellales	f__Family_XI	g__Anaerococcus	NA
f42309a74e8f72143785a7207584b6f7	1.5297493974770435	0.2813438098588936	0.4112991815919648	0.6840368822761352	0.4939518763763344	0.6164288328579519	d__Bacteria	p__Bacillota	c__Clostridia	o__Peptostreptococcales-Tissierellales	f__Family_XI	g__Anaerococcus	NA
9e3e61ab8f8501e49dfd6f9a0af91d14	1.1542627647303358	0.24327249298629575	0.38061655663913996	0.6391537329179844	0.5227229273258054	NA	d__Bacteria	p__Bacillota	c__Clostridia	o__Peptostreptococcales-Tissierellales	f__Family_XI	g__Anaerococcus	NA
47a42cdd96afc4578f7d8f074330189c	1.2839460209586495	-6.590807726000937e-4	0.40354157404519286	-0.001633241318839389	0.998696862546981	0.9990603906560739	d__Bacteria	p__Bacillota	c__Clostridia	o__Peptostreptococcales-Tissierellales	f__Family_XI	g__Anaerococcus	NA
c67ba62f34a05261ea7a810ff643a52c	1.6584382408889171	0.6818989284187932	0.4200936320607707	1.6232070100033074	0.10454515982778004	0.24368977865794095	d__Bacteria	p__Bacillota	c__Clostridia	o__Peptostreptococcales-Tissierellales	f__Family_XI	g__Anaerococcus	NA
304a8d1fb0f5543cf1c23064bfe3691c	1.3560981701725008	0.3953125345334388	0.39385054570662575	1.0037120396118533	0.31551743219883643	0.4574145382556501	d__Bacteria	p__Bacillota	c__Clostridia	o__Peptostreptococcales-Tissierellales	f__Family_XI	g__Anaerococcus	NA
715ccce623a963888d484f969b745fb4	1.1399871933688324	-0.34860370002934044	0.3642973685330261	-0.9569207195569877	0.33860727237443294	NA	d__Bacteria	p__Bacillota	c__Clostridia	o__Peptostreptococcales-Tissierellales	f__Family_XI	g__Anaerococcus	NA
c87a2ef0523bf10d944f583fa016f47c	2.1037954922667983	0.2514664282764634	0.4630115029894905	0.5431105418609249	0.5870536948114962	0.7077811213151033	d__Bacteria	p__Bacillota	c__Clostridia	o__Peptostreptococcales-Tissierellales	f__Family_XI	g__Anaerococcus	NA
528ab10d1f4195ae040d8149f1be1af4	1.3123128213566124	0.12829980138883587	0.3631286695381831	0.353317741482665	0.7238502463717249	0.845945468651293	d__Bacteria	p__Bacillota	c__Clostridia	o__Peptostreptococcales-Tissierellales	f__Family_XI	g__Anaerococcus	NA
8e851827f73a9f45b0e5eb402d1c6dd6	1.0531791811445184	-6.59116503826741e-4	0.3891799900959431	-0.0016936032699529373	0.9986487007447662	NA	d__Bacteria	p__Bacillota	c__Clostridia	o__Peptostreptococcales-Tissierellales	f__Family_XI	g__Anaerococcus	NA
9b635c4f805812ff3e6832bb0d935664	1.1679416747385407	-6.591261232884722e-4	0.3921831968203699	-0.001680658754970497	0.9986590289587185	NA	d__Bacteria	p__Bacillota	c__Clostridia	o__Peptostreptococcales-Tissierellales	f__Family_XI	g__Anaerococcus	NA
9bd1761724db49a597b265155c67be67	1.1538942356802422	0.24324726349929204	0.38060618667140766	0.6391048596099069	0.5227547187609678	NA	d__Bacteria	p__Bacillota	c__Clostridia	o__Peptostreptococcales-Tissierellales	f__Family_XI	g__Anaerococcus	NA
d15c69c018176668bebdf9675ee30a97	1.2402214252822914	0.4236974667486686	0.3914541579416953	1.082368032508613	0.2790890269965905	0.4252612279555311	d__Bacteria	p__Bacillota	c__Clostridia	o__Peptostreptococcales-Tissierellales	f__Family_XI	g__Anaerococcus	NA
f078b805ae7ae7d060ca5a646764a066	1.1397167460748179	-6.591266899062276e-4	0.39111757710777406	-0.0016852392438619617	0.9986553742625267	NA	d__Bacteria	p__Bacillota	c__Clostridia	o__Peptostreptococcales-Tissierellales	f__Family_XI	g__Anaerococcus	NA
4245fe74d6dc62e222f933d3dc8502f5	4.7281247568322184	2.9725813616855534	0.6238249505917569	4.765088922566786	1.8877038059460364e-6	4.1962082519675435e-5	d__Bacteria	p__Bacillota	c__Clostridia	o__Peptostreptococcales-Tissierellales	f__Family_XI	g__Anaerococcus	NA
47dd73619a45151ac47a3f6b6958806a	1.0387111791071328	0.06645698849920485	0.3947106312532257	0.16836888403081682	0.8662930855754242	NA	d__Bacteria	p__Bacillota	c__Clostridia	o__Peptostreptococcales-Tissierellales	f__Family_XI	g__Anaerococcus	NA
00250e4a9d4f542d986024e1d3f39698	2.749141943746574	-6.587886222902454e-4	0.5345905231994645	-0.0012323237949439677	0.9990167481189689	0.9990603906560739	d__Bacteria	p__Bacillota	c__Clostridia	o__Peptostreptococcales-Tissierellales	f__Family_XI	g__Anaerococcus	NA
d27e69147b6544e42209d95079709ad0	1.0531791811445184	-6.59116503826741e-4	0.3891799900959431	-0.0016936032699529373	0.9986487007447662	NA	d__Bacteria	p__Bacillota	c__Clostridia	o__Peptostreptococcales-Tissierellales	f__Family_XI	g__Anaerococcus	NA
98a53a418e0d1e1de9c6dad84fa74ea6	1.4301424098420827	0.7525536884356873	0.43124290631945533	1.7450807361877205	0.08097081629086315	0.20868495304090692	d__Bacteria	p__Bacillota	c__Clostridia	o__Peptostreptococcales-Tissierellales	f__Family_XI	g__Anaerococcus	NA
ffed48f6d64de2ee1ab14eddbed19a25	1.4141919796652946	0.7288891119971744	0.43186556602278475	1.687768531095899	0.0914556706112466	0.2264111381489562	d__Bacteria	p__Bacillota	c__Clostridia	o__Peptostreptococcales-Tissierellales	f__Family_XI	g__Anaerococcus	NA
ffd4ea9badc36f6b52beeeb679539fea	1.2416607954933006	0.42397348441701593	0.3800796599309128	1.1154858549759852	0.2646422766262374	0.41957401063922034	d__Bacteria	p__Bacillota	c__Clostridia	o__Peptostreptococcales-Tissierellales	f__Family_XI	g__Anaerococcus	NA
a63aaf1c1a9cfb4676d4db578720075d	2.6866200926894668	1.0007350096811327	0.5442607383054581	1.8387051265114138	0.06595856898511678	0.18667849630535702	d__Bacteria	p__Bacillota	c__Clostridia	o__Peptostreptococcales-Tissierellales	f__Family_XI	g__Anaerococcus	NA
fba8de101f066a8890971d3249317685	2.4106582865769455	0.6251203639136701	0.47512693243033377	1.315691284255559	0.18827768073635592	0.333708115192179	d__Bacteria	p__Bacillota	c__Clostridia	o__Peptostreptococcales-Tissierellales	f__Family_XI	g__Anaerococcus	NA
b246a8c4be47f5eaeb15c5791494436e	1.0387111791071328	-0.03913459231333233	0.3908602387620928	-0.10012426036804581	0.920245675119821	NA	d__Bacteria	p__Bacillota	c__Clostridia	o__Peptostreptococcales-Tissierellales	f__Family_XI	g__Anaerococcus	NA
72ae78c3cce8ad073a58287a92160f34	1.0531791811445184	-6.59116503826741e-4	0.3891799900959431	-0.0016936032699529373	0.9986487007447662	NA	d__Bacteria	p__Bacillota	c__Clostridia	o__Peptostreptococcales-Tissierellales	f__Family_XI	g__Anaerococcus	NA
49558ae4f9539ab4bd70a10f555aa675	1.0387186569978308	0.06645656101178878	0.39471070904314043	0.16836776780871512	0.866293963657298	NA	d__Bacteria	p__Bacillota	c__Clostridia	o__Peptostreptococcales-Tissierellales	f__Family_XI	g__Anaerococcus	NA
732cc7b3829202576424e8d3c65f0036	1.0531791811445184	-6.59116503826741e-4	0.3891799900959431	-0.0016936032699529373	0.9986487007447662	NA	d__Bacteria	p__Bacillota	c__Clostridia	o__Peptostreptococcales-Tissierellales	f__Family_XI	g__Anaerococcus	NA
9ee9d7f1e7a96963f1ee2668f858fced	538.7027549259298	0.13526785905270367	0.6516497709245154	0.207577544085982	0.8355588396664646	0.9586465397033523	d__Bacteria	p__Bacillota	c__Clostridia	o__Peptostreptococcales-Tissierellales	f__Family_XI	g__Anaerococcus	NA
3b033258840679f74d766028fa8e4444	1.0531791811445184	-6.59116503826741e-4	0.3891799900959431	-0.0016936032699529373	0.9986487007447662	NA	d__Bacteria	p__Bacillota	c__Clostridia	o__Peptostreptococcales-Tissierellales	f__Family_XI	g__Anaerococcus	NA
2befe06b9ecba8d514ca6df80d9063c0	1.0531791811445184	-6.59116503826741e-4	0.3891799900959431	-0.0016936032699529373	0.9986487007447662	NA	d__Bacteria	p__Bacillota	c__Clostridia	o__Peptostreptococcales-Tissierellales	f__Family_XI	g__Anaerococcus	NA
5c00c5392eb1579c10484810f2494077	1.1402440827579208	0.2108756421658474	0.3814805271772681	0.5527821923866031	0.5804125637504838	NA	d__Bacteria	p__Bacillota	c__Clostridia	o__Peptostreptococcales-Tissierellales	f__Family_XI	g__Anaerococcus	NA
13c1b2a8c491cf3fba2fa50e45717450	122.45634127805815	0.5193285762752148	0.6735988904794133	0.7709759971629386	0.4407211589899437	0.5652036978873437	d__Bacteria	p__Bacillota	c__Clostridia	o__Peptostreptococcales-Tissierellales	f__Family_XI	g__Anaerococcus	NA
8b347740b250e572d99f77d9442388ce	2.3223621666622325	0.8233919502823402	0.4318323071152266	1.906740039398287	0.05655425934005066	0.1680874504619333	d__Bacteria	p__Bacillota	c__Clostridia	o__Peptostreptococcales-Tissierellales	f__Family_XI	g__Anaerococcus	NA
8801f26a5b321b116087b50306effdaf	1.0531791811445184	-6.59116503826741e-4	0.3891799900959431	-0.0016936032699529373	0.9986487007447662	NA	d__Bacteria	p__Bacillota	c__Clostridia	o__Peptostreptococcales-Tissierellales	f__Family_XI	g__Anaerococcus	NA
6cf458010f9f1a3339b81aeb41dc5819	1.0531791811445184	-6.59116503826741e-4	0.3891799900959431	-0.0016936032699529373	0.9986487007447662	NA	d__Bacteria	p__Bacillota	c__Clostridia	o__Peptostreptococcales-Tissierellales	f__Family_XI	g__Anaerococcus	NA
73c6f4b96520abb5610c7fd0043dec65	1.1396310562821548	0.21083783569337325	0.3814651326074608	0.5527053921080954	0.5804651604864425	NA	d__Bacteria	p__Bacillota	c__Clostridia	o__Peptostreptococcales-Tissierellales	f__Family_XI	g__Anaerococcus	NA
2ddd42722497082a323c3317657ae6c0	12.326294376158465	1.905059118954583	0.6682684777559472	2.8507391600330934	0.00436177345604624	0.025712775014372035	d__Bacteria	p__Bacillota	c__Clostridia	o__Peptostreptococcales-Tissierellales	f__Family_XI	g__Anaerococcus	NA
46e9544e9c5e7ed6d90a7b50a8a9c990	33.753662747421586	3.549256582839211	0.7461883725704005	4.756515530539643	1.969630927727811e-6	4.2889718365011725e-5	d__Bacteria	p__Bacillota	c__Clostridia	o__Peptostreptococcales-Tissierellales	f__Family_XI	g__Anaerococcus	NA
1f1ce81caa3ef7500d4a91b484de8bfd	2.348936317147033	0.8443086273704231	0.4563525473813263	1.8501236209051384	0.06429573417854284	0.18343194750937222	d__Bacteria	p__Bacillota	c__Clostridia	o__Peptostreptococcales-Tissierellales	f__Family_XI	g__Anaerococcus	NA
665cdf4f926f0d35ee50f8a7aa7f8864	1.0386805954253813	0.06645873191826909	0.39471031275526086	0.16837343684880274	0.8662895040793808	NA	d__Bacteria	p__Bacillota	c__Clostridia	o__Peptostreptococcales-Tissierellales	f__Family_XI	g__Anaerococcus	NA
8142e3d90b86f98cd298120b2451382e	1.0387075420010623	-0.03913471250887544	0.3908601882582665	-0.1001245808207425	0.9202454207139598	NA	d__Bacteria	p__Bacillota	c__Clostridia	o__Peptostreptococcales-Tissierellales	f__Family_XI	g__Anaerococcus	NA
c94824cf26ea1b773e01944b5cbc567e	1.3272148034237992	-6.590454841510597e-4	0.411462826757711	-0.0016017133050493942	0.9987220182295092	0.9990603906560739	d__Bacteria	p__Bacillota	c__Clostridia	o__Peptostreptococcales-Tissierellales	f__Family_XI	g__Anaerococcus	NA
21e80ad562b3b4707c7d6dd7a922fd92	1.1395063707465674	0.2108301148557405	0.3814620075898292	0.5526896798656753	0.5804759213041253	NA	d__Bacteria	p__Bacillota	c__Clostridia	o__Peptostreptococcales-Tissierellales	f__Family_XI	g__Anaerococcus	NA
e90fc6f2d0779677454c887c9ca6c93b	1.0387075420010623	-0.03913471250887544	0.3908601882582665	-0.1001245808207425	0.9202454207139598	NA	d__Bacteria	p__Bacillota	c__Clostridia	o__Peptostreptococcales-Tissierellales	f__Family_XI	g__Peptoniphilus	NA
e8f506b37852bebb7e958b1fb38be050	6.218739955078984	0.932314335066683	0.6055829137793642	1.5395321001516216	0.12367444748285786	0.26400479990240483	d__Bacteria	p__Bacillota	c__Clostridia	o__Peptostreptococcales-Tissierellales	f__Family_XI	g__Peptoniphilus	NA
c2e73478ff744a3b76d4b751dcf209f7	1.1682821006139168	-0.4480692233849641	0.3586285520740783	-1.2493964041446732	0.21152012298328807	NA	d__Bacteria	p__Bacillota	c__Clostridia	o__Peptostreptococcales-Tissierellales	f__Family_XI	g__Peptoniphilus	NA
bbb8d1631aaa8c5aea559ef512d52027	1.2549002231323367	0.45180717540988974	0.3810688782323146	1.185631263055941	0.2357679504432231	0.38518479708292525	d__Bacteria	p__Bacillota	c__Clostridia	o__Peptostreptococcales-Tissierellales	f__Family_XI	g__Peptoniphilus	NA
19a779b06d85c489c23dcd3d3817226b	447.3891853922426	0.21657768817561465	0.8175777536294784	0.26490164050349935	0.7910852345306021	0.9145048160825052	d__Bacteria	p__Bacillota	c__Clostridia	o__Peptostreptococcales-Tissierellales	f__Family_XI	g__Peptoniphilus	NA
49f8a2deb917a11a9db91dba69b14ef8	1.0531791811445184	-6.59116503826741e-4	0.3891799900959431	-0.0016936032699529373	0.9986487007447662	NA	d__Bacteria	p__Bacillota	c__Clostridia	o__Peptostreptococcales-Tissierellales	f__Family_XI	g__Peptoniphilus	NA
e595115ea036045e11142e00a5650d2e	5.4188162850982495	0.3696507414748107	0.537028601647689	0.688325985507408	0.4912475213785419	0.6144913309623731	d__Bacteria	p__Bacillota	c__Clostridia	o__Peptostreptococcales-Tissierellales	f__Family_XI	g__Peptoniphilus	NA
625305f2606f4b51ae832a2a1ec34c06	2.17722402253264	-1.2957492372879604	0.44239177771313587	-2.9289632008671167	0.0034009468346289573	0.02160006114612558	d__Bacteria	p__Bacillota	c__Clostridia	o__Peptostreptococcales-Tissierellales	f__Family_XI	g__Peptoniphilus	NA
bb45c5b15adb459a9c8865d055cc3170	1.2851565526507118	0.5065577692043731	0.3846006706447114	1.3171005873578518	0.18780491018165646	0.333708115192179	d__Bacteria	p__Bacillota	c__Clostridia	o__Peptostreptococcales-Tissierellales	f__Family_XI	g__Peptoniphilus	NA
f8f8263590c6b2a3b8000d05647efdae	1.0531791811445184	-6.59116503826741e-4	0.3891799900959431	-0.0016936032699529373	0.9986487007447662	NA	d__Bacteria	p__Bacillota	c__Clostridia	o__Peptostreptococcales-Tissierellales	f__Family_XI	g__Peptoniphilus	NA
90a9fb8aa0250e153dcc950cef478ff0	1.5253461983490548	0.985604300355123	0.46490749265201625	2.120000894657228	0.034005969846912426	0.11437098055160712	d__Bacteria	p__Bacillota	c__Clostridia	o__Peptostreptococcales-Tissierellales	f__Family_XI	g__Peptoniphilus	NA
a1f9cfde6161fd628689e6a401f94f26	9.320666629883043	-1.0617158401333862	0.6430091617780759	-1.6511675155568313	0.09870437419747444	0.2309595773436518	d__Bacteria	p__Bacillota	c__Clostridia	o__Peptostreptococcales-Tissierellales	f__Family_XI	g__Peptoniphilus	NA
2a0ebf193a933caf68cbbc0d3b4b7fb5	1.0531791811445184	-6.59116503826741e-4	0.3891799900959431	-0.0016936032699529373	0.9986487007447662	NA	d__Bacteria	p__Bacillota	c__Clostridia	o__Peptostreptococcales-Tissierellales	f__Family_XI	g__Peptoniphilus	NA
d0b09c7277dcd988f49c2aa01c992225	1.1682821006139166	0.27495088053092814	0.37990942626375923	0.7237274506056566	0.46923307699517	NA	d__Bacteria	p__Bacillota	c__Clostridia	o__Peptostreptococcales-Tissierellales	f__Family_XI	g__Peptoniphilus	NA
8dcd9a05c4d622f52849288b5f39e0cf	1.1976667590277579	-6.591221437994632e-4	0.393754133317257	-0.0016739434282163914	0.9986643870067193	0.9990603906560739	d__Bacteria	p__Bacillota	c__Clostridia	o__Peptostreptococcales-Tissierellales	f__Family_XI	g__Peptoniphilus	NA
a4bed684456f31629915b161545404c7	1.2557312096679165	0.4519486166342352	0.3811351764977774	1.1857961282586331	0.23570282089406092	0.38518479708292525	d__Bacteria	p__Bacillota	c__Clostridia	o__Peptostreptococcales-Tissierellales	f__Family_XI	g__Peptoniphilus	NA
9398ad242a77ae05cc0f9215b14d0c83	1.1397836925551494	-6.591266792022182e-4	0.3911194088651918	-0.0016852313238932134	0.9986553805817385	NA	d__Bacteria	p__Bacillota	c__Clostridia	o__Peptostreptococcales-Tissierellales	f__Family_XI	g__Peptoniphilus	NA
09ded90ea9850eb8dd5be29f6ea5a490	1.0531791811445184	-6.59116503826741e-4	0.3891799900959431	-0.0016936032699529373	0.9986487007447662	NA	d__Bacteria	p__Bacillota	c__Clostridia	o__Peptostreptococcales-Tissierellales	f__Family_XI	g__Peptoniphilus	NA
f7e320ededd055705b5f95b915ce3327	1.3560606584005657	-6.590216544255813e-4	0.4170775284788834	-0.001580093890047465	0.9987392680051231	0.9990603906560739	d__Bacteria	p__Bacillota	c__Clostridia	o__Peptostreptococcales-Tissierellales	f__Family_XI	g__Peptoniphilus	NA
d2fade2384e876f54ba4056ee01e09a1	1.0531791811445184	-6.59116503826741e-4	0.3891799900959431	-0.0016936032699529373	0.9986487007447662	NA	d__Bacteria	p__Bacillota	c__Clostridia	o__Peptostreptococcales-Tissierellales	f__Family_XI	g__Peptoniphilus	NA
e7654dc47ae14f609d0131e15f2bfaf2	1.0387345039180496	0.06645565351463543	0.3947108737827197	0.16836539839340206	0.8662958275706227	NA	d__Bacteria	p__Bacillota	c__Clostridia	o__Peptostreptococcales-Tissierellales	f__Family_XI	g__Peptoniphilus	NA
aa22fecd7d0e82e1a3dd1edc401debf1	1.212286457868426	-0.5856827975261653	0.35272401759988575	-1.660456244265559	0.09682270337725975	0.2277620049644179	d__Bacteria	p__Bacillota	c__Clostridia	o__Peptostreptococcales-Tissierellales	f__Family_XI	g__Peptoniphilus	NA
ad00ae04ff50b034db76204ce8908655	1.1397706560537104	0.2108464674433264	0.3814686338859017	0.5527229468265827	0.5804531379257281	NA	d__Bacteria	p__Bacillota	c__Clostridia	o__Peptostreptococcales-Tissierellales	f__Family_XI	g__Peptoniphilus	NA
b407c0316dbd17ba50708ee7a6bb48e6	493.725420066743	0.31816068769400163	0.6737634085020968	0.4722142575259955	0.6367738640245539	0.7574556442744694	d__Bacteria	p__Bacillota	c__Clostridia	o__Peptostreptococcales-Tissierellales	f__Family_XI	g__Peptoniphilus	NA
e9c67e1d1c6da1b7579341310d0aa5d3	1.1836664526167522	0.3060565744898837	0.3794332925690049	0.8066149715479259	0.4198883454068336	NA	d__Bacteria	p__Bacillota	c__Clostridia	o__Peptostreptococcales-Tissierellales	f__Family_XI	g__Peptoniphilus	NA
7fb08fa9b7b2eef6a3db57d0de769227	195.51276187797794	0.3571334304156479	0.7452838615953845	0.47919114959923287	0.6318026498900525	0.7523810574025513	d__Bacteria	p__Bacillota	c__Clostridia	o__Peptostreptococcales-Tissierellales	f__Family_XI	g__Peptoniphilus	NA
b2574632cd105083065793a728d40c81	1405.061961097538	-0.012210853300878986	0.6214763050257659	-0.019648139763546953	0.9843240612551057	0.9990603906560739	d__Bacteria	p__Bacillota	c__Clostridia	o__Peptostreptococcales-Tissierellales	f__Family_XI	g__Peptoniphilus	NA
2899243bc8281851532fdb9d22e646ea	1.0531791811445184	-6.59116503826741e-4	0.3891799900959431	-0.0016936032699529373	0.9986487007447662	NA	d__Bacteria	p__Bacillota	c__Clostridia	o__Peptostreptococcales-Tissierellales	f__Family_XI	g__Peptoniphilus	NA
dddc3b9b23ab1e5901e392b65a023846	1.0387264241175567	0.06645611648459744	0.3947107898064449	0.1683666071484533	0.8662948766968549	NA	d__Bacteria	p__Bacillota	c__Clostridia	o__Peptostreptococcales-Tissierellales	f__Family_XI	g__Peptoniphilus	NA
2e0153baf73c39ef129e2b1f30eec231	1.0531791811445184	-6.59116503826741e-4	0.3891799900959431	-0.0016936032699529373	0.9986487007447662	NA	d__Bacteria	p__Bacillota	c__Clostridia	o__Peptostreptococcales-Tissierellales	f__Family_XI	g__Peptoniphilus	NA
c1c7e161e750636f4e9fe462583252c1	2.0681111124622262	1.6033710944412065	0.5195108422013844	3.086309205111203	0.002026579591861296	0.013890744150025915	d__Bacteria	p__Bacillota	c__Clostridia	o__Peptostreptococcales-Tissierellales	f__Family_XI	g__Peptoniphilus	NA
49335daf329096054e8f188cdb2b10a8	1.0531791811445184	-6.59116503826741e-4	0.3891799900959431	-0.0016936032699529373	0.9986487007447662	NA	d__Bacteria	p__Bacillota	c__Clostridia	o__Peptostreptococcales-Tissierellales	f__Family_XI	g__Peptoniphilus	NA
9b10f503dda70720d0983a89341fcd03	1.2410650224950215	0.42392587750279315	0.3914459047443985	1.0829743583078306	0.27881980463655265	0.4252612279555311	d__Bacteria	p__Bacillota	c__Clostridia	o__Peptostreptococcales-Tissierellales	f__Family_XI	g__Peptoniphilus	NA
e432f9c3b06de686fd200475617ec5b8	1.0531791811445184	-6.59116503826741e-4	0.3891799900959431	-0.0016936032699529373	0.9986487007447662	NA	d__Bacteria	p__Bacillota	c__Clostridia	o__Peptostreptococcales-Tissierellales	f__Family_XI	g__Peptoniphilus	NA
fc8c61060b93b4670fe0b70d6bd1b57a	1.0387264241175567	0.06645611648459744	0.3947107898064449	0.1683666071484533	0.8662948766968549	NA	d__Bacteria	p__Bacillota	c__Clostridia	o__Peptostreptococcales-Tissierellales	f__Family_XI	g__Peptoniphilus	NA
ebfa2bf5f3b4bcbc56de0128026b4ace	45.21840704228829	0.7472093592383559	0.731576304402875	1.0213690010753436	0.30707964625514955	0.44878427073284904	d__Bacteria	p__Bacillota	c__Clostridia	o__Peptostreptococcales-Tissierellales	f__Family_XI	g__Peptoniphilus	NA
4983159bdb7e4d27fb39c7363c992ffb	1.0531791811445184	-6.59116503826741e-4	0.3891799900959431	-0.0016936032699529373	0.9986487007447662	NA	d__Bacteria	p__Bacillota	c__Clostridia	o__Peptostreptococcales-Tissierellales	f__Family_XI	g__Peptoniphilus	NA
b270c275c943841ada8dd7b126594834	2.3672982112899654	1.1247948452234886	0.5257280869149957	2.1394992453681767	0.032395256973307314	0.11114385591806722	d__Bacteria	p__Bacillota	c__Clostridia	o__Peptostreptococcales-Tissierellales	f__Family_XI	g__Peptoniphilus	NA
cc26910beda4c34d311783ea2c9c1818	1.0531791811445184	-6.59116503826741e-4	0.3891799900959431	-0.0016936032699529373	0.9986487007447662	NA	d__Bacteria	p__Bacillota	c__Clostridia	o__Peptostreptococcales-Tissierellales	f__Family_XI	g__Peptoniphilus	NA
8523b98a8304aef5a4b0a9e36c453bf5	1.6452401707185913	1.0555728051769104	0.4723042567757916	2.2349423915482585	0.02542113103532444	0.09194693835488535	d__Bacteria	p__Bacillota	c__Clostridia	o__Peptostreptococcales-Tissierellales	f__Family_XI	g__Peptoniphilus	NA
c89fca06fceb56d07eeba7d4731c3d1f	1.168325310118445	0.27495417914705184	0.37991080752488593	0.7237335019195027	0.46922936120571856	NA	d__Bacteria	p__Bacillota	c__Clostridia	o__Peptostreptococcales-Tissierellales	f__Family_XI	g__Peptoniphilus	NA
fd142f8d5321b7cc15800fa19096a231	109.19306380422206	-0.09690870814741484	0.6288845095974701	-0.15409619201694627	0.8775338907500174	0.9943465674681828	d__Bacteria	p__Bacillota	c__Clostridia	o__Peptostreptococcales-Tissierellales	f__Family_XI	g__Peptoniphilus	NA
3f2d26632509e4e5fe1a7f94e66e7999	1.2536056332092114	0.4515873716508335	0.38096591782053196	1.1853747291472156	0.2358693187844	0.38518479708292525	d__Bacteria	p__Bacillota	c__Clostridia	o__Peptostreptococcales-Tissierellales	f__Family_XI	g__Peptoniphilus	NA
ec9f24fe67810c9fed4256ecc85ebbf8	1.1392510513400353	-6.591267642702501e-4	0.3911048493653612	-0.0016852942768155474	0.998655330352645	NA	d__Bacteria	p__Bacillota	c__Clostridia	o__Peptostreptococcales-Tissierellales	f__Family_XI	g__Peptoniphilus	NA
2828cbbe163e824e587b01c4196e6e93	3.1904288905967517	-0.842703870925012	0.499978418079544	-1.6854804936619125	0.09189590515559885	0.2266230582704517	d__Bacteria	p__Bacillota	c__Clostridia	o__Peptostreptococcales-Tissierellales	f__Family_XI	g__Peptoniphilus	NA
3e50347c5ac0537609d6f20e15a1492a	1.5589337352879733	0.8813369895705694	0.43896522767212715	2.0077603737416294	0.04466876157769634	0.14312783364384984	d__Bacteria	p__Bacillota	c__Clostridia	o__Peptostreptococcales-Tissierellales	f__Family_XI	g__Peptoniphilus	NA
9557f8088b37dfccf28312167dc1e885	3.8073830224653884	1.8597444262742933	0.557955147125388	3.3331432389427484	8.58707209373225e-4	0.0069412166091002364	d__Bacteria	p__Bacillota	c__Clostridia	o__Peptostreptococcales-Tissierellales	f__Family_XI	g__Peptoniphilus	NA
f85ab807c3a227577d26b183b82110ec	1.0531791811445184	-6.59116503826741e-4	0.3891799900959431	-0.0016936032699529373	0.9986487007447662	NA	d__Bacteria	p__Bacillota	c__Clostridia	o__Peptostreptococcales-Tissierellales	f__Family_XI	g__Peptoniphilus	NA
04caf0824c48ee5640717c87bddaec09	2.4037649405885433	1.4345497194662113	0.5184305220358526	2.7671011996608557	0.005655719547830741	0.031267630868059074	d__Bacteria	p__Bacillota	c__Clostridia	o__Peptostreptococcales-Tissierellales	f__Family_XI	g__W5053	NA
7d8914c9bc5bd0df97f29e99b0e5fa2f	1.0531791811445184	-6.59116503826741e-4	0.3891799900959431	-0.0016936032699529373	0.9986487007447662	NA	d__Bacteria	p__Bacillota	c__Clostridia	o__Peptostreptococcales-Tissierellales	f__Family_XI	g__W5053	NA
3e762f18e3ba9a63434160de80a9f74d	1.0531791811445184	-6.59116503826741e-4	0.3891799900959431	-0.0016936032699529373	0.9986487007447662	NA	d__Bacteria	p__Bacillota	c__Clostridia	o__Peptostreptococcales-Tissierellales	f__Family_XI	g__W5053	NA
4cfe5cd1b26804fdebc994caac8a28c8	1.1535481037976945	0.24322350131802978	0.38059646477766373	0.6390587507430362	0.5227847128743521	NA	d__Bacteria	p__Bacillota	c__Clostridia	o__Peptostreptococcales-Tissierellales	f__Family_XI	g__W5053	NA
2659387058de95f7294a883bc6165390	1.3709620801268267	-1.000849118000734	0.38426028438344306	-2.6046124428566064	0.009197823483350031	0.044009316846342975	d__Bacteria	p__Bacillota	c__Clostridia	o__Peptostreptococcales-Tissierellales	f__Family_XI	g__W5053	NA
0d818e655454d2a7b6525ac6a011c47e	1.0531791811445184	-6.59116503826741e-4	0.3891799900959431	-0.0016936032699529373	0.9986487007447662	NA	d__Bacteria	p__Bacillota	c__Clostridia	o__Peptostreptococcales-Tissierellales	f__Family_XI	g__Parvimonas	NA
59fbeb729956dc5b7c07eeb17f87596f	1.0387304233561943	-6.591132239831767e-4	0.3889617986514884	-0.001694544878875741	0.9986479494506224	NA	d__Bacteria	p__Bacillota	c__Clostridia	o__Peptostreptococcales-Tissierellales	f__Family_XI	g__Parvimonas	NA
1c15dce677ce266269d1373182cce24a	1.1398717278744621	-6.59126665121557e-4	0.39112181843733534	-0.0016852209057397825	0.9986553888942105	NA	d__Bacteria	p__Bacillota	c__Clostridia	o__Peptostreptococcales-Tissierellales	f__Family_XI	g__Parvimonas	NA
9485b25a0c921cb845dc9c4142ae4a0f	2.396952117810618	-0.9410559015108559	0.47012590892996375	-2.0017103580884505	0.04531589173596709	0.14433449696202055	d__Bacteria	p__Bacillota	c__Clostridia	o__Peptostreptococcales-Tissierellales	f__Family_XI	g__Parvimonas	NA
ef4131513a1555e2eb3f175df11c7dfe	1.0531791811445184	-6.59116503826741e-4	0.3891799900959431	-0.0016936032699529373	0.9986487007447662	NA	d__Bacteria	p__Bacillota	c__Clostridia	o__Peptostreptococcales-Tissierellales	f__Family_XI	g__Parvimonas	NA
e93b313352019b8113e7fc66bf757917	1.0531791811445184	-6.59116503826741e-4	0.3891799900959431	-0.0016936032699529373	0.9986487007447662	NA	d__Bacteria	p__Bacillota	c__Clostridia	o__Peptostreptococcales-Tissierellales	f__Family_XI	g__Parvimonas	NA
ff48ea2b9d30c737b53aeb9841179d57	1.0531791811445184	-6.59116503826741e-4	0.3891799900959431	-0.0016936032699529373	0.9986487007447662	NA	d__Bacteria	p__Bacillota	c__Clostridia	o__Peptostreptococcales-Tissierellales	f__Family_XI	g__Parvimonas	NA
b48f57c20643c5e46e43c56656b38058	1.0531791811445184	-6.59116503826741e-4	0.3891799900959431	-0.0016936032699529373	0.9986487007447662	NA	d__Bacteria	p__Bacillota	c__Clostridia	o__Peptostreptococcales-Tissierellales	f__Family_XI	g__Parvimonas	NA
e617358af0b4a2029693b6d525a121d5	7.970158327108301	3.5119394901197727	0.6889602438333187	5.0974486867045155	3.442616903665018e-7	1.0202334875611737e-5	d__Bacteria	p__Bacillota	c__Clostridia	o__Peptostreptococcales-Tissierellales	f__Family_XI	g__Parvimonas	NA
9232f4ad524ebf27e8d228b685818362	1.3418174308418247	0.6094356419535967	0.41649947985253905	1.4632326603849934	0.1434037267564568	0.2852868722217421	d__Bacteria	p__Bacillota	c__Clostridia	o__Peptostreptococcales-Tissierellales	f__Family_XI	g__Parvimonas	NA
7172c7a7150b171ea8350db4e95953a5	1.0531791811445184	-6.59116503826741e-4	0.3891799900959431	-0.0016936032699529373	0.9986487007447662	NA	d__Bacteria	p__Bacillota	c__Clostridia	o__Peptostreptococcales-Tissierellales	f__Family_XI	g__Parvimonas	NA
425bd644dc8d2d7cc7fdf4669456d72e	1.1834239334356202	0.3060358607739883	0.37942432669876325	0.8065794395333004	0.4199088232449089	NA	d__Bacteria	p__Bacillota	c__Clostridia	o__Peptostreptococcales-Tissierellales	f__Family_XI	g__Parvimonas	NA
f5d8a80d3113182796c3d7061e260d73	3.083762523963437	-1.3107854116143696	0.4924557342363337	-2.661732457328464	0.007773964162001194	0.038580557027233835	d__Bacteria	p__Bacillota	c__Clostridia	o__Peptostreptococcales-Tissierellales	f__Family_XI	g__Incertae_Sedis	NA
e5d144b80521b09f2b7806cb4abb5168	1.0531791811445184	-6.59116503826741e-4	0.3891799900959431	-0.0016936032699529373	0.9986487007447662	NA	d__Bacteria	p__Bacillota	c__Clostridia	o__Peptostreptococcales-Tissierellales	f__Family_XI	NA	NA
b573980ca0828fe07e1d96d6f7c44d67	1.2266122654680598	-0.6287370034895162	0.35154347678030834	-1.7885042534367255	0.07369469003637213	0.1957990201831986	d__Bacteria	p__Bacillota	c__Clostridia	o__Peptostreptococcales-Tissierellales	f__Family_XI	NA	NA
1c4485eba4e4a70652a6c24f2a384601	1.1398222527895048	0.21084965442026368	0.38146992863318474	0.5527294252937386	0.5804487010988166	NA	d__Bacteria	p__Bacillota	c__Clostridia	o__Peptostreptococcales-Tissierellales	f__Family_XI	NA	NA
7c9d63ea03311fdd9765198ef24b3673	1.944897164913967	1.2572073436822297	0.47167778235807223	2.6653944508410743	0.007689806676624519	0.03834123235494561	d__Bacteria	p__Bacillota	c__Clostridia	o__Peptostreptococcales-Tissierellales	f__Family_XI	g__Incertae_Sedis	NA
5b7567b9ebc3e1dfa38f05c32e1b2c4e	1.2114456954149413	0.3660746193826362	0.37905955663070384	0.9657443348388703	0.33417212888399067	0.46631086824824164	d__Bacteria	p__Bacillota	c__Clostridia	o__Peptostreptococcales-Tissierellales	f__Family_XI	NA	NA
b96e703a3e336c3609f153405b9e6e06	1.196340932619299	0.33626771533223426	0.379065190982608	0.8870973208079733	0.3750265063929058	NA	d__Bacteria	p__Bacillota	c__Clostridia	o__Peptostreptococcales-Tissierellales	f__Family_XI	g__Finegoldia	NA
385417910070d1997abbaaeef8988822	1.225766945459383	-6.591142223239591e-4	0.395955494657376	-0.0016646169360379675	0.9986718284604671	0.9990603906560739	d__Bacteria	p__Bacillota	c__Clostridia	o__Peptostreptococcales-Tissierellales	f__Family_XI	g__Finegoldia	NA
58f6df1d3a50856bd9c39c67b1d5bdf0	1.198287350500189	0.33645599267741283	0.37914865255793	0.88739862427971	0.37486432391100794	0.4964076681195218	d__Bacteria	p__Bacillota	c__Clostridia	o__Peptostreptococcales-Tissierellales	f__Family_XI	g__Finegoldia	NA
22b3c70cdfb1714224e1bf8a6314bee9	1192.9145685067024	0.6587921031396118	0.5609872241317838	1.1743442181935542	0.24025717863372112	0.3890889295314145	d__Bacteria	p__Bacillota	c__Clostridia	o__Peptostreptococcales-Tissierellales	f__Family_XI	g__Finegoldia	NA
f9017efdb1860db7b2d1e9b197eb7821	1.0531791811445184	-6.59116503826741e-4	0.3891799900959431	-0.0016936032699529373	0.9986487007447662	NA	d__Bacteria	p__Bacillota	c__Clostridia	o__Peptostreptococcales-Tissierellales	f__Family_XI	g__Finegoldia	NA
35df9515d04f76cc7386dc9b7294c4b7	1.0531791811445184	-6.59116503826741e-4	0.3891799900959431	-0.0016936032699529373	0.9986487007447662	NA	d__Bacteria	p__Bacillota	c__Clostridia	o__Peptostreptococcales-Tissierellales	f__Family_XI	g__Finegoldia	NA
c81ae021e888371f432017e1aed6b90f	1.0531791811445184	-6.59116503826741e-4	0.3891799900959431	-0.0016936032699529373	0.9986487007447662	NA	d__Bacteria	p__Bacillota	c__Clostridia	o__Peptostreptococcales-Tissierellales	f__Family_XI	g__Finegoldia	NA
bbcdc339c8685d185ee0f0e5a58884db	1.0387075420010623	-0.03913471250887544	0.3908601882582665	-0.1001245808207425	0.9202454207139598	NA	d__Bacteria	p__Bacillota	c__Clostridia	o__Peptostreptococcales-Tissierellales	f__Family_XI	g__Finegoldia	NA
8e525510dffd5ffc440eb36c8541eb72	1.0531791811445184	-6.59116503826741e-4	0.3891799900959431	-0.0016936032699529373	0.9986487007447662	NA	d__Bacteria	p__Bacillota	c__Clostridia	o__Peptostreptococcales-Tissierellales	f__Family_XI	g__Finegoldia	NA
62c8ae38d024222f1c447f14b88ea9e4	1.254900223132337	0.4518071754098898	0.3810688782323144	1.1856312630559418	0.23576795044322266	0.38518479708292525	d__Bacteria	p__Bacillota	c__Clostridia	o__Peptostreptococcales-Tissierellales	f__Family_XI	g__Finegoldia	NA
17683eaef94c567c87f79b3623aaae3f	1.0531791811445184	-6.59116503826741e-4	0.3891799900959431	-0.0016936032699529373	0.9986487007447662	NA	d__Bacteria	p__Bacillota	c__Clostridia	o__Peptostreptococcales-Tissierellales	f__Family_XI	g__Finegoldia	NA
9b9def60f68957f85da86f875e31bcb2	1.0531791811445184	-6.59116503826741e-4	0.3891799900959431	-0.0016936032699529373	0.9986487007447662	NA	d__Bacteria	p__Bacillota	c__Clostridia	o__Peptostreptococcales-Tissierellales	f__Family_XI	g__Finegoldia	NA
b8e850a95bb5fb660d506a45258b451c	1.0531791811445184	-6.59116503826741e-4	0.3891799900959431	-0.0016936032699529373	0.9986487007447662	NA	d__Bacteria	p__Bacillota	c__Clostridia	o__Peptostreptococcales-Tissierellales	f__Family_XI	g__Finegoldia	NA
6264d3558651b758d260209f5a002eda	1.2973427462998097	-0.3740676056472745	0.35754324488852596	-1.0462163975826209	0.29546113387301703	0.4440239856936749	d__Bacteria	p__Bacillota	c__Clostridia	o__Peptostreptococcales-Tissierellales	f__Family_XI	g__Ndongobacter	NA
7576889c72e508be38f37a34f9a9fe27	1.1831812761827354	-0.49543709672625147	0.3563044779456127	-1.3904879882028212	0.16438074432760932	NA	d__Bacteria	p__Bacillota	c__Clostridia	o__Peptostreptococcales-Tissierellales	f__Family_XI	g__Ndongobacter	NA
997697a39b4f8a14b67e210a7a0337df	1.7592229450624184	0.6076777800251909	0.4352237531675637	1.3962422216216481	0.16264156627318901	0.3044535986201626	d__Bacteria	p__Bacillota	c__Clostridia	o__Peptostreptococcales-Tissierellales	f__Family_XI	g__Kallipyga	NA
39ac0c75bd4fbfca568f208e37fa3f86	1.0531791811445184	-6.59116503826741e-4	0.3891799900959431	-0.0016936032699529373	0.9986487007447662	NA	d__Bacteria	p__Bacillota	c__Clostridia	o__Peptostreptococcales-Tissierellales	f__Family_XI	g__Kallipyga	NA
9bb9c1aa60db2c468b09f4a12cc4b979	1.2695230934702666	-6.590911563158613e-4	0.4012481997301667	-0.001642602151882775	0.9986893936928382	0.9990603906560739	d__Bacteria	p__Bacillota	c__Clostridia	o__Peptostreptococcales-Tissierellales	f__Family_XI	g__Kallipyga	NA
382ab675b61ba6522fae0690d5a92ce7	1.0531791811445184	-6.59116503826741e-4	0.3891799900959431	-0.0016936032699529373	0.9986487007447662	NA	d__Bacteria	p__Bacillota	c__Clostridia	o__Peptostreptococcales-Tissierellales	f__Family_XI	g__Murdochiella	NA
306885bb108656641ce13c5a740ef46c	162.922788347316	2.2813052818091757	0.7358836414913552	3.1000896788327035	0.001934620578836145	0.013580527352751096	d__Bacteria	p__Bacillota	c__Clostridia	o__Peptostreptococcales-Tissierellales	f__Family_XI	g__Murdochiella	NA
d8dac293df1e2ec3d5e828987d7b65e6	1.0387264241175567	-0.03913408780086743	0.3908604504356109	-0.10012291537108141	0.920246742906559	NA	d__Bacteria	p__Bacillota	c__Clostridia	o__Peptostreptococcales-Tissierellales	f__Family_XI	g__Murdochiella	NA
8efd091a825529424f6f216717ea9e44	1.7272415322903174	1.157993183700542	0.4626987710999682	2.502693449882434	0.012325224760174976	0.0552563647861626	d__Bacteria	p__Bacillota	c__Clostridia	o__Peptostreptococcales-Tissierellales	f__Family_XI	g__Murdochiella	NA
9fcec8cede65c4ee615159628e314a35	5.653717407882271	1.9654400691302836	0.5879511504756857	3.3428628680123027	8.291886524897972e-4	0.0068635060714305664	d__Bacteria	p__Bacillota	c__Clostridia	o__Peptostreptococcales-Tissierellales	f__Family_XI	g__Murdochiella	NA
0e5d008bd33e01f7c84a20a650ff453d	1.0531791811445184	-6.59116503826741e-4	0.3891799900959431	-0.0016936032699529373	0.9986487007447662	NA	d__Bacteria	p__Bacillota	c__Clostridia	o__Peptostreptococcales-Tissierellales	f__Family_XI	g__Murdochiella	NA
d8c6bc9d4a4133c982803f10d71f7b02	1.168562601051584	-6.591260000564186e-4	0.39220456029284706	-0.0016805668948985946	0.9986591022523481	NA	d__Bacteria	p__Bacillota	c__Clostridia	o__Peptostreptococcales-Tissierellales	f__Family_XI	g__Kallipyga	NA
97c1c1cbbde7a962d7465cda98f910f9	1.1394730633019505	-6.591267288388313e-4	0.391110913965896	-0.0016852680539012157	0.9986553512754738	NA	d__Bacteria	p__Bacillota	c__Negativicutes	o__Acidaminococcales	f__Acidaminococcaceae	NA	NA
b94662c0492f0e33c6157eead05bc2a8	1.139895723306289	-0.34859399456862816	0.36429538434685077	-0.9568992898266504	0.3386180897046176	NA	d__Bacteria	p__Bacteroidota	c__Bacteroidia	o__Bacteroidales	f__Bacteroidaceae	g__Bacteroides	NA
a81eeef79efbeed60fe844aa4e71619b	1.0531791811445184	-6.59116503826741e-4	0.3891799900959431	-0.0016936032699529373	0.9986487007447662	NA	d__Bacteria	p__Bacteroidota	c__Bacteroidia	o__Bacteroidales	f__Bacteroidaceae	g__Bacteroides	NA
8879b282a2181421e9c4262d14f60409	1.0387345039180496	0.06645565351463542	0.3947108737827197	0.16836539839340203	0.8662958275706228	NA	d__Bacteria	p__Bacteroidota	c__Bacteroidia	o__Bacteroidales	f__Bacteroidaceae	g__Bacteroides	NA
6616dc3bd6aeb3e26b9b2218290ea574	103.45049984278872	-1.2510995646148013	0.862050491050506	-1.4513065970070906	0.14669450513446528	0.2903952448580231	d__Bacteria	p__Bacteroidota	c__Bacteroidia	o__Bacteroidales	f__Bacteroidaceae	g__Bacteroides	NA
74e77588223f5f0899c3d9a9cfff7972	1.1684483479947	-6.59126022759823e-4	0.3922006245602402	-0.0016805838172717757	0.9986590887502669	NA	d__Bacteria	p__Bacteroidota	c__Bacteroidia	o__Bacteroidales	f__Bacteroidaceae	g__Bacteroides	NA
d98862c324045e346d03d4bceca3ade4	1.0531791811445184	-6.59116503826741e-4	0.3891799900959431	-0.0016936032699529373	0.9986487007447662	NA	d__Bacteria	p__Bacteroidota	c__Bacteroidia	o__Bacteroidales	f__Bacteroidaceae	g__Bacteroides	NA
0c04b680785e304610a465f9b596adb2	1.168703276671167	0.27498300154752503	0.37992290269451257	0.7237863250603574	0.4691969260200956	NA	d__Bacteria	p__Bacteroidota	c__Bacteroidia	o__Bacteroidales	f__Bacteroidaceae	g__Bacteroides	NA
df37b62e507e32409df4885c1ad2ce14	1.0531791811445184	-6.59116503826741e-4	0.3891799900959431	-0.0016936032699529373	0.9986487007447662	NA	d__Bacteria	p__Bacteroidota	c__Bacteroidia	o__Bacteroidales	f__Bacteroidaceae	g__Bacteroides	NA
9db6065dfa5f306778c1a370f3267d73	1.0387386692036873	-0.03913368173446607	0.39086062043895625	-0.10012183291966574	0.9202476022597301	NA	d__Bacteria	p__Bacteroidota	c__Bacteroidia	o__Bacteroidales	f__Bacteroidaceae	g__Bacteroides	NA
2acb338202e6fbb14e43e93e96d5d258	1.0387386692036873	-0.03913368173446607	0.39086062043895625	-0.10012183291966574	0.9202476022597301	NA	d__Bacteria	p__Bacteroidota	c__Bacteroidia	o__Bacteroidales	f__Bacteroidaceae	g__Bacteroides	NA
47c305878bfc73bfeda34b2ae1a82ee1	2.205870849646336	-6.587933762100944e-4	0.5117531162452978	-0.0012873265551241234	0.998972862300652	0.9990603906560739	d__Bacteria	p__Bacteroidota	c__Bacteroidia	o__Bacteroidales	f__Bacteroidaceae	g__Bacteroides	NA
71e2f677a92258de3ffebd9814e0db39	1.0531791811445184	-6.59116503826741e-4	0.3891799900959431	-0.0016936032699529373	0.9986487007447662	NA	d__Bacteria	p__Bacteroidota	c__Bacteroidia	o__Bacteroidales	f__Bacteroidaceae	g__Bacteroides	NA
cbd78efd85b15ef4ac0450160a74dda3	13.072820703092265	-5.320699847283468	0.6177732615240377	-8.612706600731437	7.13555453183415e-18	7.613636685467038e-15	d__Bacteria	p__Bacteroidota	c__Bacteroidia	o__Bacteroidales	f__Bacteroidaceae	g__Bacteroides	NA
feacfc64492b1439abc8e93c3c82cf83	1.0531791811445184	-6.59116503826741e-4	0.3891799900959431	-0.0016936032699529373	0.9986487007447662	NA	d__Bacteria	p__Bacteroidota	c__Bacteroidia	o__Bacteroidales	f__Bacteroidaceae	g__Bacteroides	NA
1c2839401c960dd49de918c7e785ddaf	1.0387345039180496	0.06645565351463543	0.3947108737827197	0.16836539839340206	0.8662958275706227	NA	d__Bacteria	p__Bacteroidota	c__Bacteroidia	o__Bacteroidales	f__Bacteroidaceae	g__Bacteroides	NA
710852c7b0ca73b4a35db29d089e81e0	1.0387225030027176	-0.03913421767438187	0.390860395994043	-0.10012326159281255	0.920246468042748	NA	d__Bacteria	p__Bacteroidota	c__Bacteroidia	o__Bacteroidales	f__Bacteroidaceae	g__Bacteroides	NA
6c2d943bfa600161d41df3bee4830389	1.0531791811445184	-6.59116503826741e-4	0.3891799900959431	-0.0016936032699529373	0.9986487007447662	NA	d__Bacteria	p__Bacteroidota	c__Bacteroidia	o__Bacteroidales	f__Bacteroidaceae	g__Bacteroides	NA
5159e647eea3c9a159beb76d8c87d094	1.0387304233561943	-0.03913395526143771	0.39086050596027216	-0.10012256205137124	0.9202470234054321	NA	d__Bacteria	p__Bacteroidota	c__Bacteroidia	o__Bacteroidales	f__Bacteroidaceae	g__Bacteroides	NA
9cece8cf135e366f9aef51e461bf9888	1.0387304233561943	-0.03913395526143771	0.39086050596027216	-0.10012256205137124	0.9202470234054321	NA	d__Bacteria	p__Bacteroidota	c__Bacteroidia	o__Bacteroidales	f__Bacteroidaceae	g__Bacteroides	NA
8001826dafd338cf078dd28c2eae05ed	1.0242508638592618	-0.07866383211512867	0.39265109540631327	-0.20034028437824108	0.8412144587427911	NA	d__Bacteria	p__Bacteroidota	c__Bacteroidia	o__Bacteroidales	f__Bacteroidaceae	g__Bacteroides	NA
93f681a036a868c818c9a238350bf070	1.0531791811445184	-6.59116503826741e-4	0.3891799900959431	-0.0016936032699529373	0.9986487007447662	NA	d__Bacteria	p__Bacteroidota	c__Bacteroidia	o__Bacteroidales	f__Bacteroidaceae	g__Bacteroides	NA
99deb3c5ecb022ec05609ebd1112a557	4635.421325363211	-0.44956272008229975	0.6378591821554931	-0.7047993235170021	0.48093512961065277	0.6051388953945359	d__Bacteria	p__Bacteroidota	c__Bacteroidia	o__Bacteroidales	f__Bacteroidaceae	g__Bacteroides	NA
fd44d4cb468fd7dc9b3227867714ed87	1261.860505477868	0.7012885678849219	1.031556496728249	0.6798353460127234	0.4966087233126123	0.6182981420939991	d__Bacteria	p__Bacteroidota	c__Bacteroidia	o__Bacteroidales	f__Bacteroidaceae	g__Bacteroides	NA
d4dd050cdba11363174e698bb4d13eb5	2.541941313317254	1.8943063025589288	0.5456237978122276	3.4718175969495384	5.169474495483146e-4	0.004558536600562411	d__Bacteria	p__Bacteroidota	c__Bacteroidia	o__Bacteroidales	f__Bacteroidaceae	g__Bacteroides	NA
e8491108aacbe1ca3c8953a1999c4e28	1.0387304233561943	-6.591132239831767e-4	0.3889617986514884	-0.001694544878875741	0.9986479494506224	NA	d__Bacteria	p__Bacteroidota	c__Bacteroidia	o__Bacteroidales	f__Bacteroidaceae	g__Bacteroides	NA
2847364b36e7de803924acf1d159afa9	1.0387225030027176	-0.03913421767438187	0.390860395994043	-0.10012326159281255	0.920246468042748	NA	d__Bacteria	p__Bacteroidota	c__Bacteroidia	o__Bacteroidales	f__Bacteroidaceae	g__Bacteroides	NA
cd0866c5fffa3da0653f75faee220193	1.0531791811445184	-6.59116503826741e-4	0.3891799900959431	-0.0016936032699529373	0.9986487007447662	NA	d__Bacteria	p__Bacteroidota	c__Bacteroidia	o__Bacteroidales	f__Bacteroidaceae	g__Bacteroides	NA
0b1f6cb9c07f848ba25971a32b3cc49d	107.25554452548609	-0.7763524271396888	0.8063383577120793	-0.9628122235714134	0.33564176533062456	0.4667795987052069	d__Bacteria	p__Bacteroidota	c__Bacteroidia	o__Bacteroidales	f__Bacteroidaceae	g__Bacteroides	NA
410f8b6fd50ded3f5de25fb5610f49a8	31.85923128796652	0.8874008736579004	0.7882594390729716	1.1257725942381656	0.2602617871917564	0.41447660736358816	d__Bacteria	p__Bacteroidota	c__Bacteroidia	o__Bacteroidales	f__Bacteroidaceae	g__Bacteroides	NA
b2062ae94fb00a931014b67b499295a8	19.38336083307515	-3.307135635150189	0.7153265967527521	-4.623252721432471	3.777690107309966e-6	7.605274234905157e-5	d__Bacteria	p__Bacteroidota	c__Bacteroidia	o__Bacteroidales	f__Bacteroidaceae	g__Bacteroides	NA
58834aafe2154b533d198cc974ec0e09	1.139859485324462	-0.34859014686303985	0.3642945987227462	-0.9568907913683932	0.3386223796300607	NA	d__Bacteria	p__Bacteroidota	c__Bacteroidia	o__Bacteroidales	f__Bacteroidaceae	g__Bacteroides	NA
fcf7529125e1549e9e1ebc3df87cc784	1.2266122654680596	-0.628737003489516	0.3515434767803106	-1.7885042534367133	0.0736946900363741	0.1957990201831986	d__Bacteria	p__Bacteroidota	c__Bacteroidia	o__Bacteroidales	f__Bacteroidaceae	g__Bacteroides	NA
243a590b7a6c17e5a16dff4bc7033ac1	1.0387264241175567	-0.03913408780086743	0.3908604504356109	-0.10012291537108141	0.920246742906559	NA	d__Bacteria	p__Bacteroidota	c__Bacteroidia	o__Bacteroidales	f__Bacteroidaceae	g__Bacteroides	NA
12cc4c8a5d46fec0b6738bfe7c6c8a08	1.3251865089466015	0.5832705134498017	0.4111534050529539	1.4186201701884975	0.15600978217923608	0.2946237833367166	d__Bacteria	p__Bacteroidota	c__Bacteroidia	o__Bacteroidales	f__Bacteroidaceae	g__Bacteroides	NA
9d88acce7b2f13b58bf95d2f17ec8c2f	1.038742922832062	-0.0391335405035363	0.3908606794902159	-0.10012145646007836	0.9202479011292768	NA	d__Bacteria	p__Bacteroidota	c__Bacteroidia	o__Bacteroidales	f__Bacteroidaceae	g__Bacteroides	NA
824b9c5e131ccef5ab3286cfde31640c	64.81439955032536	2.6569765958105784	0.7733971312985974	3.4354621814400788	5.915440209573864e-4	0.005090140890012349	d__Bacteria	p__Bacteroidota	c__Bacteroidia	o__Bacteroidales	f__Bacteroidaceae	g__Bacteroides	NA
6d49d954693bdf104f81c580fa552ddf	1.0531791811445184	-6.59116503826741e-4	0.3891799900959431	-0.0016936032699529373	0.9986487007447662	NA	d__Bacteria	p__Bacteroidota	c__Bacteroidia	o__Bacteroidales	f__Bacteroidaceae	g__Bacteroides	NA
9d5054752ed33d6a22bd0f96b5618b1c	779.3714965729972	-0.3852557246434179	0.8497135122591069	-0.45339484318561735	0.6502644490936187	0.7700689979832309	d__Bacteria	p__Bacteroidota	c__Bacteroidia	o__Bacteroidales	f__Bacteroidaceae	g__Bacteroides	NA
6aa92e9b0cb6b82cbf81068cb87268c9	1.0387324637811943	0.0664557704665521	0.3947108525825347	0.16836570373411786	0.8662955873726614	NA	d__Bacteria	p__Bacteroidota	c__Bacteroidia	o__Bacteroidales	f__Bacteroidaceae	g__Bacteroides	NA
27af6946079ffdcc29ae6f9f6640a637	1.0387304233561943	-0.03913395526143771	0.39086050596027216	-0.10012256205137124	0.9202470234054321	NA	d__Bacteria	p__Bacteroidota	c__Bacteroidia	o__Bacteroidales	f__Bacteroidaceae	g__Bacteroides	NA
836cd5ea357ad392c00a7e48d921be1d	327.6382321847713	0.04113293193671175	0.6924772542313014	0.059399686683387465	0.9526337626109583	0.9990603906560739	d__Bacteria	p__Bacteroidota	c__Bacteroidia	o__Bacteroidales	f__Bacteroidaceae	g__Bacteroides	NA
2c982937754e6321f861027032db80f7	2201.998253706398	-0.44043606888568826	0.907439581823442	-0.48536131518603154	0.6274200684405016	0.7488335716174667	d__Bacteria	p__Bacteroidota	c__Bacteroidia	o__Bacteroidales	f__Bacteroidaceae	g__Bacteroides	NA
5d5f9ea96902c7e15830ff9763324c68	1.0386683642089511	-0.03913600309647545	0.39085964416311514	-0.10012802211973322	0.92024268868368575	NA	d__Bacteria	p__Bacteroidota	c__Bacteroidia	o__Bacteroidales	f__Bacteroidaceae	g__Bacteroides	NA
3a4f402fbd24224f50514f9e42f0789d	0.9664521589613444	0.05884302705983769	0.40384080491428637	0.14570847310074794	0.8841515321959366	NA	d__Bacteria	p__Bacteroidota	c__Bacteroidia	o__Bacteroidales	f__Bacteroidaceae	g__Bacteroides	NA
b7e5e417da183df1d5cb33a51a10991d	6.512845811326009	-2.976276549332042	0.5492158462066347	-5.41913815831938	5.988702582794756e-8	2.203429536497243e-6	d__Bacteria	p__Bacteroidota	c__Bacteroidia	o__Bacteroidales	f__Bacteroidaceae	g__Bacteroides	NA
f8bcef2b701bb3b9bdf3187f149c62fb	1.0531791811445184	-6.59116503826741e-4	0.3891799900959431	-0.0016936032699529373	0.9986487007447662	NA	d__Bacteria	p__Bacteroidota	c__Bacteroidia	o__Bacteroidales	f__Bacteroidaceae	g__Bacteroides	NA
7ee3e4343242684ba3ce459672348ff7	5.0247392120852155	-0.900550648674256	0.5774444713251864	-1.5595450184284703	0.11886743813536234	0.26400479990240483	d__Bacteria	p__Bacteroidota	c__Bacteroidia	o__Bacteroidales	f__Bacteroidaceae	g__Bacteroides	NA
ef6a209f17415ca40777d4f3e0459647	57.64205298192083	1.70317546487295	0.786463091650736	2.1656139785251627	0.030340697308283014	0.10594008839388307	d__Bacteria	p__Bacteroidota	c__Bacteroidia	o__Bacteroidales	f__Bacteroidaceae	g__Bacteroides	NA
47ce6ddf2afd00851f37b91f117b6ba4	1.038742922832062	-0.039133540503536304	0.3908606794902159	-0.10012145646007839	0.9202479011292768	NA	d__Bacteria	p__Bacteroidota	c__Bacteroidia	o__Bacteroidales	f__Bacteroidaceae	g__Bacteroides	NA
1b40855f894139ee825ba676916e6644	1.0531791811445184	-6.59116503826741e-4	0.3891799900959431	-0.0016936032699529373	0.9986487007447662	NA	d__Bacteria	p__Bacteroidota	c__Bacteroidia	o__Bacteroidales	f__Bacteroidaceae	g__Bacteroides	NA
76b39e86c95e0c7dd8b9c57b974f6532	258.7901720686822	0.6478715104286549	0.78657968470168	0.8236565513058833	0.41013473360103736	0.5362913734709643	d__Bacteria	p__Bacteroidota	c__Bacteroidia	o__Bacteroidales	f__Bacteroidaceae	g__Bacteroides	NA
fbd67349783ebeacc69814257b694d56	48.361512440144914	-1.3933807910419684	0.7960530691905954	-1.7503616843770469	0.08005592315943359	0.20682728816250762	d__Bacteria	p__Bacteroidota	c__Bacteroidia	o__Bacteroidales	f__Bacteroidaceae	g__Bacteroides	NA
cb010e13784d2ca5a95c3a0604801748	1.0531791811445184	-6.59116503826741e-4	0.3891799900959431	-0.0016936032699529373	0.9986487007447662	NA	d__Bacteria	p__Bacteroidota	c__Bacteroidia	o__Bacteroidales	f__Bacteroidaceae	g__Bacteroides	NA
1b8dec58597978264025b9eba656ffb5	253.37990055449083	-0.21526683655801648	0.7753484323568569	-0.2776388363921256	0.7812896165893746	0.9051422593929019	d__Bacteria	p__Bacteroidota	c__Bacteroidia	o__Bacteroidales	f__Bacteroidaceae	g__Bacteroides	NA
b78e348dfb22815a4db4373d02d70631	1.0531791811445184	-6.59116503826741e-4	0.3891799900959431	-0.0016936032699529373	0.9986487007447662	NA	d__Bacteria	p__Bacteroidota	c__Bacteroidia	o__Bacteroidales	f__Bacteroidaceae	g__Bacteroides	NA
2f5aec7a7b202c2d8d6be290faa11c61	1.0531791811445184	-6.59116503826741e-4	0.3891799900959431	-0.0016936032699529373	0.9986487007447662	NA	d__Bacteria	p__Bacteroidota	c__Bacteroidia	o__Bacteroidales	f__Bacteroidaceae	g__Bacteroides	NA
dc12ae575885d88f0eec0fc21dd707a0	1.0387304233561943	-0.03913395526143771	0.39086050596027216	-0.10012256205137124	0.9202470234054321	NA	d__Bacteria	p__Bacteroidota	c__Bacteroidia	o__Bacteroidales	f__Bacteroidaceae	g__Bacteroides	NA
bf611493002f5918a68778bde2def567	169.6369512666622	0.819221968834886	0.744069948914755	1.1010012835886493	0.2708960985111737	0.4252612279555311	d__Bacteria	p__Bacteroidota	c__Bacteroidia	o__Bacteroidales	f__Bacteroidaceae	g__Bacteroides	NA
938fbbe51af86d1d7ebd6817a0f0bd24	1.0531791811445184	-6.59116503826741e-4	0.3891799900959431	-0.0016936032699529373	0.9986487007447662	NA	d__Bacteria	p__Bacteroidota	c__Bacteroidia	o__Bacteroidales	f__Bacteroidaceae	g__Bacteroides	NA
8be9dac75adfd36649c004c8b72de91d	1.0387386692036873	-0.03913368173446607	0.39086062043895625	-0.10012183291966574	0.9202476022597301	NA	d__Bacteria	p__Bacteroidota	c__Bacteroidia	o__Bacteroidales	f__Bacteroidaceae	g__Bacteroides	NA
3b2009fcb7b8c2a75c6da4d5d143344e	1.1536881441341034	-6.591267586120379e-4	0.391601964369005	-0.0016831548832348176	0.9986570373393315	NA	d__Bacteria	p__Bacteroidota	c__Bacteroidia	o__Bacteroidales	f__Bacteroidaceae	g__Bacteroides	NA
547ed9d63f007845c48db64ef3e5aab6	3.0286787688556394	2.2031040055626425	0.5703208087485552	3.862920608485029	1.1203942806402936e-4	0.0011783541821949745	d__Bacteria	p__Bacteroidota	c__Bacteroidia	o__Bacteroidales	f__Bacteroidaceae	g__Bacteroides	NA
d67fd254ea025aba997ebf891445a640	1.182224938841459	0.3059332243125735	0.3793801605521027	0.806402801525932	0.42001063210813644	NA	d__Bacteria	p__Bacteroidota	c__Bacteroidia	o__Bacteroidales	f__Bacteroidaceae	g__Bacteroides	NA
d900eb33f6b4bc449aab64df16ae18b2	697.7298888293649	1.2419032943267916	0.862807915016065	1.4393740167574471	0.15004458203830356	0.29146340348216204	d__Bacteria	p__Bacteroidota	c__Bacteroidia	o__Bacteroidales	f__Bacteroidaceae	g__Bacteroides	NA
47e24d74765fbb7c836987830e14e8e7	1.038742922832062	-6.59113222794125e-4	0.38896199360802225	-0.0016945440264745982	0.9986479501307391	NA	d__Bacteria	p__Bacteroidota	c__Bacteroidia	o__Bacteroidales	f__Bacteroidaceae	g__Bacteroides	NA
b15193fce14759d1c06728933e044af6	421.33246429970757	1.075737185463233	0.7824987689634122	1.3747461697457724	0.1692101520416106	0.3102186120762861	d__Bacteria	p__Bacteroidota	c__Bacteroidia	o__Bacteroidales	f__Bacteroidaceae	g__Bacteroides	NA
7ea6aefb9b9611299846da49e41ff0ea	1.0531791811445184	-6.59116503826741e-4	0.3891799900959431	-0.0016936032699529373	0.9986487007447662	NA	d__Bacteria	p__Bacteroidota	c__Bacteroidia	o__Bacteroidales	f__Bacteroidaceae	g__Bacteroides	NA
45b057ccd4087e284416c188ea39bc4b	1.2412632076305312	0.42397928527273776	0.3914439751174565	1.0831161346793465	0.2787568782162409	0.4252612279555311	d__Bacteria	p__Bacteroidota	c__Bacteroidia	o__Bacteroidales	f__Bacteroidaceae	g__Bacteroides	NA
1fae9fa505264a550b5fb89b9b8eed35	1.038742922832062	-0.039133540503536304	0.3908606794902159	-0.10012145646007839	0.9202479011292768	NA	d__Bacteria	p__Bacteroidota	c__Bacteroidia	o__Bacteroidales	f__Bacteroidaceae	g__Bacteroides	NA
afb1399a4ff5e4f489139363ac0c14eb	1.0386805954253813	-0.03913560098622444	0.39085981404469644	-0.10012694981671645	0.9202435399796542	NA	d__Bacteria	p__Bacteroidota	c__Bacteroidia	o__Bacteroidales	f__Bacteroidaceae	g__Bacteroides	NA
333bbf9224442fc10cd497377d2b1d01	148.1717985592086	0.20484665979763014	0.7865164310618552	0.26044803605828304	0.7945181936236734	0.9174793426368608	d__Bacteria	p__Bacteroidota	c__Bacteroidia	o__Bacteroidales	f__Bacteroidaceae	g__Bacteroides	NA
2bf1d5def7e2ecd3ae61454204501a78	1.0531791811445184	-6.59116503826741e-4	0.3891799900959431	-0.0016936032699529373	0.9986487007447662	NA	d__Bacteria	p__Bacteroidota	c__Bacteroidia	o__Bacteroidales	f__Bacteroidaceae	g__Bacteroides	NA
6928971040e6116b9a3f5c9c9bf41adb	112.05420223291705	1.2469041833036076	0.8928541520455022	1.3965373632938676	0.1625527373853645	0.3044535986201626	d__Bacteria	p__Bacteroidota	c__Bacteroidia	o__Bacteroidales	f__Bacteroidaceae	g__Bacteroides	NA
de2f5fd021d78ba4e7e754be5cba3884	1.1826200043806667	-6.591246218625714e-4	0.39289269493836915	-0.0016776199464995512	0.9986614535736625	NA	d__Bacteria	p__Bacteroidota	c__Bacteroidia	o__Bacteroidales	f__Bacteroidaceae	g__Bacteroides	NA
6f90f540055767af8c91c7943ed89a2b	1.1544551954062179	0.24328563831283573	0.380621979193106	0.6391791636115853	0.5227063853915473	NA	d__Bacteria	p__Bacteroidota	c__Bacteroidia	o__Bacteroidales	f__Bacteroidaceae	g__Bacteroides	NA
897aa38e05b3be367011ece83deb000b	1.1397967310192572	0.21084807824247614	0.3814692881559769	0.5527262214521018	0.5804508952718499	NA	d__Bacteria	p__Bacteroidota	c__Bacteroidia	o__Bacteroidales	f__Bacteroidaceae	g__Bacteroides	NA
db538dee7edac34eb15f4629ec783d08	1.1399192499953223	-6.591266575186246e-4	0.3911231195165106	-0.001685215280378742	0.9986553933825928	NA	d__Bacteria	p__Bacteroidota	c__Bacteroidia	o__Bacteroidales	f__Bacteroidaceae	g__Bacteroides	NA
11cd7f77a506682c6a060eab4a454850	1.1395387778749633	0.21083212261113718	0.3814628196162982	0.5526937666512474	0.580473122385005	NA	d__Bacteria	p__Bacteroidota	c__Bacteroidia	o__Bacteroidales	f__Bacteroidaceae	g__Bacteroides	NA
05fda2f1af60d701b56463f1a87a0847	1.1832180012394335	0.30601825990298265	0.37941672201211174	0.8065492165978229	0.4199262418123	NA	d__Bacteria	p__Bacteroidota	c__Bacteroidia	o__Bacteroidales	f__Bacteroidaceae	g__Bacteroides	NA
f707b0354d6d6b5f71cf1a6598e32e2d	1.1396010783031918	0.21083598035546802	0.38146438107406355	0.5527016172829331	0.5804677457362285	NA	d__Bacteria	p__Bacteroidota	c__Bacteroidia	o__Bacteroidales	f__Bacteroidaceae	g__Bacteroides	NA
7dff12c0121539665c61154d97b824ea	1.1976259534092044	-0.5412441494000884	0.354312924207151	-1.5275879382927815	0.12661487836198598	0.26400479990240483	d__Bacteria	p__Bacteroidota	c__Bacteroidia	o__Bacteroidales	f__Bacteroidaceae	g__Bacteroides	NA
b70edcc5bc6602ef90ed9f35c94a2a5c	1.1538942356802422	-0.39917002411168634	0.36129909827594736	-1.1048187665467533	0.26923812710429446	NA	d__Bacteria	p__Bacteroidota	c__Bacteroidia	o__Bacteroidales	f__Bacteroidaceae	g__Bacteroides	NA
7eaadc4f26cca3d30cf3cf3a740b3768	1.2121155168160815	0.36614849261532756	0.3790932969430312	0.965853249234188	0.33411761871868856	0.46631086824824164	d__Bacteria	p__Bacteroidota	c__Bacteroidia	o__Bacteroidales	f__Bacteroidaceae	g__Bacteroides	NA
a3f5ce2036b498d6db19a9d20a90b08f	1.1390762320293868	0.21080339724137667	0.38145124288029825	0.5526352349768804	0.5805132096086782	NA	d__Bacteria	p__Bacillota	c__Clostridia	o__Oscillospirales	f__[Eubacterium]_coprostanoligenes_group	g__Incertae_Sedis	NA
448c4ece61c454fdc451219740de1022	1.1537742612285886	0.24323903445923406	0.3806028149609653	0.6390889002861965	0.5227651003032983	NA	d__Bacteria	p__Bacteroidota	c__Bacteroidia	o__Bacteroidales	f__Tannerellaceae	g__Parabacteroides	NA
d81297656b72cc55f30c6f4455ae2743	1.1542919217297987	-0.3992167848597799	0.3613089347214991	-1.1049181088408473	0.2691950749221621	NA	d__Bacteria	p__Bacteroidota	c__Bacteroidia	o__Bacteroidales	f__Tannerellaceae	g__Parabacteroides	NA
e4ef1c7b616eb842c0ff7a327e83bd76	8.868964949334046	4.000317126409195	0.6619523102863856	6.04321046130726	1.5107737281717702e-9	1.151425405685199e-7	d__Bacteria	p__Bacteroidota	c__Bacteroidia	o__Bacteroidales	f__Tannerellaceae	NA	NA
18812bd61aeb2cea2081498cfa9ee3c8	3.1479531988264786	-2.9258670055477767	0.4988505842021157	-5.865217157613519	4.485452638815773e-9	3.178284513121607e-7	d__Bacteria	p__Bacteroidota	c__Bacteroidia	o__Bacteroidales	f__Tannerellaceae	g__Parabacteroides	NA
8d1761da3df16fe43e34eea0112ba8fd	1.0387111791071328	-0.03913459231333233	0.3908602387620928	-0.10012426036804581	0.920245675119821	NA	d__Bacteria	p__Bacteroidota	c__Bacteroidia	o__Bacteroidales	f__Tannerellaceae	g__Parabacteroides	NA
87d44f46d4af08ce6fe9dc62606d3c95	1.1547548996934875	0.2433060732375036	0.3806304352711773	0.639218650668757	0.5226807007302372	NA	d__Bacteria	p__Bacteroidota	c__Bacteroidia	o__Bacteroidales	f__Tannerellaceae	g__Parabacteroides	NA
dd3e5c36d5f5e1661966858526a1d39e	1.4410609157616614	0.8619477662879691	0.4443402792300712	1.9398371171335302	0.05239948821852047	0.1574936730398911	d__Bacteria	p__Bacteroidota	c__Bacteroidia	o__Bacteroidales	f__Tannerellaceae	NA	NA
fea7f04af92d6da8eef36144b3589ad9	1.0531791811445184	-6.59116503826741e-4	0.3891799900959431	-0.0016936032699529373	0.9986487007447662	NA	d__Bacteria	p__Bacteroidota	c__Bacteroidia	o__Bacteroidales	f__Tannerellaceae	g__Parabacteroides	NA
c8ae7d9258e5bf2f1f1451873429c5c4	1.1398717278744623	0.21085270865213154	0.38147117047419493	0.5527356323939948	0.5804444501344688	NA	d__Bacteria	p__Bacteroidota	c__Bacteroidia	o__Bacteroidales	f__Tannerellaceae	g__Parabacteroides	NA
8b029d14d4e0eb5aa5617fcb9471a4be	1.139329720849877	-6.591267517195454e-4	0.3911069976927802	-0.0016852849875043617	0.9986553377644325	NA	d__Bacteria	p__Bacteroidota	c__Bacteroidia	o__Bacteroidales	f__Tannerellaceae	g__Parabacteroides	NA
5f327f4172c4f4382ee6a71953879205	1.1976259534092044	-0.5412441494000884	0.354312924207151	-1.5275879382927815	0.12661487836198598	0.26400479990240483	d__Bacteria	p__Bacteroidota	c__Bacteroidia	o__Bacteroidales	f__Tannerellaceae	g__Parabacteroides	NA
f8c35d57c4b483c5a13d0d52d796940c	1.1536430080925728	-0.3991404109254584	0.36129290060741076	-1.104755754276981	0.26926543731546265	NA	d__Bacteria	p__Bacteroidota	c__Bacteroidia	o__Bacteroidales	f__Tannerellaceae	g__Parabacteroides	NA
d8e7f9181e4d5a4a6453e9ca9996a43f	660.5760774709531	0.1839260456641002	0.658832011125805	0.2791698681273992	0.7801144664583728	0.9047631909903084	d__Bacteria	p__Bacteroidota	c__Bacteroidia	o__Bacteroidales	f__Tannerellaceae	g__Parabacteroides	NA
928eea08226b8f0007d70a0b289f0795	1.0531791811445184	-6.59116503826741e-4	0.3891799900959431	-0.0016936032699529373	0.9986487007447662	NA	d__Bacteria	p__Bacteroidota	c__Bacteroidia	o__Bacteroidales	f__Tannerellaceae	g__Parabacteroides	NA
ee1783274bd16e3b9950d77594f27f9a	1.0387111791071326	-0.039134592313332335	0.3908602387620937	-0.10012426036804559	0.9202456751198212	NA	d__Bacteria	p__Bacteroidota	c__Bacteroidia	o__Bacteroidales	f__Dysgonomonadaceae	g__Dysgonomonas	NA
9a7134ae7c756e51b6471bd792f9ef10	1.154004727829637	-6.591267025913961e-4	0.3916116123607036	-0.0016831132729136008	0.9986570705395174	NA	d__Bacteria	p__Bacteroidota	c__Bacteroidia	o__Bacteroidales	f__Dysgonomonadaceae	g__Dysgonomonas	NA
e4f195476bffa394e3048063f99360ea	1.0531791811445184	-6.59116503826741e-4	0.3891799900959431	-0.0016936032699529373	0.9986487007447662	NA	d__Bacteria	p__Bacteroidota	c__Bacteroidia	o__Bacteroidales	f__Barnesiellaceae	g__Incertae_Sedis	NA
ecdb383d9a60d84b305e2e08b57cccea	1.1975843005528293	0.33638804666342287	0.37911841285918185	0.887290184949074	0.3749226885058331	0.4964076681195218	d__Bacteria	p__Bacteroidota	c__Bacteroidia	o__Bacteroidales	f__Barnesiellaceae	g__Coprobacter	NA
605cc047d6200f294e043f8ce6cb5af7	1.628111812884423	1.1208677655793284	0.4615014690476209	2.4287414900160798	0.015151331151410596	0.06316269014659076	d__Bacteria	p__Bacteroidota	c__Bacteroidia	o__Bacteroidales	f__Barnesiellaceae	g__Coprobacter	NA
b5d7cdf2e8f895c8e801d67d082b7bc1	1.1832892844207243	0.3060243536855918	0.37941935347441624	0.8065596835882717	0.41992020926025914	NA	d__Bacteria	p__Bacteroidota	c__Bacteroidia	o__Bacteroidales	f__Barnesiellaceae	g__Coprobacter	NA
8d441a32339fbd015b03fe3089cdec76	1.615394866841303	-1.4713928097254285	0.37065704127033483	-3.9696880023716683	7.19668043686811e-5	8.438305523228871e-4	d__Bacteria	p__Bacteroidota	c__Bacteroidia	o__Bacteroidales	f__Porphyromonadaceae	g__Porphyromonas	NA
43ea6b69b7696d2674fafdaa3538e9ec	1.0531791811445184	-6.59116503826741e-4	0.3891799900959431	-0.0016936032699529373	0.9986487007447662	NA	d__Bacteria	p__Bacteroidota	c__Bacteroidia	o__Bacteroidales	f__Porphyromonadaceae	g__Porphyromonas	NA
6d860023f7cb5928a25af41e9f53ed30	20.045010155070003	1.9526068449953642	0.7002509842896639	2.7884385581779547	0.005296279272532953	0.02962538300906192	d__Bacteria	p__Bacteroidota	c__Bacteroidia	o__Bacteroidales	f__Porphyromonadaceae	g__Porphyromonas	NA
9639ca37e5214345658dd3d1087b4404	5.876177774788718	3.362885560016057	0.6418036964716735	5.2397416507626495	1.6080155404442998e-7	5.19925024743657e-6	d__Bacteria	p__Bacteroidota	c__Bacteroidia	o__Bacteroidales	f__Porphyromonadaceae	g__Porphyromonas	NA
8af94e431832ea5ca7e2d2ddc5769fb8	1.1397806570175042	0.21084724087274417	0.38181851746729645	0.5522184787457399	0.580798675456472	NA	d__Bacteria	p__Bacteroidota	c__Bacteroidia	o__Bacteroidales	f__Porphyromonadaceae	g__Porphyromonas	NA
e4fb0081d4b0d27e8f5f9c663cb660d5	13.05193758989131	0.9545472828861268	0.6665425221385544	1.4320876030887415	0.15211875186204843	0.292451726552803	d__Bacteria	p__Bacteroidota	c__Bacteroidia	o__Bacteroidales	f__Porphyromonadaceae	g__Porphyromonas	NA
a42f951cf87f6accbe16633b2e4a44bb	1.0387345039180496	0.06645565351463542	0.3947108737827197	0.16836539839340203	0.8662958275706228	NA	d__Bacteria	p__Bacteroidota	c__Bacteroidia	o__Bacteroidales	f__Porphyromonadaceae	g__Porphyromonas	NA
d639e9434c8f50838a4a89f78f19998f	27.36036663715212	0.6076032822884184	0.7184308947833324	0.8457365721607255	0.3976997161910593	0.5232374811046366	d__Bacteria	p__Bacteroidota	c__Bacteroidia	o__Bacteroidales	f__Porphyromonadaceae	g__Porphyromonas	NA
19e44bff8b7f93dd15c0ee9c43a48bdd	1.2116193259354193	-6.591188163130603e-4	0.39474858882398506	-0.0016697179799341996	0.9986677584219545	0.9990603906560739	d__Bacteria	p__Bacteroidota	c__Bacteroidia	o__Bacteroidales	f__Porphyromonadaceae	g__Porphyromonas	NA
520093e54d88f4374f2935d53e12bf99	1.3271264862269398	-0.8985404567154709	0.37746981606035324	-2.380429953561649	0.01729244831774505	0.0685333247083574	d__Bacteria	p__Bacteroidota	c__Bacteroidia	o__Bacteroidales	f__Porphyromonadaceae	g__Porphyromonas	NA
004eaff35d1b108351c9510c9ef5b049	1.2833850200833152	0.5061555020967756	0.38442480828656	1.3166567068155353	0.18795372153892287	0.333708115192179	d__Bacteria	p__Bacteroidota	c__Bacteroidia	o__Bacteroidales	f__Porphyromonadaceae	g__Porphyromonas	NA
b0074af6b9640c09199843a3114c6a6c	1.0387472686596528	-0.03913339611863196	0.39086073981954694	-0.10012107160391477	0.9202482066648386	NA	d__Bacteria	p__Bacteroidota	c__Bacteroidia	o__Bacteroidales	f__Porphyromonadaceae	g__Porphyromonas	NA
e4ce01b9d7d504c2ad6b4d1c76737625	1.1392096862758123	0.21081170035265037	0.38145458007850563	0.5526521671577886	0.5805016129486948	NA	d__Bacteria	p__Bacteroidota	c__Bacteroidia	o__Bacteroidales	f__Porphyromonadaceae	g__Porphyromonas	NA
24be3b615a7d6602acf47581a35b6fd4	1.1392096862758123	0.21081170035265037	0.38145458007850563	0.5526521671577886	0.5805016129486948	NA	d__Bacteria	p__Bacteroidota	c__Bacteroidia	o__Bacteroidales	f__Porphyromonadaceae	g__Porphyromonas	NA
19da890972569b6859c360e9b4c8751e	14.7991200325231	0.11330130374635607	0.6673438319878268	0.16977950243259735	0.865183547570981	0.9848305578879132	d__Bacteria	p__Bacteroidota	c__Bacteroidia	o__Bacteroidales	f__Porphyromonadaceae	g__Porphyromonas	NA
6753f0818072f28125cfa5e4f4e20f78	1.140009016005253	0.21086117514894084	0.3814746181616317	0.5527528310142995	0.5804326716476065	NA	d__Bacteria	p__Bacteroidota	c__Bacteroidia	o__Bacteroidales	f__Porphyromonadaceae	g__Porphyromonas	NA
ad507e5af33142b0fa3228bd0eb25923	21.67844079677148	-0.9996631433435053	0.719840768977676	-1.3887281554825457	0.16491542917821794	0.3081694622296997	d__Bacteria	p__Bacteroidota	c__Bacteroidia	o__Bacteroidales	f__Porphyromonadaceae	g__Porphyromonas	NA
f53ea68023da65982627683eb0994946	1.0531791811445184	-6.59116503826741e-4	0.3891799900959431	-0.0016936032699529373	0.9986487007447662	NA	d__Bacteria	p__Bacteroidota	c__Bacteroidia	o__Bacteroidales	f__Porphyromonadaceae	g__Porphyromonas	NA
6addbdcf8cdad8201770ae689f90e870	6.07013525891971	-0.1878028850193598	0.6005672105046287	-0.31270918847127493	0.7545016140508586	0.8788790635286747	d__Bacteria	p__Bacteroidota	c__Bacteroidia	o__Bacteroidales	f__Porphyromonadaceae	g__Porphyromonas	NA
d59960696140503b13cf4c28ed81e779	1.0531791811445184	-6.59116503826741e-4	0.3891799900959431	-0.0016936032699529373	0.9986487007447662	NA	d__Bacteria	p__Bacteroidota	c__Bacteroidia	o__Bacteroidales	f__Porphyromonadaceae	g__Porphyromonas	NA
31f567f59096ed2d57feecc6c3621a58	142.01747357742747	-0.041379615230648495	0.8110162639446996	-0.05102193022539685	0.9593080455123366	0.9990603906560739	d__Bacteria	p__Bacteroidota	c__Bacteroidia	o__Bacteroidales	f__Porphyromonadaceae	g__Porphyromonas	NA
156e43349c357d6da97b4eefd07ae797	1.1395063707465674	0.2108301148557405	0.3814620075898292	0.5526896798656753	0.5804759213041253	NA	d__Bacteria	p__Bacteroidota	c__Bacteroidia	o__Bacteroidales	f__Porphyromonadaceae	g__Porphyromonas	NA
eb0bdbe44aca952fbf5e6e2529f0f0f6	1.0531791811445184	-6.59116503826741e-4	0.3891799900959431	-0.0016936032699529373	0.9986487007447662	NA	d__Bacteria	p__Bacteroidota	c__Bacteroidia	o__Bacteroidales	f__Porphyromonadaceae	g__Porphyromonas	NA
c532c2c02cdb1cec71b6500c5d6c2edf	43.52332811792843	-1.0650868187264133	0.7266241858307526	-1.465801496145762	0.1427023733615151	0.2852868722217421	d__Bacteria	p__Bacteroidota	c__Bacteroidia	o__Bacteroidales	f__Porphyromonadaceae	g__Porphyromonas	NA
2f495ea1cc6e09ccccbbe1681c62cb36	1.038745095909413	-6.591132225873438e-4	0.38896202750425574	-0.0016945438782713365	0.998647950248988	NA	d__Bacteria	p__Bacteroidota	c__Bacteroidia	o__Bacteroidales	f__Porphyromonadaceae	g__Porphyromonas	NA
a08df493c68ca1b0549dc0404dd5cb28	1.0387345039180496	0.06645565351463543	0.3947108737827197	0.16836539839340206	0.8662958275706227	NA	d__Bacteria	p__Bacteroidota	c__Bacteroidia	o__Bacteroidales	f__Porphyromonadaceae	g__Porphyromonas	NA
5817fa27f240dd7e7f0822f50b8fc948	1.0531791811445184	-6.59116503826741e-4	0.3891799900959431	-0.0016936032699529373	0.9986487007447662	NA	d__Bacteria	p__Bacteroidota	c__Bacteroidia	o__Bacteroidales	f__Porphyromonadaceae	g__Porphyromonas	NA
8d679f22fe2b8832b2aff8060af8b611	1.1538942356802422	0.24324726349929204	0.38060618667140766	0.6391048596099069	0.5227547187609678	NA	d__Bacteria	p__Bacteroidota	c__Bacteroidia	o__Bacteroidales	f__Porphyromonadaceae	g__Porphyromonas	NA
136d7660236f555e2218c16aa08cfabd	1.7725724278282589	1.2093829709025827	0.4821399336670695	2.508365075060748	0.012129127990209572	0.05483804900658311	d__Bacteria	p__Bacteroidota	c__Bacteroidia	o__Bacteroidales	f__Porphyromonadaceae	g__Porphyromonas	NA
0232b56c81bb04fb94bdcfdf8b073ae1	1.0531791811445184	-6.59116503826741e-4	0.3891799900959431	-0.0016936032699529373	0.9986487007447662	NA	d__Bacteria	p__Bacteroidota	c__Bacteroidia	o__Bacteroidales	f__Porphyromonadaceae	g__Porphyromonas	NA
598d37aa0ecec87f152ac33f00540309	38.99978917547548	0.39789573615252405	0.775801399272928	0.5128834989540201	0.6080328167202387	0.7289561971241513	d__Bacteria	p__Bacteroidota	c__Bacteroidia	o__Bacteroidales	f__Porphyromonadaceae	g__Porphyromonas	NA
03944aebf367f55f359e4ea3e47d9406	1.0387304233561945	-0.03913395526143773	0.390860505960274	-0.10012256205137082	0.9202470234054324	NA	d__Bacteria	p__Bacteroidota	c__Bacteroidia	o__Bacteroidales	f__Porphyromonadaceae	g__Porphyromonas	NA
195a6faf067d7e7afcefd42a76f1e1dc	44.85214480609111	-0.7712749307586382	0.7400259880617768	-1.0422268179779826	0.29730653226968246	0.44554223305021234	d__Bacteria	p__Bacteroidota	c__Bacteroidia	o__Bacteroidales	f__Porphyromonadaceae	g__Porphyromonas	NA
ad1171e25c458f68ef7a3b40b45dc9e5	1.7270848046729845	1.1577283826766616	0.47702894445542077	2.426956259432709	0.01522609145790474	0.06321494002172903	d__Bacteria	p__Bacteroidota	c__Bacteroidia	o__Bacteroidales	f__Porphyromonadaceae	g__Porphyromonas	NA
cbcefeed7dff9e69afd0188cc0243db5	1.2832962002310042	-6.590811110451471e-4	0.4034762297641117	-0.0016335066663790139	0.9986966508305584	0.9990603906560739	d__Bacteria	p__Bacteroidota	c__Bacteroidia	o__Bacteroidales	f__Porphyromonadaceae	g__Porphyromonas	NA
db6fbb8818ad578ef5c3961480fd6dd9	1.0531791811445184	-6.59116503826741e-4	0.3891799900959431	-0.0016936032699529373	0.9986487007447662	NA	d__Bacteria	p__Bacteroidota	c__Bacteroidia	o__Bacteroidales	f__Marinifilaceae	g__Odoribacter	NA
4e7592405ffecb210854f136ba3b73e3	1.0531791811445184	-6.59116503826741e-4	0.3891799900959431	-0.0016936032699529373	0.9986487007447662	NA	d__Bacteria	p__Bacteroidota	c__Bacteroidia	o__Bacteroidales	f__Marinifilaceae	g__Odoribacter	NA
5cbba1ec821d0d64b7e66f992ea80a4e	1.0531791811445184	-6.59116503826741e-4	0.3891799900959431	-0.0016936032699529373	0.9986487007447662	NA	d__Bacteria	p__Bacteroidota	c__Bacteroidia	o__Bacteroidales	f__Marinifilaceae	g__Odoribacter	NA
a730ef0685ea600be854be1842a6b362	60.22539872945174	-0.28857967750096	0.6650675649080029	-0.43391031637646993	0.6643535679927639	0.7841429834604856	d__Bacteria	p__Bacteroidota	c__Bacteroidia	o__Bacteroidales	f__Marinifilaceae	g__Odoribacter	NA
64c0631565683135b90bd037417fb657	1.0387304233561943	-0.03913395526143771	0.39086050596027216	-0.10012256205137124	0.9202470234054321	NA	d__Bacteria	p__Bacteroidota	c__Bacteroidia	o__Bacteroidales	f__Marinifilaceae	g__Odoribacter	NA
0c4b245c4b7c443e975c79c61b5d6281	2.0020631254527514	-1.9974795098290137	0.42601919039498104	-4.688707820830942	2.7493560985575443e-6	5.8671259143217994e-5	d__Bacteria	p__Bacteroidota	c__Bacteroidia	o__Bacteroidales	f__Marinifilaceae	g__Gabonibacter	NA
7261cbb86534c4057d6fe54bc4232846	1.1251185058128925	0.17766687146687096	0.38245405129723914	0.4645443573267059	0.6422577871827388	NA	d__Bacteria	p__Bacteroidota	c__Bacteroidia	o__Bacteroidales	f__Marinifilaceae	g__Gabonibacter	NA
52a06dea9ff641c7303c8ca21fa7aca5	1.1537742612285886	0.24323903445923406	0.3806028149609653	0.6390889002861965	0.5227651003032983	NA	d__Bacteria	p__Bacteroidota	c__Bacteroidia	o__Bacteroidales	f__Marinifilaceae	g__Butyricimonas	NA
4a4e713347ac65f04c521b08f128763a	1.1547548996934878	0.24330607323750364	0.3806304352711773	0.639218650668757	0.5226807007302372	NA	d__Bacteria	p__Bacteroidota	c__Bacteroidia	o__Bacteroidales	f__Marinifilaceae	g__Butyricimonas	NA
57c101de11f975d263664eef27b61ec9	1.0531791811445184	-6.59116503826741e-4	0.3891799900959431	-0.0016936032699529373	0.9986487007447662	NA	d__Bacteria	p__Bacteroidota	c__Bacteroidia	o__Bacteroidales	f__Marinifilaceae	g__Butyricimonas	NA
1c2edba6f16fd68a4972f9933d463941	1.0531791811445184	-6.59116503826741e-4	0.3891799900959431	-0.0016936032699529373	0.9986487007447662	NA	d__Bacteria	p__Bacteroidota	c__Bacteroidia	o__Bacteroidales	f__Marinifilaceae	g__Butyricimonas	NA
bea2245c01baedd6d4a6d6e4e857f9f6	1.0531791811445184	-6.59116503826741e-4	0.3891799900959431	-0.0016936032699529373	0.9986487007447662	NA	d__Bacteria	p__Bacteroidota	c__Bacteroidia	o__Bacteroidales	f__Marinifilaceae	g__Butyricimonas	NA
6d914a702d3c71527cfb3484a6317810	1.0531791811445184	-6.59116503826741e-4	0.3891799900959431	-0.0016936032699529373	0.9986487007447662	NA	d__Bacteria	p__Bacteroidota	c__Bacteroidia	o__Bacteroidales	f__Marinifilaceae	g__Butyricimonas	NA
1473d0e067e22f5b3e209940fd4d0645	1.0531791811445184	-6.59116503826741e-4	0.3891799900959431	-0.0016936032699529373	0.9986487007447662	NA	d__Bacteria	p__Bacteroidota	c__Bacteroidia	o__Bacteroidales	f__Marinifilaceae	g__Butyricimonas	NA
bbcae7ddf438f68fca7bb7ccb1107474	1.1397167460748179	-6.591266899062276e-4	0.39111757710777406	-0.0016852392438619617	0.9986553742625267	NA	d__Bacteria	p__Bacteroidota	c__Bacteroidia	o__Bacteroidales	f__Marinifilaceae	g__Butyricimonas	NA
fade5298f44c620ea4d263bedbeeb182	1.0531791811445184	-6.59116503826741e-4	0.3891799900959431	-0.0016936032699529373	0.9986487007447662	NA	d__Bacteria	p__Bacteroidota	c__Bacteroidia	o__Bacteroidales	f__Marinifilaceae	g__Butyricimonas	NA
9e7451ccee2525615343fd4e5ca8f995	1.1539688576006497	-0.3991788091089517	0.3613009415891449	-1.1048374447993545	0.2692300321093675	NA	d__Bacteria	p__Bacteroidota	c__Bacteroidia	o__Bacteroidales	f__Marinifilaceae	g__Butyricimonas	NA
3eb7d15a2507bc677303e1cf8ef8a555	1.0531791811445184	-6.59116503826741e-4	0.3891799900959431	-0.0016936032699529373	0.9986487007447662	NA	d__Bacteria	p__Bacteroidota	c__Bacteroidia	o__Bacteroidales	f__Marinifilaceae	g__Butyricimonas	NA
4533bf5ce3fb980fcb1a62e29b3b304b	3.0359317549055875	2.2067841617757717	0.5461588817003237	4.040553464782121	5.332520618905161e-5	6.693881765143302e-4	d__Bacteria	p__Bacteroidota	c__Bacteroidia	o__Bacteroidales	f__Marinifilaceae	g__Butyricimonas	NA
d611e03044e800bf023cfc92bec2106a	7.851494280155139	0.3783253538249862	0.635581728913211	0.5952426519117996	0.5516812836742806	0.67350564036665606	d__Bacteria	p__Bacteroidota	c__Bacteroidia	o__Bacteroidales	f__Marinifilaceae	g__Butyricimonas	NA
10a2fdc6e17ace008fccaa36aa011a14	1.0531791811445184	-6.59116503826741e-4	0.3891799900959431	-0.0016936032699529373	0.9986487007447662	NA	d__Bacteria	p__Bacteroidota	c__Bacteroidia	o__Bacteroidales	f__Marinifilaceae	g__Butyricimonas	NA
b452284fca181520c11d087351ff43df	8.56240624823786	3.6725427233055337	0.6611078782403355	5.55513380521301	2.7739918366056656e-8	1.138403572945479e-6	d__Bacteria	p__Bacteroidota	c__Bacteroidia	o__Bacteroidales	f__Marinifilaceae	g__Butyricimonas	NA
275a7bf0c5f28f800faa652f086cbd0c	1.0531791811445184	-6.59116503826741e-4	0.3891799900959431	-0.0016936032699529373	0.9986487007447662	NA	d__Bacteria	p__Bacteroidota	c__Bacteroidia	o__Bacteroidales	f__Marinifilaceae	g__Butyricimonas	NA
2fd468572f88260f297c459f41b0b437	1.1966989339274532	-0.5410913218304646	0.3542761920275063	-1.5273149424290238	0.1266827156045279	0.26400479990240483	d__Bacteria	p__Bacteroidota	c__Bacteroidia	o__Bacteroidales	f__Marinifilaceae	g__Butyricimonas	NA
7470286d51334c6100cbc907f07c363b	1.3848766838387527	0.7726703567727677	0.4376685312472776	1.7654236062409934	0.07749259889620823	0.2034201857995439	d__Bacteria	p__Bacteroidota	c__Bacteroidia	o__Bacteroidales	f__Marinifilaceae	g__Butyricimonas	NA
f1f42e784bfc3a636da813e55ad0c16d	1.0531791811445184	-6.59116503826741e-4	0.3891799900959431	-0.0016936032699529373	0.9986487007447662	NA	d__Bacteria	p__Bacteroidota	c__Bacteroidia	o__Bacteroidales	f__Marinifilaceae	g__Butyricimonas	NA
22f96e4d8b02d8c55ab78d71a7f12c4f	1.1539320439967042	0.2432498551754861	0.38060724965044074	0.6391098840048184	0.5227514504132829	NA	d__Bacteria	p__Bacteroidota	c__Bacteroidia	o__Bacteroidales	f__Marinifilaceae	g__Butyricimonas	NA
412b0b2c43975195a230e493a7a2b763	1.0531791811445184	-6.59116503826741e-4	0.3891799900959431	-0.0016936032699529373	0.9986487007447662	NA	d__Bacteria	p__Bacteroidota	c__Bacteroidia	o__Bacteroidales	f__Barnesiellaceae	g__Barnesiella	NA
e74a5cb3fbe028ec4c07f35adf4ecdc5	1.0531791811445184	-6.59116503826741e-4	0.3891799900959431	-0.0016936032699529373	0.9986487007447662	NA	d__Bacteria	p__Bacteroidota	c__Bacteroidia	o__Bacteroidales	f__Barnesiellaceae	g__Barnesiella	NA
43a39fa4815bda79d6470002c8172dcb	1.9740025368997063	-6.588100178759175e-4	0.4959109344432609	-0.0013284845566382535	0.9989400229947805	0.9990603906560739	d__Bacteria	p__Bacteroidota	c__Bacteroidia	o__Bacteroidales	f__Barnesiellaceae	g__Barnesiella	NA
452d18b2725260f5f93490c7f6517f87	4.851537204275422	-6.588456744225224e-4	0.5594693938162296	-0.0011776259464855287	0.9990603906560739	0.9990603906560739	d__Bacteria	p__Bacteroidota	c__Bacteroidia	o__Bacteroidales	f__Barnesiellaceae	g__Barnesiella	NA
948a960b3f069d6eaabc5f61d6e74516	1.0531791811445184	-6.59116503826741e-4	0.3891799900959431	-0.0016936032699529373	0.9986487007447662	NA	d__Bacteria	p__Bacteroidota	c__Bacteroidia	o__Bacteroidales	f__Barnesiellaceae	g__Barnesiella	NA
a12a086985ef700cc8f5a0bd3c7b45c1	1.0531791811445184	-6.59116503826741e-4	0.3891799900959431	-0.0016936032699529373	0.9986487007447662	NA	d__Bacteria	p__Bacteroidota	c__Bacteroidia	o__Bacteroidales	f__Barnesiellaceae	g__Barnesiella	NA
9ea77e95fbfd1a99c9c28db3b03a01a8	1.038742922832062	-0.0391335405035363	0.3908606794902159	-0.10012145646007836	0.9202479011292768	NA	d__Bacteria	p__Bacteroidota	c__Bacteroidia	o__Bacteroidales	f__Barnesiellaceae	g__Barnesiella	NA
64047158420a8a9df9d35d8719329c5b	1.241788983890492	0.3662401473476813	0.3806492819771872	0.9621459035607232	0.3359763184682276	0.4667795987052069	d__Bacteria	p__Bacteroidota	c__Bacteroidia	o__Bacteroidales	f__Barnesiellaceae	g__Barnesiella	NA
c25f86904b550e2f97731ac7daa8c01f	1.0531791811445184	-6.59116503826741e-4	0.3891799900959431	-0.0016936032699529373	0.9986487007447662	NA	d__Bacteria	p__Bacteroidota	c__Bacteroidia	o__Bacteroidales	f__Barnesiellaceae	g__Barnesiella	NA
602afda45b90dc10dd817f1e9d6bf744	1.599835560693411	0.9982761071086363	0.44416977568569765	2.2475102128854307	0.024607438625838092	0.08930658848220831	d__Bacteria	p__Bacteroidota	c__Bacteroidia	o__Bacteroidales	f__Muribaculaceae	g__Incertae_Sedis	NA
3dd992dfe490d2df50af8ec7cf927d04	1.154004727829637	-0.3991830302131889	0.36130182805163913	-1.1048464170962777	0.2692261436520143	NA	d__Bacteria	p__Bacteroidota	c__Bacteroidia	o__Bacteroidales	f__Muribaculaceae	g__Incertae_Sedis	NA
2e2fe8e7ea489f2500a00c81eec820f6	1.0531791811445184	-6.59116503826741e-4	0.3891799900959431	-0.0016936032699529373	0.9986487007447662	NA	d__Bacteria	p__Bacteroidota	c__Bacteroidia	o__Bacteroidales	f__Muribaculaceae	g__Incertae_Sedis	NA
462e1ea12a2848b8df881511cb2d6645	1.0531791811445184	-6.59116503826741e-4	0.3891799900959431	-0.0016936032699529373	0.9986487007447662	NA	d__Bacteria	p__Bacteroidota	c__Bacteroidia	o__Bacteroidales	f__Muribaculaceae	g__Incertae_Sedis	NA
506ee17cb5d882636086031fa2232f11	1.0531791811445184	-6.59116503826741e-4	0.3891799900959431	-0.0016936032699529373	0.9986487007447662	NA	d__Bacteria	p__Bacteroidota	c__Bacteroidia	o__Bacteroidales	f__Muribaculaceae	g__Incertae_Sedis	NA
1a1be9635915664dbad6cd5ad85e4447	1.2260229754618648	-0.6286109741292566	0.3515105455979677	-1.7883132725361142	0.07372547970271022	0.1957990201831986	d__Bacteria	p__Bacteroidota	c__Bacteroidia	o__Bacteroidales	f__Muribaculaceae	g__Incertae_Sedis	NA
cb8b8a6ee6bcfa115f8b24a45fa1c12a	1.2404266249883102	-0.670337329331868	0.36177554569283393	-1.852909455358873	0.0638953376334161	0.1827783518896916	d__Bacteria	p__Bacteroidota	c__Bacteroidia	o__Bacteroidales	f__Muribaculaceae	g__Incertae_Sedis	NA
53e26245d4d0dcc5983dd13a037d610a	1.2548302745147557	-0.7109326565856154	0.36464756893060385	-1.949643209388606	0.05121865950247266	0.15462918728841107	d__Bacteria	p__Bacteroidota	c__Bacteroidia	o__Bacteroidales	f__Muribaculaceae	g__Incertae_Sedis	NA
fc1ce1f5305ec60f3b83e8546c566b51	1.0531791811445184	-6.59116503826741e-4	0.3891799900959431	-0.0016936032699529373	0.9986487007447662	NA	d__Bacteria	p__Bacteroidota	c__Bacteroidia	o__Bacteroidales	f__Muribaculaceae	g__Incertae_Sedis	NA
2ed5efe0bd082f8f23971ed1b2eacbb4	1.2551001659818832	-6.591002332187733e-4	0.39922155284227673	-0.0016509635527598098	0.9986827222692178	0.9990603906560739	d__Bacteria	p__Bacteroidota	c__Bacteroidia	o__Bacteroidales	f__Muribaculaceae	g__Incertae_Sedis	NA
4ddcfae7911092976b66d0799c96d4d7	6.323095514468639	3.061931555388979	0.6257179260379481	4.893469450007864	9.907369950541584e-7	2.402537213006334e-5	d__Bacteria	p__Bacteroidota	c__Bacteroidia	o__Bacteroidales	f__Muribaculaceae	g__Incertae_Sedis	NA
429bec9801227761ba42ccc30c1c0e32	1.1251718071846122	-0.2960975541767719	0.36758507233169996	-0.8055211608527469	0.42051900023861166	NA	d__Bacteria	p__Bacteroidota	c__Bacteroidia	o__Bacteroidales	f__Muribaculaceae	g__Incertae_Sedis	NA
1636df577567be4aadea8383b4af2b86	1.038745095909413	-6.591132225873438e-4	0.38896202750425574	-0.0016945438782713365	0.998647950248988	NA	d__Bacteria	p__Bacteroidota	c__Bacteroidia	o__Bacteroidales	f__Muribaculaceae	g__Incertae_Sedis	NA
e51fc3bc6d08ae82b3299bff3739b1f6	1.183143788611998	0.30601191426444674	0.37941398340951354	0.8065383134130784	0.41993252581499885	NA	d__Bacteria	p__Bacteroidota	c__Bacteroidia	o__Bacteroidales	f__Muribaculaceae	g__Incertae_Sedis	NA
771226f70739413b0fdc6079b144d549	1.1544292663324598	-0.3992329014056651	0.36131233913761573	-1.104952303479473	0.26918025701179726	NA	d__Bacteria	p__Bacteroidota	c__Bacteroidia	o__Bacteroidales	f__Muribaculaceae	g__Incertae_Sedis	NA
d3880084f8d19b70530996fc5b0b4f15	1.3261679444476138	0.37298305020469036	0.41276322924242353	0.9036247024456494	0.3661944381336498	0.4964076681195218	d__Bacteria	p__Bacteroidota	c__Bacteroidia	o__Bacteroidales	f__Muribaculaceae	g__Incertae_Sedis	NA
a72d0917f05f256c74fbb5a0757ed9b5	1.456149891436808	-1.1840775197760736	0.3792346878932682	-3.12228168355032	0.001794551471482193	0.012765242800476667	d__Bacteria	p__Bacteroidota	c__Bacteroidia	o__Bacteroidales	f__Muribaculaceae	g__Incertae_Sedis	NA
d6cddd7a253f44374c0657089afeb24c	1.49997270363966	-0.6700077113315334	0.41283504764366863	-1.6229429045710257	0.10460161070790717	0.24368977865794095	d__Bacteria	p__Bacteroidota	c__Bacteroidia	o__Bacteroidales	f__Muribaculaceae	g__Incertae_Sedis	NA
42ab378bf5e9c168eeb2ff71cdffb5fa	1.3276280484474212	-0.8989263857102824	0.3775108509218106	-2.3811935034854574	0.017256644482119998	0.0685333247083574	d__Bacteria	p__Bacteroidota	c__Bacteroidia	o__Bacteroidales	f__Muribaculaceae	g__Incertae_Sedis	NA
7759604db6eb1f89e430cab74dcbc5df	1.0531791811445184	-6.59116503826741e-4	0.3891799900959431	-0.0016936032699529373	0.9986487007447662	NA	d__Bacteria	p__Bacteroidota	c__Bacteroidia	o__Bacteroidales	f__Rikenellaceae	g__Rikenellaceae_RC9_gut_group	NA
b457f87b78c4aed33270ae43607b7094	3.588388336734951	-1.3318590973759805	0.5309049631729942	-2.508658215240676	0.012119068220690582	0.05483804900658311	d__Bacteria	p__Bacteroidota	c__Bacteroidia	o__Bacteroidales	f__Rikenellaceae	g__Rikenellaceae_RC9_gut_group	NA
f422c51f7c7baf6e61938deec2ea6af7	1.0531791811445184	-6.59116503826741e-4	0.3891799900959431	-0.0016936032699529373	0.9986487007447662	NA	d__Bacteria	p__Bacteroidota	c__Bacteroidia	o__Bacteroidales	f__Rikenellaceae	g__Rikenellaceae_RC9_gut_group	NA
f9aa9842131b4b26d9715d04aa7bfda2	1.3416377309121823	-6.590334403735484e-4	0.4142665215388902	-0.0015908440728577681	0.9987306906110136	0.9990603906560739	d__Bacteria	p__Bacteroidota	c__Bacteroidia	o__Bacteroidales	f__Porphyromonadaceae	g__Porphyromonas	NA
84d5a713b1d46f0e0e0f7ba784e9925d	1.0531791811445184	-6.59116503826741e-4	0.3891799900959431	-0.0016936032699529373	0.9986487007447662	NA	d__Bacteria	p__Bacteroidota	c__Bacteroidia	o__Bacteroidales	f__Prevotellaceae	g__Prevotellaceae_NK3B31_group	NA
f8094a37afb3d454a2bc9654445d7a64	1.1828569938509732	0.30598737776609475	0.3794034096836243	0.8064961198457613	0.41995684441313846	NA	d__Bacteria	p__Bacteroidota	c__Bacteroidia	o__Bacteroidales	f__Prevotellaceae	g__Prevotellaceae_UCG-001	NA
c53e42b981a64c89c69a5e6032bf49a2	205.9510388685951	-4.6103560121547	0.8000575684052824	-5.76253034059075	8.286214096721039e-9	4.45077103059936e-7	d__Bacteria	p__Bacteroidota	c__Bacteroidia	o__Bacteroidales	f__Prevotellaceae	g__Prevotellaceae_UCG-001	NA
4b22253d83c9bcba6868b5cabb766c62	1.3409364798180148	-0.93279237082927	0.37973426819138323	-2.4564345358453394	0.014032336603898824	0.059942334336419864	d__Bacteria	p__Bacteroidota	c__Bacteroidia	o__Bacteroidales	f__Prevotellaceae	NA	NA
91af70c75e266c12086c731dfc474d5a	1.0531791811445184	-6.59116503826741e-4	0.3891799900959431	-0.0016936032699529373	0.9986487007447662	NA	d__Bacteria	p__Bacteroidota	c__Bacteroidia	o__Bacteroidales	f__Prevotellaceae	NA	NA
737a2f585b9b9a2c98bdd893ec89a80d	1.0531791811445184	-6.59116503826741e-4	0.3891799900959431	-0.0016936032699529373	0.9986487007447662	NA	d__Bacteria	p__Bacteroidota	c__Bacteroidia	o__Bacteroidales	f__Prevotellaceae	NA	NA
a868201429067d69e423117dcd041d33	1.0387075420010623	-0.03913471250887544	0.3908601882582665	-0.1001245808207425	0.9202454207139598	NA	d__Bacteria	p__Bacteroidota	c__Bacteroidia	o__Bacteroidales	f__Prevotellaceae	g__Leyella	NA
34b016bc5ceae1b15ba6cae2e54069d2	1.2842273721978155	0.5063465671812085	0.38450837450300196	1.316867461822357	0.18788305488475562	0.333708115192179	d__Bacteria	p__Bacteroidota	c__Bacteroidia	o__Bacteroidales	f__Prevotellaceae	g__Leyella	NA
27a18663c7f9d9f7bd1ddd023670a3d0	1.0531791811445184	-6.59116503826741e-4	0.3891799900959431	-0.0016936032699529373	0.9986487007447662	NA	d__Bacteria	p__Bacteroidota	c__Bacteroidia	o__Bacteroidales	f__Prevotellaceae	g__Leyella	NA
1595757c017000381cfdfdf769029685	1.0531791811445184	-6.59116503826741e-4	0.3891799900959431	-0.0016936032699529373	0.9986487007447662	NA	d__Bacteria	p__Bacteroidota	c__Bacteroidia	o__Bacteroidales	f__Prevotellaceae	g__Leyella	NA
f5abea898fb49a4770e0a5d036c9f2e9	1.0531791811445184	-6.59116503826741e-4	0.3891799900959431	-0.0016936032699529373	0.9986487007447662	NA	d__Bacteria	p__Bacteroidota	c__Bacteroidia	o__Bacteroidales	f__Prevotellaceae	g__Leyella	NA
10e6cf56141c30d43420492f5d54c5cb	1.0531791811445184	-6.59116503826741e-4	0.3891799900959431	-0.0016936032699529373	0.9986487007447662	NA	d__Bacteria	p__Bacteroidota	c__Bacteroidia	o__Bacteroidales	f__Prevotellaceae	g__Incertae_Sedis	NA
523abb162e15669ce6b4361df6650302	1.0387472686596528	-0.03913339611863196	0.39086073981954694	-0.10012107160391477	0.9202482066648386	NA	d__Bacteria	p__Bacteroidota	c__Bacteroidia	o__Bacteroidales	f__Prevotellaceae	g__Prevotella	NA
77f4e2bdc7150f5b04bccc568607fc15	1.1828569938509732	0.30598737776609475	0.3794034096836243	0.8064961198457613	0.41995684441313846	NA	d__Bacteria	p__Bacteroidota	c__Bacteroidia	o__Bacteroidales	f__Prevotellaceae	g__Prevotella	NA
49f7701312ac7878e8c245d65760c2cf	28.97744172383148	4.703172241482861	0.7284028080136838	6.456828817434359	1.0691972149186023e-10	1.426041785397686e-8	d__Bacteria	p__Bacteroidota	c__Bacteroidia	o__Bacteroidales	f__Prevotellaceae	g__Prevotella	NA
b59663fd23553a90c237e6b94095cfc3	2.074814789005591	-1.8960909240134285	0.45717615693440844	-4.147396786235864	3.3627698534477035e-5	4.659838225491818e-4	d__Bacteria	p__Bacteroidota	c__Bacteroidia	o__Bacteroidales	f__Prevotellaceae	g__Prevotella	NA
45ddc69a3fbf19ff4953211c157cb9ac	5.6085270736738835	-2.7173980404427813	0.5675024619796105	-4.788345817855523	1.6816168756384717e-6	3.817628098523935e-5	d__Bacteria	p__Bacteroidota	c__Bacteroidia	o__Bacteroidales	f__Prevotellaceae	g__Massiliprevotella	NA
0a0bb0370ec6d980fe832afcdd8e4446	1.0531791811445184	-6.59116503826741e-4	0.3891799900959431	-0.0016936032699529373	0.9986487007447662	NA	d__Bacteria	p__Bacteroidota	c__Bacteroidia	o__Bacteroidales	f__Prevotellaceae	g__Prevotella	NA
263257c66de6df1543395b4bc6b298f1	1.0531791811445184	-6.59116503826741e-4	0.3891799900959431	-0.0016936032699529373	0.9986487007447662	NA	d__Bacteria	p__Bacteroidota	c__Bacteroidia	o__Bacteroidales	f__Prevotellaceae	g__Prevotella	NA
ddc2bf49cf7fed29c5d6f8df1222ce4a	1.0387205801281543	0.06645645099535044	0.39471072904340715	0.1683674805506543	0.86629418963036	NA	d__Bacteria	p__Bacteroidota	c__Bacteroidia	o__Bacteroidales	f__Prevotellaceae	g__Prevotella	NA
833d3daf41b01f59f4e0133fbe87fac3	1.3701693899825187	0.6580624782436699	0.42195407080100517	1.5595594965927326	0.11886401434364269	0.26400479990240483	d__Bacteria	p__Bacteroidota	c__Bacteroidia	o__Bacteroidales	f__Prevotellaceae	g__Prevotella	NA
2cb97f7a5774ba36b0efe6ac27085be3	12.656539274459815	0.8248150389385688	0.6275407488161804	1.314360924759922	0.18872477361513415	0.33394582661251765	d__Bacteria	p__Bacteroidota	c__Bacteroidia	o__Bacteroidales	f__Prevotellaceae	g__Prevotella	NA
809eb18e709bf0b62ccb9cecd25ef6d9	5.103909271909761	-0.6844467532718564	0.5703151514658787	-1.200120234422364	0.23009264811572094	0.38518479708292525	d__Bacteria	p__Bacteroidota	c__Bacteroidia	o__Bacteroidales	f__Prevotellaceae	g__Prevotella	NA
8946f8fccc1ae5a37d1023b04359b337	1.2693088689886096	0.4792768388785408	0.3825584562103447	1.252819879153362	0.2102712653351604	0.35730276179661874	d__Bacteria	p__Bacteroidota	c__Bacteroidia	o__Bacteroidales	f__Prevotellaceae	g__Prevotella	NA
361325881ec737990902e94fdc8c0e84	1.1822869864377934	-6.591246967309735e-4	0.3928796222557765	-0.00167767595821466	0.9986614088828427	NA	d__Bacteria	p__Bacteroidota	c__Bacteroidia	o__Bacteroidales	f__Prevotellaceae	g__Prevotella	NA
73b2174095c5979c36846f4950fc96d1	1.3570836031570888	-0.9681401900198665	0.3821213831733149	-2.533593336180187	0.011289966892917632	0.05226726438528618	d__Bacteria	p__Bacteroidota	c__Bacteroidia	o__Bacteroidales	f__Prevotellaceae	g__Prevotella	NA
a2d98287c4262a993620dc6a06fbf271	1.168282100613917	-6.591260557723345e-4	0.39219490159346815	-0.0016806084247764019	0.9986590691163466	NA	d__Bacteria	p__Bacteroidota	c__Bacteroidia	o__Bacteroidales	f__Prevotellaceae	g__Prevotella	NA
b7b4ecb07e1719860260746a5443092a	1.0531791811445184	-6.59116503826741e-4	0.3891799900959431	-0.0016936032699529373	0.9986487007447662	NA	d__Bacteria	p__Bacteroidota	c__Bacteroidia	o__Bacteroidales	f__Prevotellaceae	g__Prevotella	NA
9bca75ec3830a37d53e0ebbf443358f1	1.0386683642089511	-0.03913600309647545	0.39085964416311514	-0.10012802211973322	0.92024268868368575	NA	d__Bacteria	p__Bacteroidota	c__Bacteroidia	o__Bacteroidales	f__Prevotellaceae	g__Prevotella	NA
785d67b0c0232c96a21b7bf1c46f0a79	1.0386683642089511	-0.03913600309647545	0.39085964416311514	-0.10012802211973322	0.92024268868368575	NA	d__Bacteria	p__Bacteroidota	c__Bacteroidia	o__Bacteroidales	f__Prevotellaceae	g__Prevotella	NA
32f8fd11d2bee278d609a1d4ab767554	1.3999762221251209	0.6520184114648271	0.44100801468958095	1.4784729296218646	0.13928123757745964	0.2819728138206819	d__Bacteria	p__Bacteroidota	c__Bacteroidia	o__Bacteroidales	f__Prevotellaceae	g__Prevotella	NA
a87fa561fa8f1bfa32714adf2c4140b1	1.1685626010515837	0.2749722807186076	0.3799183982881375	0.7237666876823987	0.46920898388601806	NA	d__Bacteria	p__Bacteroidota	c__Bacteroidia	o__Bacteroidales	f__Prevotellaceae	g__Prevotella	NA
f0232e28323111f209fbb997f84dd4a7	1.1965400922701794	-0.6239451579206026	0.3541297565778312	-1.7619111253179056	0.07808431462175246	NA	d__Bacteria	p__Bacteroidota	c__Bacteroidia	o__Bacteroidales	f__Prevotellaceae	NA	NA
1fbddceb7a9e3c6571e78e92dd7408f0	1.1543484803332507	0.24327835079021073	0.3806189713818376	0.6391650681703763	0.5227155540371541	NA	d__Bacteria	p__Bacteroidota	c__Bacteroidia	o__Bacteroidales	f__Prevotellaceae	g__Prevotella	NA
f221a73064348e4d09fb258ad02f3c2d	1.1544292663324598	-0.3992329014056651	0.36131233913761573	-1.104952303479473	0.26918025701179726	NA	d__Bacteria	p__Bacteroidota	c__Bacteroidia	o__Bacteroidales	f__Prevotellaceae	g__Prevotella	NA
4dcad7cbd350a077868c3e954b098edb	1.269910547969378	0.4793954279352085	0.3826125530457313	1.252952690963878	0.21022292434811762	0.35730276179661874	d__Bacteria	p__Bacteroidota	c__Bacteroidia	o__Bacteroidales	f__Prevotellaceae	g__Prevotella	NA
f4c2587bbaa6e03cd0452af030d28bb5	1117.0641033926279	0.7927584799352537	0.8601584943670224	0.9216423311829672	0.35671517038177214	0.49175075813611224	d__Bacteria	p__Bacteroidota	c__Bacteroidia	o__Bacteroidales	f__Prevotellaceae	g__Prevotella	NA
5dc4a87514f65e55bd373c1283e95fc4	560.4727435495153	-0.13032897019474526	0.9265849768252137	-0.14065517297862457	0.8881423597137105	0.9990603906560739	d__Bacteria	p__Bacteroidota	c__Bacteroidia	o__Bacteroidales	f__Prevotellaceae	g__Prevotella	NA
3900a2bd2208989e959860d9c729484d	1.0531791811445184	-6.59116503826741e-4	0.3891799900959431	-0.0016936032699529373	0.9986487007447662	NA	d__Bacteria	p__Bacteroidota	c__Bacteroidia	o__Bacteroidales	f__Prevotellaceae	g__Prevotella	NA
1e5108b91db80489fd5d9ddd294ca72a	1.0531791811445184	-6.59116503826741e-4	0.3891799900959431	-0.0016936032699529373	0.9986487007447662	NA	d__Bacteria	p__Bacteroidota	c__Bacteroidia	o__Bacteroidales	f__Prevotellaceae	g__Prevotella	NA
9ede43375463ada2290cf867b37e0e83	1.0531791811445184	-6.59116503826741e-4	0.3891799900959431	-0.0016936032699529373	0.9986487007447662	NA	d__Bacteria	p__Bacteroidota	c__Bacteroidia	o__Bacteroidales	f__Prevotellaceae	g__Prevotella	NA
cbba35c0152682628245fca0d2efa51e	1.7322400315109863	0.13034766065339554	0.4356843313973145	0.2991791332852118	0.7648033697806368	0.8889381215206312	d__Bacteria	p__Bacteroidota	c__Bacteroidia	o__Bacteroidales	f__Prevotellaceae	g__Prevotella	NA
0a31b6c7f2925ff1b5938b225c4bb98f	1.0387148832605266	0.06645677680406685	0.3947106697904231	0.16836833126237244	0.8662935204135516	NA	d__Bacteria	p__Bacteroidota	c__Bacteroidia	o__Bacteroidales	f__Prevotellaceae	g__Prevotella	NA
2e8606b18df22328b95715fbed4b4e60	1.0387148832605266	0.06645677680406685	0.3947106697904231	0.16836833126237244	0.8662935204135516	NA	d__Bacteria	p__Bacteroidota	c__Bacteroidia	o__Bacteroidales	f__Prevotellaceae	g__Prevotella	NA
fbba667fc7f1f9165f613562cfef0fe4	1.0531791811445184	-6.59116503826741e-4	0.3891799900959431	-0.0016936032699529373	0.9986487007447662	NA	d__Bacteria	p__Bacteroidota	c__Bacteroidia	o__Bacteroidales	f__Prevotellaceae	g__Prevotella	NA
0af4a44e29127d48ac9bb9add5543850	1.0531791811445184	-6.59116503826741e-4	0.3891799900959431	-0.0016936032699529373	0.9986487007447662	NA	d__Bacteria	p__Bacteroidota	c__Bacteroidia	o__Bacteroidales	f__Prevotellaceae	g__Prevotella	NA
5b6a78a51c1c9c045d0051cd4b9c9e1a	1.3997514677244636	0.7057847165419249	0.4243598921969473	1.663174888861474	0.09627743264596196	0.2277620049644179	d__Bacteria	p__Bacteroidota	c__Bacteroidia	o__Bacteroidales	f__Prevotellaceae	g__Prevotella	NA
f4da0157d94638fb359a0a9585b21ec4	1.0531791811445184	-6.59116503826741e-4	0.3891799900959431	-0.0016936032699529373	0.9986487007447662	NA	d__Bacteria	p__Bacteroidota	c__Bacteroidia	o__Bacteroidales	f__Prevotellaceae	g__Prevotella	NA
4240dd950d33cae53348c2548bf06523	1.2402214252822914	0.4236974667486684	0.3914541579416953	1.0823680325086127	0.27908902699659055	0.4252612279555311	d__Bacteria	p__Bacteroidota	c__Bacteroidia	o__Bacteroidales	f__Prevotellaceae	g__Prevotella	NA
fff33805657551184a8385be1e8fbaf9	1.0531791811445184	-6.59116503826741e-4	0.3891799900959431	-0.0016936032699529373	0.9986487007447662	NA	d__Bacteria	p__Bacteroidota	c__Bacteroidia	o__Bacteroidales	f__Prevotellaceae	g__Prevotella	NA
ffe47aadb8d1f95a24458b12fbb70f3b	1.0531791811445184	-6.59116503826741e-4	0.3891799900959431	-0.0016936032699529373	0.9986487007447662	NA	d__Bacteria	p__Bacteroidota	c__Bacteroidia	o__Bacteroidales	f__Prevotellaceae	g__Prevotella	NA
e03eac73262a87e4d1329af92d687341	1.1547548996934878	0.24330607323750364	0.3806304352711773	0.639218650668757	0.5226807007302372	NA	d__Bacteria	p__Bacteroidota	c__Bacteroidia	o__Bacteroidales	f__Prevotellaceae	g__Prevotella	NA
da926fb16ba77a381b6e12ad17c285a1	1.0531791811445184	-6.59116503826741e-4	0.3891799900959431	-0.0016936032699529373	0.9986487007447662	NA	d__Bacteria	p__Bacteroidota	c__Bacteroidia	o__Bacteroidales	f__Prevotellaceae	g__Prevotella	NA
6a40f8a61f9fc0f87ea4ffed17131e1d	1.7452162616565035	-1.6696987295628354	0.4322181909933712	-3.8630922167467103	1.1196071815925244e-4	0.0011783541821949745	d__Bacteria	p__Bacteroidota	c__Bacteroidia	o__Bacteroidales	f__Prevotellaceae	g__Prevotella	NA
21b96a7ce1bf7e23ef31fccda1a532b0	1.1970578304812665	-0.5411505107027628	0.3542903869200813	-1.5274208126477682	0.12665640436190956	0.26400479990240483	d__Bacteria	p__Bacteroidota	c__Bacteroidia	o__Bacteroidales	f__Prevotellaceae	NA	NA
47de6669d150eae81191e27ea71734bb	1.2258335603486163	-0.6285704840922345	0.3514999801664809	-1.7882518337398619	0.07373538701301403	0.1957990201831986	d__Bacteria	p__Bacteroidota	c__Bacteroidia	o__Bacteroidales	f__Prevotellaceae	NA	NA
e27187272ef155063f49a1dc5a62f592	1.2109776098362992	-6.591190064868772e-4	0.3947148013204079	-0.0016698613892409887	0.9986676439980423	0.9990603906560739	d__Bacteria	p__Bacteroidota	c__Bacteroidia	o__Bacteroidales	f__Prevotellaceae	NA	NA
8f6122e60e66b6f7505a14c0b0ee8ac1	1.0531791811445184	-6.59116503826741e-4	0.3891799900959431	-0.0016936032699529373	0.9986487007447662	NA	d__Bacteria	p__Bacteroidota	c__Bacteroidia	o__Bacteroidales	f__Prevotellaceae	NA	NA
c5ca263ea23e8186e2052c5c645fba5f	1.2258335603486163	0.39516651011128423	0.3870785904617169	1.0208947739525451	0.3073042954049287	0.44878427073284904	d__Bacteria	p__Bacteroidota	c__Bacteroidia	o__Bacteroidales	f__Prevotellaceae	g__Segatella	NA
f969bac3b2b35c7f9336be34c94db3b7	1.139895723306289	-0.3485939945686282	0.36429538434685077	-0.9568992898266506	0.33861808970461754	NA	d__Bacteria	p__Bacteroidota	c__Bacteroidia	o__Bacteroidales	f__Prevotellaceae	g__Hoylesella	NA
fd0735e70b2bbc107c3e0ae09d8fc2df	1.0531791811445184	-6.59116503826741e-4	0.3891799900959431	-0.0016936032699529373	0.9986487007447662	NA	d__Bacteria	p__Bacteroidota	c__Bacteroidia	o__Bacteroidales	f__Prevotellaceae	g__Hoylesella	NA
7c1a172d5e47e2c61f8bdb715ea0850f	1.0531791811445184	-6.59116503826741e-4	0.3891799900959431	-0.0016936032699529373	0.9986487007447662	NA	d__Bacteria	p__Bacteroidota	c__Bacteroidia	o__Bacteroidales	f__Prevotellaceae	g__Hoylesella	NA
a754e414789fe804b750276776d70618	1.0387386692036873	-0.03913368173446606	0.39086062043895625	-0.10012183291966573	0.9202476022597301	NA	d__Bacteria	p__Bacteroidota	c__Bacteroidia	o__Bacteroidales	f__Prevotellaceae	g__Hoylesella	NA
ef5eb562fe991ed96648e6c579255545	1.0531791811445184	-6.59116503826741e-4	0.3891799900959431	-0.0016936032699529373	0.9986487007447662	NA	d__Bacteria	p__Bacteroidota	c__Bacteroidia	o__Bacteroidales	f__Prevotellaceae	g__Hoylesella	NA
b5b19790d1246cbef7be61f374975229	1.0531791811445184	-6.59116503826741e-4	0.3891799900959431	-0.0016936032699529373	0.9986487007447662	NA	d__Bacteria	p__Bacteroidota	c__Bacteroidia	o__Bacteroidales	f__Prevotellaceae	g__Hoylesella	NA
d70b5e40ddbf19c6a2f8db736721c348	1.0531791811445184	-6.59116503826741e-4	0.3891799900959431	-0.0016936032699529373	0.9986487007447662	NA	d__Bacteria	p__Bacteroidota	c__Bacteroidia	o__Bacteroidales	f__Prevotellaceae	g__Hoylesella	NA
ed2705c46014388e410c33059f14abbf	2.646136114429391	-2.590414537981743	0.4856827847276578	-5.333552309115289	9.630980205031939e-8	3.2739680981260555e-6	d__Bacteria	p__Bacteroidota	c__Bacteroidia	o__Bacteroidales	f__Prevotellaceae	g__Hoylesella	NA
66b2998f05c3d93576ca9b71b2421176	1.0531791811445184	-6.59116503826741e-4	0.3891799900959431	-0.0016936032699529373	0.9986487007447662	NA	d__Bacteria	p__Bacteroidota	c__Bacteroidia	o__Bacteroidales	f__Prevotellaceae	g__Hoylesella	NA
9419ea5aca20e7558640dfdf7f434837	2.9709511509042175	-2.165322925473542	0.5182044663438986	-4.178510734866106	2.9342414944736572e-5	4.174447566137856e-4	d__Bacteria	p__Bacteroidota	c__Bacteroidia	o__Bacteroidales	f__Prevotellaceae	g__Hoylesella	NA
e8b0d2ee81a0369a16d23ff943574408	1.2258335603486166	0.3951665101112845	0.3870785904617241	1.0208947739525267	0.30730429540493737	0.44878427073284904	d__Bacteria	p__Bacteroidota	c__Bacteroidia	o__Bacteroidales	f__Prevotellaceae	g__Hoylesella	NA
67d7906c8ecae909a52e05d0dc5e72c5	1.0531791811445184	-6.59116503826741e-4	0.3891799900959431	-0.0016936032699529373	0.9986487007447662	NA	d__Bacteria	p__Bacteroidota	c__Bacteroidia	o__Bacteroidales	f__Prevotellaceae	g__Hoylesella	NA
707d94241e0071e2f7f28c8eaab5b87a	1.038745095909413	-6.591132225873438e-4	0.38896202750425574	-0.0016945438782713365	0.998647950248988	NA	d__Bacteria	p__Bacteroidota	c__Bacteroidia	o__Bacteroidales	f__Prevotellaceae	g__Hoylesella	NA
31ae90207edd94c7ec56db3a9778c2e7	315.4315021402606	-0.7945155388422936	0.761565981809851	-1.0432655315750035	0.2968253302605507	0.4454467333164664	d__Bacteria	p__Bacteroidota	c__Bacteroidia	o__Bacteroidales	f__Prevotellaceae	g__Hoylesella	NA
cec5a19c0bc75874dbf4cba133b10815	1.542286451785751	-1.4109830320397643	0.4119640018885853	-3.4250153546701427	6.147646752926162e-4	0.0052059834010890595	d__Bacteria	p__Bacteroidota	c__Bacteroidia	o__Bacteroidales	f__Prevotellaceae	g__Hoylesella	NA
f2bd534dbad5deb2a00ac61ea5a7cab0	1.2985216933872286	0.5327905369253872	0.38674221985016327	1.3776373759549911	0.16831527517614092	0.30995491357927085	d__Bacteria	p__Bacteroidota	c__Bacteroidia	o__Bacteroidales	f__Prevotellaceae	g__Hoylesella	NA
c7b23cc9d5432b282aa969eb64643edf	1.0387304233561945	-0.03913395526143773	0.390860505960274	-0.10012256205137082	0.9202470234054324	NA	d__Bacteria	p__Bacteroidota	c__Bacteroidia	o__Bacteroidales	f__Prevotellaceae	g__Hoylesella	NA
549118d496a8b0a2f64e99d8ee90fa88	1.44464099556122	0.7750474501079885	0.43972801630499186	1.7625609953640564	0.07797456044237426	0.2034201857995439	d__Bacteria	p__Bacteroidota	c__Bacteroidia	o__Bacteroidales	f__Prevotellaceae	g__Hoylesella	NA
50580a45889411b3866db7fcfe157cc2	1.0531791811445184	-6.59116503826741e-4	0.3891799900959431	-0.0016936032699529373	0.9986487007447662	NA	d__Bacteria	p__Bacteroidota	c__Bacteroidia	o__Bacteroidales	f__Prevotellaceae	g__Hoylesella	NA
5c1dd48ef0a674513626f5c85ea126ee	144.55888909285366	2.117992244652833	0.8278795580849214	2.5583337865621942	0.010517508558715624	0.04943692348964569	d__Bacteria	p__Bacteroidota	c__Bacteroidia	o__Bacteroidales	f__Prevotellaceae	g__Hoylesella	NA
2959329bf2fece574ffd26f40e874459	1.0387386692036873	-0.03913368173446606	0.39086062043895625	-0.10012183291966573	0.9202476022597301	NA	d__Bacteria	p__Bacteroidota	c__Bacteroidia	o__Bacteroidales	f__Prevotellaceae	g__Hoylesella	NA
958d54f6c2724fdc04ad01d39d59aaca	462.1212317435112	1.03864376388889	0.7810072484408224	1.329877239887856	0.18355872153441177	0.3330904011517302	d__Bacteria	p__Bacteroidota	c__Bacteroidia	o__Bacteroidales	f__Prevotellaceae	g__Hoylesella	NA
c56875638ccefe8ec7d11e6e66435aae	1.0531791811445184	-6.59116503826741e-4	0.3891799900959431	-0.0016936032699529373	0.9986487007447662	NA	d__Bacteria	p__Bacteroidota	c__Bacteroidia	o__Bacteroidales	f__Prevotellaceae	g__Hoylesella	NA
09c0bc88b7a6392f7bae86bdf5a3eca4	1.0531791811445184	-6.59116503826741e-4	0.3891799900959431	-0.0016936032699529373	0.9986487007447662	NA	d__Bacteria	p__Bacteroidota	c__Bacteroidia	o__Bacteroidales	f__Prevotellaceae	g__Hoylesella	NA
ce3c8bd32d691f6f790e7bbb60ba6256	1.0531791811445184	-6.59116503826741e-4	0.3891799900959431	-0.0016936032699529373	0.9986487007447662	NA	d__Bacteria	p__Bacteroidota	c__Bacteroidia	o__Bacteroidales	f__Prevotellaceae	g__Hoylesella	NA
1ece5d2a382b61fd5e48c29e2abb8a60	1.0531791811445184	-6.59116503826741e-4	0.3891799900959431	-0.0016936032699529373	0.9986487007447662	NA	d__Bacteria	p__Bacteroidota	c__Bacteroidia	o__Bacteroidales	f__Prevotellaceae	g__Hoylesella	NA
1ac9411edb59c9cb468f62d3e10616b0	1.2546092902159656	0.45175772110938484	0.38104570541104177	1.1855735800041745	0.2357907409822889	0.38518479708292525	d__Bacteria	p__Bacteroidota	c__Bacteroidia	o__Bacteroidales	f__Prevotellaceae	g__Hoylesella	NA
c1cba1160c61989a01435fec69815e0b	1.0531791811445184	-6.59116503826741e-4	0.3891799900959431	-0.0016936032699529373	0.9986487007447662	NA	d__Bacteria	p__Bacteroidota	c__Bacteroidia	o__Bacteroidales	f__Prevotellaceae	g__Prevotella	NA
385197fd9f310da44597d7a6a8ad6916	358.19857019860035	0.8369625479408025	0.8150712509730412	1.0268581390174505	0.30448726818992605	0.44878427073284904	d__Bacteria	p__Bacteroidota	c__Bacteroidia	o__Bacteroidales	f__Prevotellaceae	g__Prevotella	NA
2516fcdef52f115c169203708028018a	1.0242359028576067	0.027981544584962114	0.3963803477031851	0.0705926637057069	0.9437219493620292	NA	d__Bacteria	p__Bacteroidota	c__Bacteroidia	o__Bacteroidales	f__Prevotellaceae	g__Prevotella	NA
3ed2531ca906208a8911d7adc090819c	1.1977067514141362	-0.5412574612555922	0.3543161361303719	-1.5276116610631432	0.12660898478309293	0.26400479990240483	d__Bacteria	p__Bacteroidota	c__Bacteroidia	o__Bacteroidales	f__Prevotellaceae	g__Prevotella	NA
38ab0ab19cccf140111a9850ad20e21b	1.1401516305087267	-6.591266203149101e-4	0.3911294855032129	-0.0016851877568547456	0.9986554153431565	NA	d__Bacteria	p__Bacteroidota	c__Bacteroidia	o__Bacteroidales	f__Prevotellaceae	g__Prevotella	NA
c4941c9a5b39e21e398b143696dcecb6	1.0531791811445184	-6.59116503826741e-4	0.3891799900959431	-0.0016936032699529373	0.9986487007447662	NA	d__Bacteria	p__Bacteroidota	c__Bacteroidia	o__Bacteroidales	f__Prevotellaceae	g__Prevotella	NA
a9601f8bae67758ed2e01e9484eb5b3c	1.0387148832605266	0.06645677680406685	0.3947106697904231	0.16836833126237244	0.8662935204135516	NA	d__Bacteria	p__Bacteroidota	c__Bacteroidia	o__Bacteroidales	f__Prevotellaceae	g__Prevotella	NA
fabd3c5448b6d9a19bd777a629e35a64	1.1684083773560827	-6.59126030699836e-4	0.3921992481793534	-0.0016805897353439508	0.9986590840283351	NA	d__Bacteria	p__Bacteroidota	c__Bacteroidia	o__Bacteroidales	f__Prevotellaceae	g__Prevotella	NA
cbef40f459197faa8de7bba6a4764a34	1.0386683642089511	-0.03913600309647545	0.39085964416311514	-0.10012802211973322	0.92024268868368575	NA	d__Bacteria	p__Bacteroidota	c__Bacteroidia	o__Bacteroidales	f__Prevotellaceae	g__Prevotella	NA
66a9ece5a3664b5fd81ad0244ed3b5d3	1.0386683642089511	-0.03913600309647545	0.39085964416311514	-0.10012802211973322	0.92024268868368575	NA	d__Bacteria	p__Bacteroidota	c__Bacteroidia	o__Bacteroidales	f__Prevotellaceae	g__Prevotella	NA
be0f17ccabbe709007e9b9f2260f2654	3.9031902604488935	2.079617449735006	0.605114460165959	3.4367340175024883	5.88773483983053e-4	0.005090140890012349	d__Bacteria	p__Bacteroidota	c__Bacteroidia	o__Bacteroidales	f__Prevotellaceae	g__Prevotella	NA
edb02840fe91e2472e2935917600da98	1325.6062475491208	-0.6570692640647167	0.8496806654414883	-0.7733131878707725	0.4393370528077424	0.5647863076456158	d__Bacteria	p__Bacteroidota	c__Bacteroidia	o__Bacteroidales	f__Prevotellaceae	g__Prevotella	NA
174b92af2be8de6574c205ce68f97bb7	3.3551849235253317	2.377840071892528	0.5835137861441134	4.075036662981704	4.60070981964238e-5	5.914406478986047e-4	d__Bacteria	p__Bacteroidota	c__Bacteroidia	o__Bacteroidales	f__Prevotellaceae	g__Prevotella	NA
67c4934e16f2290a941e0aa78d87569c	1.0243004186829445	0.06645560942338562	0.394509042835706	0.1684514224204011	0.8662281567828443	NA	d__Bacteria	p__Bacteroidota	c__Bacteroidia	o__Bacteroidales	f__Prevotellaceae	g__Prevotella	NA
1e9e1e8baf424a9835801cb3acf67c63	1.1686518630253597	-6.591259823102367e-4	0.39220763664245173	-0.001680553667829563	0.9986591128060074	NA	d__Bacteria	p__Bacteroidota	c__Bacteroidia	o__Bacteroidales	f__Prevotellaceae	g__Prevotella	NA
0d398b9529cb273f36013d706d7a8261	2.7966718476052552	1.0730625679342438	0.5395806219700855	1.988697377634393	0.0467346156247053	0.14709685802820224	d__Bacteria	p__Bacteroidota	c__Bacteroidia	o__Bacteroidales	f__Prevotellaceae	g__Prevotella	NA
aba41a8d90400448d2ad3403942c2360	1.0531791811445184	-6.59116503826741e-4	0.3891799900959431	-0.0016936032699529373	0.9986487007447662	NA	d__Bacteria	p__Bacteroidota	c__Bacteroidia	o__Bacteroidales	f__Prevotellaceae	g__Prevotella	NA
deb90060cd7e33d6b3e583a968e4a11e	1.1834239334356202	0.3060358607739883	0.37942432669876325	0.8065794395333004	0.4199088232449089	NA	d__Bacteria	p__Bacteroidota	c__Bacteroidia	o__Bacteroidales	f__Prevotellaceae	g__Segatella	NA
c994a2772a648316e21e664e3a878e80	1.2121155168160818	-6.591186688884895e-4	0.3947747853110507	-0.0016696068072563376	0.9986678471247942	0.9990603906560739	d__Bacteria	p__Bacteroidota	c__Bacteroidia	o__Bacteroidales	f__Prevotellaceae	g__Segatella	NA
f8350ae87f8cc90f4535d72e404cb893	1.182224938841459	0.3059332243125735	0.3793801605521027	0.806402801525932	0.42001063210813644	NA	d__Bacteria	p__Bacteroidota	c__Bacteroidia	o__Bacteroidales	f__Prevotellaceae	g__Segatella	NA
a471645f99a79630b8b3299997bf7a33	1.0531791811445184	-6.59116503826741e-4	0.3891799900959431	-0.0016936032699529373	0.9986487007447662	NA	d__Bacteria	p__Bacteroidota	c__Bacteroidia	o__Bacteroidales	f__Prevotellaceae	g__Segatella	NA
675c847bccbc53942ebb7b8cbb4efc4d	49.66687752800321	1.1243126369882446	0.8175524557310627	1.3752177357021993	0.169063951398066	0.3102186120762861	d__Bacteria	p__Bacteroidota	c__Bacteroidia	o__Bacteroidales	f__Prevotellaceae	g__Segatella	NA
3f33a2dc6cb3f0ffa1987719f06af323	1.038742922832062	-0.0391335405035363	0.3908606794902159	-0.10012145646007836	0.9202479011292768	NA	d__Bacteria	p__Bacteroidota	c__Bacteroidia	o__Bacteroidales	f__Prevotellaceae	g__Segatella	NA
47282dc0e0f0aba75eace38dd3a9915d	1.0531791811445184	-6.59116503826741e-4	0.3891799900959431	-0.0016936032699529373	0.9986487007447662	NA	d__Bacteria	p__Bacteroidota	c__Bacteroidia	o__Bacteroidales	f__Prevotellaceae	g__Segatella	NA
f8a0f81a9c727efd3cdf8c8ee1af699a	1.0531791811445184	-6.59116503826741e-4	0.3891799900959431	-0.0016936032699529373	0.9986487007447662	NA	d__Bacteria	p__Bacteroidota	c__Bacteroidia	o__Bacteroidales	f__Prevotellaceae	g__Segatella	NA
d5e95cf12a309c54ce0a6a504fdc2e92	1.0531791811445184	-6.59116503826741e-4	0.3891799900959431	-0.0016936032699529373	0.9986487007447662	NA	d__Bacteria	p__Bacteroidota	c__Bacteroidia	o__Bacteroidales	f__Prevotellaceae	g__Segatella	NA
da6a7cba87e0895b9cbe6037b9bd8b3b	18.380950026933515	-3.1953603813741496	0.7029388260343165	-4.545716160538494	5.474877601489794e-6	1.0621262546890199e-4	d__Bacteria	p__Bacteroidota	c__Bacteroidia	o__Bacteroidales	f__Prevotellaceae	g__Segatella	NA
4fba6fef450158c1bd1cbcb5a0e8f5e5	26.769234187710516	2.9583031512371445	0.7337806741597017	4.031590440324533	5.540066952626468e-5	6.794541883278668e-4	d__Bacteria	p__Bacteroidota	c__Bacteroidia	o__Bacteroidales	f__Prevotellaceae	g__Segatella	NA
04645342dcaccc29b2078b063aec6f81	1.7432372825121738	-6.588865869344627e-4	0.4615050217822993	-0.0014276910452455968	0.9988608677443845	0.9990603906560739	d__Bacteria	p__Bacteroidota	c__Bacteroidia	o__Bacteroidales	f__Prevotellaceae	g__Segatella	NA
abca34d3f46ee1af5c154ab909fd55c9	1.0531791811445184	-6.59116503826741e-4	0.3891799900959431	-0.0016936032699529373	0.9986487007447662	NA	d__Bacteria	p__Bacteroidota	c__Bacteroidia	o__Bacteroidales	f__Prevotellaceae	g__Segatella	NA
baabfbb252def48a72b6fe6bbf907801	1.0531791811445184	-6.59116503826741e-4	0.3891799900959431	-0.0016936032699529373	0.9986487007447662	NA	d__Bacteria	p__Bacteroidota	c__Bacteroidia	o__Bacteroidales	f__Prevotellaceae	g__Prevotellaceae_NK3B31_group	NA
f1eb372635240322c36cc8d43ad0b70f	1.0531791811445184	-6.59116503826741e-4	0.3891799900959431	-0.0016936032699529373	0.9986487007447662	NA	d__Bacteria	p__Bacteroidota	c__Bacteroidia	o__Bacteroidales	f__Prevotellaceae	g__Prevotellaceae_NK3B31_group	NA
08fd372208987d3a3d226095e0f54ad6	1.1971644332247062	-0.541168086214396	0.3542946095472835	-1.5274522152789705	0.12664860088664684	0.26400479990240483	d__Bacteria	p__Bacteroidota	c__Bacteroidia	o__Bacteroidales	f__Prevotellaceae	g__Prevotellaceae_NK3B31_group	NA
564b04caae509e17ecafe2aeb2331180	1.4263305383801481	-1.1241764824537552	0.39224349354247845	-2.866016902666637	0.004156720511251382	0.024777769751425836	d__Bacteria	p__Bacteroidota	c__Bacteroidia	o__Bacteroidales	f__Incertae_Sedis	g__Incertae_Sedis	NA
ff5ec9cf8912a9f97ee4eae8b668d921	1.0531791811445184	-6.59116503826741e-4	0.3891799900959431	-0.0016936032699529373	0.9986487007447662	NA	d__Bacteria	p__Bacteroidota	c__Bacteroidia	o__Bacteroidales	f__Incertae_Sedis	g__Incertae_Sedis	NA
0a21726cd4952a96635576553da67787	1.0387225030027176	-6.591132247366227e-4	0.3889616751283165	-0.0016945454189520974	0.9986479490197044	NA	d__Bacteria	p__Bacteroidota	c__Bacteroidia	o__Bacteroidales	f__Prevotellaceae	g__Incertae_Sedis	NA
48c9ff09bf991e271a7e3893984c991e	1.0386683642089511	-0.03913600309647545	0.39085964416311514	-0.10012802211973322	0.92024268868368575	NA	d__Bacteria	p__Bacteroidota	c__Bacteroidia	o__Bacteroidales	f__Prevotellaceae	g__Incertae_Sedis	NA
0a857f235b897d7c44e86f0c1b75c69b	1.0386683642089511	-0.03913600309647545	0.39085964416311514	-0.10012802211973322	0.92024268868368575	NA	d__Bacteria	p__Bacteroidota	c__Bacteroidia	o__Bacteroidales	f__Prevotellaceae	g__Incertae_Sedis	NA
e3636afe5d4480c631ca01339a4d54b3	1.2825367229164035	-0.788142976371802	0.36995799974820365	-2.1303579782251454	0.033142070286404104	0.11226218728759739	d__Bacteria	p__Bacteroidota	c__Bacteroidia	o__Bacteroidales	f__Prevotellaceae	g__Incertae_Sedis	NA
58529dd65c9373ab07909325cc829705	1.096481436849834	-6.591236169250129e-4	0.38997981986013525	-0.0016901480111494102	0.9986514576384733	NA	d__Bacteria	p__Bacteroidota	c__Bacteroidia	o__Bacteroidales	f__Prevotellaceae	g__Incertae_Sedis	NA
185ef6bb79a2ba1a7599caa613caabda	1.0531791811445184	-6.59116503826741e-4	0.3891799900959431	-0.0016936032699529373	0.9986487007447662	NA	d__Bacteria	p__Bacteroidota	c__Bacteroidia	o__Bacteroidales	f__Prevotellaceae	g__Incertae_Sedis	NA
baa3ee92750f65a79400a3496948666f	1.0531791811445184	-6.59116503826741e-4	0.3891799900959431	-0.0016936032699529373	0.9986487007447662	NA	d__Bacteria	p__Bacteroidota	c__Bacteroidia	o__Bacteroidales	f__Prevotellaceae	g__Incertae_Sedis	NA
726bca3c3011eef90e5b866db0fd5329	1.0531791811445184	-6.59116503826741e-4	0.3891799900959431	-0.0016936032699529373	0.9986487007447662	NA	d__Bacteria	p__Bacteroidota	c__Bacteroidia	o__Bacteroidales	f__Prevotellaceae	g__Incertae_Sedis	NA
fa3d2114cfb8f1e6185bb490a3548733	1.0531791811445184	-6.59116503826741e-4	0.3891799900959431	-0.0016936032699529373	0.9986487007447662	NA	d__Bacteria	p__Bacteroidota	c__Bacteroidia	o__Bacteroidales	f__Prevotellaceae	g__Paraprevotella	NA
bc7f3f3f3af5b386336ef880486cf17d	1.0242743713196956	0.027982105721549917	0.3963808206556029	0.0705939951263744	0.943720889685732	NA	d__Bacteria	p__Bacteroidota	c__Bacteroidia	o__Bacteroidales	f__Prevotellaceae	g__Paraprevotella	NA
3b4cabf8962f05db11ca9e79fa492351	1.0531791811445184	-6.59116503826741e-4	0.3891799900959431	-0.0016936032699529373	0.9986487007447662	NA	d__Bacteria	p__Bacteroidota	c__Bacteroidia	o__Bacteroidales	f__Prevotellaceae	g__Paraprevotella	NA
acf339d6620e975d91dc57db41e28cae	1.0531791811445184	-6.59116503826741e-4	0.3891799900959431	-0.0016936032699529373	0.9986487007447662	NA	d__Bacteria	p__Bacteroidota	c__Bacteroidia	o__Bacteroidales	f__Prevotellaceae	g__Paraprevotella	NA
d9e50a5a9a9080e7465190853575ecb0	1.0387386692036873	-0.03913368173446607	0.39086062043895625	-0.10012183291966574	0.9202476022597301	NA	d__Bacteria	p__Bacteroidota	c__Bacteroidia	o__Bacteroidales	f__Prevotellaceae	g__Paraprevotella	NA
edf42f357f8934fc004c334c5c7b5e6e	33.28156689676535	4.14112189136869	0.7480552378543137	5.535850404907114	3.0972184321480417e-8	1.2239748396673929e-6	d__Bacteria	p__Bacteroidota	c__Bacteroidia	o__Bacteroidales	f__Prevotellaceae	g__Paraprevotella	NA
888f55ac51312b80cd969798719e9df0	1.0531791811445184	-6.59116503826741e-4	0.3891799900959431	-0.0016936032699529373	0.9986487007447662	NA	d__Bacteria	p__Bacteroidota	c__Bacteroidia	o__Bacteroidales	f__Prevotellaceae	g__Paraprevotella	NA
dffd48b1005574979781e104156691c1	1.8180610681876468	0.10886820619476632	0.4807125443934993	0.22647257173644614	0.8208338896588379	0.9457543641570446	d__Bacteria	p__Bacteroidota	c__Bacteroidia	o__Bacteroidales	f__Prevotellaceae	g__Paraprevotella	NA
a5e25e35cdf15e0df8ba3600468301e3	1.0531791811445184	-6.59116503826741e-4	0.3891799900959431	-0.0016936032699529373	0.9986487007447662	NA	d__Bacteria	p__Bacteroidota	c__Bacteroidia	o__Bacteroidales	f__Prevotellaceae	g__Paraprevotella	NA
aae09ffc07d0857218ee68a7f4b6e5c7	1.0531791811445184	-6.59116503826741e-4	0.3891799900959431	-0.0016936032699529373	0.9986487007447662	NA	d__Bacteria	p__Bacteroidota	c__Bacteroidia	o__Cytophagales	f__Hymenobacteraceae	g__Adhaeribacter	NA
2a071af67ec43b7126e8c362bec6e8ae	1.0531791811445184	-6.59116503826741e-4	0.3891799900959431	-0.0016936032699529373	0.9986487007447662	NA	d__Bacteria	p__Bacteroidota	c__Bacteroidia	o__Cytophagales	f__Microscillaceae	NA	NA
0229e2937d0ebaf5ca5064ccfaffe79c	1.0531791811445184	-6.59116503826741e-4	0.3891799900959431	-0.0016936032699529373	0.9986487007447662	NA	d__Bacteria	p__Bacteroidota	c__Bacteroidia	o__Cytophagales	f__Microscillaceae	g__Chryseotalea	NA
c44496298b508813f8e3dc2a9e49f2b9	1.0531791811445184	-6.59116503826741e-4	0.3891799900959431	-0.0016936032699529373	0.9986487007447662	NA	d__Bacteria	p__Bacteroidota	c__Bacteroidia	o__Chitinophagales	f__Saprospiraceae	g__Incertae_Sedis	NA
9c5dea86b3bcf2ec74b8ff184afe028b	1.1542919217297982	-0.39921678485978007	0.36130893472149883	-1.1049181088408484	0.2691950749221617	NA	d__Bacteria	p__Bacteroidota	c__Bacteroidia	o__Flavobacteriales	f__Weeksellaceae	g__Weeksella	NA
00de882bb7123d629bc28faac3ac648d	1.0531791811445184	-6.59116503826741e-4	0.3891799900959431	-0.0016936032699529373	0.9986487007447662	NA	d__Bacteria	p__Bacteroidota	c__Bacteroidia	o__Chitinophagales	f__Incertae_Sedis	g__Incertae_Sedis	NA
f7203e351744bd85e85ea4c72a2a60ca	1.0531791811445184	-6.59116503826741e-4	0.3891799900959431	-0.0016936032699529373	0.9986487007447662	NA	d__Bacteria	p__Bacteroidota	c__Bacteroidia	o__Chitinophagales	f__Incertae_Sedis	g__Incertae_Sedis	NA
62b46641e67a285ee4c91b8ea6bd3e39	1.0531791811445184	-6.59116503826741e-4	0.3891799900959431	-0.0016936032699529373	0.9986487007447662	NA	d__Bacteria	p__Bacteroidota	c__Bacteroidia	o__Chitinophagales	f__Chitinophagaceae	g__Niastella	NA
5b824059f35b2d1a22e2ce26ab79ede0	1.0531791811445184	-6.59116503826741e-4	0.3891799900959431	-0.0016936032699529373	0.9986487007447662	NA	d__Bacteria	p__Bacteroidota	c__Bacteroidia	o__Chitinophagales	f__Chitinophagaceae	g__Terrimonas	NA
47f2617de53ce85d035fd4d1cc587272	1.0531791811445184	-6.59116503826741e-4	0.3891799900959431	-0.0016936032699529373	0.9986487007447662	NA	d__Bacteria	p__Bacteroidota	c__Bacteroidia	o__Chitinophagales	f__Chitinophagaceae	NA	NA
93e38d6ea36cb5181b003fc13ef4a734	1.0531791811445184	-6.59116503826741e-4	0.3891799900959431	-0.0016936032699529373	0.9986487007447662	NA	d__Bacteria	p__Bacteroidota	c__Bacteroidia	o__Chitinophagales	f__Chitinophagaceae	g__Terrimonas	NA
e0d717a776c68b2749792e569e051a0a	1.0531791811445184	-6.59116503826741e-4	0.3891799900959431	-0.0016936032699529373	0.9986487007447662	NA	d__Bacteria	p__Bacteroidota	c__Bacteroidia	o__Chitinophagales	f__Chitinophagaceae	NA	NA
8a6bc0ea3e3a1eb5cec5f392bc8a7480	1.0531791811445184	-6.59116503826741e-4	0.3891799900959431	-0.0016936032699529373	0.9986487007447662	NA	d__Bacteria	p__Bacteroidota	c__Bacteroidia	o__Chitinophagales	f__Chitinophagaceae	g__Parafilimonas	NA
9bc8a76f719e8b3f68db4dd510134880	1.0531791811445184	-6.59116503826741e-4	0.3891799900959431	-0.0016936032699529373	0.9986487007447662	NA	d__Bacteria	p__Bacteroidota	c__Bacteroidia	o__Chitinophagales	f__Chitinophagaceae	g__Ferruginibacter	NA
e4ee05bbf4ea42bb7404e560a5998628	1.0531791811445184	-6.59116503826741e-4	0.3891799900959431	-0.0016936032699529373	0.9986487007447662	NA	d__Bacteria	p__Bacteroidota	c__Bacteroidia	o__Chitinophagales	f__Chitinophagaceae	g__Puia	NA
5e50a007ea9a7f83275157c158916fcc	1.3724171537269936	0.6593326404595509	0.42191788928327617	1.5627036852587073	0.11812230720214736	0.26400479990240483	d__Bacteria	p__Bacteroidota	c__Bacteroidia	o__Bacteroidales	f__Rikenellaceae	g__Alistipes	NA
145c42bf0a4150acfd81694dd78a1be3	1.182224938841459	0.3059332243125735	0.3793801605521027	0.806402801525932	0.42001063210813644	NA	d__Bacteria	p__Bacteroidota	c__Bacteroidia	o__Bacteroidales	f__Rikenellaceae	g__Alistipes	NA
9b88337492ccd1c0319669daaad2e94d	1.1542329893317134	-6.591266621479763e-4	0.3916185772336849	-0.0016830832357441134	0.9986570945056772	NA	d__Bacteria	p__Bacteroidota	c__Bacteroidia	o__Bacteroidales	f__Rikenellaceae	g__Alistipes	NA
742e1f191223f58590661de80b9d6e3b	234.53107865209162	2.2761630926540803	0.8079574900756795	2.8171817460852764	0.004844710208096511	0.027942193470480957	d__Bacteria	p__Bacteroidota	c__Bacteroidia	o__Bacteroidales	f__Rikenellaceae	g__Alistipes	NA
9d583502f595e3a521989b645d50e327	1.6300962806798454	1.036666479498365	0.4647611949481312	2.230535790781888	0.025711894126814037	0.0926844291665898	d__Bacteria	p__Bacteroidota	c__Bacteroidia	o__Bacteroidales	f__Rikenellaceae	g__Alistipes	NA
04160ba54c21aeed9435ec51e581ac46	1.0531791811445184	-6.59116503826741e-4	0.3891799900959431	-0.0016936032699529373	0.9986487007447662	NA	d__Bacteria	p__Bacteroidota	c__Bacteroidia	o__Bacteroidales	f__Rikenellaceae	g__Alistipes	NA
7a6a394fe7285b50ee54b56f316a3944	1.3700030982093336	0.6579680525320531	0.42195676173613955	1.5593257703107921	0.11891929531121856	0.26400479990240483	d__Bacteria	p__Bacteroidota	c__Bacteroidia	o__Bacteroidales	f__Rikenellaceae	g__Alistipes	NA
506efac48dc5d5be2c0122c381639a3f	54.638923593765384	1.0372773456768387	0.7427481839363014	1.3965397265323996	0.16255202626840928	0.3044535986201626	d__Bacteria	p__Bacteroidota	c__Bacteroidia	o__Bacteroidales	f__Rikenellaceae	g__Alistipes	NA
91f0bfa8c51f250c466cda365f249c87	1.0531791811445184	-6.59116503826741e-4	0.3891799900959431	-0.0016936032699529373	0.9986487007447662	NA	d__Bacteria	p__Bacteroidota	c__Bacteroidia	o__Bacteroidales	f__Rikenellaceae	g__Alistipes	NA
b23dee3dd2e0c370f4de6668a7c64ffa	1.2976785139239095	-6.590698567674742e-4	0.4059681686365142	-0.0016234520528568238	0.998704673240815	0.9990603906560739	d__Bacteria	p__Bacteroidota	c__Bacteroidia	o__Bacteroidales	f__Rikenellaceae	g__Alistipes	NA
b5a69fb7a66fdb2bf437bd286b439706	2.3102211087287006	1.7183217717282127	0.5250253960335359	3.272835532737649	0.0010647441316680483	0.008415422136961536	d__Bacteria	p__Bacteroidota	c__Bacteroidia	o__Bacteroidales	f__Rikenellaceae	g__Alistipes	NA
8a745e9dff13ee4ea8316990590ef779	1.18342393343562	-0.4954725629607305	0.35631264125831646	-1.390555668221513	0.16436020740925836	NA	d__Bacteria	p__Bacteroidota	c__Bacteroidia	o__Bacteroidales	f__Rikenellaceae	g__Alistipes	NA
8795c5a86013864dc11f24b89e8cdd8c	52.393773984000624	0.8535903532271013	0.7193860006137248	1.186554023151526	0.23540358035923525	0.38518479708292525	d__Bacteria	p__Bacteroidota	c__Bacteroidia	o__Bacteroidales	f__Rikenellaceae	g__Alistipes	NA
332a6411ff00b4010ac2397f504c4695	175.00545189303702	1.0152180553576358	0.8151689006591574	1.2454082271008078	0.21298173068084317	0.36071667720072964	d__Bacteria	p__Bacteroidota	c__Bacteroidia	o__Bacteroidales	f__Rikenellaceae	g__Alistipes	NA
c48430d07ea1d17ff7f39b5e84ab7e56	1.1398222527895048	0.21084965442026363	0.38146992863318474	0.5527294252937385	0.5804487010988167	NA	d__Bacteria	p__Bacteroidota	c__Bacteroidia	o__Bacteroidales	f__Rikenellaceae	g__Alistipes	NA
5669f9055e393154386d3ad1196d3f03	3.898780594758827	-3.3168436262892387	0.5191800332538915	-6.388619387963294	1.673901115256018e-10	1.7860524899781713e-8	d__Bacteria	p__Bacteroidota	c__Bacteroidia	o__Bacteroidales	f__Rikenellaceae	g__Alistipes	NA
51d4f17b8dda9f7d972bf3dd0ecc4e59	3.4813671509142043	0.41022953814942725	0.5436282470475736	0.754614095896175	0.450480563452233	0.5756440253934522	d__Bacteria	p__Bacteroidota	c__Bacteroidia	o__Bacteroidales	f__Rikenellaceae	g__Alistipes	NA
a1dac377f5b64afa4ec9861fda5a05a8	1.0531791811445184	-6.59116503826741e-4	0.3891799900959431	-0.0016936032699529373	0.9986487007447662	NA	d__Bacteria	p__Bacteroidota	c__Bacteroidia	o__Bacteroidales	f__Rikenellaceae	g__Alistipes	NA
87f6edb6a35369636f7b947cf37be91b	1.0531791811445184	-6.59116503826741e-4	0.3891799900959431	-0.0016936032699529373	0.9986487007447662	NA	d__Bacteria	p__Bacteroidota	c__Bacteroidia	o__Bacteroidales	f__Rikenellaceae	g__Alistipes	NA
09872e510cd71d99b2bb087c1700faea	1.1687365989562668	-0.44812863728118757	0.35864156764515687	-1.2495167256366948	0.21147613990152955	NA	d__Bacteria	p__Bacteroidota	c__Bacteroidia	o__Bacteroidales	f__Rikenellaceae	g__Alistipes	NA
fee421dd182111e1d718ac10decab1e9	5.985527952375236	0.007822795527960865	0.5990869427643787	0.013057863507864125	0.9895816283797818	0.9990603906560739	d__Bacteria	p__Bacteroidota	c__Bacteroidia	o__Bacteroidales	f__Rikenellaceae	g__Alistipes	NA
1eaa3cb7baaac3220b0606e3621afd16	1.713759126554381	-0.6258581220196804	0.40610955364474943	-1.5411066211142608	0.12329083868525537	0.26400479990240483	d__Bacteria	p__Bacteroidota	c__Bacteroidia	o__Bacteroidales	f__Rikenellaceae	g__Alistipes	NA
efa231614a5eb97a385a5cae7b440348	4.187201810016617	1.4868798120267779	0.5528473581575337	2.689494288228274	0.007156037166089372	0.0372463007620359	d__Bacteria	p__Bacteroidota	c__Bacteroidia	o__Bacteroidales	f__Rikenellaceae	g__Alistipes	NA
ed588d050497ce5fda6cf12d1ec02398	1.1683878782589967	0.2749589542838144	0.3799128081505984	0.7237422597629821	0.4692239835094278	NA	d__Bacteria	p__Bacteroidota	c__Bacteroidia	o__Bacteroidales	f__Paludibacteraceae	g__H1	NA
39affe4f24aab02b897ece4e7d11f23d	1.0387225030027176	-6.591132247366227e-4	0.3889616751283165	-0.0016945454189520974	0.9986479490197044	NA	d__Bacteria	p__Bacteroidota	c__Bacteroidia	o__Bacteroidales	f__Porphyromonadaceae	g__Porphyromonas	NA
443cd0556d78e022458f972d92efa850	1.3108703337991232	0.5581838071245389	0.38902051324262493	1.4348441486333907	0.15133151408539622	0.29146340348216204	d__Bacteria	p__Bacteroidota	c__Bacteroidia	o__Bacteroidales	f__Tannerellaceae	g__Parabacteroides	NA
8c1695768f19ab2a2417ecebfdc87973	1.2536056332092114	0.4515873716508335	0.38096591782053196	1.1853747291472156	0.2358693187844	0.38518479708292525	d__Bacteria	p__Bacteroidota	c__Bacteroidia	o__Bacteroidales	f__Tannerellaceae	g__Parabacteroides	NA
8b61bc858039d91fb9cf6fdce510d523	1.1831055059566264	-6.591245124865387e-4	0.3929117929331901	-0.00167753812520108	0.9986615188575215	NA	d__Bacteria	p__Bacteroidota	c__Bacteroidia	o__Bacteroidales	f__Tannerellaceae	g__Parabacteroides	NA
a1c6580ba32c468041ba2008ee6df6ab	1.212159508441098	0.3661533443609462	0.3790955161992015	0.9658603932644388	0.3341140434296393	0.46631086824824164	d__Bacteria	p__Bacteroidota	c__Bacteroidia	o__Bacteroidales	f__Tannerellaceae	g__Parabacteroides	NA
38fb37d1d1ca08cbd4c3ffa52485efd7	1.1682821006139168	0.2749508805309282	0.3799094262637573	0.7237274506056605	0.4692330769951676	NA	d__Bacteria	p__Bacteroidota	c__Bacteroidia	o__Bacteroidales	f__Tannerellaceae	g__Parabacteroides	NA
8343cf4c26bb977e05e4d9c5125441ef	91.79339901684807	6.857684629059617	0.8517112639223935	8.051654263063119	8.168237664582073e-16	4.357754794054536e-13	d__Bacteria	p__Bacteroidota	c__Bacteroidia	o__Bacteroidales	f__Tannerellaceae	g__Parabacteroides	NA
93ffcf9781cf84717a401e9ebaa48be6	1.0386774672947785	0.06645890978948986	0.39471028014767	0.1683739013957936	0.866289138641423	NA	d__Bacteria	p__Bacteroidota	c__Bacteroidia	o__Bacteroidales	f__Tannerellaceae	g__Parabacteroides	NA
2b16eb77298603505ec51fc70e43b1ea	1.0531791811445184	-6.59116503826741e-4	0.3891799900959431	-0.0016936032699529373	0.9986487007447662	NA	d__Bacteria	p__Bacteroidota	c__Bacteroidia	o__Bacteroidales	f__Tannerellaceae	g__Parabacteroides	NA
173c825a18291f2ba18b5e46d9db8408	63.42978369572783	1.7176784293278566	0.8700048076719376	1.9743321119388122	0.04834399183289967	0.15082760025059633	d__Bacteria	p__Bacteroidota	c__Bacteroidia	o__Bacteroidales	f__Tannerellaceae	g__Parabacteroides	NA
376365347b1a4473ab806ea391141257	1.0531791811445184	-6.59116503826741e-4	0.3891799900959431	-0.0016936032699529373	0.9986487007447662	NA	d__Bacteria	p__Bacteroidota	c__Bacteroidia	o__Bacteroidales	f__Tannerellaceae	g__Parabacteroides	NA
7536bf8021eb12334150b97a2a42a302	1.0387345039180496	0.06645565351463543	0.3947108737827197	0.16836539839340206	0.8662958275706227	NA	d__Bacteria	p__Bacteroidota	c__Bacteroidia	o__Bacteroidales	f__Tannerellaceae	g__Parabacteroides	NA
7a92103382087dd073eb53bb2e9ec830	1.0531791811445184	-6.59116503826741e-4	0.3891799900959431	-0.0016936032699529373	0.9986487007447662	NA	d__Bacteria	p__Bacteroidota	c__Bacteroidia	o__Bacteroidales	f__Tannerellaceae	g__Parabacteroides	NA
e8997e4ec742548b2c0908a8630ef419	1.0387386692036873	-0.03913368173446606	0.39086062043895625	-0.10012183291966573	0.9202476022597301	NA	d__Bacteria	p__Bacteroidota	c__Bacteroidia	o__Bacteroidales	f__Tannerellaceae	g__Parabacteroides	NA
535c0035c8256175cc840f4170bb074c	1.0531791811445184	-6.59116503826741e-4	0.3891799900959431	-0.0016936032699529373	0.9986487007447662	NA	d__Bacteria	p__Bacteroidota	c__Bacteroidia	o__Bacteroidales	f__Tannerellaceae	g__Parabacteroides	NA
9a76c2c2904fcae623e236b6818a712e	13.828909358819626	4.6710564087187585	0.7186408675839954	6.499848003944476	8.040120419341611e-11	1.2255440696339283e-8	d__Bacteria	p__Bacteroidota	c__Bacteroidia	o__Bacteroidales	f__Tannerellaceae	g__Parabacteroides	NA
878fc53ff6f6333a92673b700951fa1b	137.17264005054494	-1.294837897208815	0.8331298641833682	-1.5541849510796397	0.12014030610912409	0.26400479990240483	d__Bacteria	p__Bacteroidota	c__Bacteroidia	o__Bacteroidales	f__Tannerellaceae	g__Parabacteroides	NA
4eb8b5f93f0e959308bef61d3babbe34	1.0242749207946762	-0.07866310053307038	0.39265140682968835	-0.20033826229786136	0.841216040074914	NA	d__Bacteria	p__Bacteroidota	c__Bacteroidia	o__Bacteroidales	f__Tannerellaceae	g__Parabacteroides	NA
182b9fa9fb5099a93fd36de478d40ebb	1.0387225030027176	-0.03913421767438187	0.390860395994043	-0.10012326159281255	0.920246468042748	NA	d__Bacteria	p__Bacteroidota	c__Bacteroidia	o__Bacteroidales	f__Tannerellaceae	g__Parabacteroides	NA
beac131eb0e7b729d01e68c9c5bee91b	1.0387111791071326	0.06645698849920492	0.3947106312532221	0.1683688840308185	0.8662930855754228	NA	d__Bacteria	p__Bacteroidota	c__Bacteroidia	o__Bacteroidales	f__Tannerellaceae	g__Parabacteroides	NA
501345d9336cb02e0afb2890cd3e0a78	1.0387111791071326	-0.039134592313332335	0.3908602387620937	-0.10012426036804559	0.9202456751198212	NA	d__Bacteria	p__Bacteroidota	c__Bacteroidia	o__Bacteroidales	f__Tannerellaceae	g__Parabacteroides	NA
3edf5034a84bf32a642483a02e8af657	1.0387111791071326	-0.039134592313332335	0.3908602387620937	-0.10012426036804559	0.9202456751198212	NA	d__Bacteria	p__Bacteroidota	c__Bacteroidia	o__Bacteroidales	f__Tannerellaceae	g__Parabacteroides	NA
50d86b5415d2bd509518bc51c71e3364	1.1394035355022927	0.2108237390034291	0.38145943177247477	0.5526766975555529	0.5804848125480591	NA	d__Bacteria	p__Bacteroidota	c__Bacteroidia	o__Bacteroidales	f__Tannerellaceae	g__Parabacteroides	NA
c24228d0f7620bd04c044d27df14b5ee	1.0531791811445184	-6.59116503826741e-4	0.3891799900959431	-0.0016936032699529373	0.9986487007447662	NA	d__Bacteria	p__Bacillota	c__Clostridia	o__Peptostreptococcales-Tissierellales	f__Peptostreptococcaceae	g__Peptostreptococcus	NA
ca647fe90e501808421954e5fbf9faa6	169.04747045098307	-0.5262834231867405	0.7593646430854164	-0.6930575817282844	0.4882734162323749	0.6122065042537533	d__Bacteria	p__Bacillota	c__Clostridia	o__Peptostreptococcales-Tissierellales	f__Peptostreptococcaceae	g__Peptostreptococcus	NA
d6a0db7938b5bf40df8ea7f9f97e9d64	1.0531791811445184	-6.59116503826741e-4	0.3891799900959431	-0.0016936032699529373	0.9986487007447662	NA	d__Bacteria	p__Bacillota	c__Clostridia	o__Peptostreptococcales-Tissierellales	f__Peptostreptococcaceae	g__Peptostreptococcus	NA
1f0532e025d966a685fd0d1f3144bc8a	8.97075398094394	-0.5067731726279104	0.6927408733093746	-0.7315479599275616	0.46444452141799114	0.5893933414553085	d__Bacteria	p__Bacillota	c__Clostridia	o__Peptostreptococcales-Tissierellales	f__Peptostreptococcaceae	g__Peptostreptococcus	NA
b9ac436ea8771f1bffd49d16712766bf	1.0531791811445184	-6.59116503826741e-4	0.3891799900959431	-0.0016936032699529373	0.9986487007447662	NA	d__Bacteria	p__Bacillota	c__Clostridia	o__Peptostreptococcales-Tissierellales	f__Peptostreptococcaceae	g__Peptostreptococcus	NA
4e2f5dcd22bb762784fec4363445371d	1.1398717278744621	-6.59126665121557e-4	0.39112181843733534	-0.0016852209057397825	0.9986553888942105	NA	d__Bacteria	p__Bacillota	c__Clostridia	o__Peptostreptococcales-Tissierellales	f__Peptostreptococcaceae	g__Peptostreptococcus	NA
8d703908c09c7cb0da2a4398dd74f9f8	1.5863271463422781	0.03735119055659763	0.4108542729609563	0.09091104319644532	0.9275632753299063	0.9990603906560739	d__Bacteria	p__Bacillota	c__Clostridia	o__Peptostreptococcales-Tissierellales	f__Peptostreptococcaceae	g__Terrisporobacter	NA
6420671c26eef32065e0275c8cd6701e	15.430920566245224	-0.4818660464348103	0.6385381954241248	-0.7546393463820109	0.45046540856151135	0.5756440253934522	d__Bacteria	p__Bacillota	c__Clostridia	o__Peptostreptococcales-Tissierellales	f__Peptostreptococcaceae	g__Intestinibacter	NA
a731d3f2438a4bb63e315fac2c1bf3d1	1.2258335603486163	-6.591141997595034e-4	0.3959595501934086	-0.0016645998295471227	0.9986718421094531	0.9990603906560739	d__Bacteria	p__Bacillota	c__Clostridia	o__Peptostreptococcales-Tissierellales	f__Peptostreptococcaceae	g__Intestinibacter	NA
04edaa963304c466674c30f9f9bb087e	1.3413520982699727	-6.590336038548141e-4	0.4142313543339868	-0.001590979526198415	0.9987305825350211	0.9990603906560739	d__Bacteria	p__Bacillota	c__Clostridia	o__Peptostreptococcales-Tissierellales	f__Peptostreptococcaceae	g__Paeniclostridium	NA
99bccd58aaeb00f98e22add40be6e36b	2.5611399976438936	-2.623849235528681	0.49126929473929215	-5.340959151377679	9.245608992182696e-8	3.2739680981260555e-6	d__Bacteria	p__Bacillota	c__Clostridia	o__Peptostreptococcales-Tissierellales	f__Peptostreptococcaceae	g__Clostridioides	NA
b15cec5e7b89958acf29a46cf98efbec	1.197541764269083	0.33638393364547914	0.3791165866654709	0.8872836100476431	0.37492622745279514	0.4964076681195218	d__Bacteria	p__Bacillota	c__Clostridia	o__Peptostreptococcales-Tissierellales	f__Peptostreptococcaceae	g__Clostridioides	NA
b9173492cd6bac5ad72d1b87d6e9b89f	1.1966989339274532	-0.5410913218304646	0.3542761920275063	-1.5273149424290238	0.1266827156045279	0.26400479990240483	d__Bacteria	p__Bacillota	c__Clostridia	o__Peptostreptococcales-Tissierellales	f__Peptostreptococcaceae	g__Incertae_Sedis	NA
e335f74033bc634af43ee6baa84fa247	24.13408042566765	-0.03217555487723338	0.6711265393073725	-0.04794260544433207	0.96176198417672365	0.9990603906560739	d__Bacteria	p__Bacillota	c__Clostridia	o__Peptostreptococcales-Tissierellales	f__Peptostreptococcaceae	g__Romboutsia	NA
d20b46e3c9d79a8e49a48f112fc03d4f	1.3115147361538007	-0.8620689005428589	0.3749675684151385	-2.299049232941754	0.021502143801701457	0.08060630743880248	d__Bacteria	p__Bacillota	c__Clostridia	o__Peptostreptococcales-Tissierellales	f__Peptostreptococcaceae	g__Romboutsia	NA
300568e1ddcb6356519af1a75ab2df4b	1.24101303239273	0.42391185114321284	0.39144641152814325	1.0829371241093506	0.278836332369119	0.4252612279555311	d__Bacteria	p__Bacillota	c__Clostridia	o__Peptostreptococcales-Tissierellales	f__Anaerovoracaceae	g__Mogibacterium	NA
c756328d1c902696cf731b0daba497f8	1.1981963196419185	-0.5413380923519625	0.3543356333083314	-1.5277551605455035	0.12657333896716758	0.26400479990240483	d__Bacteria	p__Bacillota	c__Clostridia	o__Peptostreptococcales-Tissierellales	f__Anaerovoracaceae	g__Mogibacterium	NA
11e8caead10bcfc055d7804c1293d355	1.1395063707465674	-0.34855257395860034	0.36428695695629465	-0.9568077234245254	0.3386643132240014	NA	d__Bacteria	p__Bacillota	c__Clostridia	o__Peptostreptococcales-Tissierellales	f__Anaerovoracaceae	g__Mogibacterium	NA
5c68ef2fd4b94cf4e302d4c8e2ef1fe1	1.5283735614851472	0.4514582663534672	0.44419477581904065	1.0163520395327332	0.30946177564055316	0.45047164339491164	d__Bacteria	p__Bacillota	c__Clostridia	o__Peptostreptococcales-Tissierellales	f__Anaerovoracaceae	g__Mogibacterium	NA
a944f458e4b3383afef986e4fe16f3f2	1.2406772384935	-6.591079035208129e-4	0.39746516593599945	-0.0016582784103071403	0.9986768858653057	0.9990603906560739	d__Bacteria	p__Bacillota	c__Clostridia	o__Peptostreptococcales-Tissierellales	f__Anaerovoracaceae	NA	NA
efa1af4386010f7d05e16a663f32f792	8.900289757868043	-0.030060921673615855	0.6240055687442814	-0.048174124045253314	0.961577472257955	0.9990603906560739	d__Bacteria	p__Bacillota	c__Clostridia	o__Peptostreptococcales-Tissierellales	f__Anaerovoracaceae	g__Mogibacterium	NA
cc7231cc6b5f4d5717e1ce0b1fb78d11	12.4452115535613	1.1815909208953104	0.6529728639498167	1.8095559342970184	0.07036467868521949	0.19258455174132758	d__Bacteria	p__Bacillota	c__Clostridia	o__Peptostreptococcales-Tissierellales	f__Anaerovoracaceae	g__Mogibacterium	NA
262b9d101f07bcd41ee68f140e9820c2	1.1395387778749633	0.21083212261113718	0.3814628196162982	0.5526937666512474	0.580473122385005	NA	d__Bacteria	p__Bacillota	c__Clostridia	o__Peptostreptococcales-Tissierellales	f__Anaerovoracaceae	g__Mogibacterium	NA
9048d6f1c8112875d0a3c2f5402343af	1.7418033316794062	0.815388826386746	0.47587572910566617	1.713449071922919	0.08662995504662055	0.21639283384962985	d__Bacteria	p__Bacillota	c__Clostridia	o__Peptostreptococcales-Tissierellales	f__Anaerovoracaceae	NA	NA
6e9ac49ab03e8cf905432ad62df55c30	1.154004727829637	0.2432548353515415	0.38060929373228436	0.6391195363785409	0.5227451716143611	NA	d__Bacteria	p__Bacillota	c__Clostridia	o__Peptostreptococcales-Tissierellales	f__Anaerovoracaceae	g__Family_XIII_UCG-001	NA
74d519816d4cfb9cf4ec9605f76301d6	4.560393191286121	0.6103600653492941	0.5172060444379645	1.1801100778173579	0.23795643691748275	0.386452843517434	d__Bacteria	p__Bacillota	c__Clostridia	o__Peptostreptococcales-Tissierellales	f__Anaerovoracaceae	g__Family_XIII_UCG-001	NA
2102f51f3591341a5e15fb5958ee321c	1.0531791811445184	-6.59116503826741e-4	0.3891799900959431	-0.0016936032699529373	0.9986487007447662	NA	d__Bacteria	p__Bacillota	c__Clostridia	o__Peptostreptococcales-Tissierellales	f__Anaerovoracaceae	g__Family_XIII_UCG-001	NA
08f685988f6c3b24f935b5d61ca08717	2.004282484414032	1.3945058637937113	0.4831246814143925	2.886430599470028	0.003896386685647971	0.023633037384925785	d__Bacteria	p__Bacillota	c__Clostridia	o__Peptostreptococcales-Tissierellales	f__Anaerovoracaceae	NA	NA
e1743677edc7ce66e8757d9ac5182154	1.4837554471452132	0.8375262478311786	0.42643117663307	1.9640361533693451	0.04952589941716696	0.15326095301986403	d__Bacteria	p__Bacillota	c__Clostridia	o__Peptostreptococcales-Tissierellales	f__Anaerovoracaceae	g__Family_XIII_AD3011_group	NA
68b2b967ae2bcb1e7286f0a143e28f44	1.2837175148448823	0.5062308740709124	0.3844577817220882	1.3167398298023003	0.18792584786205585	0.333708115192179	d__Bacteria	p__Bacillota	c__Clostridia	o__Peptostreptococcales-Tissierellales	f__Anaerovoracaceae	g__Family_XIII_AD3011_group	NA
9b6acfb0708fe91f75081d6801659932	1.973838460981393	1.4220712107943605	0.47084668227369536	3.020242606207288	0.002525722842885196	0.01694934763118556	d__Bacteria	p__Bacillota	c__Clostridia	o__Peptostreptococcales-Tissierellales	f__Anaerovoracaceae	g__Family_XIII_AD3011_group	NA
4d34418916362764b94c026bdab4127f	1.0387264241175567	0.06645611648459744	0.3947107898064449	0.1683666071484533	0.8662948766968549	NA	d__Bacteria	p__Bacillota	c__Clostridia	o__Peptostreptococcales-Tissierellales	f__Anaerovoracaceae	g__Family_XIII_AD3011_group	NA
0b6eb991173d34102892489e05ecb868	1.0531791811445184	-6.59116503826741e-4	0.3891799900959431	-0.0016936032699529373	0.9986487007447662	NA	d__Bacteria	p__Bacillota	c__Clostridia	o__Peptostreptococcales-Tissierellales	f__Anaerovoracaceae	g__Incertae_Sedis	NA
42db27ef41cfff2f80f61b712609076f	1.0531791811445184	-6.59116503826741e-4	0.3891799900959431	-0.0016936032699529373	0.9986487007447662	NA	d__Bacteria	p__Bacillota	c__Clostridia	o__Peptostreptococcales-Tissierellales	f__Anaerovoracaceae	g__Incertae_Sedis	NA
dd34f847a77fc00f9ac84240b88959ac	1.3988667697792108	-1.0641168538079513	0.3883796616595045	-2.7398882043953963	0.006146008583581688	0.032788955793408306	d__Bacteria	p__Bacillota	c__Clostridia	o__Peptostreptococcales-Tissierellales	f__Anaerovoracaceae	g__Incertae_Sedis	NA
6901d6f3e7e967139a132d6179e8afd9	1.4253997349789473	0.7495926413130812	0.4313203080754693	1.7379024990910537	0.08222799527288274	0.20868495304090692	d__Bacteria	p__Bacillota	c__Clostridia	o__Peptostreptococcales-Tissierellales	f__Anaerovoracaceae	NA	NA
24cccadb274fef1f88113e8f019e2a63	1.4412297022992253	-0.28693321093179136	0.3839347250490014	-0.7473489429620367	0.4548529562698126	0.580536009975945	d__Bacteria	p__Bacillota	c__Clostridia	o__Peptostreptococcales-Tissierellales	f__Anaerovoracaceae	NA	NA
2a7d4838e7b35d2e8b436422db160e39	1.2408505392064524	0.42386796972157825	0.391447997027071	1.0828206375833498	0.27888804338964795	0.4252612279555311	d__Bacteria	p__Bacillota	c__Clostridia	o__Peptostreptococcales-Tissierellales	f__Anaerovoracaceae	NA	NA
20124fb64bdb55bb93fa69f62b75ad6f	1.1974084560283502	0.33637104189408623	0.3791108658947264	0.8872629939008173	0.3749373242473349	0.4964076681195218	d__Bacteria	p__Bacillota	c__Clostridia	o__Peptostreptococcales-Tissierellales	f__Anaerovoracaceae	g__S5-A14a	NA
6f8c47d73aa0314f2a331192ba432b32	1.0387111791071328	-0.03913459231333233	0.3908602387620928	-0.10012426036804581	0.920245675119821	NA	d__Bacteria	p__Bacillota	c__Clostridia	o__Peptostreptococcales-Tissierellales	f__Anaerovoracaceae	g__S5-A14a	NA
347be72bb849d1b4f2564f920dbafb57	1.0387264241175567	-0.03913408780086743	0.3908604504356109	-0.10012291537108141	0.920246742906559	NA	d__Bacteria	p__Bacillota	c__Clostridia	o__Peptostreptococcales-Tissierellales	f__Anaerovoracaceae	g__S5-A14a	NA
644fd07dc284e48b3f9bdbf76078fd2e	177.2086597302176	0.018933586731800216	0.7316551651693617	0.025877746284231475	0.9793548499946102	0.9990603906560739	d__Bacteria	p__Bacillota	c__Clostridia	o__Peptostreptococcales-Tissierellales	f__Anaerovoracaceae	g__S5-A14a	NA
0be2b2840d439b1b8548e8010f8310e5	1.2690781729706306	0.4792314161061392	0.38253773205482416	1.2527690106069254	0.21028978265443612	0.35730276179661874	d__Bacteria	p__Bacillota	c__Clostridia	o__Peptostreptococcales-Tissierellales	f__Anaerovoracaceae	g__Family_XIII_AD3011_group	NA
4a1c5fb315646700069f4c358a196b9f	1.9859649293701405	0.4056609779102038	0.4446987824946554	0.9122151754824721	0.3616554568402151	0.4964076681195218	d__Bacteria	p__Bacillota	c__Clostridia	o__Peptostreptococcales-Tissierellales	f__Anaerovoracaceae	g__Family_XIII_AD3011_group	NA
4f8d733bde10afc7196a01856bd62c44	1.1976667590277579	-6.591221437994632e-4	0.393754133317257	-0.0016739434282163914	0.9986643870067193	0.9990603906560739	d__Bacteria	p__Bacillota	c__Clostridia	o__Peptostreptococcales-Tissierellales	f__Anaerovoracaceae	g__Family_XIII_AD3011_group	NA
bb520a25037fe6c24024c4f8fc40b5b7	1.2977728850169903	-6.590698052688695e-4	0.4059783585474288	-0.0016234111779430554	0.9987047058542347	0.9990603906560739	d__Bacteria	p__Bacillota	c__Clostridia	o__Peptostreptococcales-Tissierellales	f__Anaerovoracaceae	g__Family_XIII_AD3011_group	NA
39f94c50ed5ba9ec7085c9c0e312c16a	1.1537742612285886	0.24323903445923406	0.3806028149609653	0.6390889002861965	0.5227651003032983	NA	d__Bacteria	p__Bacillota	c__Clostridia	o__Peptostreptococcales-Tissierellales	f__Anaerovoracaceae	g__Family_XIII_AD3011_group	NA
c3337d877a02fb500fc37be8aa4fd234	7.214586155355135	-1.881886650627048	0.564319242890952	-3.3347908552370598	8.536357607149852e-4	0.0069412166091002364	d__Bacteria	p__Bacillota	c__Clostridia	o__Peptostreptococcales-Tissierellales	f__Anaerovoracaceae	g__Family_XIII_AD3011_group	NA
9b12ea14bff8a37dc1d39b36b5b904d6	3.713591669695598	-1.132034248949205	0.4787676546914793	-2.364475205992549	0.018055635888130434	0.07031154559355902	d__Bacteria	p__Bacillota	c__Clostridia	o__Peptostreptococcales-Tissierellales	f__Anaerovoracaceae	g__Family_XIII_AD3011_group	NA
a76a1b1642c79341b17f7d619145ddf4	1.1682376906877614	-6.591260645864824e-4	0.3921933735781612	-0.0016806149950290366	0.9986590638740508	NA	d__Bacteria	p__Bacillota	c__Clostridia	o__Peptostreptococcales-Tissierellales	f__Anaerovoracaceae	NA	NA
c2214f5c48ce111caeeb8f928ca5b648	1.3402186867103876	-0.9322141769963982	0.379675568648313	-2.4552914487365722	0.014077040706328542	0.059942334336419864	d__Bacteria	p__Bacillota	c__Clostridia	o__Peptostreptococcales-Tissierellales	f__Anaerovoracaceae	g__Family_XIII_AD3011_group	NA
b4f28264f150902936030ef29ce2a10a	1.916039713325909	-0.9298167933643332	0.39614283182162097	-2.3471756111013518	0.01891633679747085	0.07312946145978767	d__Bacteria	p__Bacillota	c__Clostridia	o__Peptostreptococcales-Tissierellales	f__Anaerovoracaceae	g__[Eubacterium]_brachy_group	NA
963eff531673e1aa3a6b54db94920693	1.3855925927646389	-1.0334486111794798	0.3864026975390416	-2.674537775645476	0.007483234508216026	0.03816324956647923	d__Bacteria	p__Bacillota	c__Clostridia	o__Peptostreptococcales-Tissierellales	f__Anaerovoracaceae	g__[Eubacterium]_brachy_group	NA
9790ca08d8b4d951df2ae0f839e95641	1.2258335603486163	0.39516651011128423	0.3870785904617169	1.0208947739525451	0.3073042954049287	0.44878427073284904	d__Bacteria	p__Bacillota	c__Clostridia	o__Peptostreptococcales-Tissierellales	f__Anaerovoracaceae	g__[Eubacterium]_brachy_group	NA
b4cf81c7acfe279300da8fd8a8ee9ab2	1.7005154826148554	1.125130134243685	0.457653518384958	2.458475875405103	0.013952815058461295	0.059942334336419864	d__Bacteria	p__Bacillota	c__Clostridia	o__Peptostreptococcales-Tissierellales	f__Anaerovoracaceae	g__[Eubacterium]_brachy_group	NA
3dff953eea05c3889f10c95963478721	1.1395063707465674	0.2108301148557405	0.38146200758983106	0.5526896798656725	0.5804759213041273	NA	d__Bacteria	p__Bacillota	c__Clostridia	o__Clostridia_vadinBB60_group	f__Incertae_Sedis	g__Incertae_Sedis	NA
d531f7abbe719c575cfb72bf14d38575	1.1535231056697182	-0.3991262573384014	0.36128994711289675	-1.1047256103521792	0.26927850269650333	NA	d__Bacteria	p__Bacillota	c__Clostridia	o__Peptostreptococcales-Tissierellales	f__Peptostreptococcaceae	g__[Eubacterium]_yurii_group	NA
238be985a1630b73b15fc6494a601674	1.4269294678314075	-0.24126813664224084	0.42303441977728606	-0.570327437585955	0.568455634727242	0.689252457106781	d__Bacteria	p__Bacillota	c__Clostridia	o__Clostridia_vadinBB60_group	f__Incertae_Sedis	g__Incertae_Sedis	NA
cf0e29b1acfd7c9cc92b326cbfc88908	3.0707351085130363	1.2135892298685955	0.49969288727846783	2.4286702107734603	0.015154309913333866	0.06316269014659076	d__Bacteria	p__Bacillota	c__Clostridia	o__Eubacteriales	f__Eubacteriaceae	g__Eubacterium	NA
a71ff29e74af135619b45332bfb02047	1.1396010783031918	0.21083598035546802	0.38146438107406355	0.5527016172829331	0.5804677457362285	NA	d__Bacteria	p__Bacillota	c__Clostridia	o__Eubacteriales	f__Anaerofustaceae	g__Anaerofustis	NA
4ebdcaa777667a819d5ae7a040f5f11d	1.1395063707465674	-0.34855257395860034	0.36428695695629465	-0.9568077234245254	0.3386643132240014	NA	d__Bacteria	p__Patescibacteria	c__Saccharimonadia	o__Saccharimonadales	f__Incertae_Sedis	g__Incertae_Sedis	NA
f5b0e6f68e9a3ab6bf02184b1afaeb87	1.1541071356485686	-0.39919507491899225	0.3613043602705306	-1.1048720104570302	0.2692150520895772	NA	d__Bacteria	p__Bacillota	c__Clostridia	o__Peptococcales	f__Peptococcaceae	g__Incertae_Sedis	NA
16abb37658f0d89cf9462696b61b312c	1.1111860365434785	-0.24169079181979944	0.3712054146864725	-0.6510971614569154	0.514983768752893	NA	d__Bacteria	p__Bacillota	c__Clostridia	o__Peptococcales	f__Peptococcaceae	g__Incertae_Sedis	NA
acf09e78b337fd51b09606fabf09493e	1.038745095909413	-6.591132225873438e-4	0.38896202750425574	-0.0016945438782713365	0.998647950248988	NA	d__Bacteria	p__Bacillota	c__Clostridia	o__Peptococcales	f__Peptococcaceae	g__Incertae_Sedis	NA
11401ee29264e6f60b65371a2601cd07	1.5287449188367879	0.9007687086482908	0.450330541440314	2.0002389928236237	0.045474463156212695	0.1444084886538064	d__Bacteria	p__Bacillota	c__Clostridia	o__Peptococcales	f__Peptococcaceae	g__Incertae_Sedis	NA
821d785df00a89f3baa17682275dc4b9	1.1397706560537104	0.2108464674433264	0.3814686338859017	0.5527229468265827	0.5804531379257281	NA	d__Bacteria	p__Bacillota	c__Clostridia	o__Peptococcales	f__Peptococcaceae	g__Incertae_Sedis	NA
27335f508429bf2100f5dded19cea135	31.128670309590152	-0.7984746521274027	0.6800071813427441	-1.1742150289512125	0.2403089077424575	0.3890889295314145	d__Bacteria	p__Bacillota	c__Clostridia	o__Peptococcales	f__Peptococcaceae	g__Peptococcus	NA
621492842a9298d79db8d956f546cd46	1.0531791811445184	-6.59116503826741e-4	0.3891799900959431	-0.0016936032699529373	0.9986487007447662	NA	d__Bacteria	p__Bacillota	c__Clostridia	o__Peptococcales	f__Peptococcaceae	g__Peptococcus	NA
a4eac9fcad4c5f9555c01a06d10b6fc6	1.1828569938509732	0.30598737776609475	0.3794034096836243	0.8064961198457613	0.41995684441313846	NA	d__Bacteria	p__Bacillota	c__Clostridia	o__Peptococcales	f__Peptococcaceae	g__Peptococcus	NA
a295f1a36f5c6b35c15d0d0dee118b08	1.2109017738852237	0.3660146302732234	0.37903222749158544	0.9656556981855823	0.33421649454867924	0.46631086824824164	d__Bacteria	p__Bacillota	c__Clostridia	o__Peptococcales	f__Peptococcaceae	g__Peptococcus	NA
886c310521057db30453f2097b621418	1.154056761867121	0.24325839891255518	0.380610757549608	0.639126441088175	0.5227406801747143	NA	d__Bacteria	p__Bacillota	c__Clostridia	o__Peptococcales	f__Peptococcaceae	g__Peptococcus	NA
a78f5a615f91a760ffc238c7c4ce3056	3.4877523734192715	2.443294318122885	0.5479671756799885	4.458833350904512	8.24069587185894e-6	1.465470415878915e-4	d__Bacteria	p__Bacillota	c__Clostridia	o__Peptococcales	f__Peptococcaceae	g__Peptococcus	NA
d03ef7025d83fe8e206aa4208c5bea2c	1.1533924071768649	0.2432127915625032	0.3805920973254577	0.6390379444860711	0.5227982477672376	NA	d__Bacteria	p__Bacillota	c__Clostridia	o__Peptococcales	f__Peptococcaceae	g__Peptococcus	NA
3723ea6e099f53017ca85c153c80969f	1.5698770324885096	0.9592101579732639	0.4309655457837326	2.2257235348800144	0.026032705340645366	0.09352490437194816	d__Bacteria	p__Bacillota	c__Incertae_Sedis	o__Incertae_Sedis	f__Incertae_Sedis	g__Incertae_Sedis	NA
dfbcf643d39da3d96679e19c7ab6b3a1	3.414862214346759	-0.3973336139189824	0.5070203695535151	-0.7836640059823958	0.43323728807462053	0.5596418721254481	d__Bacteria	p__Bacillota	c__Clostridia	o__Oscillospirales	f__Oscillospiraceae	g__Fastidiosipila	NA
47dd8e993c6e41bfd89085fc987e18da	1.0531791811445184	-6.59116503826741e-4	0.3891799900959431	-0.0016936032699529373	0.9986487007447662	NA	d__Bacteria	p__Bacillota	c__Clostridia	o__Oscillospirales	f__Oscillospiraceae	g__Fastidiosipila	NA
8e22ba1c20e8aef2d81a1d6b45e10de8	1.4275183177615316	0.7509990795068932	0.4146726295846098	1.8110649845860136	0.07013079295401509	0.19258455174132758	d__Bacteria	p__Bacillota	c__Clostridia	o__Oscillospirales	f__Oscillospiraceae	g__Mageeibacillus	NA
b7da565550a8cdc7e3b6cf032e7882bf	1.0531791811445184	-6.59116503826741e-4	0.3891799900959431	-0.0016936032699529373	0.9986487007447662	NA	d__Bacteria	p__Acidobacteriota	c__Holophagae	o__Holophagales	f__Holophagaceae	g__Geothrix	NA
ac0821f073278ac326242b0ea49d4ea7	1.283360656781034	-0.34853088727841297	0.37078359695641644	-0.9399846437095243	0.347225437629492	0.4805864969231123	d__Bacteria	p__Bacillota	c__Clostridia	o__Oscillospirales	f__Oscillospiraceae	g__Fastidiosipila	NA
9f3a6dbe84e2191c461ea8459f61a3b9	1.1541396735632008	-6.591266786868669e-4	0.3916157290537528	-0.0016830955188635844	0.9986570847051797	NA	d__Bacteria	p__Bacillota	c__Clostridia	o__Oscillospirales	f__Oscillospiraceae	g__Fastidiosipila	NA
0231f20221e42ee58dbe12f6e5aad34c	1.0531791811445184	-6.59116503826741e-4	0.3891799900959431	-0.0016936032699529373	0.9986487007447662	NA	d__Bacteria	p__Bacillota	c__Clostridia	o__Clostridia_vadinBB60_group	f__Incertae_Sedis	g__Incertae_Sedis	NA
f104663b133a5b624aac139870172e59	1.5135908590221123	-1.2946375798990952	0.40317947211583144	-3.2110701795034653	0.0013224163496269896	0.009843000445853964	d__Bacteria	p__Bacillota	c__Clostridia	o__Oscillospirales	f__Oscillospiraceae	g__Fastidiosipila	NA
57bdfe55b7ec734c1328d67ac14d1fcf	1.1395063707465674	-0.34855257395860034	0.36428695695629465	-0.9568077234245254	0.3386643132240014	NA	d__Bacteria	p__Bacillota	c__Clostridia	o__Oscillospirales	f__Oscillospiraceae	g__Fastidiosipila	NA
efd90b9656ce4a8030584e0beea0390c	1.240360406035111	-0.22212897603738252	0.36812185777281364	-0.6034115370961466	0.5462349490863276	0.6699226329598984	d__Bacteria	p__Bacillota	c__Clostridia	o__Oscillospirales	f__Oscillospiraceae	g__Fastidiosipila	NA
304565505f7e8a2abfe0959351b86574	1.0961277065869528	0.10894961630335426	0.3848023916398623	0.28313133876080615	0.7770761591841563	NA	d__Bacteria	p__Bacillota	c__Clostridia	o__Oscillospirales	f__Oscillospiraceae	g__Fastidiosipila	NA
496d9baadb2e81714fb04a5253200b00	1.0387386692036873	-0.03913368173446607	0.39086062043895625	-0.10012183291966574	0.9202476022597301	NA	d__Bacteria	p__Bacillota	c__Clostridia	o__Oscillospirales	f__Oscillospiraceae	g__Fastidiosipila	NA
6fa81995625aa288080691902b74d732	1.2112571641337717	0.36605382645920115	0.3790500765004196	0.9657136329816726	0.3341874957796016	0.46631086824824164	d__Bacteria	p__Bacillota	c__Clostridia	o__Clostridia_vadinBB60_group	f__Incertae_Sedis	g__Incertae_Sedis	NA
787ab1672520289680427986b59e3417	1.411639619191575	0.727283224837914	0.43190815833031093	1.6838839711884042	0.09220409464503455	0.2266861036549582	d__Bacteria	p__Bacillota	c__Clostridia	o__Clostridia_vadinBB60_group	f__Incertae_Sedis	g__Incertae_Sedis	NA
35ba68ca1928f943c985a13652a96dfa	1.6279414401631012	0.8163665139041624	0.45040790046327966	1.8125048718383174	0.06990822184892703	0.19258455174132758	d__Bacteria	p__Bacillota	c__Clostridia	o__Clostridia_vadinBB60_group	f__Incertae_Sedis	g__Incertae_Sedis	NA
591d280ab767b490aae6fdc420ee4698	1.2256278898600672	0.39512233280737735	0.3870715803134446	1.0207991309705906	0.30734961623348045	0.44878427073284904	d__Bacteria	p__Bacillota	c__Clostridia	o__Clostridia_vadinBB60_group	f__Incertae_Sedis	g__Incertae_Sedis	NA
9e18b43f389956ba5ac3ddf810f39cb6	1.0531791811445184	-6.59116503826741e-4	0.3891799900959431	-0.0016936032699529373	0.9986487007447662	NA	d__Bacteria	p__Bacillota	c__Clostridia	o__Clostridia_vadinBB60_group	f__Incertae_Sedis	g__Incertae_Sedis	NA
8ba6fc7732bb1d70eb0b2a19416e4fbc	1.1542025685385755	0.24326837686813219	0.38061486145154866	0.6391457651978723	0.5227281101537351	NA	d__Bacteria	p__Bacillota	c__Clostridia	o__Clostridia_vadinBB60_group	f__Incertae_Sedis	g__Incertae_Sedis	NA
b2088770a003be218487d86b1d646231	1.1968864384074758	0.33632053572482823	0.3790885005773135	0.887182109751802	0.3749808627032189	0.4964076681195218	d__Bacteria	p__Bacillota	c__Clostridia	o__Clostridia_vadinBB60_group	f__Incertae_Sedis	g__Incertae_Sedis	NA
3704e8efdf08f0e95a1dbc4611310d30	1.2974482239172123	-0.6763723059860787	0.3444225214631868	-1.963786523345489	0.049554853600612084	0.15326095301986403	d__Bacteria	p__Bacillota	c__Clostridia	o__Clostridia_vadinBB60_group	f__Incertae_Sedis	g__Incertae_Sedis	NA
70ddad189efe9ddcc2c47c9920ece35a	1.167708582324343	0.27490702699355113	0.3798911214076834	0.723646885915326	0.46928254902998867	NA	d__Bacteria	p__Bacillota	c__Clostridia	o__Clostridia_vadinBB60_group	f__Incertae_Sedis	g__Incertae_Sedis	NA
4876553b9fed8291dbf1c63b0ac0886a	1.3405939127988609	0.10897627288879914	0.4048724224468447	0.26916200473769375	0.7878050174429415	0.9117006004464411	d__Bacteria	p__Bacillota	c__Clostridia	o__Clostridia_vadinBB60_group	f__Incertae_Sedis	g__Incertae_Sedis	NA
fbb2ccdf9eee6835b98ab9fad97f117a	1.3406036299595472	0.21078239097484427	0.41046117547145444	0.5135257694780517	0.6075835895403586	0.7289561971241513	d__Bacteria	p__Bacillota	c__Clostridia	o__Clostridia_vadinBB60_group	f__Incertae_Sedis	g__Incertae_Sedis	NA
982629840b81e393c6557db91ae1fbf2	1.9412116418579413	0.5803355986775597	0.4439489968230103	1.307212321303933	0.19114061205697455	0.3370133522756028	d__Bacteria	p__Bacillota	c__Clostridia	o__Clostridia_vadinBB60_group	f__Incertae_Sedis	g__Incertae_Sedis	NA
6f367ff90d4b2f61c62dd529f04ed066	1.2684588103189203	-0.7499684593934869	0.3673253644370221	-2.041700715503051	0.04118122776011438	0.1335573556840184	d__Bacteria	p__Bacillota	c__Clostridia	o__Clostridia_vadinBB60_group	f__Incertae_Sedis	g__Incertae_Sedis	NA
e5d5579394f57557a5a7d9c83314c541	1.2256278898600672	0.39512233280737735	0.3870715803134446	1.0207991309705906	0.30734961623348045	0.44878427073284904	d__Bacteria	p__Bacillota	c__Clostridia	o__Clostridia_vadinBB60_group	f__Incertae_Sedis	g__Incertae_Sedis	NA
6ea7ac3c41a98c51511fa7bc7c2a6419	1.470427264221088	0.8167352513663237	0.4386906615402088	1.8617566384906161	0.06263740106911785	0.1827783518896916	d__Bacteria	p__Bacillota	c__Clostridia	o__Clostridia_vadinBB60_group	f__Incertae_Sedis	g__Incertae_Sedis	NA
73c80ed30771e7bcfbc9af53fe9dabc0	1.4553266751970293	0.4508920607897792	0.4306570600071673	1.0469863440350313	0.29510587654123854	0.4440239856936749	d__Bacteria	p__Bacillota	c__Clostridia	o__Clostridia_vadinBB60_group	f__Incertae_Sedis	g__Incertae_Sedis	NA
a8ac01afffd265cc3a0552d5bc56e029	1.0531791811445184	-6.59116503826741e-4	0.3891799900959431	-0.0016936032699529373	0.9986487007447662	NA	d__Bacteria	p__Bacillota	c__Clostridia	o__Clostridia_vadinBB60_group	f__Incertae_Sedis	g__Incertae_Sedis	NA
2d6f13426a55dd91c947edf4853bb3e9	1.0531791811445184	-6.59116503826741e-4	0.3891799900959431	-0.0016936032699529373	0.9986487007447662	NA	d__Bacteria	p__Bacillota	c__Clostridia	o__Clostridia_vadinBB60_group	f__Incertae_Sedis	g__Incertae_Sedis	NA
ca164e68ce5db67ae0182d9c3bafc5fa	1.2829139536921412	-6.590813099215527e-4	0.4034378496788626	-0.0016336625590439341	0.9986965264463737	0.9990603906560739	d__Bacteria	p__Bacillota	c__Clostridia	o__Christensenellales	f__Christensenellaceae	g__Christensenellaceae_R-7_group	NA
5b846d1ab66d3631a31c9678f4e4b8d5	1.0531791811445184	-6.59116503826741e-4	0.3891799900959431	-0.0016936032699529373	0.9986487007447662	NA	d__Bacteria	p__Bacillota	c__Clostridia	o__Christensenellales	f__Christensenellaceae	g__Christensenellaceae_R-7_group	NA
08c53fdf2c7b879ac5e38d5730b65fd9	1.669562315364013	-0.36561481019138203	0.4048569553835046	-0.9030715795534499	0.3664879065191983	0.4964076681195218	d__Bacteria	p__Bacillota	c__Clostridia	o__Christensenellales	f__Christensenellaceae	g__Christensenellaceae_R-7_group	NA
e9f7d02e967c2cafc57e9734d62b40f9	1.4848767301575767	0.8381858195425252	0.42797400184533846	1.95849704871893	0.05017171700843559	0.15383109783908266	d__Bacteria	p__Bacillota	c__Clostridia	o__Christensenellales	f__Christensenellaceae	g__Christensenellaceae_R-7_group	NA
a59281c2e5b485694bad1587ee5e4e6a	1.1395063707465674	0.2108301148557405	0.3814620075898308	0.552689679865673	0.580475921304127	NA	d__Bacteria	p__Bacillota	c__Clostridia	o__Christensenellales	f__Christensenellaceae	g__Christensenellaceae_R-7_group	NA
43119e5f1eb41e9ee1776d7a6504126f	1.0531791811445184	-6.59116503826741e-4	0.3891799900959431	-0.0016936032699529373	0.9986487007447662	NA	d__Bacteria	p__Bacillota	c__Clostridia	o__Christensenellales	f__Christensenellaceae	g__Christensenellaceae_R-7_group	NA
98733e7d335f309921890faeea796c8c	10.03050613674059	1.1999336243724805	0.6740527145772695	1.7801777196684327	0.07504688048662492	0.19820549871096232	d__Bacteria	p__Bacillota	c__Clostridia	o__Christensenellales	f__Christensenellaceae	g__Christensenellaceae_R-7_group	NA
088e71a0b399b4a88aaea45af78dbe72	1.0531791811445184	-6.59116503826741e-4	0.3891799900959431	-0.0016936032699529373	0.9986487007447662	NA	d__Bacteria	p__Bacillota	c__Clostridia	o__Christensenellales	f__Christensenellaceae	g__Christensenellaceae_R-7_group	NA
b621d4b3cca1ec89ceca12efca8a94fb	30.32088016745303	1.6705421622597063	0.6968838881202815	2.3971599727548476	0.016522708325395298	0.06754685740688424	d__Bacteria	p__Bacillota	c__Clostridia	o__Christensenellales	f__Christensenellaceae	g__Christensenellaceae_R-7_group	NA
77dfd5e696dade82fcb74c36f15e5a7f	1.2121155168160818	-6.591186688884895e-4	0.3947747853110507	-0.0016696068072563376	0.9986678471247942	0.9990603906560739	d__Bacteria	p__Bacillota	c__Clostridia	o__Christensenellales	f__Christensenellaceae	g__Christensenellaceae_R-7_group	NA
94928715987dcb9638dd5c0e8f9b20f4	4.34216956511159	2.263597595601943	0.5529840351952501	4.093423049370136	4.2505118091565715e-5	5.599130988111188e-4	d__Bacteria	p__Bacillota	c__Clostridia	o__Christensenellales	f__Christensenellaceae	g__Christensenellaceae_R-7_group	NA
f9e4ec270767279a3abdbcbb013a0399	1.0531791811445184	-6.59116503826741e-4	0.3891799900959431	-0.0016936032699529373	0.9986487007447662	NA	d__Bacteria	p__Bacillota	c__Clostridia	o__Christensenellales	f__Christensenellaceae	g__Christensenellaceae_R-7_group	NA
914cceeab4eb1f150d34967b4804f7d2	1.0531791811445184	-6.59116503826741e-4	0.3891799900959431	-0.0016936032699529373	0.9986487007447662	NA	d__Bacteria	p__Bacillota	c__Clostridia	o__Christensenellales	f__Christensenellaceae	g__Christensenellaceae_R-7_group	NA
7f68cdb24a46c3c6121ad93e2bfcbe57	2.6279584473671003	1.9539273922690752	0.5458617598577689	3.579527887753477	3.442155148231174e-4	0.0032502473833297897	d__Bacteria	p__Bacillota	c__Clostridia	o__Christensenellales	f__Christensenellaceae	g__Christensenellaceae_R-7_group	NA
7c104699e795bbf45f90fceac906e6b4	1.0531791811445184	-6.59116503826741e-4	0.3891799900959431	-0.0016936032699529373	0.9986487007447662	NA	d__Bacteria	p__Bacillota	c__Clostridia	o__Christensenellales	f__Christensenellaceae	g__Christensenellaceae_R-7_group	NA
ec3fb46d480986fb53bc5007d802776a	1.1826699655475919	0.30597136481594245	0.3793965224292098	0.8064685539468341	0.41997273268518887	NA	d__Bacteria	p__Bacillota	c__Clostridia	o__Christensenellales	f__Christensenellaceae	g__Christensenellaceae_R-7_group	NA
39f302cd1e558fa137dcd120a4b3a1a1	1.0531791811445184	-6.59116503826741e-4	0.3891799900959431	-0.0016936032699529373	0.9986487007447662	NA	d__Bacteria	p__Bacillota	c__Clostridia	o__Christensenellales	f__Christensenellaceae	g__Christensenellaceae_R-7_group	NA
2ec15f85a70bac9db588d177c5c10e4c	2.0473053565951305	-2.047526814401612	0.4172161376715107	-4.907592563003168	9.220114423828033e-7	2.2878749047033746e-5	d__Bacteria	p__Bacillota	c__Clostridia	o__Christensenellales	f__Christensenellaceae	g__Christensenellaceae_R-7_group	NA
fec259b8c538eb738b2f1fcd7bdde7c4	1.168562601051584	-6.591260000564186e-4	0.39220456029284706	-0.0016805668948985946	0.9986591022523481	NA	d__Bacteria	p__Bacillota	c__Clostridia	o__Christensenellales	f__Christensenellaceae	g__Christensenellaceae_R-7_group	NA
c66ec67719e54d2cb0afc3154b3c23af	1.813960471211839	-0.1588801642406536	0.4376395199309463	-0.3630388870404638	0.7165758355007125	0.8402048532739124	d__Bacteria	p__Bacillota	c__Clostridia	o__Christensenellales	f__Christensenellaceae	g__Christensenellaceae_R-7_group	NA
4bd994177ca1ba1f35094e6772a672eb	1.0531791811445184	-6.59116503826741e-4	0.3891799900959431	-0.0016936032699529373	0.9986487007447662	NA	d__Bacteria	p__Bacillota	c__Clostridia	o__Christensenellales	f__Christensenellaceae	g__Christensenellaceae_R-7_group	NA
d2d6552fd2bead3dc0a0e8074d0c1bea	1.2406772384935	-6.591079035208129e-4	0.39746516593599945	-0.0016582784103071403	0.9986768858653057	0.9990603906560739	d__Bacteria	p__Bacillota	c__Clostridia	o__Christensenellales	f__Christensenellaceae	g__Christensenellaceae_R-7_group	NA
35ea9460c84f1e75f939a7fa94bdb441	2.9135987979641347	-2.5090973738077587	0.44434653422659054	-5.646713050603579	1.6354446072053425e-8	7.587040851687394e-7	d__Bacteria	p__Bacillota	c__Clostridia	o__Christensenellales	f__Christensenellaceae	g__Christensenellaceae_R-7_group	NA
53b2e8677ee8134bbcb5396218d5b4dc	2.2044990126905546	-2.2109436893970194	0.45024283998552117	-4.9105582433429005	9.08174756303267e-7	2.2878749047033746e-5	d__Bacteria	p__Bacillota	c__Clostridia	o__Christensenellales	f__Christensenellaceae	g__Christensenellaceae_R-7_group	NA
333dee9a5c3360c82d92e4d5cafb2b6e	1.1540397021384277	0.2432572307321687	0.38061027758366706	0.6391241778243759	0.5227421524013856	NA	d__Bacteria	p__Bacillota	c__Clostridia	o__Christensenellales	f__Christensenellaceae	g__Christensenellaceae_R-7_group	NA
adb33442e0d50f08eac8ecd41cafd4ab	1.0531791811445184	-6.59116503826741e-4	0.3891799900959431	-0.0016936032699529373	0.9986487007447662	NA	d__Bacteria	p__Bacillota	c__Clostridia	o__Christensenellales	f__Christensenellaceae	g__Christensenellaceae_R-7_group	NA
5d81ab62df71143d6feca29e59419248	1.2536056332092114	0.4515873716508335	0.3809659178205321	1.1853747291472154	0.2358693187844001	0.38518479708292525	d__Bacteria	p__Bacillota	c__Clostridia	o__Christensenellales	f__Christensenellaceae	g__Christensenellaceae_R-7_group	NA
7056e30597f229b4acf906de9a4c432d	1.1828569938509732	0.30598737776609475	0.3794034096836243	0.8064961198457613	0.41995684441313846	NA	d__Bacteria	p__Bacillota	c__Clostridia	o__Christensenellales	f__Christensenellaceae	g__Christensenellaceae_R-7_group	NA
143370e10dab7fdbcbdeda0f8b19658a	1.5280473530950294	-6.589626051964956e-4	0.4349732028160818	-0.001514949888706414	0.9987912453357746	0.9990603906560739	d__Bacteria	p__Bacillota	c__Clostridia	o__Christensenellales	f__Christensenellaceae	g__Christensenellaceae_R-7_group	NA
45aea834beb1b1b53d8db337520b771e	1.5983304639471398	0.9974234752238902	0.4327875473730261	2.3046492009258204	0.021186228067274233	0.08060630743880248	d__Bacteria	p__Bacillota	c__Clostridia	o__Christensenellales	f__Christensenellaceae	g__Christensenellaceae_R-7_group	NA
4bdbaae586dedec92168f93266de0979	1.0531791811445184	-6.59116503826741e-4	0.3891799900959431	-0.0016936032699529373	0.9986487007447662	NA	d__Bacteria	p__Bacillota	c__Clostridia	o__Christensenellales	f__Christensenellaceae	g__Christensenellaceae_R-7_group	NA
2b7ca3f17ad95fffabe88f1bb4fcd736	1.3538188592415574	0.6327114233498804	0.42268225773918755	1.4968961004752879	0.13442029505373637	0.27423796333142775	d__Bacteria	p__Bacillota	c__Clostridia	o__Christensenellales	f__Christensenellaceae	g__Christensenellaceae_R-7_group	NA
32946a13151283c45561a1d0ca4223a0	2.1603159042541624	-0.8165850994899664	0.4372199223620308	-1.867675871397759	0.06180726381710433	0.18268241133753552	d__Bacteria	p__Bacillota	c__Clostridia	o__Christensenellales	f__Christensenellaceae	g__Christensenellaceae_R-7_group	NA
ae718fc0d3c7bb18fbba060616d5e2cc	1.22540288448404	-0.6284784559774984	0.3514759929366723	-1.7881120435179634	0.07375793293508515	0.1957990201831986	d__Bacteria	p__Bacillota	c__Clostridia	o__Christensenellales	f__Christensenellaceae	g__Christensenellaceae_R-7_group	NA
b7bd3c9381627856472384813fe3b213	1.9418886593669045	0.35376503449425534	0.43876322008047625	0.806277778774094	0.42008270024744815	0.5465895006706948	d__Bacteria	p__Bacillota	c__Clostridia	o__Christensenellales	f__Christensenellaceae	g__Christensenellaceae_R-7_group	NA
355cd350f78139a0d706e9bc4cdc831f	1.1394035355022927	0.2108237390034291	0.38145943177247477	0.5526766975555529	0.5804848125480591	NA	d__Bacteria	p__Bacillota	c__Clostridia	o__Christensenellales	f__Christensenellaceae	g__Christensenellaceae_R-7_group	NA
b1162bcb5e03ffb9e3911aec18b6f761	1.2402214252822912	0.0649897329723637	0.3625691135193448	0.1792478469595182	0.8577430956136751	0.979884243061875	d__Bacteria	p__Bacillota	c__Clostridia	o__Christensenellales	f__Christensenellaceae	g__Christensenellaceae_R-7_group	NA
3971f12074ab43063f75c7cf8030f49d	1.3700862662921267	0.14365369621383656	0.4222721358940955	0.34019222203632316	0.7337117751790826	0.8555961356459904	d__Bacteria	p__Bacillota	c__Clostridia	o__Christensenellales	f__Christensenellaceae	g__Christensenellaceae_R-7_group	NA
f9e98849a5f849f9d9a8dfb3ec13c2aa	1.2112571641337717	0.36605382645920115	0.3790500765004196	0.9657136329816726	0.3341874957796016	0.46631086824824164	d__Bacteria	p__Bacillota	c__Clostridia	o__Christensenellales	f__Christensenellaceae	g__Incertae_Sedis	NA
9e0326554068ca2dfdaf5f8ab043fea8	1.8571016884503682	-0.7066459388228167	0.39553533886525694	-1.786555762248952	0.07400931704334106	0.19595022651425537	d__Bacteria	p__Bacillota	c__Clostridia	o__Christensenellales	f__Christensenellaceae	g__Incertae_Sedis	NA
301bd335294fbc78395b5ae14ca4382d	1.1827185762401857	0.305975527665091	0.37939831187759304	0.8064757224428801	0.41996860091526306	NA	d__Bacteria	p__Bacillota	c__Clostridia	o__Christensenellales	f__Christensenellaceae	g__Incertae_Sedis	NA
c3f21101b8845fd1c974cb14578fb119	1.8017811157336352	0.6819836129799829	0.4439113837057346	1.5363057538350144	0.12446340898868512	0.26400479990240483	d__Bacteria	p__Bacillota	c__Clostridia	o__Christensenellales	f__Christensenellaceae	g__Incertae_Sedis	NA
51f5ecce966bb67afae2da7419008535	1.0387324637811943	0.0664557704665521	0.3947108525825347	0.16836570373411786	0.8662955873726614	NA	d__Bacteria	p__Bacillota	c__Clostridia	o__Christensenellales	f__Christensenellaceae	g__Incertae_Sedis	NA
74a750b1f79b91c619bec39d4337123d	1.1682821006139168	0.2749508805309282	0.3799094262637573	0.7237274506056605	0.4692330769951676	NA	d__Bacteria	p__Bacillota	c__Clostridia	o__Christensenellales	f__Christensenellaceae	g__Incertae_Sedis	NA
6e129c93672f058c66c7090dbf93dbdf	1.456045885346691	-0.3918003085046255	0.3895226194658507	-1.00584738581266	0.3144889888964162	0.4571658735047358	d__Bacteria	p__Bacillota	c__Clostridia	o__Christensenellales	f__Christensenellaceae	g__Incertae_Sedis	NA
839a9ecc3aa835396a25f5bb0be485ef	1.0531791811445184	-6.59116503826741e-4	0.3891799900959431	-0.0016936032699529373	0.9986487007447662	NA	d__Bacteria	p__Bacillota	c__Clostridia	o__Christensenellales	f__Christensenellaceae	g__Incertae_Sedis	NA
2dbaf07cdc2dece27cda9675d3850efe	1.2112571641337717	0.36605382645920115	0.3790500765004196	0.9657136329816726	0.3341874957796016	0.46631086824824164	d__Bacteria	p__Bacillota	c__Clostridia	o__Christensenellales	f__Christensenellaceae	g__Incertae_Sedis	NA
d23bbe506e4ded19e9dd017b65275bab	1.2986678841386465	0.532828350550059	0.38675791169057966	1.3776792521734913	0.16830233993419133	0.30995491357927085	d__Bacteria	p__Bacillota	c__Clostridia	o__Christensenellales	f__Christensenellaceae	g__Incertae_Sedis	NA
d8537902e4dcfa178669c3174fe5a107	1.167708582324343	0.27490702699355113	0.3798911214076834	0.723646885915326	0.46928254902998867	NA	d__Bacteria	p__Bacillota	c__Clostridia	o__Christensenellales	f__Christensenellaceae	g__Incertae_Sedis	NA
003e253932cf83d92de80661474011ca	1.3263724947574789	0.36603604578790067	0.3894386917082981	0.9399067262224505	0.347265406867591	0.4805864969231123	d__Bacteria	p__Bacillota	c__Clostridia	o__Christensenellales	f__Christensenellaceae	g__Christensenella	NA
5e581b06024ab980e25ee550e0b97247	1.326727656628101	-0.6062557238904819	0.34369064596832283	-1.7639575909387974	0.07773911953140682	0.2034201857995439	d__Bacteria	p__Bacillota	c__Clostridia	o__Christensenellales	f__Christensenellaceae	g__Christensenella	NA
a7e28b3f4879359a929a0da8c8557757	1.4546235591883812	0.4510477492348982	0.4174101578186384	1.0805864226976363	0.27988112473844745	0.4254033619600049	d__Bacteria	p__Bacillota	c__Clostridia	o__Clostridia_vadinBB60_group	f__Incertae_Sedis	g__Incertae_Sedis	NA
c25c731bb559a287c1b02eed7d618c72	1.1396310562821548	0.21083783569337333	0.3814651326074608	0.5527053921080957	0.5804651604864424	NA	d__Bacteria	p__Bacillota	c__Clostridia	o__Clostridia_vadinBB60_group	f__Incertae_Sedis	g__Incertae_Sedis	NA
4cdc5b820b31c7b2c0720f917d9cd3f7	1.311653624435343	-0.17015035876330042	0.3647011765090191	-0.46654732620280587	0.6408237802611281	0.7614242467022535	d__Bacteria	p__Bacillota	c__Clostridia	o__Christensenellales	f__Christensenellaceae	g__Christensenellaceae_R-7_group	NA
8f8ff8009eb606b59b707de95a57cd2a	1.527223397374021	0.5435437472840302	0.40809453752394464	1.3319064513382226	0.1828909308512994	0.33244399185406553	d__Bacteria	p__Bacillota	c__Clostridia	o__Christensenellales	f__Christensenellaceae	g__Christensenellaceae_R-7_group	NA
77a2b14a88861f23bf02740d28c0b2c4	1.1966989339274532	-0.541091321830465	0.3542761920275064	-1.5273149424290249	0.1266827156045276	0.26400479990240483	d__Bacteria	p__Bacillota	c__Clostridia	o__Peptococcales	f__Peptococcaceae	g__Incertae_Sedis	NA
b6ed1fda48450bc73938e1aad922a581	1.4690322743864495	-0.3642168526342376	0.3768082519385234	-0.9665840669902842	0.33375200274905736	0.46631086824824164	d__Bacteria	p__Bacillota	c__Clostridia	o__Peptococcales	f__Peptococcaceae	g__Incertae_Sedis	NA
1c6f08b1cce4b4cf896a955ae9a58959	1.2543693413126589	0.45171695862852496	0.3810266085331144	1.185526019737981	0.23580953318721415	0.38518479708292525	d__Bacteria	p__Bacillota	c__Clostridia	o__Peptococcales	f__Peptococcaceae	g__Incertae_Sedis	NA
26736c7ee02864e6bbab37424d69a4ed	3.423483019919308	0.09599169844240053	0.5516970751010968	0.17399348804742232	0.8618705799584276	0.9826379955220905	d__Bacteria	p__Bacillota	c__Clostridia	o__Christensenellales	f__Christensenellaceae	g__Christensenellaceae_R-7_group	NA
0b4aeb45916a24fd10e3655fe6481966	1.239289458061733	0.42344308743722653	0.39146335079768146	1.0816927985068852	0.27938905416759824	0.4252612279555311	d__Bacteria	p__Bacillota	c__Clostridia	o__Christensenellales	f__Christensenellaceae	g__Christensenellaceae_R-7_group	NA
90af3675c266d09bb7986147ac5885ec	5.491575398517704	-3.2929646456861317	0.5715576965556655	-5.761386235423428	8.342588623428978e-9	4.45077103059936e-7	d__Bacteria	p__Bacillota	c__Clostridia	o__Christensenellales	f__Christensenellaceae	g__Incertae_Sedis	NA
84aaf0e8aaafa4138e3a8dd837359272	1.0531791811445184	-6.59116503826741e-4	0.3891799900959431	-0.0016936032699529373	0.9986487007447662	NA	d__Bacteria	p__Bacillota	c__Clostridia	o__Christensenellales	f__Christensenellaceae	g__Incertae_Sedis	NA
76fd82a7ab8e38456debb345f1c5e0ce	1.0531791811445184	-6.59116503826741e-4	0.3891799900959431	-0.0016936032699529373	0.9986487007447662	NA	d__Bacteria	p__Bacillota	c__Clostridia	o__Christensenellales	f__Christensenellaceae	g__Incertae_Sedis	NA
d1b9cd324ba837bb9f2e780dc1116882	1.0531791811445184	-6.59116503826741e-4	0.3891799900959431	-0.0016936032699529373	0.9986487007447662	NA	d__Bacteria	p__Bacillota	c__Clostridia	o__Christensenellales	f__Christensenellaceae	g__Incertae_Sedis	NA
9683ad489dfae3d20fb1af327c5d694e	1.2965541586516454	0.5322828264192092	0.3865280863521142	1.377087060975738	0.16848533259229342	0.30995491357927085	d__Bacteria	p__Bacillota	c__Clostridia	o__Oscillospirales	f__Oscillospiraceae	g__Ruminiclostridium	NA
eb2c67615eb41fa15a21c4d3a12528c6	1.8140874802064837	-0.705667224091841	0.4073173049503638	-1.7324754325815706	0.08318894757181011	0.21033793141971893	d__Bacteria	p__Bacillota	c__Clostridia	o__Oscillospirales	f__Oscillospiraceae	g__Ruminiclostridium	NA
04f97d9d8bc8c5cb78917285aa69db66	1.2549343425897237	0.45181297741918897	0.381071597159819	1.1856380291436455	0.2357652772681732	0.38518479708292525	d__Bacteria	p__Bacillota	c__Clostridia	o__Oscillospirales	f__Oscillospiraceae	g__Ruminiclostridium	NA
75bf5a0b24ffb76d3ba75ad1d75b7d23	1.0531791811445184	-6.59116503826741e-4	0.3891799900959431	-0.0016936032699529373	0.9986487007447662	NA	d__Bacteria	p__Bacillota	c__Clostridia	o__Oscillospirales	f__Oscillospiraceae	g__Ruminiclostridium	NA
b566a93d1c03d8c54a5e167b00ae9cc5	1.038742922832062	-0.0391335405035363	0.3908606794902159	-0.10012145646007836	0.9202479011292768	NA	d__Bacteria	p__Bacillota	c__Clostridia	o__Monoglobales	f__Monoglobaceae	g__Monoglobus	NA
f0015c3b64e80303ed3d858f0618bc43	3.0541069670354255	0.390422049980222	0.5062780175703734	0.7711613706908631	0.44061128786929094	0.5652036978873437	d__Bacteria	p__Bacillota	c__Clostridia	o__Monoglobales	f__Monoglobaceae	g__Monoglobus	NA
7bb805601c05eea7d625e549b1f02ae7	1.2404266249883105	-6.591080361407481e-4	0.3974412658696621	-0.0016583784642958985	0.9986768060338825	0.9990603906560739	d__Bacteria	p__Bacillota	c__Clostridia	o__Monoglobales	f__Monoglobaceae	g__Monoglobus	NA
5437b935fd51797a030ebe750c7d9093	1.0531791811445184	-6.59116503826741e-4	0.3891799900959431	-0.0016936032699529373	0.9986487007447662	NA	d__Bacteria	p__Bacillota	c__Clostridia	o__Monoglobales	f__Monoglobaceae	g__Monoglobus	NA
0c410683e68edf42337559941e5d3018	1.1968864384074758	0.33632053572482823	0.3790885005773135	0.887182109751802	0.3749808627032189	0.4964076681195218	d__Bacteria	p__Bacillota	c__Clostridia	o__Monoglobales	f__Monoglobaceae	g__Monoglobus	NA
75c1eab5044adfefdb466e06f90d0775	1.38370587284932	0.6813439130075787	0.42898169726535107	1.588282011449375	0.11222258330811057	0.25777210180864046	d__Bacteria	p__Bacillota	c__Clostridia	o__Incertae_Sedis	f__Incertae_Sedis	g__Incertae_Sedis	NA
41bc79030d183e5861667959389e58d8	1.1826699655475916	0.30597136481594234	0.37939652242920957	0.8064685539468344	0.4199727326851887	NA	d__Bacteria	p__Bacillota	c__Clostridia	o__Monoglobales	f__Monoglobaceae	g__Monoglobus	NA
81d8bf5f800f7da13be5d9afa704b5f2	1.8869972811675728	0.014608362525333493	0.4171664024253817	0.035018070583827714	0.972065331467668	0.9990603906560739	d__Bacteria	p__Bacillota	c__Clostridia	o__Oscillospirales	f__Ruminococcaceae	g__Incertae_Sedis	NA
7a80eb794179e899066579742bc71f18	1.370385558586429	0.3364131393848587	0.41289469335899165	0.8147674087260889	0.4152054597275946	0.5422573139894045	d__Bacteria	p__Bacillota	c__Clostridia	o__Oscillospirales	f__Ruminococcaceae	g__Incertae_Sedis	NA
8fb058cd7793ecee9379e212a686a522	1.1398472445033296	-0.34858884680520363	0.36429433340558054	-0.9568879195743858	0.33862382928702506	NA	d__Bacteria	p__Bacillota	c__Clostridia	o__Oscillospirales	f__Ruminococcaceae	g__Ruminococcus	NA
d4454a4ebd63a8e375dadd2632588f59	4.675276346792239	1.2868174000493513	0.5428565978260297	2.3704554853024744	0.017766183164221568	0.06969307880964858	d__Bacteria	p__Bacillota	c__Clostridia	o__Oscillospirales	f__Ruminococcaceae	g__Ruminococcus	NA
41c54ddeccb5d2627a87232277c53792	1.1543062026877857	-0.3992184614208031	0.36130928853478517	-1.1049216670840396	0.2691935329663698	NA	d__Bacteria	p__Bacillota	c__Clostridia	o__Oscillospirales	f__Ruminococcaceae	g__Ruminococcus	NA
cd1eb48c9d9038445e1f624891354a9a	1.1826699655475919	-0.4953622816041311	0.3562873209821843	-1.3903449615848134	0.1644241508803351	NA	d__Bacteria	p__Bacillota	c__Clostridia	o__Oscillospirales	f__Ruminococcaceae	g__Ruminococcus	NA
8626bb49cf8e427a0238c25c571dc841	1.0531791811445184	-6.59116503826741e-4	0.3891799900959431	-0.0016936032699529373	0.9986487007447662	NA	d__Bacteria	p__Bacillota	c__Clostridia	o__Oscillospirales	f__Ruminococcaceae	g__Ruminococcus	NA
4b86d0750adaa67a8d6abcbf640c4a69	1.2404266249883102	-0.670337329331868	0.36177554569283393	-1.852909455358873	0.0638953376334161	0.1827783518896916	d__Bacteria	p__Bacillota	c__Clostridia	o__Oscillospirales	f__Ruminococcaceae	g__Ruminococcus	NA
a6d3beca765c1e2453b658614facf89f	1.628892798918246	-1.032646388995161	0.423673925174686	-2.4373612054822305	0.014794892620209922	0.06239585148523315	d__Bacteria	p__Bacillota	c__Clostridia	o__Oscillospirales	f__Ruminococcaceae	g__Ruminococcus	NA
a62fa6e25e8805dafe5b628529c90023	2.5764555716258206	1.3769848397226478	0.5216810875498724	2.6395145857976092	0.008302485046756021	0.04063647497655355	d__Bacteria	p__Bacillota	c__Clostridia	o__Oscillospirales	f__Ruminococcaceae	g__Ruminococcus	NA
45d4edd0897f2ac111575c3cf577c229	1.1976667590277577	0.3363960192330889	0.3791219541161629	0.8873029260922655	0.3749158306321346	0.4964076681195218	d__Bacteria	p__Bacillota	c__Clostridia	o__Oscillospirales	f__Ruminococcaceae	g__Ruminococcus	NA
91587a85e342f8dba27f54e15ac0ea77	2.1489321661031	0.5301475393562557	0.4641146714508375	1.1422770534251747	0.2533388762253866	0.4070972604404932	d__Bacteria	p__Bacillota	c__Clostridia	o__Lachnospirales	f__Lachnospiraceae	g__Tyzzerella	NA
0c0ac1c8923f1a5be22bf2e2d6ed5db5	1.1396010783031916	0.21083598035546802	0.3814643810740639	0.5527016172829327	0.5804677457362288	NA	d__Bacteria	p__Bacillota	c__Clostridia	o__Lachnospirales	f__Lachnospiraceae	g__Tyzzerella	NA
1d49df56b83a383d8b998af9d148f52c	1.1255191913314466	-0.38707864552960186	0.3659658091963363	-1.0576907344968358	0.29019646080333356	NA	d__Bacteria	p__Bacillota	c__Clostridia	o__Clostridiales	f__Clostridiaceae	g__Clostridium	NA
821130ba72e86c335c55c269f31db0d0	1.0386805954253813	0.06645873191826909	0.39471031275526086	0.16837343684880274	0.8662895040793808	NA	d__Bacteria	p__Bacillota	c__Clostridia	o__Clostridiales	f__Clostridiaceae	g__Clostridium	NA
454ff5fa8a3c6b293cea935aeb9cfb8e	3.2908254980903116	2.34539146987929	0.5546497786122101	4.2285989471549	2.35151094271656e-5	3.484808577609124e-4	d__Bacteria	p__Bacillota	c__Clostridia	o__Clostridiales	f__Clostridiaceae	g__Clostridium	NA
6a1f9223fe78243056d2ddb2ad7a01dc	1.0531791811445184	-6.59116503826741e-4	0.3891799900959431	-0.0016936032699529373	0.9986487007447662	NA	d__Bacteria	p__Bacillota	c__Clostridia	o__Clostridiales	f__Clostridiaceae	g__Clostridium	NA
e6de6480d9bff89bb2db6e6d1867433a	1.0531791811445184	-6.59116503826741e-4	0.3891799900959431	-0.0016936032699529373	0.9986487007447662	NA	d__Bacteria	p__Bacillota	c__Clostridia	o__Clostridiales	f__Clostridiaceae	g__Clostridium	NA
e0a1469cfaca31e7abb494be5eb651de	1.0531791811445184	-6.59116503826741e-4	0.3891799900959431	-0.0016936032699529373	0.9986487007447662	NA	d__Bacteria	p__Bacillota	c__Clostridia	o__Clostridiales	f__Clostridiaceae	g__Clostridium	NA
9580aa8a52ec18a4e92e701cdb595faa	2.5545500456399854	-6.587874230132142e-4	0.5279429485196709	-0.0012478382841563192	0.9990043693570757	0.9990603906560739	d__Bacteria	p__Bacillota	c__Clostridia	o__Clostridiales	f__Clostridiaceae	g__Clostridium	NA
cad9a0184a1685d8a9ce0fd386af09d1	1.0531791811445184	-6.59116503826741e-4	0.3891799900959431	-0.0016936032699529373	0.9986487007447662	NA	d__Bacteria	p__Bacillota	c__Clostridia	o__Clostridiales	f__Clostridiaceae	g__Clostridium	NA
cb2884bdcf809b269d220f1191cc9c22	1.0531791811445184	-6.59116503826741e-4	0.3891799900959431	-0.0016936032699529373	0.9986487007447662	NA	d__Bacteria	p__Bacillota	c__Clostridia	o__Clostridiales	f__Clostridiaceae	g__Clostridium	NA
4ebcf74b2783b601ceaf1ca7a994420a	1.0531791811445184	-6.59116503826741e-4	0.3891799900959431	-0.0016936032699529373	0.9986487007447662	NA	d__Bacteria	p__Bacillota	c__Clostridia	o__Clostridiales	f__Clostridiaceae	g__Clostridium	NA
9acb555d3c5dd77e9035a661e7ad1bb6	3.0941996690516547	-1.2452194587403111	0.46635462219453516	-2.6701128271885772	0.0075825762962451705	0.03816324956647923	d__Bacteria	p__Bacillota	c__Clostridia	o__Clostridiales	f__Clostridiaceae	g__Clostridium	NA
dd918c333e5c4fef9c92068fddda1c3e	1.1254314254222975	-0.2961228434306804	0.36770446252407024	-0.8053283917142995	0.42063020213224595	NA	d__Bacteria	p__Bacillota	c__Clostridia	o__Clostridiales	f__Clostridiaceae	g__Clostridium	NA
15f9f1362adc49cd842b7237b2e311a7	1.4555595014807985	0.7947428295665114	0.4392344877043057	1.809381667000464	0.07039172931501195	0.19258455174132758	d__Bacteria	p__Bacillota	c__Clostridia	o__Clostridiales	f__Clostridiaceae	g__Clostridium	NA
40874d61006874f7c87d904707d320d9	3.8285681925427673	-0.2864721493780369	0.5368292072789281	-0.5336374129680884	0.5935924183925634	0.7132467459739473	d__Bacteria	p__Bacillota	c__Clostridia	o__Clostridiales	f__Clostridiaceae	g__Clostridium	NA
971fe800f49e285bf9231540771af7ef	1.0531791811445184	-6.59116503826741e-4	0.3891799900959431	-0.0016936032699529373	0.9986487007447662	NA	d__Bacteria	p__Bacillota	c__Clostridia	o__Clostridiales	f__Clostridiaceae	g__Clostridium	NA
78500a9f64f33ec04e40892a3f534176	1.4275878769296255	0.45190312619286716	0.40767862808278443	1.108478823915936	0.26765507955691287	0.4224674110757782	d__Bacteria	p__Bacillota	c__Clostridia	o__Lachnospirales	f__Lachnospiraceae	g__Lachnospiraceae_UCG-010	NA
94a78de372f84ee85becee23876e82c9	1.2970494800318157	-6.59070199923807e-4	0.4059002931801937	-0.0016237243751662481	0.9987044559593351	0.9990603906560739	d__Bacteria	p__Bacillota	c__Clostridia	o__Lachnospirales	f__Lachnospiraceae	g__Lachnospiraceae_UCG-010	NA
b5c5a71372eea1709c1bff19a2f24272	1.4582832381913151	0.7965473743728175	0.4391895777751511	1.8136754938675264	0.06972770009194781	0.19258455174132758	d__Bacteria	p__Bacillota	c__Clostridia	o__Lachnospirales	f__Lachnospiraceae	g__Anaerotignum	NA
77b224861626fb57ceb1db2cd5d23f90	1.1399871933688324	-0.34860370002934044	0.3642973685330261	-0.9569207195569877	0.33860727237443294	NA	d__Bacteria	p__Bacillota	c__Clostridia	o__Lachnospirales	f__Lachnospiraceae	g__Anaerotignum	NA
56bd657709951a35509cede761b83f67	1.1533924071768649	0.2432127915625034	0.3805920973254577	0.6390379444860717	0.5227982477672373	NA	d__Bacteria	p__Bacillota	c__Clostridia	o__Lachnospirales	f__Lachnospiraceae	g__Lachnospiraceae_UCG-010	NA
f46deaf5851879b6a8d849043a70f8f5	1.0531791811445184	-6.59116503826741e-4	0.3891799900959431	-0.0016936032699529373	0.9986487007447662	NA	d__Bacteria	p__Bacillota	c__Clostridia	o__Lachnospirales	f__Lachnospiraceae	g__Lachnospiraceae_UCG-010	NA
30d449cb741107dea4fc03415f875c43	1.1536430080925726	-0.39914041092545854	0.3612929006074096	-1.104755754276985	0.26926543731546093	NA	d__Bacteria	p__Bacillota	c__Clostridia	o__Lachnospirales	f__Lachnospiraceae	g__Lachnospiraceae_UCG-010	NA
52573485a4521e007e4c5217fc5d7c68	10.236868708269196	0.21523224437486077	0.6044734214986672	0.3560656874560949	0.7217913728893826	0.8444642487642228	d__Bacteria	p__Bacillota	c__Clostridia	o__Lachnospirales	f__Lachnospiraceae	g__Lachnospiraceae_UCG-010	NA
13afc120695e6644b50964b83fb1cb2b	1.0531791811445184	-6.59116503826741e-4	0.3891799900959431	-0.0016936032699529373	0.9986487007447662	NA	d__Bacteria	p__Bacillota	c__Clostridia	o__Lachnospirales	f__Lachnospiraceae	g__Lachnospiraceae_UCG-010	NA
8fb773e61e6ee7f5e0fde91cb4d2df09	1.6875949349548804	1.1087142352568935	0.4320235330797331	2.566328337147023	0.010278148570662277	0.04852559524290553	d__Bacteria	p__Bacillota	c__Clostridia	o__Lachnospirales	f__Lachnospiraceae	g__Lachnospiraceae_UCG-010	NA
6d23b1a911e94074b127424a8fb2d5ad	1.6024157914806436	-1.0858742341816174	0.39705173854050585	-2.7348431672232567	0.006241000365848518	0.03313008651920581	d__Bacteria	p__Bacillota	c__Clostridia	o__Lachnospirales	f__Lachnospiraceae	g__Lachnospiraceae_UCG-010	NA
75c5626f1cc9cc471664aeca0515774e	1.3410445035793346	0.6090284364286184	0.4165116405251418	1.46221228213634	0.14368304697276196	0.2852868722217421	d__Bacteria	p__Bacillota	c__Clostridia	o__Lachnospirales	f__Lachnospiraceae	g__Lachnospiraceae_UCG-010	NA
66063c3a2e5cc0fd8b0b301cdbb7c0ce	124.30432096352656	-0.7243912119746881	0.799445123165963	-0.9061174944766112	0.3648736665117032	0.4964076681195218	d__Bacteria	p__Bacillota	c__Clostridia	o__Lachnospirales	f__Lachnospiraceae	NA	NA
506c6364b6df4bf91da329528686d7c0	1.0531791811445184	-6.59116503826741e-4	0.3891799900959431	-0.0016936032699529373	0.9986487007447662	NA	d__Bacteria	p__Bacillota	c__Clostridia	o__Lachnospirales	f__Lachnospiraceae	g__Anaerotignum	NA
ab149525cad479f6599c7923acc49691	3.9323784991725783	2.643768798626435	0.5866707147248635	4.506392994009097	6.5938913776927315e-6	1.2343301929821306e-4	d__Bacteria	p__Bacillota	c__Clostridia	o__Lachnospirales	f__Lachnospiraceae	g__Lachnospiraceae_UCG-010	NA
f9768fa5169a0e035e781f124204216b	1.0531791811445184	-6.59116503826741e-4	0.3891799900959431	-0.0016936032699529373	0.9986487007447662	NA	d__Bacteria	p__Bacillota	c__Clostridia	o__Lachnospirales	f__Lachnospiraceae	g__Lachnospiraceae_UCG-010	NA
1b92901eaf73176b86069084ac8c13e3	51.732402814164956	0.23406633981923175	0.7599665599480483	0.3079955779044181	0.7580856972144009	0.8820909911971272	d__Bacteria	p__Bacillota	c__Clostridia	o__Lachnospirales	f__Lachnospiraceae	g__Lachnospiraceae_UCG-010	NA
32e2024b5af8e3db1d2f1f465d7d0112	1.0531791811445184	-6.59116503826741e-4	0.3891799900959431	-0.0016936032699529373	0.9986487007447662	NA	d__Bacteria	p__Bacillota	c__Clostridia	o__Lachnospirales	f__Lachnospiraceae	g__Lachnospiraceae_UCG-010	NA
8e9544b1135bb91ed6449c15a8cdb370	1.1399871933688321	-0.3486037000293404	0.36429736853302486	-0.9569207195569908	0.3386072723744313	NA	d__Bacteria	p__Bacillota	c__Clostridia	o__Lachnospirales	f__Lachnospiraceae	g__Eisenbergiella	NA
07699fa14cb8970eee5e8dda19dd5dbe	8.193341336453418	-0.008440325896214419	0.5901779568535492	-0.014301323521489738	0.9885895837224756	0.9990603906560739	d__Bacteria	p__Bacillota	c__Clostridia	o__Lachnospirales	f__Lachnospiraceae	g__Eisenbergiella	NA
65a80de0631a0b02eedb8c80c61c7df7	1.2555177795219832	0.45191226261469647	0.38111813292361724	1.1857537691738944	0.23571955351973345	0.38518479708292525	d__Bacteria	p__Bacillota	c__Clostridia	o__Lachnospirales	f__Lachnospiraceae	g__Eisenbergiella	NA
d807cf3088ea1a4377f3fb48e67d1b34	1.0531791811445184	-6.59116503826741e-4	0.3891799900959431	-0.0016936032699529373	0.9986487007447662	NA	d__Bacteria	p__Bacillota	c__Clostridia	o__Lachnospirales	f__Lachnospiraceae	g__Eisenbergiella	NA
d717f870c356942c914036e4b4ebbd13	1.2260829314197914	0.39521995492688333	0.3871056465939098	1.0209614827486249	0.30727268778131106	0.44878427073284904	d__Bacteria	p__Bacillota	c__Clostridia	o__Lachnospirales	f__Lachnospiraceae	g__Eisenbergiella	NA
57d6c04665e8056d41287c6ba7b500a3	1.212070630635673	-0.5856424053511905	0.352713783319763	-1.6603899054896283	0.09683603955983529	0.2277620049644179	d__Bacteria	p__Bacillota	c__Clostridia	o__Lachnospirales	f__Lachnospiraceae	NA	NA
5fdb5d1b4d6545c3408461a45434e7d3	1.1978592015183742	0.3364146221490866	0.3791302243841663	0.8873326380019844	0.37489983860665854	0.4964076681195218	d__Bacteria	p__Bacillota	c__Clostridia	o__Lachnospirales	f__Lachnospiraceae	g__Eisenbergiella	NA
b0e56c25ca193e27096e8fb4eb560eee	101.95933298977636	-3.0269654854667594	0.7785381942726841	-3.8880115423169084	1.0106882155746767e-4	0.0011004125775695716	d__Bacteria	p__Bacillota	c__Clostridia	o__Lachnospirales	f__Lachnospiraceae	g__Eisenbergiella	NA
c26c9025a60b790f46779b669d716170	1.2259614836407438	-0.6285978283927135	0.35150711458417166	-1.7882933298130723	0.07372869544629132	0.1957990201831986	d__Bacteria	p__Bacillota	c__Clostridia	o__Lachnospirales	f__Lachnospiraceae	g__Eisenbergiella	NA
cd5b7f7211526a4109099a6fd4b01aab	1.398157019316128	-1.0637329742810493	0.36850168070823575	-2.88664348080211	0.003893751653181281	0.023633037384925785	d__Bacteria	p__Bacillota	c__Clostridia	o__Lachnospirales	f__Defluviitaleaceae	g__Defluviitaleaceae_UCG-011	NA
2fea67e2ef146b654e84d4ccd727bed7	1.2110509092057467	-0.5854515856454863	0.35266558550515403	-1.6600757479834396	0.09689921506233284	0.2277620049644179	d__Bacteria	p__Bacillota	c__Clostridia	o__Lachnospirales	f__Defluviitaleaceae	g__Defluviitaleaceae_UCG-011	NA
b78ebf1bcece3137a70ebe7310d29bea	1.167994983370866	-0.448031619550887	0.35862035217892313	-1.2493201147919089	0.21154801370285328	NA	d__Bacteria	p__Bacillota	c__Clostridia	o__Lachnospirales	f__Defluviitaleaceae	g__Defluviitaleaceae_UCG-011	NA
e34528ad14c087b5097669c01925644b	1.1966833909374064	0.14370017294280193	0.3862224036386038	0.3720658656489154	0.7098438100782527	NA	d__Bacteria	p__Bacillota	c__Clostridia	o__Lachnospirales	f__Defluviitaleaceae	g__Defluviitaleaceae_UCG-011	NA
973ca62579b1246f54829278d51475ea	8.206095103386005	3.675848140006266	0.6357040333145679	5.782326282940747	7.367463369780726e-9	4.3672685641977973e-7	d__Bacteria	p__Bacillota	c__Clostridia	o__Lachnospirales	f__Lachnospiraceae	g__[Eubacterium]_xylanophilum_group	NA
08e99f06801c5a0f0d4f663b4597898d	1.0531791811445184	-6.59116503826741e-4	0.3891799900959431	-0.0016936032699529373	0.9986487007447662	NA	d__Bacteria	p__Bacillota	c__Clostridia	o__Lachnospirales	f__Lachnospiraceae	g__[Eubacterium]_xylanophilum_group	NA
28d3fdbc5bae89573ddc23f0b18d8e04	1.2708414351780242	0.4795792501154062	0.38269637964374387	1.2531585758972992	0.21014800202573744	0.35730276179661874	d__Bacteria	p__Bacillota	c__Clostridia	o__Lachnospirales	f__Lachnospiraceae	g__[Eubacterium]_xylanophilum_group	NA
4fab82ca37b1bc0169b4d245adefd462	1.2689971551496408	0.47921547028292394	0.38253045629722293	1.252751153258703	0.2102962834191908	0.35730276179661874	d__Bacteria	p__Bacillota	c__Clostridia	o__Lachnospirales	f__Lachnospiraceae	g__[Eubacterium]_xylanophilum_group	NA
bee040b0942c767b368519c4706f8cdb	1.0387205801281543	0.06645645099535044	0.39471072904340715	0.1683674805506543	0.86629418963036	NA	d__Bacteria	p__Bacillota	c__Clostridia	o__Lachnospirales	f__Lachnospiraceae	g__[Eubacterium]_xylanophilum_group	NA
afe1dc97376cf249b67fa422dfa32477	1.0531791811445184	-6.59116503826741e-4	0.3891799900959431	-0.0016936032699529373	0.9986487007447662	NA	d__Bacteria	p__Bacillota	c__Clostridia	o__Lachnospirales	f__Lachnospiraceae	g__[Eubacterium]_xylanophilum_group	NA
cf4a3714646f3c97bb3489da222228b7	1.1971644332247062	-0.541168086214396	0.3542946095472835	-1.5274522152789705	0.12664860088664684	0.26400479990240483	d__Bacteria	p__Bacillota	c__Clostridia	o__Oscillospirales	f__UCG-010	g__Incertae_Sedis	NA
f336ad2c9bce4637fb7f5c639ea1c065	1.0531791811445184	-6.59116503826741e-4	0.3891799900959431	-0.0016936032699529373	0.9986487007447662	NA	d__Bacteria	p__Bacillota	c__Clostridia	o__Monoglobales	f__Monoglobaceae	g__Monoglobus	NA
0c7a2fbd4729c27d93e5a6a71b4d4684	1.1967634139867829	-6.591223764231661e-4	0.39371318703464686	-0.0016741181096511335	0.9986642476312948	0.9990603906560739	d__Bacteria	p__Bacillota	c__Clostridia	o__Monoglobales	f__Monoglobaceae	g__Monoglobus	NA
c7c722294abd25b88fa3db4209c910dd	1.1977651913081566	-0.5412670886909278	0.3543184603004746	-1.5276288123173547	0.12660472393528513	0.26400479990240483	d__Bacteria	p__Bacillota	c__Clostridia	o__Monoglobales	f__Monoglobaceae	g__Monoglobus	NA
1a9df3fbbc7fc8cecec4239cf801d2fc	25.163767392356327	0.08796145416592341	0.6564046386071228	0.13400492469488912	0.8933986802180679	0.9990603906560739	d__Bacteria	p__Bacillota	c__Clostridia	o__Monoglobales	f__Monoglobaceae	g__Monoglobus	NA
f8d7d660ef4336007263541c286b045b	1.0531791811445184	-6.59116503826741e-4	0.3891799900959431	-0.0016936032699529373	0.9986487007447662	NA	d__Bacteria	p__Bacillota	c__Clostridia	o__Monoglobales	f__Monoglobaceae	g__Monoglobus	NA
a7db077ae09ab481473ac2445474128f	1.0531791811445184	-6.59116503826741e-4	0.3891799900959431	-0.0016936032699529373	0.9986487007447662	NA	d__Bacteria	p__Bacillota	c__Clostridia	o__Oscillospirales	f__UCG-010	g__Incertae_Sedis	NA
52ca86ec48d4b050235dcfdea9cd5d39	1.527565596376329	0.42565557357710015	0.4065354144834242	1.0470319642827959	0.2950848361031193	0.4440239856936749	d__Bacteria	p__Bacillota	c__Clostridia	o__Oscillospirales	f__UCG-010	g__Incertae_Sedis	NA
d5c34a5c01d28b731f12b218bbd43d75	1.0531791811445184	-6.59116503826741e-4	0.3891799900959431	-0.0016936032699529373	0.9986487007447662	NA	d__Bacteria	p__Bacillota	c__Clostridia	o__Oscillospirales	f__UCG-010	g__Incertae_Sedis	NA
71f4d7830594809728704c5814777de2	1.0531791811445184	-6.59116503826741e-4	0.3891799900959431	-0.0016936032699529373	0.9986487007447662	NA	d__Bacteria	p__Bacillota	c__Clostridia	o__Oscillospirales	f__UCG-010	g__Incertae_Sedis	NA
34b791a0a48d68bbf6278d510ee36430	1.0531791811445184	-6.59116503826741e-4	0.3891799900959431	-0.0016936032699529373	0.9986487007447662	NA	d__Bacteria	p__Bacillota	c__Clostridia	o__Oscillospirales	f__UCG-010	g__Incertae_Sedis	NA
abee0e7fcc28204ca55bc2b16e140d5b	1.3251865089466015	0.5832705134498017	0.4111534050529539	1.4186201701884975	0.15600978217923608	0.2946237833367166	d__Bacteria	p__Bacillota	c__Clostridia	o__Oscillospirales	f__UCG-010	g__Incertae_Sedis	NA
5d17e341c7040504890ecc5340dc7f34	1.3980765985756158	0.7048054903271346	0.4243867445204164	1.6607622632596806	0.09676120294030816	0.2277620049644179	d__Bacteria	p__Bacillota	c__Clostridia	o__Oscillospirales	f__UCG-010	g__Incertae_Sedis	NA
25036ba135607cb2eb9f45c9b50bb4d5	1.0531791811445184	-6.59116503826741e-4	0.3891799900959431	-0.0016936032699529373	0.9986487007447662	NA	d__Bacteria	p__Bacillota	c__Clostridia	o__Oscillospirales	f__UCG-010	g__Incertae_Sedis	NA
5d58a0b3d0710b4c7563519c80cf242b	1.3118522442178417	0.5584687995653567	0.3891313047384073	1.4351680082402678	0.15123922761579872	0.29146340348216204	d__Bacteria	p__Bacillota	c__Clostridia	o__Oscillospirales	f__UCG-010	g__Incertae_Sedis	NA
a1642ee93cbc5a4d6b2816c0a116cf42	1.2538204339941035	-0.07295345301053836	0.3567833467631894	-0.20447549940989912	0.837981936163783	0.9603939053563442	d__Bacteria	p__Bacillota	c__Clostridia	o__Oscillospirales	f__UCG-010	g__Incertae_Sedis	NA
5443a3f15cad4117ecbc72bfd4de8f25	1.0531791811445184	-6.59116503826741e-4	0.3891799900959431	-0.0016936032699529373	0.9986487007447662	NA	d__Bacteria	p__Bacillota	c__Clostridia	o__Oscillospirales	f__UCG-010	g__Incertae_Sedis	NA
88d09c1f988b369414b16b8edafaaa2e	1.0531791811445184	-6.59116503826741e-4	0.3891799900959431	-0.0016936032699529373	0.9986487007447662	NA	d__Bacteria	p__Bacillota	c__Clostridia	o__Oscillospirales	f__UCG-010	g__Incertae_Sedis	NA
d084475ce17d67557615ecfb105797ab	1.0531791811445184	-6.59116503826741e-4	0.3891799900959431	-0.0016936032699529373	0.9986487007447662	NA	d__Bacteria	p__Bacillota	c__Clostridia	o__Oscillospirales	f__UCG-010	g__Incertae_Sedis	NA
9c36b4bb50f4b2871115cfcac30ff6c7	1.2542709217761043	0.2108012330433235	0.38671474631751696	0.5451078218523442	0.5856793633815756	0.7070667218227495	d__Bacteria	p__Bacillota	c__Clostridia	o__Oscillospirales	f__UCG-010	g__Incertae_Sedis	NA
e14f743e40eb38976db9d9d544548a13	1.2541068350406268	-0.7105652899348538	0.36458898281025487	-1.9489488806211606	0.0513015298032779	0.15462918728841107	d__Bacteria	p__Bacillota	c__Clostridia	o__Oscillospirales	f__Oscillospiraceae	g__NK4A214_group	NA
39c746e6698d4935484f50bf45508965	2.3483742123879106	-0.05015590600652193	0.49224069369293083	-0.10189305079642631	0.9188415659157475	0.9990603906560739	d__Bacteria	p__Bacillota	c__Clostridia	o__Oscillospirales	f__Oscillospiraceae	g__NK4A214_group	NA
88ce384d23279002f61f6cc668c4d259	1.0531791811445184	-6.59116503826741e-4	0.3891799900959431	-0.0016936032699529373	0.9986487007447662	NA	d__Bacteria	p__Bacillota	c__Clostridia	o__Oscillospirales	f__Oscillospiraceae	g__NK4A214_group	NA
e5bd5a5c7c1fe29892ebff584483a1c4	1.2548192579463051	-0.23656538667745136	0.3527268520090762	-0.6706758652765232	0.5024270410303249	0.6233600613713449	d__Bacteria	p__Bacillota	c__Clostridia	o__Oscillospirales	f__Oscillospiraceae	g__NK4A214_group	NA
ce23dc3713e3748ce378d3dbcc8d8918	1.326222969944137	0.5837758738873974	0.4111378414746576	1.4199030470985754	0.15563590872560082	0.2946237833367166	d__Bacteria	p__Bacillota	c__Clostridia	o__Oscillospirales	f__Oscillospiraceae	g__NK4A214_group	NA
854f0c18024f70b4196c742ce31008cb	1.2395786089289882	0.42352224170158576	0.39146049014029166	1.0819029055775304	0.2792956736612175	0.4252612279555311	d__Bacteria	p__Bacillota	c__Clostridia	o__Oscillospirales	f__Oscillospiraceae	g__NK4A214_group	NA
a2217cc8df6a4c209aee7f31a304c2b0	1.0531791811445184	-6.59116503826741e-4	0.3891799900959431	-0.0016936032699529373	0.9986487007447662	NA	d__Bacteria	p__Bacillota	c__Clostridia	o__Oscillospirales	f__Oscillospiraceae	g__NK4A214_group	NA
31654b0fabcee256ee93ddfc89c8b048	3.2228701171771945	1.6785058018045242	0.5628506018001735	2.9821515628412474	0.0028623025934437886	0.018622419921978797	d__Bacteria	p__Bacillota	c__Clostridia	o__Oscillospirales	f__Oscillospiraceae	g__NK4A214_group	NA
e2cfe099d4a73a03ac5f80d4f8369dbc	24.277584911145432	-0.033743932618393355	0.7399922874363895	-0.04560038420845571	0.9636287629383276	0.9990603906560739	d__Bacteria	p__Bacillota	c__Clostridia	o__Oscillospirales	f__Oscillospiraceae	g__NK4A214_group	NA
d4e2f6974db486bb6d34a00f7334d33b	1.0531791811445184	-6.59116503826741e-4	0.3891799900959431	-0.0016936032699529373	0.9986487007447662	NA	d__Bacteria	p__Bacillota	c__Clostridia	o__Oscillospirales	f__Oscillospiraceae	g__NK4A214_group	NA
1926679bf52691b7a4a3844bf10e6d38	1.2266593188461263	-6.591139195125408e-4	0.3960099282101227	-0.0016643873614269973	0.998672011634251	0.9990603906560739	d__Bacteria	p__Bacillota	c__Clostridia	o__Oscillospirales	f__Oscillospiraceae	g__NK4A214_group	NA
274d44a105684512d6df0a983a5b6663	1.0531791811445184	-6.59116503826741e-4	0.3891799900959431	-0.0016936032699529373	0.9986487007447662	NA	d__Bacteria	p__Bacillota	c__Clostridia	o__Oscillospirales	f__Oscillospiraceae	g__NK4A214_group	NA
c0a8f5074b73b0648d1a21b1f3d8ffaf	2.0034818448737566	-1.9986042717848664	0.44097827064746353	-4.5322057906627204	5.8370942258599384e-6	1.1121749176772417e-4	d__Bacteria	p__Bacillota	c__Clostridia	o__Oscillospirales	f__Oscillospiraceae	g__NK4A214_group	NA
c460ff4b7369e5f55e9f45dfb0b96d4d	1.167708582324343	0.27490702699355113	0.3798911214076834	0.723646885915326	0.46928254902998867	NA	d__Bacteria	p__Bacillota	c__Clostridia	o__Oscillospirales	f__Oscillospiraceae	g__NK4A214_group	NA
5d0e047aec9ad659e06c6f00ff178cc8	1.0387264241175567	0.06645611648459741	0.3947107898064449	0.16836660714845325	0.8662948766968549	NA	d__Bacteria	p__Bacillota	c__Clostridia	o__Oscillospirales	f__Oscillospiraceae	g__NK4A214_group	NA
5a995ef0ef454381562fe4d6909fa8d4	1.3839115433378693	0.6816461884450921	0.4053003097405691	1.6818299223146678	0.09260182465271567	0.22714056759643134	d__Bacteria	p__Bacillota	c__Clostridia	o__Oscillospirales	f__Oscillospiraceae	g__Colidextribacter	NA
7e7d68f511a7019ad4a8d6b9b8138e34	1.3268485221469832	-6.590456935909243e-4	0.4114190483696811	-0.0016018842496537448	0.9987218818356236	0.9990603906560739	d__Bacteria	p__Bacillota	c__Clostridia	o__Oscillospirales	f__Oscillospiraceae	g__Colidextribacter	NA
c5ec23b5e73a33133aa0fcf9acd58650	1.4416515343537386	0.7731717288339196	0.4204948488865596	1.8387186689235868	0.06595657605828248	0.18667849630535702	d__Bacteria	p__Bacillota	c__Clostridia	o__Oscillospirales	f__Oscillospiraceae	g__Colidextribacter	NA
c072b53a13bb032cf7ebd84b996bb18f	1.2118142244650352	0.3661163904435404	0.3777260296286791	0.9692643919812688	0.3324132906604065	0.46631086824824164	d__Bacteria	p__Bacillota	c__Clostridia	o__Oscillospirales	f__Oscillospiraceae	g__Colidextribacter	NA
82d09389ab523a0e6dbd8576b5de67fc	1.1395063707465674	-6.591267235197819e-4	0.3911118243023214	-0.001685264117738078	0.9986553544160731	NA	d__Bacteria	p__Bacillota	c__Clostridia	o__Oscillospirales	f__Oscillospiraceae	g__Incertae_Sedis	NA
bdb6ddef008a6d31c019642fb28d7c1d	11.409353521214864	1.7895766698137952	0.6256495698050532	2.8603498766432645	0.004231738539838273	0.025084805677819094	d__Bacteria	p__Bacillota	c__Clostridia	o__Oscillospirales	f__Oscillospiraceae	g__Colidextribacter	NA
a091accf580f0c2f428ea1d2a1528fba	1.0531791811445184	-6.59116503826741e-4	0.3891799900959431	-0.0016936032699529373	0.9986487007447662	NA	d__Bacteria	p__Bacillota	c__Clostridia	o__Oscillospirales	f__Oscillospiraceae	g__Colidextribacter	NA
c03544ba31df43e38072acbbeaf5a654	1.6113774292553158	1.0148647154917028	0.4680633173566556	2.1682210031391858	0.030141875528741587	0.10579401706962918	d__Bacteria	p__Bacillota	c__Clostridia	o__Oscillospirales	f__Oscillospiraceae	g__Colidextribacter	NA
da1d26d90a7443d34675778207d2c227	4.60668460219218	2.4902634986642416	0.5781694561387616	4.307151601011892	1.653702748150537e-5	2.594854165112681e-4	d__Bacteria	p__Bacillota	c__Clostridia	o__Oscillospirales	f__Oscillospiraceae	g__Colidextribacter	NA
9904009a0e14e24b0a6e25eeeeff3e95	23.016166830479204	1.0235961338551989	0.7454895818932643	1.3730522313345388	0.16973610972748696	0.31022631219746166	d__Bacteria	p__Bacillota	c__Clostridia	o__Oscillospirales	f__Oscillospiraceae	g__Colidextribacter	NA
350cd8e890b27c7fa7ec3a0d77dbaa9b	1.355701387945133	0.6337908193252803	0.4226510173022084	1.499560614737857	0.13372825629462662	0.2739005976681993	d__Bacteria	p__Bacillota	c__Clostridia	o__Oscillospirales	f__Oscillospiraceae	g__Colidextribacter	NA
c445246b69fd71bc2b919d023f44b3e5	1.0531791811445184	-6.59116503826741e-4	0.3891799900959431	-0.0016936032699529373	0.9986487007447662	NA	d__Bacteria	p__Bacillota	c__Clostridia	o__Oscillospirales	f__Oscillospiraceae	g__Colidextribacter	NA
1a7a9d14747af9f14fcdabdef2549a77	9.951394340724447	0.03914210415713922	0.5611376284090992	0.06975490891265368	0.9443887371831577	0.9990603906560739	d__Bacteria	p__Bacillota	c__Clostridia	o__Oscillospirales	f__Oscillospiraceae	g__Colidextribacter	NA
0d3fd1719bb852948dec1e4162facdba	1.0387386692036873	-0.03913368173446606	0.39086062043895625	-0.10012183291966573	0.9202476022597301	NA	d__Bacteria	p__Bacillota	c__Clostridia	o__Oscillospirales	f__Oscillospiraceae	g__Incertae_Sedis	NA
61b3f9c4a322ffd5403d7b8eab09e168	1.239998615586363	0.42363684701526966	0.39145634851308525	1.0822071186849298	0.27916050604763976	0.4252612279555311	d__Bacteria	p__Bacillota	c__Clostridia	o__Oscillospirales	f__Oscillospiraceae	g__Incertae_Sedis	NA
6d094d7fbdf26fbf995a8b7950c286ec	1.1684483479947	-6.59126022759823e-4	0.3922006245602402	-0.0016805838172717757	0.9986590887502669	NA	d__Bacteria	p__Bacillota	c__Clostridia	o__Oscillospirales	f__Oscillospiraceae	g__Colidextribacter	NA
8ce62d0f068f4ee5d2c4b90068804af0	1.0387264241175567	0.06645611648459741	0.3947107898064449	0.16836660714845325	0.8662948766968549	NA	d__Bacteria	p__Bacillota	c__Clostridia	o__Oscillospirales	f__Oscillospiraceae	g__Colidextribacter	NA
11b7d5a0dd0446562be236a4a9144c75	56.15931532849397	-0.8483401257662169	0.6990871748529816	-1.2134969089436138	0.2249398954586642	0.3785660385716004	d__Bacteria	p__Bacillota	c__Clostridia	o__Oscillospirales	f__Oscillospiraceae	g__Colidextribacter	NA
b184d05472a45b518f4e3f0ae1dcc49e	1.2268388508659873	0.3953818859054306	0.3871510282939342	1.0212600690943983	0.3071312394931299	0.44878427073284904	d__Bacteria	p__Bacillota	c__Clostridia	o__Oscillospirales	f__Oscillospiraceae	g__Colidextribacter	NA
5c0eb2cc0831a4b7304ec1fa20756159	2.849023212521469	0.48579592450611664	0.49308800992810714	0.9852113917289255	0.32452024615180386	0.46631086824824164	d__Bacteria	p__Bacillota	c__Clostridia	o__Oscillospirales	f__Butyricicoccaceae	g__UCG-009	NA
40ac3979c05fe30df6ecfaaa78ae3e9f	1.4704272642210883	0.8167352513663236	0.43869066154020875	1.8617566384906161	0.06263740106911785	0.1827783518896916	d__Bacteria	p__Bacillota	c__Clostridia	o__Oscillospirales	f__Butyricicoccaceae	g__UCG-009	NA
6839e66a1cfeb373e15a58f9f801e863	1.341544765441804	-0.9332818878319643	0.37978400860814643	-2.4574017512014468	0.013994608448709133	0.059942334336419864	d__Bacteria	p__Bacillota	c__Clostridia	o__Oscillospirales	f__Butyricicoccaceae	g__UCG-009	NA
73cd1c10175eb846badd2f34bd86dd08	3.7685261381010426	2.3467159853408304	0.5601832782661607	4.189193209415708	2.7994797409660993e-5	4.0365471400146324e-4	d__Bacteria	p__Bacillota	c__Clostridia	o__Oscillospirales	f__Oscillospiraceae	g__Intestinimonas	NA
50c2e92f3b001c0f07a654b597605f95	11.055717476715103	0.04258527672077595	0.6355050011588108	0.06701013625876096	0.9465736337724069	0.9990603906560739	d__Bacteria	p__Bacillota	c__Clostridia	o__Oscillospirales	f__Oscillospiraceae	g__Flavonifractor	NA
cf5031364fd6f4fdbfccfb2fd88bd4f8	1.412601939459627	-0.7101470756665134	0.39240070475256156	-1.8097497457715195	0.07033460432899838	0.19258455174132758	d__Bacteria	p__Bacillota	c__Clostridia	o__Oscillospirales	f__Oscillospiraceae	NA	NA
3443b73db214fbccce540ddb43380a8d	1.6281879952757616	0.8998495888587065	0.44392815582531325	2.0270162571368853	0.042660750113496376	0.13710548304548384	d__Bacteria	p__Bacillota	c__Clostridia	o__Oscillospirales	f__Oscillospiraceae	g__Pseudoflavonifractor	NA
e9b3f1732c022e94dae08db1e30ec878	1.1683878782589967	0.2749589542838144	0.3799128081505984	0.7237422597629821	0.4692239835094278	NA	d__Bacteria	p__Bacillota	c__Clostridia	o__Oscillospirales	f__Oscillospiraceae	NA	NA
6a303070cc5a7983fba732836e1713af	1.1396010783031916	-0.34856266547776843	0.364289004101031	-0.9568300485432686	0.338653042935772	NA	d__Bacteria	p__Bacillota	c__Clostridia	o__Oscillospirales	f__Oscillospiraceae	g__Flavonifractor	NA
5fbc483f79cd97d3a7253931f37c33e8	347.4758632251303	-0.4871864783229841	0.604877611695439	-0.8054298405216668	0.42057167764821035	0.5465895006706948	d__Bacteria	p__Bacillota	c__Clostridia	o__Oscillospirales	f__Oscillospiraceae	g__Flavonifractor	NA
ea85a25eeb4e3cfa0a98bcf029e38264	1.1398717278744617	0.21085270865213163	0.3814711704741932	0.5527356323939976	0.580444450134467	NA	d__Bacteria	p__Bacillota	c__Clostridia	o__Oscillospirales	f__Oscillospiraceae	g__Flavonifractor	NA
5c4fd1d0cbe7b43a93c2ed9286af0847	1.7144785095784816	0.7508001577810575	0.4776127854771892	1.5719850485805633	0.11595401871913684	0.2632402935602532	d__Bacteria	p__Bacillota	c__Clostridia	o__Oscillospirales	f__Oscillospiraceae	g__Flavonifractor	NA
382b4e37e1cad72fc403170422eb8c23	1.0531791811445184	-6.59116503826741e-4	0.3891799900959431	-0.0016936032699529373	0.9986487007447662	NA	d__Bacteria	p__Bacillota	c__Clostridia	o__Oscillospirales	f__Oscillospiraceae	g__Intestinimonas	NA
f98dab4619ff896a9cee45a9b9ddc792	18.593836165446668	0.5189414690621421	0.6501833133870275	0.798146397142674	0.4247855393926275	0.5513671717323505	d__Bacteria	p__Bacillota	c__Clostridia	o__Oscillospirales	f__Oscillospiraceae	g__Intestinimonas	NA
ea52488235f530227f65a4c6e3b27aab	1.5423387997626283	0.6091311778421428	0.43198026447343485	1.4100902933254305	0.15851302306095064	0.2983978476811045	d__Bacteria	p__Bacillota	c__Clostridia	o__Oscillospirales	f__Oscillospiraceae	g__Intestinimonas	NA
151dc3710be852488064098205bb884f	1.0531791811445184	-6.59116503826741e-4	0.3891799900959431	-0.0016936032699529373	0.9986487007447662	NA	d__Bacteria	p__Bacillota	c__Clostridia	o__Oscillospirales	f__Oscillospiraceae	g__Intestinimonas	NA
e28a36175f75412c90d02ed7de4b2379	1.2549002231323363	-6.591003208831023e-4	0.39920531421211736	-0.0016510309292448197	0.9986826685106339	0.9990603906560739	d__Bacteria	p__Bacillota	c__Clostridia	o__Oscillospirales	f__Oscillospiraceae	g__Incertae_Sedis	NA
aa8fd37503453e0ae9e54d4ab1aa8a3f	1.57234910657984	-0.6697233477398535	0.40093679365690676	-1.6703963276390024	0.09484097575547232	0.2277620049644179	d__Bacteria	p__Bacillota	c__Clostridia	o__Oscillospirales	f__Oscillospiraceae	g__Intestinimonas	NA
3a4a246cdaf2ee7e109536faef354a46	2.996731264321292	-2.137566892856909	0.4864913331756297	-4.393843727705668	1.113638830946667e-5	1.8566447384688964e-4	d__Bacteria	p__Bacillota	c__Clostridia	o__Oscillospirales	f__Oscillospiraceae	g__Intestinimonas	NA
7b25fe2a8e4d57a05ef403d1d0e831e2	2.681539563734183	1.9887400315297987	0.5128236625875924	3.8780192425112867	1.0531038950851747e-4	0.0011350119758140218	d__Bacteria	p__Bacillota	c__Clostridia	o__Oscillospirales	f__Oscillospiraceae	g__Intestinimonas	NA
e657205bc51c1db7e6a38c33a084749d	9.087648557760621	-0.7264142931126598	0.6434422922509774	-1.1289501822633052	0.258918849746861	0.41357247407170766	d__Bacteria	p__Bacillota	c__Clostridia	o__Oscillospirales	f__Oscillospiraceae	NA	NA
cc7b0c4fe7613151aee46e9be3ea14a9	1.7159768905330637	-6.588523261332789e-4	0.47152315655733873	-0.0013972851957975057	0.9988851280780152	0.9990603906560739	d__Bacteria	p__Bacillota	c__Clostridia	o__Oscillospirales	f__Oscillospiraceae	g__Intestinimonas	NA
0fdad431f3566933a70b7b07d74580de	1.2262543110051172	-6.591140570896183e-4	0.39598519499555584	-0.0016644916664043856	0.9986719284110351	0.9990603906560739	d__Bacteria	p__Bacillota	c__Clostridia	o__Oscillospirales	f__Oscillospiraceae	g__Intestinimonas	NA
48120f2d28136884787660eb4953652a	1.2549002231323363	-6.591003208831023e-4	0.39920531421211736	-0.0016510309292448197	0.9986826685106339	0.9990603906560739	d__Bacteria	p__Bacillota	c__Clostridia	o__Oscillospirales	f__Oscillospiraceae	g__Intestinimonas	NA
174a1fe3543cf9fa6ca92528087d0ca5	1.110966050597814	-0.24167148029043659	0.37120166196543686	-0.6510517194638503	0.5150131012588297	NA	d__Bacteria	p__Bacillota	c__Clostridia	o__Oscillospirales	f__Oscillospiraceae	g__Intestinimonas	NA
7ff0c8d6b1f2ab6ae6c70229e507bc18	1.1972656397072454	-6.591222472260921e-4	0.39373592748835584	-0.001674021091828316	0.9986643250402092	0.9990603906560739	d__Bacteria	p__Bacillota	c__Clostridia	o__Oscillospirales	f__Oscillospiraceae	g__Intestinimonas	NA
1df4ea697ddf438a11fa5348fdf26879	2.219571735190647	-0.2305821891294136	0.4538984684267827	-0.5080038933125598	0.6114506128460855	0.7322309808156826	d__Bacteria	p__Bacillota	c__Clostridia	o__Oscillospirales	f__Oscillospiraceae	NA	NA
8d5153b41e59c5ffb5a1fc080eb784cf	48.38401348490026	0.0052546283136726026	0.6490125275975134	0.0080963434298009	0.9935401231534723	0.9990603906560739	d__Bacteria	p__Bacillota	c__Clostridia	o__Oscillospirales	f__Oscillospiraceae	g__Incertae_Sedis	NA
d6fea6a5905d16326d192d115ef42b0d	1.1688012373602126	0.27499046249744186	0.3799260412660029	0.7237999837576519	0.4691885393222123	NA	d__Bacteria	p__Bacillota	c__Clostridia	o__Oscillospirales	f__Oscillospiraceae	NA	NA
3c8673e7ff6a0ecd8c60c97168a7287b	1.0531791811445184	-6.59116503826741e-4	0.3891799900959431	-0.0016936032699529373	0.9986487007447662	NA	d__Bacteria	p__Bacillota	c__Clostridia	o__Oscillospirales	f__UCG-010	g__Incertae_Sedis	NA
361d26273fd1ca689807b797c15e1cc6	1.182224938841459	0.3059332243125735	0.3793801605521027	0.806402801525932	0.42001063210813644	NA	d__Bacteria	p__Bacillota	c__Clostridia	o__Oscillospirales	f__Butyricicoccaceae	g__UCG-009	NA
ba48e64682c81794d37a37a3ba34bdef	1.2828107855972137	-0.7883169040390587	0.369981760058463	-2.1306912641166207	0.03311458524967515	0.11226218728759739	d__Bacteria	p__Bacillota	c__Clostridia	o__Oscillospirales	f__Butyricicoccaceae	g__UCG-009	NA
bc979a8588f5a2b031514a23cf3971cb	1.2983173572085047	0.2108587520290228	0.3913766646766097	0.5387616867838891	0.5900513031787296	0.7105922578913142	d__Bacteria	p__Bacillota	c__Clostridia	o__Oscillospirales	f__[Eubacterium]_coprostanoligenes_group	g__Incertae_Sedis	NA
794cc1c6386320420a2c2ea76eedaaf8	1.0531791811445184	-6.59116503826741e-4	0.3891799900959431	-0.0016936032699529373	0.9986487007447662	NA	d__Bacteria	p__Bacillota	c__Clostridia	o__Oscillospirales	f__[Eubacterium]_coprostanoligenes_group	g__Incertae_Sedis	NA
410e1eaa1468a3d40595898f671ba0b3	2.3919340067031083	-2.123905093730387	0.47989645167545814	-4.425757028032228	9.610464928677113e-6	1.6283549540247824e-4	d__Bacteria	p__Bacillota	c__Clostridia	o__Oscillospirales	f__[Eubacterium]_coprostanoligenes_group	g__Incertae_Sedis	NA
09262615d1066243f95018aa1b53ab0c	1.1825157126811798	0.30595815089116457	0.3793908470012052	0.8064457888468581	0.4199858541670403	NA	d__Bacteria	p__Bacillota	c__Clostridia	o__Oscillospirales	f__[Eubacterium]_coprostanoligenes_group	g__Incertae_Sedis	NA
d969ff7a11c25dc9b04c6eb48a6ec8c3	1.5861371474545458	-0.7884732934439436	0.423837092105109	-1.8603215908446422	0.06284004064160752	0.1827783518896916	d__Bacteria	p__Bacillota	c__Clostridia	o__Oscillospirales	f__[Eubacterium]_coprostanoligenes_group	g__Incertae_Sedis	NA
d861309f5630e701205bb0151c3cea16	1.0531791811445184	-6.59116503826741e-4	0.3891799900959431	-0.0016936032699529373	0.9986487007447662	NA	d__Bacteria	p__Bacillota	c__Clostridia	o__Oscillospirales	f__[Eubacterium]_coprostanoligenes_group	g__Incertae_Sedis	NA
cc6c06bae0a74dec62abdcb93c1414ab	1.1539867911196868	0.24325360661911805	0.3806087892287361	0.6391171552082285	0.5227467205447361	NA	d__Bacteria	p__Bacillota	c__Clostridia	o__Oscillospirales	f__[Eubacterium]_coprostanoligenes_group	g__Incertae_Sedis	NA
12f2e666955c86b54abd97c942fc2a10	1.1396010783031916	-6.591267083909595e-4	0.39111441348702125	-0.0016852529225769174	0.9986553633485067	NA	d__Bacteria	p__Bacillota	c__Clostridia	o__Oscillospirales	f__[Eubacterium]_coprostanoligenes_group	g__Incertae_Sedis	NA
3460c6d209a9458ad9f55812e064b2db	1.3824512095365133	0.6805719698051539	0.42900299379823437	1.5864037772315305	0.11264774413232095	0.257929491393104	d__Bacteria	p__Bacillota	c__Clostridia	o__Oscillospirales	f__[Eubacterium]_coprostanoligenes_group	g__Incertae_Sedis	NA
3f49f2e33639f81618c76b5807f6498c	4.424548929651018	2.8372425037839553	0.5864367176461166	4.8381051499849645	1.3108279304535039e-6	3.108118670653086e-5	d__Bacteria	p__Bacillota	c__Clostridia	o__Oscillospirales	f__[Eubacterium]_coprostanoligenes_group	g__Incertae_Sedis	NA
05ff375f501b831cdc28113494f487b1	1.0531791811445184	-6.59116503826741e-4	0.3891799900959431	-0.0016936032699529373	0.9986487007447662	NA	d__Bacteria	p__Bacillota	c__Clostridia	o__Oscillospirales	f__[Eubacterium]_coprostanoligenes_group	g__Incertae_Sedis	NA
21dcfff18d552ae0ca669d213652bda3	2.0196826890670216	-6.588334827658742e-4	0.4879521885634693	-0.0013502008971524018	0.9989226958775085	0.9990603906560739	d__Bacteria	p__Bacillota	c__Clostridia	o__Oscillospirales	f__[Eubacterium]_coprostanoligenes_group	g__Incertae_Sedis	NA
b1f0b65b560701f74c4f43db4234d6c9	1.0531791811445184	-6.59116503826741e-4	0.3891799900959431	-0.0016936032699529373	0.9986487007447662	NA	d__Bacteria	p__Bacillota	c__Clostridia	o__Oscillospirales	f__[Eubacterium]_coprostanoligenes_group	g__Incertae_Sedis	NA
7e7a4855c881caf14f15c80f6012f231	1.0531791811445184	-6.59116503826741e-4	0.3891799900959431	-0.0016936032699529373	0.9986487007447662	NA	d__Bacteria	p__Bacillota	c__Clostridia	o__Oscillospirales	f__[Eubacterium]_coprostanoligenes_group	g__Incertae_Sedis	NA
77a52ece0d9da550158abfebf9162d14	1.0531791811445184	-6.59116503826741e-4	0.3891799900959431	-0.0016936032699529373	0.9986487007447662	NA	d__Bacteria	p__Bacillota	c__Clostridia	o__Oscillospirales	f__[Eubacterium]_coprostanoligenes_group	g__Incertae_Sedis	NA
4f8b522332dcfcc95d7acb01a7b8b94f	1.2411159969879269	-6.591077331305572e-4	0.3974962220437292	-0.0016581484214912806	0.9986769895812324	0.9990603906560739	d__Bacteria	p__Bacillota	c__Clostridia	o__Oscillospirales	f__[Eubacterium]_coprostanoligenes_group	g__Incertae_Sedis	NA
caee94af7a4562c61da6712807157dc9	1.2549002231323363	-6.591003208831023e-4	0.39920531421211736	-0.0016510309292448197	0.9986826685106339	0.9990603906560739	d__Bacteria	p__Bacillota	c__Clostridia	o__Oscillospirales	f__[Eubacterium]_coprostanoligenes_group	g__Incertae_Sedis	NA
8538d07b8c1e8676f9b9c8c242aab14a	48.98178993194395	2.2901829532117453	0.7409855023210475	3.090725724103945	0.0019966797668108842	0.013834138384332555	d__Bacteria	p__Bacillota	c__Clostridia	o__Oscillospirales	f__[Eubacterium]_coprostanoligenes_group	g__Incertae_Sedis	NA
1af612d90153f4aa10245d1e813d3dc3	1.0531791811445184	-6.59116503826741e-4	0.3891799900959431	-0.0016936032699529373	0.9986487007447662	NA	d__Bacteria	p__Bacillota	c__Clostridia	o__Oscillospirales	f__[Eubacterium]_coprostanoligenes_group	g__Incertae_Sedis	NA
929e0c2c4994379c0c7e4b28f08c94ac	1.0531791811445184	-6.59116503826741e-4	0.3891799900959431	-0.0016936032699529373	0.9986487007447662	NA	d__Bacteria	p__Bacillota	c__Clostridia	o__Oscillospirales	f__[Eubacterium]_coprostanoligenes_group	g__Incertae_Sedis	NA
0dcf5023e96fb8175d7bf02d900c9dd1	25.277758508728816	-0.002722012055296215	0.7878703776584481	-0.0034548983341473488	0.9972433954439949	0.9990603906560739	d__Bacteria	p__Bacillota	c__Clostridia	o__Oscillospirales	f__[Eubacterium]_coprostanoligenes_group	g__Incertae_Sedis	NA
5984dadcdcc48d5e3ae04a0be106722a	1.0531791811445184	-6.59116503826741e-4	0.3891799900959431	-0.0016936032699529373	0.9986487007447662	NA	d__Bacteria	p__Bacillota	c__Clostridia	o__Oscillospirales	f__[Eubacterium]_coprostanoligenes_group	g__Incertae_Sedis	NA
04ddc282eeaf358f2a174596a1c95a6f	1.1535231056697182	-0.3991262573384014	0.36128994711289675	-1.1047256103521792	0.26927850269650333	NA	d__Bacteria	p__Bacillota	c__Clostridia	o__Oscillospirales	f__[Eubacterium]_coprostanoligenes_group	g__Incertae_Sedis	NA
6896ebe2cc3802a0374e249cc0d11938	4.234265634292399	-3.402922332370113	0.5304711993542924	-6.414904968473813	1.409107331373296e-10	1.670575025083674e-8	d__Bacteria	p__Bacillota	c__Clostridia	o__Oscillospirales	f__[Eubacterium]_coprostanoligenes_group	g__Incertae_Sedis	NA
6250949ec4f5147dc4eb85883b6b062a	1.426818050028207	0.750482753500705	0.43129702530636305	1.7400601197460495	0.08184846195481524	0.20868495304090692	d__Bacteria	p__Bacillota	c__Clostridia	o__Oscillospirales	f__[Eubacterium]_coprostanoligenes_group	g__Incertae_Sedis	NA
0c570ae08ebbe801fa6a3e8a24678138	1.239289458061733	0.42344308743722653	0.39146335079768146	1.0816927985068852	0.27938905416759824	0.4252612279555311	d__Bacteria	p__Bacillota	c__Clostridia	o__Oscillospirales	f__Ruminococcaceae	NA	NA
ec03b628dfa2f625b2cc44812c823e5e	1.1394035355022927	0.2108237390034291	0.38145943177247477	0.5526766975555529	0.5804848125480591	NA	d__Bacteria	p__Bacillota	c__Clostridia	o__Oscillospirales	f__Ruminococcaceae	g__Ruminococcus	NA
93b489e06301f5b6b413aa6876eb1635	1.2543693413126589	0.45171695862852496	0.3810266085331144	1.185526019737981	0.23580953318721415	0.38518479708292525	d__Bacteria	p__Bacillota	c__Clostridia	o__Oscillospirales	f__Ruminococcaceae	g__Ruminococcus	NA
f663dd604f793f22ce20452b09494608	1.6284703413824548	-6.589247026103235e-4	0.44736606399128054	-0.0014728982720136911	0.9988247976340469	0.9990603906560739	d__Bacteria	p__Bacillota	c__Clostridia	o__Oscillospirales	f__UCG-010	g__Incertae_Sedis	NA
eb1964e12f75d8ddc59ed5560e421b91	1.167708582324343	0.27490702699355113	0.3798911214076834	0.723646885915326	0.46928254902998867	NA	d__Bacteria	p__Bacillota	c__Clostridia	o__Oscillospirales	f__UCG-010	g__Incertae_Sedis	NA
09bfa8d8f5a34bea0e9dd7dc07f1e7a3	1.0531791811445184	-6.59116503826741e-4	0.3891799900959431	-0.0016936032699529373	0.9986487007447662	NA	d__Bacteria	p__Bacillota	c__Clostridia	o__Oscillospirales	f__Ruminococcaceae	g__[Eubacterium]_siraeum_group	NA
df14354ec277348c54d0c9dd49eb4da0	8.091646206214133	1.8011412635980997	0.6380872982150725	2.822719193183204	0.004761825874486338	0.02776430714796133	d__Bacteria	p__Bacillota	c__Clostridia	o__Oscillospirales	f__Ruminococcaceae	g__[Eubacterium]_siraeum_group	NA
c52e9039dbf456b84bf06deddbec791d	1.1396310562821548	0.21083783569337325	0.3814651326074608	0.5527053921080954	0.5804651604864425	NA	d__Bacteria	p__Bacillota	c__Clostridia	o__Oscillospirales	f__Ruminococcaceae	g__[Eubacterium]_siraeum_group	NA
44fb9f7290289c1abf92d5eaf64f21c3	1.1832892844207243	0.3060243536855918	0.37941935347441624	0.8065596835882717	0.41992020926025914	NA	d__Bacteria	p__Bacillota	c__Clostridia	o__Oscillospirales	f__Ruminococcaceae	g__[Eubacterium]_siraeum_group	NA
ea7823427b5854bc784da136aa27d777	1.239289458061733	0.42344308743722653	0.39146335079768146	1.0816927985068852	0.27938905416759824	0.4252612279555311	d__Bacteria	p__Bacillota	c__Clostridia	o__Oscillospirales	f__Ruminococcaceae	g__Angelakisella	NA
6e7dcdec78c483cd8d6666e4eedccd4f	1.4982140458525868	0.8585830046734064	0.4285898979159264	2.0032740128695914	0.045147885239833645	0.14422992081108532	d__Bacteria	p__Bacillota	c__Clostridia	o__Oscillospirales	f__Ruminococcaceae	g__Angelakisella	NA
97a604f0b7677461325e10432ce78290	1.0531791811445184	-6.59116503826741e-4	0.3891799900959431	-0.0016936032699529373	0.9986487007447662	NA	d__Bacteria	p__Bacillota	c__Clostridia	o__Oscillospirales	f__Ruminococcaceae	g__Angelakisella	NA
d9eea834805833ac21a86fdabedd8556	46.38292946039552	2.560315400113092	0.7215691755976326	3.5482604949033973	3.877844937510085e-4	0.0035669487485545355	d__Bacteria	p__Bacillota	c__Clostridia	o__Oscillospirales	f__Ruminococcaceae	g__Ruminococcus	NA
3d675bc2e3ca7ae2dbd80044122f82b0	1.0531791811445184	-6.59116503826741e-4	0.3891799900959431	-0.0016936032699529373	0.9986487007447662	NA	d__Bacteria	p__Bacillota	c__Clostridia	o__Oscillospirales	f__Ruminococcaceae	g__Ruminococcus	NA
9a91e2e1c9d7c179afb558a3fd4664fd	3.2812844761435023	1.174028239765051	0.5430665989325885	2.1618494712667546	0.030629780813016406	0.10645594829800817	d__Bacteria	p__Bacillota	c__Clostridia	o__Oscillospirales	f__Ruminococcaceae	g__Ruminococcus	NA
7814c2b485cc601b885f117c70bbdf5d	2.735347187702526	1.3121257582436388	0.5308105406524858	2.4719286030581467	0.013438635234625856	0.05900882509859341	d__Bacteria	p__Bacillota	c__Clostridia	o__Oscillospirales	f__Ruminococcaceae	g__Ruminococcus	NA
45c80843dac191f771b11018ff90d94c	3.0768456441042904	-1.234991811871438	0.5042487622102847	-2.4491717271809876	0.01431851631461694	0.06062641630038204	d__Bacteria	p__Bacillota	c__Clostridia	o__Oscillospirales	f__Ruminococcaceae	g__Ruminococcus	NA
41a4c7e6cc5a80ba83637525e13a12e6	1.0531791811445184	-6.59116503826741e-4	0.3891799900959431	-0.0016936032699529373	0.9986487007447662	NA	d__Bacteria	p__Bacillota	c__Clostridia	o__Oscillospirales	f__Ruminococcaceae	g__Ruminococcus	NA
ad03570a6623c3fe543fb52f514b234f	2.2162929202758415	1.642702281535531	0.5068694395734499	3.240878524690556	0.0011916195087933936	0.009147179970378064	d__Bacteria	p__Bacillota	c__Clostridia	o__Oscillospirales	f__Ruminococcaceae	g__Ruminococcus	NA
4d3f1d8f02b45e845e419a273f5b2386	1.2985586301413063	-6.590693572190588e-4	0.40606686668453057	-0.0016230562286459176	0.9987049890624256	0.9990603906560739	d__Bacteria	p__Bacillota	c__Clostridia	o__Oscillospirales	f__Ruminococcaceae	g__Ruminococcus	NA
d5278c84ceca328330b2b932c3e705bd	1.4276074467665727	0.750976458883746	0.43128411704715286	1.741256932959673	0.08163855164071646	0.20868495304090692	d__Bacteria	p__Bacillota	c__Clostridia	o__Oscillospirales	f__Ruminococcaceae	NA	NA
cb7c9a82654d3ef267e1738cb0fe5569	2.159408437269704	0.9377827272822576	0.5124213783642302	1.8301007078898253	0.06723488112182655	0.18978734962166383	d__Bacteria	p__Bacillota	c__Clostridia	o__Oscillospirales	f__Ruminococcaceae	g__Acutalibacter	NA
5050bcdda95dede0595dc33c6d1ba0fc	1.0531791811445184	-6.59116503826741e-4	0.3891799900959431	-0.0016936032699529373	0.9986487007447662	NA	d__Bacteria	p__Bacillota	c__Clostridia	o__Oscillospirales	f__Ruminococcaceae	g__Acutalibacter	NA
36cf028766d84a7ade67b0a052181df7	1.2550350901526184	-0.7110365902700976	0.364664057456189	-1.9498400671295169	0.05119518432079127	0.15462918728841107	d__Bacteria	p__Bacillota	c__Clostridia	o__Oscillospirales	f__Ruminococcaceae	g__Acutalibacter	NA
149465e40c1bdbc6230588a58a4d6eb0	172.61035293974464	-0.6874197090335459	0.6413974089291	-1.0717531743405173	0.28383091021690265	0.4295710371651562	d__Bacteria	p__Bacillota	c__Clostridia	o__Oscillospirales	f__Ruminococcaceae	g__Acutalibacter	NA
aa0d22e3cae06a85b97c6181d08c648a	1.9935993135745822	1.4397028247988166	0.5006741705307636	2.875528456506136	0.004033517857985673	0.024315048330343012	d__Bacteria	p__Bacillota	c__Clostridia	o__Oscillospirales	f__Ruminococcaceae	g__Acutalibacter	NA
d11290f5a8d806b455f66a2c7ca1cad1	1.1543759281371229	-6.591266368002235e-4	0.3916229423266977	-0.001683064411099721	0.9986571095255491	NA	d__Bacteria	p__Bacillota	c__Clostridia	o__Oscillospirales	f__Ruminococcaceae	NA	NA
525d027b7e21f60ddd1537854b79419c	1.0531791811445184	-6.59116503826741e-4	0.3891799900959431	-0.0016936032699529373	0.9986487007447662	NA	d__Bacteria	p__Bacillota	c__Clostridia	o__Oscillospirales	f__Ruminococcaceae	NA	NA
aff3962bbd7607a2971161d9840ca409	1.8749294088811506	-0.37461008599529844	0.44448736062157235	-0.8427913123816224	0.3993451676091578	0.5247552879790288	d__Bacteria	p__Bacillota	c__Clostridia	o__Oscillospirales	f__Ruminococcaceae	g__Acutalibacter	NA
756e9c33696716a5484135c832f18f12	1.6164257914071298	-0.10632970399995094	0.41615408455206643	-0.25550561185624426	0.7983326097890179	0.9208874536701428	d__Bacteria	p__Bacillota	c__Clostridia	o__Oscillospirales	f__Ruminococcaceae	g__Acutalibacter	NA
ad139328ba8ac39c2e5ccef543df2deb	30.77560324269426	0.7901074369273565	0.6668643564329321	1.1848098182269835	0.23609264975841904	0.38518479708292525	d__Bacteria	p__Bacillota	c__Clostridia	o__Oscillospirales	f__Ruminococcaceae	g__Acutalibacter	NA
c3ad47b312abd6a13153cc5416a8d35a	1.1830663935083063	0.3060052949488357	0.3794111284555904	0.8065269360823539	0.41993908314857104	NA	d__Bacteria	p__Bacillota	c__Clostridia	o__Oscillospirales	f__Ruminococcaceae	g__Acutalibacter	NA
8b414a059be1b8812e888b7c4d47bb2f	1.4415679770542729	0.5322037902586306	0.4256852611213885	1.2502283702673636	0.21121613599949196	0.35829509874635596	d__Bacteria	p__Bacillota	c__Clostridia	o__Oscillospirales	f__Ruminococcaceae	g__Acutalibacter	NA
8d7e1465fbc2323c5155ea4c76dd520c	1.312257971335853	0.5585867057326406	0.38917710802416094	1.435302062263031	0.15120104036471677	0.29146340348216204	d__Bacteria	p__Bacillota	c__Clostridia	o__Oscillospirales	f__Ruminococcaceae	NA	NA
7f9c14ef4eb251a43b71add4c10a821f	1.759129216639344	-1.1040247826441285	0.39586392256747027	-2.788899719589781	0.005288743818851474	0.02962538300906192	d__Bacteria	p__Bacillota	c__Clostridia	o__Oscillospirales	f__Ruminococcaceae	g__DTU089	NA
e367dacc4cf58de7164775e5899d4ab2	7.818135373731653	1.3728111758613426	0.599292956056839	2.290718023609042	0.021979727512492126	0.08200129110429755	d__Bacteria	p__Bacillota	c__Clostridia	o__Oscillospirales	f__Ruminococcaceae	g__DTU089	NA
5be3209e582e95344bf276752e68b3b5	1.1395703323926312	-0.3485593905095956	0.3642883393197836	-0.9568228045960575	0.3386566998383348	NA	d__Bacteria	p__Bacillota	c__Clostridia	o__Oscillospirales	f__Ruminococcaceae	g__DTU089	NA
28085233f3e0a490f80b7ccad8d67936	1.1826699655475916	0.30597136481594234	0.37939652242920957	0.8064685539468344	0.4199727326851887	NA	d__Bacteria	p__Bacillota	c__Clostridia	o__Oscillospirales	f__Ruminococcaceae	g__DTU089	NA
6d6ab7315b399f8c54b50467972c07aa	1.1399192499953223	-6.591266575186246e-4	0.3911231195165106	-0.001685215280378742	0.9986553933825928	NA	d__Bacteria	p__Bacillota	c__Clostridia	o__Oscillospirales	f__Ruminococcaceae	g__Acutalibacter	NA
d153a93d6748038f00edb714615c0737	1.426461791516164	-0.6536693729164248	0.3801693364746979	-1.719416350034663	0.08553858721065087	0.21475217071473995	d__Bacteria	p__Bacillota	c__Clostridia	o__Oscillospirales	f__Ruminococcaceae	g__Acutalibacter	NA
ee72ee97db064e5d745356f479b9e576	4.206455140006171	-3.18785867792171	0.5554733878609299	-5.7389944281540135	9.524035310088491e-9	4.839116988506866e-7	d__Bacteria	p__Bacillota	c__Clostridia	o__Oscillospirales	f__Ruminococcaceae	NA	NA
8135beec331a8d558070c38b580e4b8e	112.41829147860066	1.0751904466423698	0.8487842901698348	1.266741690550414	0.20524766763334162	0.35730276179661874	d__Bacteria	p__Bacillota	c__Clostridia	o__Oscillospirales	f__Ruminococcaceae	NA	NA
9df65efefe9b34d0194b9c1b5211240e	1.2409058363753223	0.42388291000924566	0.3914474572082789	1.0828602976049189	0.2788704366709187	0.4252612279555311	d__Bacteria	p__Bacillota	c__Clostridia	o__Oscillospirales	f__Ruminococcaceae	NA	NA
d91307995a09d4534d9db5c59ac392df	1.1687692434511097	0.2749880261686291	0.3799250160396719	0.7237955242723864	0.46919127752120154	NA	d__Bacteria	p__Bacillota	c__Clostridia	o__Oscillospirales	f__Ruminococcaceae	NA	NA
22f2e2ecaec907a93025a13d5775627a	1.1968864384074758	0.33632053572482823	0.3790885005773135	0.887182109751802	0.3749808627032189	0.4964076681195218	d__Bacteria	p__Bacillota	c__Clostridia	o__Oscillospirales	f__Ruminococcaceae	g__CAG-352	NA
49a2ea7eebe52a4aed8f3126b7f72570	1.2536056332092114	0.4515873716508335	0.38096591782053196	1.1853747291472156	0.2358693187844	0.38518479708292525	d__Bacteria	p__Bacillota	c__Clostridia	o__Oscillospirales	f__Ruminococcaceae	NA	NA
6acfe69f470ceebec0cce442b1190fa9	1.2839460209586493	0.5062827077292578	0.3844804516830232	1.3167970062276453	0.18790667663080068	0.333708115192179	d__Bacteria	p__Bacillota	c__Clostridia	o__Oscillospirales	f__Ruminococcaceae	g__CAG-352	NA
c5ed5baac8c4ff452a1e65a58e880bfa	1.6281071579157698	0.6089737195027687	0.4596583080459161	1.3248400145134267	0.18522421990410703	0.333708115192179	d__Bacteria	p__Bacillota	c__Clostridia	o__Oscillospirales	f__Ruminococcaceae	g__Acutalibacter	NA
79bff3f007caa131bbddfff793705030	1.2108624911126895	-0.5854163302529679	0.35265670803515303	-1.6600175664164971	0.09691091870088633	0.2277620049644179	d__Bacteria	p__Bacillota	c__Clostridia	o__Oscillospirales	f__Ruminococcaceae	NA	NA
596db8ce20ae5cbfdc338a62f1bed1d9	23.23328662229067	2.007660964902233	0.6945480880963759	2.8906003764330404	0.003845067178682425	0.023633037384925785	d__Bacteria	p__Bacillota	c__Clostridia	o__Oscillospirales	f__Ruminococcaceae	g__Acutalibacter	NA
c3879fe68eb4e540708a773da0cb2e89	1.1831055059566264	0.30600864029007024	0.3794125710983405	0.8065326865797375	0.4199357688373299	NA	d__Bacteria	p__Bacillota	c__Clostridia	o__Oscillospirales	f__Ruminococcaceae	g__Acutalibacter	NA
0684128cfd2dfbb736f87e8b724d3fc0	1.1966989339274532	-0.541091321830465	0.3542761920275064	-1.5273149424290249	0.1266827156045276	0.26400479990240483	d__Bacteria	p__Bacillota	c__Clostridia	o__Oscillospirales	f__Ruminococcaceae	g__Incertae_Sedis	NA
8df31d859e0a5446b30ca0cd81ce907f	1.312444872620538	-6.590577729697159e-4	0.40866746541502985	-0.0016126993919136615	0.9987132526117379	0.9990603906560739	d__Bacteria	p__Bacillota	c__Clostridia	o__Oscillospirales	f__Ruminococcaceae	NA	NA
db74729dd7ab527fba7a5a66a59f207a	1.2693088689886092	-6.5909125968611e-4	0.4012286755842043	-0.001642682340005853	0.9986893297120591	0.9990603906560739	d__Bacteria	p__Bacillota	c__Clostridia	o__Oscillospirales	f__Ruminococcaceae	g__Caproiciproducens	NA
0266b37dda69c8fd306c9e0ee679e583	1.4120817311967824	-0.4947615855920331	0.4026788526322248	-1.2286753634015875	0.2191935467984762	0.3700625228385666	d__Bacteria	p__Bacillota	c__Clostridia	o__Oscillospirales	f__Ruminococcaceae	NA	NA
f47be61fae5b53aa6a1a37e7ebf1675e	1.2112571641337717	0.36605382645920115	0.3790500765004196	0.9657136329816726	0.3341874957796016	0.46631086824824164	d__Bacteria	p__Bacillota	c__Clostridia	o__Oscillospirales	f__Ruminococcaceae	g__Incertae_Sedis	NA
2d88bef5acdb787ea01151589d421283	1.3693351471230242	0.6575881290794168	0.42196759036592973	1.558385392842984	0.11914191718391312	0.26400479990240483	d__Bacteria	p__Bacillota	c__Clostridia	o__Oscillospirales	f__Ruminococcaceae	NA	NA
06efa8e923453e1a7c2c1c40d7cdc42a	1.1970578304812667	-6.591223007252368e-4	0.3937265107020444	-0.0016740612653945283	0.9986642929863859	0.9990603906560739	d__Bacteria	p__Bacillota	c__Clostridia	o__Oscillospirales	f__Ethanoligenenaceae	g__Acetanaerobacterium	NA
1343255900d1b3ffeae9b0bb79cb2ace	1.1392510513400353	-6.591267642702501e-4	0.3911048493653612	-0.0016852942768155474	0.998655330352645	NA	d__Bacteria	p__Bacillota	c__Clostridia	o__Oscillospirales	f__Ethanoligenenaceae	g__Acetanaerobacterium	NA
ff376ce6067337dd934fdebe0a3cf2eb	1.3996319973331084	0.7056819540094671	0.3977737393480819	1.7740787895300005	0.07605011866249048	0.20035920151327738	d__Bacteria	p__Bacillota	c__Clostridia	o__Oscillospirales	f__Ethanoligenenaceae	g__Acetanaerobacterium	NA
1a9e209eaacb9ca8ab8920e8ff62e839	1.1536430080925728	-0.3991404109254584	0.36129290060741076	-1.104755754276981	0.26926543731546265	NA	d__Bacteria	p__Bacillota	c__Clostridia	o__Oscillospirales	f__Ethanoligenenaceae	g__Acetanaerobacterium	NA
4ac43ecbe6347d46a2ab5a31ffd64c25	1.789548778162883	0.3900482848117743	0.4040137214375002	0.9654332615832051	0.33432784836917046	0.46631086824824164	d__Bacteria	p__Bacillota	c__Clostridia	o__Oscillospirales	f__Ruminococcaceae	NA	NA
f94b14e11dfe405e48976839ca380380	2.3035613922735965	-0.31113872659867636	0.4306281500094726	-0.7225229623094361	0.46997301299201233	0.5948531493030571	d__Bacteria	p__Bacillota	c__Clostridia	o__Oscillospirales	f__Ruminococcaceae	g__Candidatus_Soleaferrea	NA
0a77223390bdcb60a93ae6d93fdbbef5	1.2402214252822912	0.42369746674866854	0.3914541579416953	1.082368032508613	0.2790890269965905	0.4252612279555311	d__Bacteria	p__Bacillota	c__Clostridia	o__Oscillospirales	f__Ruminococcaceae	g__Candidatus_Soleaferrea	NA
9cbf794b9c89435874fce22eba240120	1.5551726711461502	0.9393245232137954	0.4370249924543007	2.1493611107653523	0.031605785694795566	0.10878507527853828	d__Bacteria	p__Bacillota	c__Clostridia	o__Oscillospirales	f__[Eubacterium]_coprostanoligenes_group	g__Incertae_Sedis	NA
b42c103a8a466983c20bd46171c9f925	1.3115147361538007	-0.8620689005428589	0.37496756841513723	-2.299049232941762	0.021502143801701002	0.08060630743880248	d__Bacteria	p__Bacillota	c__Clostridia	o__Oscillospirales	f__Ruminococcaceae	g__Candidatus_Soleaferrea	NA
034061db75629f2f71b16186302a7e44	1.3255412619986322	-0.897318777553472	0.37734005055778824	-2.378010964452476	0.017406308337361624	0.0685333247083574	d__Bacteria	p__Bacillota	c__Clostridia	o__Oscillospirales	f__Ruminococcaceae	g__Anaerotruncus	NA
60a73a2ed26650bb42cc578d666c1bf0	1.0531791811445184	-6.59116503826741e-4	0.3891799900959431	-0.0016936032699529373	0.9986487007447662	NA	d__Bacteria	p__Bacillota	c__Clostridia	o__Oscillospirales	f__Ruminococcaceae	g__[Clostridium]_methylpentosum_group	NA
12acef5e0eba782d45fe9f038a99bf7b	1.1966989339274532	-0.541091321830465	0.3542761920275064	-1.5273149424290249	0.1266827156045276	0.26400479990240483	d__Bacteria	p__Bacillota	c__Clostridia	o__Oscillospirales	f__Ruminococcaceae	g__Candidatus_Soleaferrea	NA
76ec16cef4c7230bd9bcad23c56fba9f	1.341200923930714	0.6091109631109043	0.41650917572260043	1.4624190740916083	0.14362640567741167	0.2852868722217421	d__Bacteria	p__Bacillota	c__Clostridia	o__Oscillospirales	f__Ruminococcaceae	NA	NA
a9c65f22ab35a2635324961ee4e44023	2.4449297140601343	1.230273377324698	0.49513414641242626	2.4847273940584405	0.012965067524431623	0.057401357048002255	d__Bacteria	p__Bacillota	c__Clostridia	o__Oscillospirales	f__Ruminococcaceae	g__Negativibacillus	NA
504efe2f63f610a0f92e8cd040e2f916	3.9233366239654783	2.713562472095218	0.5850203612128702	4.638406886333722	3.511050518396124e-6	7.20440558293974e-5	d__Bacteria	p__Bacillota	c__Clostridia	o__Oscillospirales	f__Ruminococcaceae	g__Negativibacillus	NA
c6c26f8994aec46b428288c75e4a7883	1.2406168109377542	-0.6704195237365692	0.3617000496403927	-1.8535234496182948	0.0638073682661758	0.1827783518896916	d__Bacteria	p__Bacillota	c__Clostridia	o__Oscillospirales	f__Ruminococcaceae	g__Negativibacillus	NA
9477f7ab72d5823d887edda3cb867545	2.034114754893744	0.6216370751290207	0.45412678369916154	1.3688623913907423	0.17104229364961973	0.3119694484173406	d__Bacteria	p__Bacillota	c__Clostridia	o__Oscillospirales	f__Ruminococcaceae	g__Negativibacillus	NA
2489471b3729e885a2c1ddaa10774d8e	23.25130099359907	0.40366899099137904	0.7128567347362753	0.5662694498365345	0.5712106248152563	0.6918067385673989	d__Bacteria	p__Bacillota	c__Clostridia	o__Oscillospirales	f__Ruminococcaceae	g__Negativibacillus	NA
5c1532e4bbf41707f13a26609ad68f6a	1.0531791811445184	-6.59116503826741e-4	0.3891799900959431	-0.0016936032699529373	0.9986487007447662	NA	d__Bacteria	p__Bacillota	c__Clostridia	o__Oscillospirales	f__Ruminococcaceae	g__Negativibacillus	NA
fe1d758f268d0c3fe3c677aed90ffd1e	1.3413520982699727	-6.590336038548141e-4	0.4142313543339868	-0.001590979526198415	0.9987305825350211	0.9990603906560739	d__Bacteria	p__Bacillota	c__Clostridia	o__Oscillospirales	f__Ruminococcaceae	g__Paludicola	NA
dc8b29549096e6017f7319d3f86e32cc	1.4699302272070942	0.816407121739046	0.43869871963936036	1.8609744801858257	0.06274778063149249	0.1827783518896916	d__Bacteria	p__Bacillota	c__Clostridia	o__Oscillospirales	f__Ruminococcaceae	g__Paludicola	NA
57a2b7f3845e9dc1a8bf96b2539bde57	1.3255412619986322	-0.897318777553472	0.37734005055778824	-2.378010964452476	0.017406308337361624	0.0685333247083574	d__Bacteria	p__Bacillota	c__Clostridia	o__Oscillospirales	f__Ruminococcaceae	g__Paludicola	NA
519641cb7dd8366ae2f6c6e2cd03f5a6	1.0531791811445184	-6.59116503826741e-4	0.3891799900959431	-0.0016936032699529373	0.9986487007447662	NA	d__Bacteria	p__Bacillota	c__Clostridia	o__Oscillospirales	f__Ruminococcaceae	g__Hydrogenoanaerobacterium	NA
edd418053a744b62aa296a5a85039b3a	1.182812026882528	-0.4953830794885652	0.35629208181505284	-1.390384756700018	0.16441207275977224	NA	d__Bacteria	p__Bacillota	c__Clostridia	o__Oscillospirales	f__Ruminococcaceae	g__Hydrogenoanaerobacterium	NA
c064bcc15c3e7e32c36069f6da6f5d7a	1.3123526348888561	-0.8626812963165146	0.3750336207355812	-2.3002772248111354	0.021432519134292602	0.08060630743880248	d__Bacteria	p__Bacillota	c__Clostridia	o__Oscillospirales	f__Ruminococcaceae	g__Hydrogenoanaerobacterium	NA
ef1243f7818d1e35c1e968e8539173cf	2.206210154047795	1.4787113559747211	0.497521243321076	2.9721572210745437	0.002957152112519259	0.019007718699144874	d__Bacteria	p__Bacillota	c__Clostridia	o__Oscillospirales	f__Ruminococcaceae	g__Anaerotruncus	NA
7c3d7711fd15460714ece118b35c0576	5.911834839212873	2.0838968795824964	0.5729770834118882	3.636963745868478	2.7587074192039556e-4	0.0026759461966278366	d__Bacteria	p__Bacillota	c__Clostridia	o__Oscillospirales	f__Ruminococcaceae	g__Anaerotruncus	NA
b204a17b1a7f29074d81303d5ca68464	2.3948042799835387	-1.4258264645218897	0.4395091946104235	-3.244133415196758	0.0011780855190507804	0.009108820643675236	d__Bacteria	p__Bacillota	c__Clostridia	o__Oscillospirales	f__Ruminococcaceae	g__Phocea	NA
d5d82ae2c80b564a14faa14bd6f52c6d	1.2116193259354193	0.3660937688002082	0.379068294035101	0.9657725918019106	0.33415798610961084	0.46631086824824164	d__Bacteria	p__Bacillota	c__Clostridia	o__Oscillospirales	f__Ruminococcaceae	g__Phocea	NA
55beed6d1a19ce34788b66488ffe3917	1.9022870779925551	0.032342937898226884	0.4517167993672546	0.07160003334729077	0.9429202135378307	0.9990603906560739	d__Bacteria	p__Bacillota	c__Clostridia	o__Oscillospirales	f__Ruminococcaceae	g__Incertae_Sedis	NA
f51b08aede2218e99b6d9967bf1ed6bb	1.2110509092057467	-0.5854515856454866	0.352665585505155	-1.660075747983436	0.0968992150623336	0.2277620049644179	d__Bacteria	p__Bacillota	c__Clostridia	o__Oscillospirales	f__Ruminococcaceae	NA	NA
3be0720e638655202a9850a2fa4f4409	1.182024757471821	0.30591605017922535	0.37937281264462747	0.8063731505868035	0.42002772344402856	NA	d__Bacteria	p__Bacillota	c__Clostridia	o__Oscillospirales	f__Ruminococcaceae	g__Harryflintia	NA
cd1d1806410700bcff8e512cb325a25c	1.0531791811445184	-6.59116503826741e-4	0.3891799900959431	-0.0016936032699529373	0.9986487007447662	NA	d__Bacteria	p__Bacillota	c__Clostridia	o__Oscillospirales	f__Incertae_Sedis	g__Incertae_Sedis	NA
6842fc2d1bb1ae8775684934ffe0f810	1.16866924764417	0.27498040892408204	0.37992181279834364	0.7237815773163759	0.4691998412439105	NA	d__Bacteria	p__Bacillota	c__Clostridia	o__Oscillospirales	f__Ruminococcaceae	g__[Clostridium]_methylpentosum_group	NA
ecdb9d1fd7f883ccc8873ec7f9119f77	1.2974815184915458	0.5325218266401338	0.38663065109626843	1.3773399111793116	0.16840718123775442	0.30995491357927085	d__Bacteria	p__Bacillota	c__Clostridia	o__Oscillospirales	f__Ruminococcaceae	NA	NA
b0938aed5be8f42ed0791fe5c571fc34	1.355602011070024	0.6337339639357433	0.4226526623148225	1.4994202579130853	0.13376464144710534	0.2739005976681993	d__Bacteria	p__Bacillota	c__Clostridia	o__Oscillospirales	f__Ruminococcaceae	NA	NA
de641e423b4a00fd0c6ae6fa5d27e866	1.3556399077440653	0.6338467077722805	0.39920457843016954	1.5877741439359656	0.11233742018839535	0.25777210180864046	d__Bacteria	p__Bacillota	c__Clostridia	o__Oscillospirales	f__Ruminococcaceae	g__Paludicola	NA
3a3b61faf9a3f7bce28f17bfe73ee637	1.038742922832062	-0.0391335405035363	0.3908606794902159	-0.10012145646007836	0.9202479011292768	NA	d__Bacteria	p__Bacillota	c__Clostridia	o__Oscillospirales	f__Ruminococcaceae	g__Incertae_Sedis	NA
d6aca1ce3a8896b5a4ac550a4108ddd9	2.7093105173671828	0.7434839216176614	0.47944759591783764	1.5507094580260892	0.12097132691311699	0.26400479990240483	d__Bacteria	p__Bacillota	c__Clostridia	o__Oscillospirales	f__Ruminococcaceae	g__Incertae_Sedis	NA
7010fa8b36b09d14da1362ae66ab0856	1.2402214252822914	-6.591081153504337e-4	0.3974268319856739	-0.0016584388931600688	0.9986767578186911	0.9990603906560739	d__Bacteria	p__Bacillota	c__Clostridia	o__Oscillospirales	f__Ruminococcaceae	NA	NA
dc635fb545065d72aa1f3969ed1ce9c9	1.1686518630253597	-6.591259823102367e-4	0.39220763664245173	-0.001680553667829563	0.9986591128060074	NA	d__Bacteria	p__Bacillota	c__Clostridia	o__Oscillospirales	f__Ruminococcaceae	g__Incertae_Sedis	NA
d56fd4c21346f6d694c7e638f6bdcb70	2.404284044433574	0.5384458272418248	0.4696779947163689	1.1464148486815604	0.2516235416667077	0.40556241534498055	d__Bacteria	p__Bacillota	c__Clostridia	o__Oscillospirales	f__Ruminococcaceae	g__Incertae_Sedis	NA
a8bab35fbc3fab1ef2a8c34cc63f6e20	1.7874443203272763	1.2261375968595603	0.45115610179478965	2.7177679565492707	0.006572391319379983	0.03471654226622991	d__Bacteria	p__Bacillota	c__Clostridia	o__Oscillospirales	f__Ruminococcaceae	g__Incertae_Sedis	NA
6a8750db6564385810f7a61b78b11cab	1.1827659080166872	-0.4953763286233252	0.3562905357481078	-1.3903718424155644	0.16441599227021975	NA	d__Bacteria	p__Bacillota	c__Clostridia	o__Oscillospirales	f__Ruminococcaceae	g__Faecalibacterium	NA
c646376e2fdc054668e507b4ea460c84	1.1974983059931716	0.3363797312218096	0.3791147212868172	0.8872768909633644	0.3749298440276423	0.4964076681195218	d__Bacteria	p__Bacillota	c__Clostridia	o__Oscillospirales	f__Ruminococcaceae	g__Faecalibacterium	NA
5cbbf20522c735d0eae7a8e5ad7481c6	1.168282100613917	0.2749508805309282	0.379909426263758	0.723727450605659	0.4692330769951685	NA	d__Bacteria	p__Bacillota	c__Clostridia	o__Oscillospirales	f__Ruminococcaceae	g__Faecalibacterium	NA
e8943632190a323238c1856db7740504	1.1684083773560827	0.2749605184152892	0.3799134637498996	0.7237451279070702	0.46922222235178995	NA	d__Bacteria	p__Bacillota	c__Clostridia	o__Oscillospirales	f__Ruminococcaceae	g__Faecalibacterium	NA
a383bbf0dc0a9f5c17cf3303b55af028	2.366680937539086	-6.587887662829854e-4	0.5200933956053924	-0.0012666739701936624	0.9989893406658725	0.9990603906560739	d__Bacteria	p__Bacillota	c__Clostridia	o__Oscillospirales	f__Ruminococcaceae	g__Faecalibacterium	NA
f5f5e0da89730462abaf6301a9557193	1483.368444428102	0.49293830838736435	0.7028220695860703	0.7013699906687367	0.4830721448754968	0.6071118711215019	d__Bacteria	p__Bacillota	c__Clostridia	o__Oscillospirales	f__Ruminococcaceae	g__Faecalibacterium	NA
18a9e0a4cf1b97c0168ef4742ed1cca6	1.2562031750408782	-0.7116301164671237	0.36485940158169133	-1.9504228570845559	0.05112573973097487	0.15462918728841107	d__Bacteria	p__Bacillota	c__Clostridia	o__Oscillospirales	f__Ruminococcaceae	g__Faecalibacterium	NA
78d4f442773fc72402c01693d81a45e6	1.0531791811445184	-6.59116503826741e-4	0.3891799900959431	-0.0016936032699529373	0.9986487007447662	NA	d__Bacteria	p__Bacillota	c__Clostridia	o__Oscillospirales	f__Ruminococcaceae	g__Faecalibacterium	NA
3005b313290526b615bfe9befcc0133e	1.0531791811445184	-6.59116503826741e-4	0.3891799900959431	-0.0016936032699529373	0.9986487007447662	NA	d__Bacteria	p__Bacillota	c__Clostridia	o__Oscillospirales	f__Ruminococcaceae	g__Faecalibacterium	NA
6b501a5fb3c6d6832444d498d5d04dad	1.0531791811445184	-6.59116503826741e-4	0.3891799900959431	-0.0016936032699529373	0.9986487007447662	NA	d__Bacteria	p__Bacillota	c__Clostridia	o__Oscillospirales	f__Ruminococcaceae	g__Faecalibacterium	NA
49f22c49ecc8f7c7906b86b1076b9e7f	1.0531791811445184	-6.59116503826741e-4	0.3891799900959431	-0.0016936032699529373	0.9986487007447662	NA	d__Bacteria	p__Bacillota	c__Clostridia	o__Oscillospirales	f__Ruminococcaceae	g__Faecalibacterium	NA
29aae8b625298e07e7aee01534951d17	2.129978838804895	-0.03914698341608566	0.510864816691119	-0.0766288500148462	0.9389188074325133	0.9990603906560739	d__Bacteria	p__Bacillota	c__Clostridia	o__Oscillospirales	f__Ruminococcaceae	g__Faecalibacterium	NA
3b4cfb5c1817cb306fe3ab275bb4b008	1.0531791811445184	-6.59116503826741e-4	0.3891799900959431	-0.0016936032699529373	0.9986487007447662	NA	d__Bacteria	p__Bacillota	c__Clostridia	o__Oscillospirales	f__Ruminococcaceae	g__Faecalibacterium	NA
22ca7d870ab8e58df51a2ec1fb54c8d2	1.0387264241175567	0.06645611648459741	0.3947107898064449	0.16836660714845325	0.8662948766968549	NA	d__Bacteria	p__Bacillota	c__Clostridia	o__Oscillospirales	f__Ruminococcaceae	g__Faecalibacterium	NA
c3726591d58a1266fa84775969018cd7	2.07973985330635	-2.081800271974465	0.44741421289998745	-4.652959633269003	3.2720432138212168e-6	6.845627664994585e-5	d__Bacteria	p__Bacillota	c__Clostridia	o__Oscillospirales	f__Ruminococcaceae	g__Faecalibacterium	NA
f794d24c79f7cc5ff6a50778953c671c	1.0242837059928704	0.027980931199051966	0.3963808870696587	0.0705910201824002	0.9437232574406232	NA	d__Bacteria	p__Bacillota	c__Clostridia	o__Oscillospirales	f__Ruminococcaceae	g__Faecalibacterium	NA
b205bfbb7b12662505532cfa0b3d5258	1.0531791811445184	-6.59116503826741e-4	0.3891799900959431	-0.0016936032699529373	0.9986487007447662	NA	d__Bacteria	p__Bacillota	c__Clostridia	o__Oscillospirales	f__Ruminococcaceae	g__Faecalibacterium	NA
c7f4c7d7e11af5c1d2a576b085288a41	1.0531791811445184	-6.59116503826741e-4	0.3891799900959431	-0.0016936032699529373	0.9986487007447662	NA	d__Bacteria	p__Bacillota	c__Clostridia	o__Oscillospirales	f__Ruminococcaceae	g__Faecalibacterium	NA
59777186ad2e0947e97615b5d6225136	684.3210914008337	0.6364052851453091	0.8001446301187051	0.79536281465876435	0.4264024840262273	0.5521498185145444	d__Bacteria	p__Bacillota	c__Clostridia	o__Oscillospirales	f__Ruminococcaceae	g__Faecalibacterium	NA
69fa8c8a51c800c951e9d463f8c80059	1.0531791811445184	-6.59116503826741e-4	0.3891799900959431	-0.0016936032699529373	0.9986487007447662	NA	d__Bacteria	p__Bacillota	c__Clostridia	o__Oscillospirales	f__Ruminococcaceae	g__Faecalibacterium	NA
9d550bab71b8b21528e0f0a59d4903c9	1.0531791811445184	-6.59116503826741e-4	0.3891799900959431	-0.0016936032699529373	0.9986487007447662	NA	d__Bacteria	p__Bacillota	c__Clostridia	o__Oscillospirales	f__Ruminococcaceae	g__Faecalibacterium	NA
3a657bf3d3e1de20be04c65f10805494	1.0531791811445184	-6.59116503826741e-4	0.3891799900959431	-0.0016936032699529373	0.9986487007447662	NA	d__Bacteria	p__Bacillota	c__Clostridia	o__Oscillospirales	f__Ruminococcaceae	g__Faecalibacterium	NA
d9b1b7e177fd2cde69dc86ec0c0ec098	1.0531791811445184	-6.59116503826741e-4	0.3891799900959431	-0.0016936032699529373	0.9986487007447662	NA	d__Bacteria	p__Bacillota	c__Clostridia	o__Oscillospirales	f__Ruminococcaceae	g__Faecalibacterium	NA
12792e17be6f75e36fd57c86fd77d836	1.0387304233561943	-0.03913395526143771	0.39086050596027216	-0.10012256205137124	0.9202470234054321	NA	d__Bacteria	p__Bacillota	c__Clostridia	o__Oscillospirales	f__Ruminococcaceae	g__Faecalibacterium	NA
3c77299a572864be87ed7657838a3434	1.0531791811445184	-6.59116503826741e-4	0.3891799900959431	-0.0016936032699529373	0.9986487007447662	NA	d__Bacteria	p__Bacillota	c__Clostridia	o__Oscillospirales	f__Ruminococcaceae	g__Faecalibacterium	NA
8e175abe6a746b8f33bae9cd7c8192bb	664.9160993953748	1.8191384089963356	0.7536186589621621	2.4138712429195195	0.01578403904078837	0.06477526790969687	d__Bacteria	p__Bacillota	c__Clostridia	o__Oscillospirales	f__Ruminococcaceae	g__Faecalibacterium	NA
dd46e2d5cd81a8add2304556257a92f7	2.5938213784025246	-2.549865805945762	0.4783947864392625	-5.330045138921045	9.818835908156867e-8	3.2739680981260555e-6	d__Bacteria	p__Bacillota	c__Clostridia	o__Oscillospirales	f__Ruminococcaceae	g__Faecalibacterium	NA
a6162510c606a443e3cce1e7d6f598b6	1.0531791811445184	-6.59116503826741e-4	0.3891799900959431	-0.0016936032699529373	0.9986487007447662	NA	d__Bacteria	p__Bacillota	c__Clostridia	o__Oscillospirales	f__Ruminococcaceae	g__Faecalibacterium	NA
927402c8e9f62efcd0170b7c487e24a9	1.0531791811445184	-6.59116503826741e-4	0.3891799900959431	-0.0016936032699529373	0.9986487007447662	NA	d__Bacteria	p__Bacillota	c__Clostridia	o__Oscillospirales	f__Ruminococcaceae	g__Faecalibacterium	NA
96f95f5116bde81398404e036b47f03e	1.0531791811445184	-6.59116503826741e-4	0.3891799900959431	-0.0016936032699529373	0.9986487007447662	NA	d__Bacteria	p__Bacillota	c__Clostridia	o__Oscillospirales	f__Ruminococcaceae	g__Faecalibacterium	NA
623ed2fd811bd95c8519e7926bf65072	1.0531791811445184	-6.59116503826741e-4	0.3891799900959431	-0.0016936032699529373	0.9986487007447662	NA	d__Bacteria	p__Bacillota	c__Clostridia	o__Oscillospirales	f__Ruminococcaceae	g__Faecalibacterium	NA
86ff0efd7fd88b82809500c90c4a7832	115.9196305630743	1.6844492718972655	0.8227331149342498	2.0473823665550173	0.04062055634790173	0.1335573556840184	d__Bacteria	p__Bacillota	c__Clostridia	o__Oscillospirales	f__Ruminococcaceae	g__Faecalibacterium	NA
cdf0ab59552ae9876bfb33a445df485f	1.0531791811445184	-6.59116503826741e-4	0.3891799900959431	-0.0016936032699529373	0.9986487007447662	NA	d__Bacteria	p__Bacillota	c__Clostridia	o__Oscillospirales	f__Ruminococcaceae	g__Faecalibacterium	NA
d6d857679e85f77b060f4b6651217212	1.0387386692036873	-0.03913368173446607	0.39086062043895625	-0.10012183291966574	0.9202476022597301	NA	d__Bacteria	p__Bacillota	c__Clostridia	o__Oscillospirales	f__Ruminococcaceae	NA	NA
c48070f3061b086b60ff32f77e0002fa	242.95160857420612	1.1223698870077385	0.726218642524426	1.545498588560384	0.12222571004059817	0.26400479990240483	d__Bacteria	p__Bacillota	c__Clostridia	o__Oscillospirales	f__Ruminococcaceae	g__Gemmiger	NA
d2225401f14ec41f51e04588454969b7	1.0531791811445184	-6.59116503826741e-4	0.3891799900959431	-0.0016936032699529373	0.9986487007447662	NA	d__Bacteria	p__Bacillota	c__Clostridia	o__Oscillospirales	f__Ruminococcaceae	NA	NA
b892a377de283ef34540e60931454d35	1.3413520982699727	-6.590336038548141e-4	0.4142313543339868	-0.001590979526198415	0.9987305825350211	0.9990603906560739	d__Bacteria	p__Bacillota	c__Clostridia	o__Oscillospirales	f__Ruminococcaceae	g__Gemmiger	NA
2117b7ad8596640d6b70046a1b9806fe	1.0531791811445184	-6.59116503826741e-4	0.3891799900959431	-0.0016936032699529373	0.9986487007447662	NA	d__Bacteria	p__Bacillota	c__Clostridia	o__Oscillospirales	f__Ruminococcaceae	g__Gemmiger	NA
b726627e18f29e0da5289f81ca294f92	13.235490072611372	-0.09352783925654705	0.6780294049408834	-0.1379406830662479	0.890287297285885	0.9990603906560739	d__Bacteria	p__Bacillota	c__Clostridia	o__Oscillospirales	f__Ruminococcaceae	g__Gemmiger	NA
7c44d9beb734b1b9609dee8705b886aa	1.0531791811445184	-6.59116503826741e-4	0.3891799900959431	-0.0016936032699529373	0.9986487007447662	NA	d__Bacteria	p__Bacillota	c__Clostridia	o__Oscillospirales	f__Ruminococcaceae	g__Gemmiger	NA
c08c41c826072dc8bb892e9305ac1a7b	1.0531791811445184	-6.59116503826741e-4	0.3891799900959431	-0.0016936032699529373	0.9986487007447662	NA	d__Bacteria	p__Bacillota	c__Clostridia	o__Oscillospirales	f__Ruminococcaceae	g__Gemmiger	NA
54239c6454a6a3d3a48e90a79744afb7	1.6568512337204442	-0.966311132689392	0.4297724074803864	-2.248425249900418	0.02454908661346733	0.08930658848220831	d__Bacteria	p__Bacillota	c__Clostridia	o__Oscillospirales	f__Ruminococcaceae	g__Gemmiger	NA
e0fc7e9a421580cbfcfa30cfa0917791	1.0387111791071328	0.06645698849920485	0.3947106312532257	0.16836888403081682	0.8662930855754242	NA	d__Bacteria	p__Bacillota	c__Clostridia	o__Oscillospirales	f__Ruminococcaceae	NA	NA
9639a3291729a3758207b47715d9205f	298.804393949248	0.12590447157767867	0.7242774817064889	0.1738345796434702	0.8619954674870448	0.9826379955220905	d__Bacteria	p__Bacillota	c__Clostridia	o__Oscillospirales	f__Ruminococcaceae	g__Gemmiger	NA
75250c9f20196e6590a231523f1b63be	1.0531791811445184	-6.59116503826741e-4	0.3891799900959431	-0.0016936032699529373	0.9986487007447662	NA	d__Bacteria	p__Bacillota	c__Clostridia	o__Oscillospirales	f__Ruminococcaceae	NA	NA
95bf2227469960757c08b536edf1db8d	1.0531791811445184	-6.59116503826741e-4	0.3891799900959431	-0.0016936032699529373	0.9986487007447662	NA	d__Bacteria	p__Bacillota	c__Clostridia	o__Oscillospirales	f__Ruminococcaceae	NA	NA
8969bc2e58173c5b645d59c167584d71	1.0531791811445184	-6.59116503826741e-4	0.3891799900959431	-0.0016936032699529373	0.9986487007447662	NA	d__Bacteria	p__Bacillota	c__Clostridia	o__Oscillospirales	f__Ruminococcaceae	NA	NA
f5995594664cfbee76fa31c02d71bea5	1.0531791811445184	-6.59116503826741e-4	0.3891799900959431	-0.0016936032699529373	0.9986487007447662	NA	d__Bacteria	p__Bacillota	c__Clostridia	o__Oscillospirales	f__Ruminococcaceae	g__Gemmiger	NA
ba1163413c312007563596b45c43e474	1.0387324637811943	0.0664557704665521	0.3947108525825347	0.16836570373411786	0.8662955873726614	NA	d__Bacteria	p__Bacillota	c__Clostridia	o__Oscillospirales	f__Ruminococcaceae	g__Gemmiger	NA
ea00763b3eff28e6e109d14cb2cff8d5	1.484701578896815	0.8380856664879716	0.42716646668139396	1.9619650226736207	0.04976655660651476	0.15333664446794815	d__Bacteria	p__Bacillota	c__Clostridia	o__Oscillospirales	f__Ruminococcaceae	g__Anaerofilum	NA
8a2eb905be3e14870030cc54aa710e04	1.1826699655475919	0.30597136481594245	0.3793965224292098	0.8064685539468341	0.41997273268518887	NA	d__Bacteria	p__Bacillota	c__Clostridia	o__Oscillospirales	f__Ruminococcaceae	g__Incertae_Sedis	NA
f9a235cb9fc7d750401a46923262099c	1.2251973374734324	-0.6284345508317319	0.35146456205713045	-1.7880452787430106	0.07376870301185177	0.1957990201831986	d__Bacteria	p__Bacillota	c__Clostridia	o__Oscillospirales	f__Ruminococcaceae	NA	NA
698c0199aff19d7bce2003b370afef5b	1.0531791811445184	-6.59116503826741e-4	0.3891799900959431	-0.0016936032699529373	0.9986487007447662	NA	d__Bacteria	p__Bacillota	c__Clostridia	o__Oscillospirales	f__Ruminococcaceae	g__Fournierella	NA
64b75473aff451e76e946c655fcbb361	1.038742922832062	-0.039133540503536304	0.3908606794902159	-0.10012145646007839	0.9202479011292768	NA	d__Bacteria	p__Bacillota	c__Clostridia	o__Oscillospirales	f__Ruminococcaceae	g__Fournierella	NA
08e78f74d2109bad6845fd1a904cb7a8	1.1533924071768649	0.2432127915625034	0.3805920973254577	0.6390379444860717	0.5227982477672373	NA	d__Bacteria	p__Bacillota	c__Clostridia	o__Oscillospirales	f__Ruminococcaceae	g__Fournierella	NA
f479c23321346918723839e33a3544f4	245.77417038062308	-1.374351909425237	0.6749266120223132	-2.036298295169017	0.04172041092565561	0.13448845455490796	d__Bacteria	p__Bacillota	c__Clostridia	o__Oscillospirales	f__Ruminococcaceae	g__Ruthenibacterium	NA
3c47d1756ee2bde5d0607744e6dbd522	1.0531791811445184	-6.59116503826741e-4	0.3891799900959431	-0.0016936032699529373	0.9986487007447662	NA	d__Bacteria	p__Bacillota	c__Clostridia	o__Oscillospirales	f__Ruminococcaceae	g__Ruthenibacterium	NA
3996dd9c5d3c14824bae483a0cd35e7b	1.0531791811445184	-6.59116503826741e-4	0.3891799900959431	-0.0016936032699529373	0.9986487007447662	NA	d__Bacteria	p__Bacillota	c__Clostridia	o__Oscillospirales	f__Ruminococcaceae	g__Ruthenibacterium	NA
9bcdff78f108f90ce33eea9907c345d2	1.4268000725735508	0.2748206879903704	0.433193763919526	0.6344059191983742	0.5258159476294406	0.6486076486943504	d__Bacteria	p__Bacillota	c__Clostridia	o__Oscillospirales	f__Ruminococcaceae	NA	NA
b48ab571a89a6f8e4839593015db7403	1.0531791811445184	-6.59116503826741e-4	0.3891799900959431	-0.0016936032699529373	0.9986487007447662	NA	d__Bacteria	p__Bacillota	c__Clostridia	o__Oscillospirales	f__Ruminococcaceae	NA	NA
030e9f546dc8475a2502f2e316d6408e	1.0531791811445184	-6.59116503826741e-4	0.3891799900959431	-0.0016936032699529373	0.9986487007447662	NA	d__Bacteria	p__Bacillota	c__Clostridia	o__Oscillospirales	f__Ruminococcaceae	NA	NA
f4bace87750c8c5b7697f61826634acb	1.0531791811445184	-6.59116503826741e-4	0.3891799900959431	-0.0016936032699529373	0.9986487007447662	NA	d__Bacteria	p__Bacillota	c__Clostridia	o__Oscillospirales	f__Ruminococcaceae	NA	NA
c54ecd701d322d197b9000b235740969	4.601799679753877	-0.331707272457338	0.5689721034460382	-0.5829939120886924	0.5598973985185131	0.6819754842685541	d__Bacteria	p__Bacillota	c__Clostridia	o__Oscillospirales	f__Ruminococcaceae	NA	NA
c01bd0ac2dcabcf23fb54efd8b9f1db7	1.038742922832062	-0.039133540503536304	0.3908606794902159	-0.10012145646007839	0.9202479011292768	NA	d__Bacteria	p__Bacillota	c__Clostridia	o__Oscillospirales	f__Ruminococcaceae	NA	NA
8e2daae0f076acb2d186378cb883210a	12.362190400188528	-3.661457945544829	0.631433059899151	-5.798647834704152	6.685175433017325e-9	4.1959306982526386e-7	d__Bacteria	p__Bacillota	c__Clostridia	o__Oscillospirales	f__Ruminococcaceae	NA	NA
5bc6fef07d91f032128376191a454576	1.196340932619299	0.3362677153322343	0.379065190982608	0.8870973208079734	0.3750265063929057	NA	d__Bacteria	p__Bacillota	c__Clostridia	o__Oscillospirales	f__Ruminococcaceae	g__Faecalibacterium	NA
d30f25f7cea858e96e06a0c05c5d9256	1.354210954720118	-0.9657413944079024	0.3818872796028608	-2.52886504994933	0.011443201659441704	0.05226726438528618	d__Bacteria	p__Bacillota	c__Clostridia	o__Oscillospirales	f__Ruminococcaceae	g__Faecalibacterium	NA
369d99b22aa34cca1a277a7a62118a34	1.2697868602569844	0.47937103508994133	0.38260142687636267	1.25292537198208	0.21023286728366347	0.35730276179661874	d__Bacteria	p__Bacillota	c__Clostridia	o__Oscillospirales	f__Ruminococcaceae	g__Faecalibacterium	NA
85d4001bee12be1087e1aee230a69080	1.0531791811445184	-6.59116503826741e-4	0.3891799900959431	-0.0016936032699529373	0.9986487007447662	NA	d__Bacteria	p__Bacillota	c__Clostridia	o__Oscillospirales	f__Ruminococcaceae	g__Faecalibacterium	NA
f5ae0c18690daa5d49aa37aa6500c6d3	1.2418198013068902	0.4239968359334682	0.38009062035401614	1.115515125152412	0.2646297405936576	0.41957401063922034	d__Bacteria	p__Bacillota	c__Clostridia	o__Oscillospirales	f__Ruminococcaceae	g__Faecalibacterium	NA
5edd946e0a26ae1c85ed8c498c328387	99.46958976638092	0.6964671505310258	0.8735406241743695	0.7972922280395311	0.425281333023172	0.5513671717323505	d__Bacteria	p__Bacillota	c__Clostridia	o__Oscillospirales	f__Ruminococcaceae	g__Faecalibacterium	NA
99a5ad295ab4d905ff35ce528b6ce4c1	1.0531791811445184	-6.59116503826741e-4	0.3891799900959431	-0.0016936032699529373	0.9986487007447662	NA	d__Bacteria	p__Bacillota	c__Clostridia	o__Oscillospirales	f__Ruminococcaceae	g__Faecalibacterium	NA
3b7622de07b181ba38292243d116b233	1.1538942356802422	0.24324726349929204	0.38060618667140766	0.6391048596099069	0.5227547187609678	NA	d__Bacteria	p__Bacillota	c__Clostridia	o__Oscillospirales	f__Ruminococcaceae	g__Faecalibacterium	NA
7c8c3f278fd565d8173c390d343f61e3	1.1395063707465674	0.2108301148557405	0.3814620075898292	0.5526896798656753	0.5804759213041253	NA	d__Bacteria	p__Bacillota	c__Clostridia	o__Oscillospirales	f__Ruminococcaceae	g__Incertae_Sedis	NA
9e82e5935f292341fd65fc2497728918	1.2256278898600672	0.39512233280737735	0.3870715803134446	1.0207991309705906	0.30734961623348045	0.44878427073284904	d__Bacteria	p__Bacillota	c__Clostridia	o__Oscillospirales	f__Oscillospiraceae	g__UCG-005	NA
aae4c4ed528ae16ec417df816699cfdb	1.8580023760457736	-1.8235706322602752	0.4120442329995147	-4.425667164385293	9.614466926294404e-6	1.6283549540247824e-4	d__Bacteria	p__Bacillota	c__Clostridia	o__Oscillospirales	f__Oscillospiraceae	g__UCG-005	NA
aa72f8f170f758d18e7d96708fb3841c	1.1538942356802417	0.24324726349929215	0.3806061866714107	0.6391048596099022	0.5227547187609708	NA	d__Bacteria	p__Bacillota	c__Clostridia	o__Oscillospirales	f__Butyricicoccaceae	g__Butyricicoccus	NA
1d35d0a2fb99c554d8a1d71d4c19fe95	1.024266501880664	0.027980239257793586	0.39638065925233473	0.07058931510576415	0.9437246145096124	NA	d__Bacteria	p__Bacillota	c__Clostridia	o__Oscillospirales	f__Butyricicoccaceae	g__Incertae_Sedis	NA
3f6dce06719bb11b6b9bbb8f2c8a5644	19.70694504848303	1.3921414835561983	0.7098759576875369	1.9611052726608489	0.04986674379604312	0.15333664446794815	d__Bacteria	p__Bacillota	c__Clostridia	o__Oscillospirales	f__Butyricicoccaceae	g__Agathobaculum	NA
4eca7561a3fdba12a569dbdc5f10b182	1.1824049907025562	-6.591246702163724e-4	0.39288425201515564	-0.0016776561209456327	0.9986614247106711	NA	d__Bacteria	p__Bacillota	c__Clostridia	o__Oscillospirales	f__Butyricicoccaceae	g__Agathobaculum	NA
df16a09f3e448ddd3b1ec54066d3081d	9.054983218514918	0.47539011470487474	0.6500015907654927	0.7313676173392409	0.46455463932887947	0.5893933414553085	d__Bacteria	p__Bacillota	c__Clostridia	o__Oscillospirales	f__Butyricicoccaceae	g__Agathobaculum	NA
a18c0c17fce3d52dc60506e8730bc996	59.78629369271672	0.6066338412826583	0.6874288951617451	0.8824677658333281	0.3775239037305143	0.4991549012149427	d__Bacteria	p__Bacillota	c__Clostridia	o__Oscillospirales	f__Butyricicoccaceae	g__Agathobaculum	NA
c82c7b675ce5c6a0d3eca83879abf4aa	1.1968864384074758	0.33632053572482823	0.3790885005773135	0.887182109751802	0.3749808627032189	0.4964076681195218	d__Bacteria	p__Bacillota	c__Clostridia	o__Oscillospirales	f__Butyricicoccaceae	g__Agathobaculum	NA
3f9afe17105dd0c33bf41ce08824f362	5.304224162523211	-0.7332714565442146	0.5375035668015906	-1.364216912843088	0.17249930673489428	0.314090034617973	d__Bacteria	p__Bacillota	c__Clostridia	o__Oscillospirales	f__Butyricicoccaceae	g__Agathobaculum	NA
0b9d02f4aac5b03c9aee0ce31e90bc0d	1.2258335603486163	0.3951665101112844	0.3870785904617154	1.0208947739525494	0.30730429540492665	0.44878427073284904	d__Bacteria	p__Bacillota	c__Clostridia	o__Oscillospirales	f__Butyricicoccaceae	g__Agathobaculum	NA
6d52536b55ab19ff41c247db9d081d01	1.558144274682775	-0.33092516253513954	0.3962915235935623	-0.8350548594487156	0.4036868210024911	0.5285077766989669	d__Bacteria	p__Bacillota	c__Clostridia	o__Oscillospirales	f__Butyricicoccaceae	g__Agathobaculum	NA
83f009e01a309a924a43fc05380b9920	1.2693088689886096	0.4792768388785408	0.38255845621034296	1.2528198791533678	0.21027126533515839	0.35730276179661874	d__Bacteria	p__Bacillota	c__Clostridia	o__Oscillospirales	f__Butyricicoccaceae	g__Agathobaculum	NA
334c54be1e2a2732900e652f8a78d60b	1.528036486444775	0.6577759776118338	0.4427978385059938	1.4854995223806406	0.1374115498279171	0.2792726165074048	d__Bacteria	p__Bacillota	c__Clostridia	o__Oscillospirales	f__Butyricicoccaceae	g__Agathobaculum	NA
668f346d14385b50c7242f1fd81cf04a	1.0386805954253813	0.06645873191826909	0.39471031275526086	0.16837343684880274	0.8662895040793808	NA	d__Bacteria	p__Bacillota	c__Clostridia	o__Oscillospirales	f__Butyricicoccaceae	g__Agathobaculum	NA
cc4ec80d286c96c8a46b2941b2466038	1.3698310358228163	0.6578702833146086	0.42195954812170156	1.5590837705724	0.11897655435144734	0.26400479990240483	d__Bacteria	p__Bacillota	c__Clostridia	o__Oscillospirales	f__Butyricicoccaceae	g__Agathobaculum	NA
b9c68e187b8aa47ae6ded42e4aa81be1	1.0531791811445184	-6.59116503826741e-4	0.3891799900959431	-0.0016936032699529373	0.9986487007447662	NA	d__Bacteria	p__Bacillota	c__Clostridia	o__Oscillospirales	f__Butyricicoccaceae	g__Agathobaculum	NA
a07dbd6b81597b810de81ac0ad6caf26	1.8341199581724927	0.2112410949844527	0.4241102952623479	0.49808056381602883	0.6184272592293776	0.7397554771275179	d__Bacteria	p__Bacillota	c__Clostridia	o__Oscillospirales	f__Butyricicoccaceae	g__Agathobaculum	NA
560eea58f9921c6dbca7f9604bd352bf	1.2410815212095268	-0.7497629138176656	0.3679620628756699	-2.0376092794952116	0.041589023285998214	0.13447117529139424	d__Bacteria	p__Bacillota	c__Clostridia	o__Oscillospirales	f__Butyricicoccaceae	g__Agathobaculum	NA
fff9fd9fdd5a143852810cc1efda341f	1.7762357896272005	-1.2662795431908251	0.404409838897808	-3.1311788720125735	0.0017410608102433483	0.012467864996843306	d__Bacteria	p__Bacillota	c__Clostridia	o__Oscillospirales	f__Butyricicoccaceae	g__Butyricicoccus	NA
a1720628c4f47b9107208f814f56fcf5	1.0387386692036873	-0.03913368173446606	0.39086062043895625	-0.10012183291966573	0.9202476022597301	NA	d__Bacteria	p__Bacillota	c__Clostridia	o__Oscillospirales	f__Butyricicoccaceae	g__Butyricicoccus	NA
adb3b44f743586c33d9be6bd90d9dd1c	1.0531791811445184	-6.59116503826741e-4	0.3891799900959431	-0.0016936032699529373	0.9986487007447662	NA	d__Bacteria	p__Bacillota	c__Clostridia	o__Oscillospirales	f__Butyricicoccaceae	g__UCG-008	NA
ba23cfca57df968954f7f4698422bee6	1.096084093443724	0.10894735265470208	0.3848525080334751	0.28308858687553534	0.7771089302607788	NA	d__Bacteria	p__Bacillota	c__Clostridia	o__Oscillospirales	f__Butyricicoccaceae	NA	NA
63e7b429d91966909c8b2e461d471b7c	1.0387111791071328	0.06645698849920485	0.3947106312532257	0.16836888403081682	0.8662930855754242	NA	d__Bacteria	p__Bacillota	c__Clostridia	o__Oscillospirales	f__Butyricicoccaceae	g__Butyricicoccus	NA
afa3e197ab31aa17a760b9a076eb42f3	1.354570661988681	-0.9660422833095741	0.38191660364571	-2.529458719751645	0.011423861145123709	0.05226726438528618	d__Bacteria	p__Bacillota	c__Clostridia	o__Oscillospirales	f__Oscillospiraceae	g__UCG-005	NA
ee6f1ad3007b7380824da57876e6c8c3	1.456689504034929	0.795493114021211	0.43921580901759616	1.811166851667995	0.0701150277212186	0.19258455174132758	d__Bacteria	p__Bacillota	c__Clostridia	o__Oscillospirales	f__Oscillospiraceae	g__UCG-005	NA
b76fb65897eec48dec94d23d66c0f8f0	1.9892632005824944	1.4367572075357113	0.4833946982246014	2.9722237600300403	0.0029565112638492565	0.019007718699144874	d__Bacteria	p__Bacillota	c__Clostridia	o__Oscillospirales	f__Oscillospiraceae	g__UCG-005	NA
341caff1300aa78cd6d20a52e037a0f7	1.0531791811445184	-6.59116503826741e-4	0.3891799900959431	-0.0016936032699529373	0.9986487007447662	NA	d__Bacteria	p__Bacillota	c__Clostridia	o__Oscillospirales	f__Oscillospiraceae	g__UCG-005	NA
8a80b5cf4ed21ee1617aa27d0542d4a2	1.0531791811445184	-6.59116503826741e-4	0.3891799900959431	-0.0016936032699529373	0.9986487007447662	NA	d__Bacteria	p__Bacillota	c__Clostridia	o__Oscillospirales	f__Oscillospiraceae	g__UCG-005	NA
c2da7cc0247443dccd2e3d6a62f7be45	23.846360390553787	2.925453609058069	0.7044646427948213	4.152733056199843	3.285278928207404e-5	4.612358705785921e-4	d__Bacteria	p__Bacillota	c__Clostridia	o__Oscillospirales	f__Oscillospiraceae	g__UCG-005	NA
5ca4ec70e0319aa4e6e75595df17d8dc	9.1191880028288	1.404635889878797	0.6380691345820433	2.2013851066450356	0.02770877244702251	0.0982234558171861	d__Bacteria	p__Bacillota	c__Clostridia	o__Oscillospirales	f__Oscillospiraceae	g__UCG-005	NA
a5e9c54f5a1e72cdf95bbee9ad459b08	1.2122026407043256	0.36615810133296883	0.37909769249464087	0.9658673966688548	0.33411053854189915	0.46631086824824164	d__Bacteria	p__Bacillota	c__Clostridia	o__Oscillospirales	f__Oscillospiraceae	g__UCG-005	NA
d61d182d52a4a2670558d6160246ffdb	1.469874699222183	0.4514881553547749	0.42110567471489613	1.0721493023347377	0.2836529773554301	0.4295710371651562	d__Bacteria	p__Bacillota	c__Clostridia	o__Oscillospirales	f__Oscillospiraceae	g__UCG-005	NA
420f96256387d77de17ec28d160bb147	1.5552760345462553	-0.8966683658475354	0.41534440121758776	-2.1588550687548453	0.030861412614316738	0.10691275084245441	d__Bacteria	p__Bacillota	c__Clostridia	o__Oscillospirales	f__Oscillospiraceae	g__Incertae_Sedis	NA
eec38d4824a43492a8ff0f19a69bd331	1.3847996030863967	-1.0327478668884638	0.3863383643365579	-2.6731693308842286	0.007513831230191644	0.03816324956647923	d__Bacteria	p__Bacillota	c__Clostridia	o__Oscillospirales	f__Oscillospiraceae	g__Incertae_Sedis	NA
eed2ad9c2d5b732094c15f0902f14d2c	1.0531791811445184	-6.59116503826741e-4	0.3891799900959431	-0.0016936032699529373	0.9986487007447662	NA	d__Bacteria	p__Bacillota	c__Clostridia	o__Oscillospirales	f__Oscillospiraceae	g__UCG-005	NA
546e7f4c8e7d5c2e5b469cac519e61a3	1.2249732829142552	0.39498174547707404	0.38702327324509456	1.0205632911045623	0.3074613888525852	0.44878427073284904	d__Bacteria	p__Bacillota	c__Clostridia	o__Oscillospirales	f__Oscillospiraceae	g__UCG-005	NA
4bd01f90398375480101204bbcdd2ceb	57.89918454543075	2.009879536995258	0.8064105600876732	2.4923775015753056	0.012689109257192093	0.05664970534487014	d__Bacteria	p__Bacillota	c__Clostridia	o__Oscillospirales	f__Oscillospiraceae	g__UCG-005	NA
0f603a9018080b298f6f858569d3b3e2	5.392862885784074	1.2395696535745009	0.5748130462571166	2.156474460080427	0.031046635960260045	0.1072063448854287	d__Bacteria	p__Bacillota	c__Clostridia	o__Oscillospirales	f__Oscillospiraceae	g__UCG-005	NA
b2506d7e0328de8e0b8e68da4f7fad5e	2.014585299397647	1.4621722931424748	0.48579143648702977	3.009876632894317	0.0026135382126685307	0.017429032955733264	d__Bacteria	p__Bacillota	c__Clostridia	o__Oscillospirales	f__Oscillospiraceae	g__UCG-005	NA
c5bbe83eefb639e05548b52ee3aae3c6	1.0531791811445184	-6.59116503826741e-4	0.3891799900959431	-0.0016936032699529373	0.9986487007447662	NA	d__Bacteria	p__Bacillota	c__Clostridia	o__Oscillospirales	f__Oscillospiraceae	g__UCG-005	NA
72cd34940774e5a124c5a11458fcdb69	1.1682821006139168	0.2749508805309282	0.3799094262637573	0.7237274506056605	0.4692330769951676	NA	d__Bacteria	p__Bacillota	c__Clostridia	o__Oscillospirales	f__Oscillospiraceae	g__UCG-005	NA
68d79c3035521e82b504b081a197d2ed	43.38162891712706	0.9010410212423873	0.7622186251292002	1.1821293675284514	0.23715437331046577	0.3857727796204566	d__Bacteria	p__Bacillota	c__Clostridia	o__Oscillospirales	f__Oscillospiraceae	g__UCG-002	NA
238f459856f984d95bf763ecc7e482c9	1.1968864384074758	0.33632053572482823	0.3790885005773135	0.887182109751802	0.3749808627032189	0.4964076681195218	d__Bacteria	p__Bacillota	c__Clostridia	o__Oscillospirales	f__Oscillospiraceae	g__UCG-002	NA
f8d1b6567bca78638227d413f6170e06	1.3402186867103876	-0.9322141769963982	0.379675568648313	-2.4552914487365722	0.014077040706328542	0.059942334336419864	d__Bacteria	p__Bacillota	c__Clostridia	o__Oscillospirales	f__Oscillospiraceae	g__UCG-002	NA
16530e5b50b780018210dac05a471715	1.3869279706625606	0.6833100932502496	0.428927500545661	1.5930666426866436	0.11114524156815973	0.2572493985970205	d__Bacteria	p__Bacillota	c__Clostridia	o__Oscillospirales	f__Oscillospiraceae	g__UCG-002	NA
609d1ae0045de753ac19f31803e3e19d	13.953645942386261	2.053350019771928	0.6849916306179256	2.997627894985545	0.0027208966533650977	0.017920967463830612	d__Bacteria	p__Bacillota	c__Clostridia	o__Oscillospirales	f__Oscillospiraceae	g__UCG-002	NA
57b4d2f4c517fee7b768d372c4af4b39	1.0531791811445184	-6.59116503826741e-4	0.3891799900959431	-0.0016936032699529373	0.9986487007447662	NA	d__Bacteria	p__Bacillota	c__Clostridia	o__Oscillospirales	f__Oscillospiraceae	g__UCG-002	NA
880005af6ed906f0687f0a3f95a078d1	1.038742922832062	-0.0391335405035363	0.3908606794902159	-0.10012145646007836	0.9202479011292768	NA	d__Bacteria	p__Bacillota	c__Clostridia	o__Oscillospirales	f__Oscillospiraceae	g__UCG-002	NA
84f9cf6d08ccc7adb4e945c4fd8be494	10.928526529047648	-0.10052636906792989	0.6509595913555619	-0.15442797126407373	0.8772723003092697	0.9943465674681828	d__Bacteria	p__Bacillota	c__Clostridia	o__Oscillospirales	f__Oscillospiraceae	g__UCG-002	NA
32cc17e12d08b4011ab0ec8c393fd12c	40.233225099558545	2.3645572362917195	0.7499490825711873	3.1529570356761774	0.001616255931983745	0.011731599179773169	d__Bacteria	p__Bacillota	c__Clostridia	o__Oscillospirales	f__Oscillospiraceae	g__UCG-002	NA
5db43e823373034e9859cb2ab2f8975c	1.1396310562821548	0.21083783569337333	0.3814651326074608	0.5527053921080957	0.5804651604864424	NA	d__Bacteria	p__Bacillota	c__Clostridia	o__Oscillospirales	f__Oscillospiraceae	g__UCG-002	NA
c26af4c22f01bb994a68df0c15a529a3	2.781485653520613	1.4197365690519712	0.4911328577764555	2.890738313619774	0.003843380059523003	0.023633037384925785	d__Bacteria	p__Bacillota	c__Clostridia	o__Oscillospirales	f__Oscillospiraceae	g__Oscillospira	NA
d0833ce681acbdd482a03911d447756d	5.931682351216527	2.486084967203184	0.6029349801192139	4.123305247129017	3.73474243263022e-5	5.044266045084107e-4	d__Bacteria	p__Bacillota	c__Clostridia	o__Oscillospirales	f__Oscillospiraceae	g__UCG-003	NA
a08d9fb331013d69d364bd4e2be56825	1.1538942356802422	-0.39917002411168634	0.36129909827594736	-1.1048187665467533	0.26923812710429446	NA	d__Bacteria	p__Bacillota	c__Clostridia	o__Oscillospirales	f__Oscillospiraceae	g__UCG-003	NA
9554cc3833549c23e480e5fe4990f4be	1.3108703337991232	0.5581838071245389	0.38902051324262493	1.4348441486333907	0.15133151408539622	0.29146340348216204	d__Bacteria	p__Bacillota	c__Clostridia	o__Oscillospirales	f__Oscillospiraceae	g__UCG-003	NA
5d08d1eb4b8a0672652dd0fc0af2dcf0	42.340268051535475	-0.39817453951815573	0.7306831385802578	-0.54493462144456	0.5857984836844523	0.7070667218227495	d__Bacteria	p__Bacillota	c__Clostridia	o__Oscillospirales	f__Oscillospiraceae	g__UCG-003	NA
8344e260ce01e13cc4d54896656d457b	1.0531791811445184	-6.59116503826741e-4	0.3891799900959431	-0.0016936032699529373	0.9986487007447662	NA	d__Bacteria	p__Bacillota	c__Clostridia	o__Oscillospirales	f__Oscillospiraceae	g__UCG-003	NA
3120660c883750285d85c12f7d898f67	7.275703683072499	-0.0036568775360115405	0.577490284741344	-0.006332362002677575	0.9949475398909432	0.9990603906560739	d__Bacteria	p__Bacillota	c__Clostridia	o__Oscillospirales	f__Oscillospiraceae	g__Oscillibacter	NA
2595bf1e701879b086a24e1a2b114857	1.1541396735632006	0.24326407416939355	0.38061309082168787	0.6391374338812732	0.5227335295214669	NA	d__Bacteria	p__Bacillota	c__Clostridia	o__Oscillospirales	f__Oscillospiraceae	g__Oscillibacter	NA
77c2dc197e6b3dbebc4ee240c6a1c559	122.04859445369726	0.3043512335537751	0.5668757605544085	0.5368923046843941	0.5913420068527407	0.7113437669806927	d__Bacteria	p__Bacillota	c__Clostridia	o__Oscillospirales	f__Oscillospiraceae	g__Oscillibacter	NA
b641fe32cb306c79f3a44cb4ebc9dcfe	1.3980765985756158	0.7048054903271346	0.4243867445204164	1.6607622632596806	0.09676120294030816	0.2277620049644179	d__Bacteria	p__Bacillota	c__Clostridia	o__Oscillospirales	f__Oscillospiraceae	g__Oscillibacter	NA
ac4274f46d9ec670be0cfb4126304a8d	1.3557607441262456	-6.590218236440237e-4	0.41704003991414484	-0.0015802363336136626	0.9987391543517428	0.9990603906560739	d__Bacteria	p__Bacillota	c__Clostridia	o__Oscillospirales	f__Oscillospiraceae	g__Oscillibacter	NA
2b74579818ffe688c15e0e2816a7c339	1.0387264241175567	0.06645611648459741	0.3947107898064449	0.16836660714845325	0.8662948766968549	NA	d__Bacteria	p__Bacillota	c__Clostridia	o__Oscillospirales	f__Oscillospiraceae	g__Oscillibacter	NA
8dcfdd3643e8a1b873a013d7c15804dd	1.1966989339274532	-0.5410913218304646	0.3542761920275063	-1.5273149424290238	0.1266827156045279	0.26400479990240483	d__Bacteria	p__Bacillota	c__Clostridia	o__Oscillospirales	f__Oscillospiraceae	g__Oscillibacter	NA
7d4a5bce832b90560fefa4a3727807a4	1.167994983370866	-0.448031619550887	0.35862035217892313	-1.2493201147919089	0.21154801370285328	NA	d__Bacteria	p__Bacillota	c__Clostridia	o__Oscillospirales	f__Oscillospiraceae	g__Oscillospira	NA
d1dfa014363e0f9510af2b404d268409	1.0531791811445184	-6.59116503826741e-4	0.3891799900959431	-0.0016936032699529373	0.9986487007447662	NA	d__Bacteria	p__Bacillota	c__Clostridia	o__Oscillospirales	f__Oscillospiraceae	g__Oscillospira	NA
32cd36db3b176689d81c65ddb6c17140	1.3988843675134286	0.7053338958320035	0.40944812842230854	1.72264530442429	0.08495268693855414	0.21378423812131428	d__Bacteria	p__Bacillota	c__Clostridia	o__Oscillospirales	f__Oscillospiraceae	NA	NA
09d981dc93a29f773c4d5167829257ec	1.0531791811445184	-6.59116503826741e-4	0.3891799900959431	-0.0016936032699529373	0.9986487007447662	NA	d__Bacteria	p__Bacillota	c__Clostridia	o__Oscillospirales	f__Oscillospiraceae	NA	NA
1e97042b60d468d9cc9fadf7213b4a72	1.0531791811445184	-6.59116503826741e-4	0.3891799900959431	-0.0016936032699529373	0.9986487007447662	NA	d__Bacteria	p__Bacillota	c__Clostridia	o__Oscillospirales	f__Oscillospiraceae	g__UCG-002	NA
0d16f2185d6818fc380ae27c076b91aa	1.1970578304812667	0.336337122450203	0.37909583729208157	0.8872086933285571	0.3749665529060845	0.4964076681195218	d__Bacteria	p__Bacillota	c__Clostridia	o__Oscillospirales	f__Oscillospiraceae	g__UCG-002	NA
a524dd50750ecb55086cc5d423b68aa7	1.139329720849877	-6.591267517195454e-4	0.3911069976927802	-0.0016852849875043617	0.9986553377644325	NA	d__Bacteria	p__Bacillota	c__Clostridia	o__Oscillospirales	f__Oscillospiraceae	g__UCG-002	NA
05ca223d6709b8351e39b978a98ac176	1.139329720849877	-6.591267517195454e-4	0.3911069976927802	-0.0016852849875043617	0.9986553377644325	NA	d__Bacteria	p__Bacillota	c__Clostridia	o__Oscillospirales	f__Oscillospiraceae	g__UCG-002	NA
6762fddad46b19f50d375edab0529fa6	1.2539170264508703	0.4516401814493759	0.38099064708373825	1.185436400883903	0.23584494663115257	0.38518479708292525	d__Bacteria	p__Bacillota	c__Clostridia	o__Oscillospirales	f__Oscillospiraceae	g__UCG-002	NA
9192b3275c36e56540678451adfa601f	159.11309953671034	1.1777577617320347	0.8578862241196124	1.3728600933540853	0.16979584472663317	0.31022631219746166	d__Bacteria	p__Bacillota	c__Clostridia	o__Oscillospirales	f__Oscillospiraceae	g__UCG-002	NA
54ec3041ed02d098b3c5e4395466c441	1.0531791811445184	-6.59116503826741e-4	0.3891799900959431	-0.0016936032699529373	0.9986487007447662	NA	d__Bacteria	p__Bacillota	c__Clostridia	o__Oscillospirales	f__Oscillospiraceae	g__UCG-002	NA
45f1b2beaa5b511a7912de82bc36cc50	1.0531791811445184	-6.59116503826741e-4	0.3891799900959431	-0.0016936032699529373	0.9986487007447662	NA	d__Bacteria	p__Bacillota	c__Clostridia	o__Oscillospirales	f__Oscillospiraceae	g__UCG-002	NA
3219af75ee8056ed06ba81e873b0d0cb	59.099445364801944	2.0361812586751893	0.7760610059691225	2.6237386532937124	0.008697049126090074	0.042180688261536856	d__Bacteria	p__Bacillota	c__Clostridia	o__Oscillospirales	f__Oscillospiraceae	g__UCG-002	NA
13e5e67a2599db5c3cdfa82c4c9ea6fd	2.8071764370445043	-0.3706773917673252	0.5017845998187006	-0.738718150978038	0.4600781616439049	0.5854746126113974	d__Bacteria	p__Bacillota	c__Clostridia	o__Oscillospirales	f__Oscillospiraceae	g__NK4A214_group	NA
81d231c420963eaa054991ff732a0b9f	1.7614602755677369	1.1951757821929991	0.4438832948402596	2.6925450812991447	0.007090894843470004	0.037229257365528984	d__Bacteria	p__Bacillota	c__Clostridia	o__Clostridia_UCG-014	f__Incertae_Sedis	g__Incertae_Sedis	NA
39b16a879dc7d7d2392dee90b32af689	1.2115051084836677	0.36608117196019796	0.3790625456979955	0.965754005809532	0.33416728846347465	0.46631086824824164	d__Bacteria	p__Bacillota	c__Clostridia	o__Clostridia_UCG-014	f__Incertae_Sedis	g__Incertae_Sedis	NA
7614f2b3482aeb13a9cf183ec1213b51	1.0531791811445184	-6.59116503826741e-4	0.3891799900959431	-0.0016936032699529373	0.9986487007447662	NA	d__Bacteria	p__Bacillota	c__Clostridia	o__Clostridia_UCG-014	f__Incertae_Sedis	g__Incertae_Sedis	NA
0bae11e18b7d5b6f905fcb2cecf94bcf	1.1684083773560825	-0.4480857444818731	0.3586321639424438	-1.2494298881507615	0.21150788236319354	NA	d__Bacteria	p__Bacillota	c__Clostridia	o__Clostridia_UCG-014	f__Incertae_Sedis	g__Incertae_Sedis	NA
1bc1f0e94c2e5c3f32e5b2746769efb4	1.038742922832062	-0.039133540503536304	0.3908606794902159	-0.10012145646007839	0.9202479011292768	NA	d__Bacteria	p__Bacillota	c__Clostridia	o__Clostridia_UCG-014	f__Incertae_Sedis	g__Incertae_Sedis	NA
eb51a6482b09f0c5962e362d2d23abb9	1.6401423621911178	1.0518549239816644	0.46631099773920764	2.255694009108342	0.02408980102817794	0.08832927043665244	d__Bacteria	p__Bacillota	c__Clostridia	o__Clostridia_UCG-014	f__Incertae_Sedis	g__Incertae_Sedis	NA
6db169339ee5897780e713c44784d74a	1.0531791811445184	-6.59116503826741e-4	0.3891799900959431	-0.0016936032699529373	0.9986487007447662	NA	d__Bacteria	p__Bacillota	c__Clostridia	o__Clostridia_UCG-014	f__Incertae_Sedis	g__Incertae_Sedis	NA
13b3d0dec3cd9fb5f2a5693d5a131497	1.3402186867103876	-0.9322141769963982	0.379675568648313	-2.4552914487365722	0.014077040706328542	0.059942334336419864	d__Bacteria	p__Bacillota	c__Clostridia	o__Clostridia_UCG-014	f__Incertae_Sedis	g__Incertae_Sedis	NA
22c159771ea409e7a5cf617dae2ec8f0	2.22698763315009	1.664318192683063	0.5217859983214415	3.189656675413078	0.001424419043028423	0.010481759440767775	d__Bacteria	p__Bacillota	c__Clostridia	o__Clostridia_UCG-014	f__Incertae_Sedis	g__Incertae_Sedis	NA
0e3e4513e61848ed7e032f1ddbc6f42e	1.9040158332985264	1.3510538296621182	0.4635140420968024	2.9148066875176952	0.003559089232015594	0.022338518885650815	d__Bacteria	p__Bacillota	c__Clostridia	o__Clostridia_UCG-014	f__Incertae_Sedis	g__Incertae_Sedis	NA
a2d300d1e9c621dbc5239cc092d433c3	1.038745095909413	-6.591132225873438e-4	0.38896202750425574	-0.0016945438782713365	0.998647950248988	NA	d__Bacteria	p__Bacillota	c__Clostridia	o__Clostridia_UCG-014	f__Incertae_Sedis	g__Incertae_Sedis	NA
43202fe954709a694e31c3a1be7e889b	2.0041470889531183	0.7058609062329996	0.4532186016021939	1.5574402809983487	0.11936598881252988	0.26400479990240483	d__Bacteria	p__Bacillota	c__Clostridia	o__Clostridia_UCG-014	f__Incertae_Sedis	g__Incertae_Sedis	NA
cb5e325b529422ecb69187e9769717ce	1.140244082757921	0.21087564216584725	0.3814805271772671	0.5527821923866042	0.5804125637504831	NA	d__Bacteria	p__Bacillota	c__Clostridia	o__Clostridia_UCG-014	f__Incertae_Sedis	g__Incertae_Sedis	NA
48ad50f62d6343826d4125a6dcbc3392	1.1968864384074758	0.33632053572482823	0.3790885005773135	0.887182109751802	0.3749808627032189	0.4964076681195218	d__Bacteria	p__Bacillota	c__Clostridia	o__Clostridia_UCG-014	f__Incertae_Sedis	g__Incertae_Sedis	NA
77d46a2cdb9594c35e978461a1c3cc56	1.0531791811445184	-6.59116503826741e-4	0.3891799900959431	-0.0016936032699529373	0.9986487007447662	NA	d__Bacteria	p__Bacillota	c__Clostridia	o__Clostridia_UCG-014	f__Incertae_Sedis	g__Incertae_Sedis	NA
c97ea25ba069877eac769cb05968724c	1.0531791811445184	-6.59116503826741e-4	0.3891799900959431	-0.0016936032699529373	0.9986487007447662	NA	d__Bacteria	p__Bacillota	c__Clostridia	o__Clostridia_UCG-014	f__Incertae_Sedis	g__Incertae_Sedis	NA
02db09efa7c46a21be5fadc51cb17dd8	1.038745095909413	-6.591132225873438e-4	0.38896202750425574	-0.0016945438782713365	0.998647950248988	NA	d__Bacteria	p__Bacillota	c__Clostridia	o__Clostridia_UCG-014	f__Incertae_Sedis	g__Incertae_Sedis	NA
584e748cbed7518903a643d6de83bafa	1.0531791811445184	-6.59116503826741e-4	0.3891799900959431	-0.0016936032699529373	0.9986487007447662	NA	d__Bacteria	p__Bacillota	c__Clostridia	o__Clostridia_UCG-014	f__Incertae_Sedis	g__Incertae_Sedis	NA
3b694fd662a4aaa9f9d17143f0bb3875	1.0531791811445184	-6.59116503826741e-4	0.3891799900959431	-0.0016936032699529373	0.9986487007447662	NA	d__Bacteria	p__Bacillota	c__Clostridia	o__Clostridia_UCG-014	f__Incertae_Sedis	g__Incertae_Sedis	NA
abbd5b846e49535be66506ee4c05001d	1.1684083773560825	-0.4480857444818731	0.3586321639424438	-1.2494298881507615	0.21150788236319354	NA	d__Bacteria	p__Bacillota	c__Clostridia	o__Clostridia_UCG-014	f__Incertae_Sedis	g__Incertae_Sedis	NA
bbc4db59e83e62944384e429ac6b3c4d	1.2543975874900137	-0.7889435041977031	0.3485127269644889	-2.2637437406355927	0.023589880542792794	0.08757153438760708	d__Bacteria	p__Bacillota	c__Clostridia	o__Clostridia_UCG-014	f__Incertae_Sedis	g__Incertae_Sedis	NA
d84d8cf53693bebb94e836b4204f462f	1.1541234032948686	0.2432629607661433	0.3806126328712614	0.6391352775944898	0.5227349321509362	NA	d__Bacteria	p__Bacillota	c__Clostridia	o__Clostridia_UCG-014	f__Incertae_Sedis	g__Incertae_Sedis	NA
e5908f0fe871ef3f7022613817868c01	1.4430730035469572	0.774005713420114	0.43975429277666733	1.7600867714853643	0.07839309535675598	0.20401325059916742	d__Bacteria	p__Bacillota	c__Clostridia	o__Clostridia_UCG-014	f__Incertae_Sedis	g__Incertae_Sedis	NA
2b1a1826b1a5bae15ba5ffbabc2e473f	1.3409364798180146	0.6089714082787174	0.41651334384363436	1.4620693845221315	0.14372219731363883	0.2852868722217421	d__Bacteria	p__Bacillota	c__Clostridia	o__Clostridia_UCG-014	f__Incertae_Sedis	g__Incertae_Sedis	NA
ca9cf3f426056b8af4bc32a34838a7ec	1.3121607499506651	0.5585584449425213	0.38916613123007193	1.4352699274652603	0.15121019376283662	0.29146340348216204	d__Bacteria	p__Bacillota	c__Clostridia	o__Lachnospirales	f__Lachnospiraceae	g__Lachnospiraceae_NK4B4_group	NA
d9179bcf9343454d917bc22530e0a43e	1.1538942356802422	0.24324726349929207	0.38060618667140766	0.639104859609907	0.5227547187609676	NA	d__Bacteria	p__Bacillota	c__Clostridia	o__Lachnospirales	f__Lachnospiraceae	g__Anaerobutyricum	NA
5628275be869fb0867257b685f5bcf44	1.0531791811445184	-6.59116503826741e-4	0.3891799900959431	-0.0016936032699529373	0.9986487007447662	NA	d__Bacteria	p__Bacillota	c__Clostridia	o__Lachnospirales	f__Lachnospiraceae	g__Anaerobutyricum	NA
af691ca2a4530ac05fa219914939c3ac	1.4109634766664911	0.7495926502998352	0.43132030939739147	1.737902514600136	0.08222799253965872	0.20868495304090692	d__Bacteria	p__Bacillota	c__Clostridia	o__Lachnospirales	f__Lachnospiraceae	g__Anaerobutyricum	NA
f7fcba0d058116e80c4da213295d257d	1.038742922832062	-6.59113222794125e-4	0.38896199360802225	-0.0016945440264745982	0.9986479501307391	NA	d__Bacteria	p__Bacillota	c__Clostridia	o__Lachnospirales	f__Lachnospiraceae	g__Anaerobutyricum	NA
6851a4ee264b56be2fff4686ce269907	44.55757045154518	0.6626723607013624	0.6881888003420744	0.9629223265068704	0.335586504317243	0.4667795987052069	d__Bacteria	p__Bacillota	c__Clostridia	o__Lachnospirales	f__Lachnospiraceae	g__Anaerobutyricum	NA
aac0099991c8518a5268b1a19a84550b	21.41874291962832	1.0892784353752754	0.6210462187034304	1.7539410152909103	0.079440614675235	0.20573576664678578	d__Bacteria	p__Bacillota	c__Clostridia	o__Lachnospirales	f__Lachnospiraceae	g__Anaerobutyricum	NA
dd80e0a50520c9481217ccdf670781a6	1.4416865839681847	-1.2225554772893064	0.3808851232591167	-3.2097748182661365	0.0013283899383345556	0.009843000445853964	d__Bacteria	p__Bacillota	c__Clostridia	o__Lachnospirales	f__Lachnospiraceae	g__Anaerobutyricum	NA
50f56fe7a4e3996cc9c49f9abb3c335d	1.2120706306356726	-0.5856424053511899	0.35271378331976155	-1.6603899054896334	0.09683603955983427	0.2277620049644179	d__Bacteria	p__Bacillota	c__Clostridia	o__Lachnospirales	f__Lachnospiraceae	g__Anaerobutyricum	NA
6fe42dbb5806cbecbbfe7336526fae49	1.154669281178478	0.24330024021385285	0.3806280182459363	0.6392073850345105	0.5226880284829476	NA	d__Bacteria	p__Bacillota	c__Clostridia	o__Lachnospirales	f__Lachnospiraceae	g__Anaerobutyricum	NA
deef8d5043d397cbdc8d4b375d206414	1.038742922832062	-6.59113222794125e-4	0.38896199360802225	-0.0016945440264745982	0.9986479501307391	NA	d__Bacteria	p__Bacillota	c__Clostridia	o__Lachnospirales	f__Lachnospiraceae	g__Anaerobutyricum	NA
87c18e8ee3789954404f2c1a35079a09	5.487493205477814	0.8935035717943833	0.6025972218312042	1.4827542169530048	0.13813972406559927	0.2802187938745141	d__Bacteria	p__Bacillota	c__Clostridia	o__Lachnospirales	f__Lachnospiraceae	g__Anaerobutyricum	NA
450a5976afcf7b809d1e75d7fa5943a1	1.0531791811445184	-6.59116503826741e-4	0.3891799900959431	-0.0016936032699529373	0.9986487007447662	NA	d__Bacteria	p__Bacillota	c__Clostridia	o__Lachnospirales	f__Lachnospiraceae	g__Anaerobutyricum	NA
7c861f48eaca9c2cacdb0470b609b1d4	1.4431269348541036	-0.008016510211377411	0.3893782702974983	-0.020587975300348744	0.9835743327546845	0.9990603906560739	d__Bacteria	p__Bacillota	c__Clostridia	o__Lachnospirales	f__Lachnospiraceae	g__Anaerobutyricum	NA
7aa51c14d0798069548b78e6ef1a9bf4	1.1399307872427014	-0.3485977161758835	0.3642961447651775	-0.9569075083146622	0.3386139411381638	NA	d__Bacteria	p__Bacillota	c__Clostridia	o__Lachnospirales	f__Lachnospiraceae	g__Anaerobutyricum	NA
cd454c45a2b54026d5ec1086957a0196	1.3262851937922893	0.5839671237372023	0.3922980232269082	1.4885803372999185	0.13659791253949932	0.2781488028237515	d__Bacteria	p__Bacillota	c__Clostridia	o__Lachnospirales	f__Lachnospiraceae	g__GCA-900066575	NA
3a2a7cb0fcf3f94a77afecb8c2ca949b	1.37077686401856	0.6584068831597564	0.4219442573289473	1.5604120016413994	0.11866255047499798	0.26400479990240483	d__Bacteria	p__Bacillota	c__Clostridia	o__Lachnospirales	f__Lachnospiraceae	g__Catenibacillus	NA
8c8a105de3169d2d55fcb9cfc2f52cf9	2.6921524633445335	1.9962466909756418	0.5120588600545426	3.8984711459987413	9.680193273795687e-5	0.00107591314824375	d__Bacteria	p__Bacillota	c__Clostridia	o__Lachnospirales	f__Lachnospiraceae	g__GCA-900066575	NA
923fed1e3a5c67f886eb287b585a924a	6.850703824623057	1.2708171320917185	0.571396926834482	2.224053144863762	0.02614486882233263	0.09361266789741247	d__Bacteria	p__Bacillota	c__Clostridia	o__Lachnospirales	f__Lachnospiraceae	g__GCA-900066575	NA
b58e7be2917611127935efa19ecd792a	1.3405936956704327	0.6087902536862854	0.4165187549748885	1.461615464885822	0.14384661410993183	0.2852868722217421	d__Bacteria	p__Bacillota	c__Clostridia	o__Lachnospirales	f__Lachnospiraceae	g__Lachnospiraceae_FCS020_group	NA
e07b140b135d1c14b1313e0ba5b66baa	1.2258335603486163	0.3951665101112844	0.3870785904617154	1.0208947739525494	0.30730429540492665	0.44878427073284904	d__Bacteria	p__Bacillota	c__Clostridia	o__Lachnospirales	f__Lachnospiraceae	g__GCA-900066575	NA
36c3c3e931ebb36c143c46739b848668	1.167857952030461	-0.44801365298637386	0.35861644475368964	-1.249283627509289	0.21156135407374743	NA	d__Bacteria	p__Bacillota	c__Clostridia	o__Lachnospirales	f__Lachnospiraceae	g__GCA-900066575	NA
9102f24242e1917961edaa2bbe2d2890	1.1688935642164513	-0.4481491249564549	0.35864607275425103	-1.2495581549655852	0.21146099709205177	NA	d__Bacteria	p__Bacillota	c__Clostridia	o__Lachnospirales	f__Lachnospiraceae	g__Frisingicoccus	NA
70745fa69950bfb64db28e3afff2b1e5	9.483368696869718	0.7588045585325863	0.627371228295357	1.209498498352163	0.2264713876460116	0.3805432608162116	d__Bacteria	p__Bacillota	c__Clostridia	o__Lachnospirales	f__Lachnospiraceae	g__Frisingicoccus	NA
65990c74559e4adfaa672a884ad7d464	47.67539761973873	0.4188679029573023	0.6703147778953256	0.6248823937202702	0.5320482485154152	0.6551750083949923	d__Bacteria	p__Bacillota	c__Clostridia	o__Lachnospirales	f__Lachnospiraceae	g__Coprococcus	NA
32079bbbdce1a901a55f415bf3ab6cb7	1.0531791811445184	-6.59116503826741e-4	0.3891799900959431	-0.0016936032699529373	0.9986487007447662	NA	d__Bacteria	p__Bacillota	c__Clostridia	o__Lachnospirales	f__Lachnospiraceae	g__Coprococcus	NA
2880c4a59b13e2e8e9ed8b55352d57a0	1.2404266249883105	-6.591080361407481e-4	0.3974412658696621	-0.0016583784642958985	0.9986768060338825	0.9990603906560739	d__Bacteria	p__Bacillota	c__Clostridia	o__Lachnospirales	f__Lachnospiraceae	NA	NA
7ad394d61d61a814631950655009d828	1.2692339240412014	0.47926207979453994	0.3825517225913893	1.252803350480397	0.21027728202233406	0.35730276179661874	d__Bacteria	p__Bacillota	c__Clostridia	o__Lachnospirales	f__Lachnospiraceae	g__Catenibacillus	NA
1a78539b37f0546f2a1643da51ce7636	1.1397167460748174	0.2108431356499764	0.3814672814705122	0.5527161722420872	0.5804577775678177	NA	d__Bacteria	p__Bacillota	c__Clostridia	o__Lachnospirales	f__Lachnospiraceae	g__Cuneatibacter	NA
a55a010c9525ce2943a553dca1421b1c	1.312444872620538	-6.590577729697159e-4	0.40866746541502985	-0.0016126993919136615	0.9987132526117379	0.9990603906560739	d__Bacteria	p__Bacillota	c__Clostridia	o__Lachnospirales	f__Lachnospiraceae	g__[Eubacterium]_ventriosum_group	NA
f50508546ae13143015f8c4cb976d0e4	1.3555988137541823	-0.7887363082315029	0.3773482080206132	-2.0902081723637522	0.036599103742222555	0.12127715432593622	d__Bacteria	p__Bacillota	c__Clostridia	o__Lachnospirales	f__Lachnospiraceae	g__[Eubacterium]_ruminantium_group	NA
6c324279c1fc2965e594486ac26b0548	1.3131083960794774	0.5588341208826766	0.3892731603513971	1.4355834868713186	0.15112089634507653	0.29146340348216204	d__Bacteria	p__Bacillota	c__Clostridia	o__Lachnospirales	f__Lachnospiraceae	g__Coprococcus	NA
c0044f57ec04cd70905d690c5b7bd147	1.771100345355839	-6.588401833961569e-4	0.47749916256987657	-0.0013797724374013812	0.9988991012240862	0.9990603906560739	d__Bacteria	p__Bacillota	c__Clostridia	o__Lachnospirales	f__Lachnospiraceae	g__Coprococcus	NA
fb428d07d03e32be0b85eacbed10df0a	1.0531791811445184	-6.59116503826741e-4	0.3891799900959431	-0.0016936032699529373	0.9986487007447662	NA	d__Bacteria	p__Bacillota	c__Clostridia	o__Lachnospirales	f__Lachnospiraceae	g__Coprococcus	NA
9e1f282914b07cd79711ce21e7cf4aff	43.58224947874411	1.639171664457339	0.7485465676658353	2.1898058654770227	0.02853831917587036	0.10049632528268539	d__Bacteria	p__Bacillota	c__Clostridia	o__Lachnospirales	f__Lachnospiraceae	g__[Eubacterium]_eligens_group	NA
5322567d7de1d94e6cf65390deb29b1c	1.2846515269555872	0.5064769548613909	0.38993460402239843	1.2988766568465364	0.19398626182124398	0.34043312724221597	d__Bacteria	p__Bacillota	c__Clostridia	o__Lachnospirales	f__Lachnospiraceae	g__[Eubacterium]_eligens_group	NA
74883ca07b040866ea89a8ff92039e38	1.0531791811445184	-6.59116503826741e-4	0.3891799900959431	-0.0016936032699529373	0.9986487007447662	NA	d__Bacteria	p__Bacillota	c__Clostridia	o__Lachnospirales	f__Lachnospiraceae	g__[Eubacterium]_eligens_group	NA
208c0c43c7c5d4a6bb549e0c8365cd21	17.598628947094525	0.7915874611442054	0.6791462481695266	1.165562591677031	0.2437913398462146	0.39353307052331465	d__Bacteria	p__Bacillota	c__Clostridia	o__Lachnospirales	f__Lachnospiraceae	g__[Eubacterium]_eligens_group	NA
441e214f48649299db319a45f2851085	1.0531791811445184	-6.59116503826741e-4	0.3891799900959431	-0.0016936032699529373	0.9986487007447662	NA	d__Bacteria	p__Bacillota	c__Clostridia	o__Lachnospirales	f__Lachnospiraceae	g__[Eubacterium]_eligens_group	NA
40895b99da91904ceb2e55ab79012529	1.038742922832062	-0.0391335405035363	0.3908606794902159	-0.10012145646007836	0.9202479011292768	NA	d__Bacteria	p__Bacillota	c__Clostridia	o__Lachnospirales	f__Lachnospiraceae	g__[Eubacterium]_eligens_group	NA
36d9ad396b85196c9b4cf68b81789585	28.974206604676873	-0.32496005639332853	0.7192363640983129	-0.4518126065562913	0.6514039871114421	0.770563253046462	d__Bacteria	p__Bacillota	c__Clostridia	o__Lachnospirales	f__Lachnospiraceae	g__Lachnospira	NA
241a0c90cc40da29bc738d34b607f25f	1.268997155149641	0.47921547028292366	0.38253045629722204	1.2527511532587052	0.21029628341918996	0.35730276179661874	d__Bacteria	p__Bacillota	c__Clostridia	o__Lachnospirales	f__Lachnospiraceae	g__Lachnospira	NA
6ec1023583647a401269990c4e8ad716	9.007722144675972	0.9036117240121119	0.624224352763606	1.4475752508077973	0.1477358769214318	0.29146340348216204	d__Bacteria	p__Bacillota	c__Clostridia	o__Lachnospirales	f__Lachnospiraceae	g__Lachnospira	NA
72ec78ecd4c30c1ddc64900630f35387	3.5601668775275686	2.4778661573482776	0.5568067705652883	4.450136543477494	8.581571099383573e-6	1.501071534924963e-4	d__Bacteria	p__Bacillota	c__Clostridia	o__Lachnospirales	f__Lachnospiraceae	g__Lachnospira	NA
8094452ae907e0be14f59f5de20259c1	1.1533924071768649	0.2432127915625034	0.3805920973254577	0.6390379444860717	0.5227982477672373	NA	d__Bacteria	p__Bacillota	c__Clostridia	o__Lachnospirales	f__Lachnospiraceae	g__Lachnospira	NA
64b444282c9c6386523de447cecc63a9	1.168282100613917	0.27495088053092803	0.3799094262637562	0.7237274506056621	0.4692330769951666	NA	d__Bacteria	p__Bacillota	c__Clostridia	o__Lachnospirales	f__Lachnospiraceae	g__Anaerostipes	NA
33518e48b174ac428cb7be1a216c6c6e	64.2303776033193	1.393552603066411	0.6604586419701659	2.1099770894198704	0.03486032932207019	0.1162374105832778	d__Bacteria	p__Bacillota	c__Clostridia	o__Lachnospirales	f__Lachnospiraceae	g__Anaerostipes	NA
d380b9ae91e3875a70ff329e4889cb72	12.235083132098795	4.370073955315131	0.699017050241686	6.251741575980403	4.0590063845738645e-10	3.9372361930366487e-8	d__Bacteria	p__Bacillota	c__Clostridia	o__Lachnospirales	f__Lachnospiraceae	g__Anaerostipes	NA
c9dac07685d8b10f80d2f996451acb5c	1.1543204856627858	0.24327643805901927	0.38061818261163577	0.6391613674096245	0.5227179612804809	NA	d__Bacteria	p__Bacillota	c__Clostridia	o__Lachnospirales	f__Lachnospiraceae	g__Anaerostipes	NA
05dbbf0301a9625e1f1a41470a92f7fe	4.202023760340045	-1.6882162360911444	0.5142384859292142	-3.2829441636220325	0.0010272901101230291	0.008179989160457254	d__Bacteria	p__Bacillota	c__Clostridia	o__Lachnospirales	f__Lachnospiraceae	g__Anaerostipes	NA
1978fc46fbfd9b795e153be14136a976	1.1968864384074758	0.33632053572482823	0.3790885005773135	0.887182109751802	0.3749808627032189	0.4964076681195218	d__Bacteria	p__Bacillota	c__Clostridia	o__Lachnospirales	f__Lachnospiraceae	g__CHKCI001	NA
0243b68c76049aa1b8c51a20333da950	17.517947043927016	0.9454053055963436	0.6430591745752069	1.4701684432398636	0.14151613911714883	0.2852868722217421	d__Bacteria	p__Bacillota	c__Clostridia	o__Lachnospirales	f__Lachnospiraceae	g__Lachnospiraceae_ND3007_group	NA
79ba9fd704fc7264b695cc0504c337a9	1.7000235785161502	-0.02899760594001545	0.39015822713139364	-0.07432268224411918	0.9407536291215219	0.9990603906560739	d__Bacteria	p__Bacillota	c__Clostridia	o__Lachnospirales	f__Lachnospiraceae	g__Lachnospiraceae_FCS020_group	NA
8ac806edce9a692df56a9eea816a15f0	1.1825157126811798	0.30595815089116457	0.3793908470012052	0.8064457888468581	0.4199858541670403	NA	d__Bacteria	p__Bacillota	c__Clostridia	o__Lachnospirales	f__Lachnospiraceae	g__Lachnospiraceae_FCS020_group	NA
cb89e1b7ff82a658c8def6e75f5c14bc	1.5708325640746683	-0.4125321618666141	0.40461843153840943	-1.019558501816429	0.307937894544261	0.44886575611847884	d__Bacteria	p__Bacillota	c__Clostridia	o__Lachnospirales	f__Lachnospiraceae	g__Lachnotalea	NA
9d2b385c3ad2c3abfa96058922b00164	1.2980412230940925	0.5326663418532688	0.3866906670285086	1.3774998655811836	0.16835775632221583	0.30995491357927085	d__Bacteria	p__Bacillota	c__Clostridia	o__Lachnospirales	f__Lachnospiraceae	NA	NA
207bd5f725f7774412e65aafed0a542a	1.1539688576006497	-0.3991788091089517	0.3613009415891449	-1.1048374447993545	0.2692300321093675	NA	d__Bacteria	p__Bacillota	c__Clostridia	o__Lachnospirales	f__Lachnospiraceae	NA	NA
8106e288d2867ba56a2ae344c81b1433	1.2126636240550261	-0.5857533890652316	0.3527419301024524	-1.66057204737498	0.09679942682645609	0.2277620049644179	d__Bacteria	p__Bacillota	c__Clostridia	o__Lachnospirales	f__Lachnospiraceae	NA	NA
eafd20ce1f25fbd8c737f0086f81c11b	1.4871158069903678	0.9487011662407684	0.463073797859345	2.048704052413108	0.04049106270999112	0.1335573556840184	d__Bacteria	p__Bacillota	c__Negativicutes	o__Veillonellales-Selenomonadales	f__Veillonellaceae	g__Veillonella	NA
bd2ca363f08c9385869967132dfb8470	1.0387111791071326	-0.03913459231333234	0.3908602387620937	-0.10012426036804561	0.9202456751198212	NA	d__Bacteria	p__Bacillota	c__Negativicutes	o__Veillonellales-Selenomonadales	f__Veillonellaceae	g__Veillonella	NA
3916a456bb0a3bfd02c15fd537ff5923	2.587234297349142	-0.6533923323493346	0.5001352054352376	-1.3064313914488914	0.19140589641894593	0.3370133522756028	d__Bacteria	p__Bacillota	c__Negativicutes	o__Veillonellales-Selenomonadales	f__Veillonellaceae	g__Megasphaera	NA
7c5414ff08bdf3d67f274b04bacc6afa	2.422000537490427	-6.587880315168923e-4	0.5225895292881356	-0.0012606223328168944	0.9989941691700479	0.9990603906560739	d__Bacteria	p__Bacillota	c__Negativicutes	o__Veillonellales-Selenomonadales	f__Veillonellaceae	g__Megasphaera	NA
0c3534a03d2c2fdf8fa8793408f02414	3.574816865926882	-0.4101817011788069	0.5401836762861709	-0.7593374609148807	0.44765071386979044	0.5734013345727088	d__Bacteria	p__Bacillota	c__Negativicutes	o__Veillonellales-Selenomonadales	f__Veillonellaceae	g__Megasphaera	NA
1013aa8b7d7ddd27b585a4b0acfc9a3d	1.2106571077667772	0.3659876453591999	0.3790199535124534	0.9656157729098944	0.3342364797498798	0.46631086824824164	d__Bacteria	p__Bacillota	c__Negativicutes	o__Veillonellales-Selenomonadales	f__Veillonellaceae	g__Megasphaera	NA
7971dc6acc750166c08ed54c1289d242	1.0531791811445184	-6.59116503826741e-4	0.3891799900959431	-0.0016936032699529373	0.9986487007447662	NA	d__Bacteria	p__Bacillota	c__Negativicutes	o__Veillonellales-Selenomonadales	f__Veillonellaceae	g__Megasphaera	NA
bffd79a65e1cd0c98d984f7df8f1ed09	9.885092718020527	-0.8389247795851557	0.6590583559464795	-1.272914260195318	0.20304846841728488	0.3551683865594147	d__Bacteria	p__Bacillota	c__Negativicutes	o__Veillonellales-Selenomonadales	f__Veillonellaceae	g__Megasphaera	NA
2556faf779ac746aeedfd18da60768b7	1.0386837729171505	-6.591132284206032e-4	0.38896107124054613	-0.0016945480593171913	0.998647946913001	NA	d__Bacteria	p__Bacillota	c__Negativicutes	o__Veillonellales-Selenomonadales	f__Veillonellaceae	g__Megasphaera	NA
65ee892164739be97dc995df1a0284d7	1.0531791811445184	-6.59116503826741e-4	0.3891799900959431	-0.0016936032699529373	0.9986487007447662	NA	d__Bacteria	p__Bacillota	c__Negativicutes	o__Veillonellales-Selenomonadales	f__Veillonellaceae	g__Megasphaera	NA
a621d0a24e3cd33bdf02fb2d2b740604	1.2406168109377542	-0.6704195237365692	0.3617000496403927	-1.8535234496182948	0.0638073682661758	0.1827783518896916	d__Bacteria	p__Bacillota	c__Negativicutes	o__Veillonellales-Selenomonadales	f__Veillonellaceae	g__Megasphaera	NA
21dde35caddb538971208d819a394915	1.1544292663324598	-0.3992329014056651	0.36131233913761573	-1.104952303479473	0.26918025701179726	NA	d__Bacteria	p__Bacillota	c__Negativicutes	o__Veillonellales-Selenomonadales	f__Veillonellaceae	g__Megasphaera	NA
0aaa057639ebb1839d1e83826e18fa71	1.0531791811445184	-6.59116503826741e-4	0.3891799900959431	-0.0016936032699529373	0.9986487007447662	NA	d__Bacteria	p__Bacillota	c__Negativicutes	o__Veillonellales-Selenomonadales	f__Veillonellaceae	g__Megasphaera	NA
219df5620d57114ac1db225525df47c2	1.314096529237143	-6.590568372022243e-4	0.40885777860004535	-0.00161194643149233	0.9987138533864521	0.9990603906560739	d__Bacteria	p__Bacillota	c__Negativicutes	o__Veillonellales-Selenomonadales	f__Veillonellaceae	g__Megasphaera	NA
ec6f74df6166e931d81a28b9dd967364	1.3416377309121823	-6.590334403735484e-4	0.4142665215388902	-0.0015908440728577681	0.9987306906110136	0.9990603906560739	d__Bacteria	p__Bacillota	c__Negativicutes	o__Veillonellales-Selenomonadales	f__Veillonellaceae	g__Megasphaera	NA
a655eb52d5d96245b8e0d409b55de959	1.0531791811445184	-6.59116503826741e-4	0.3891799900959431	-0.0016936032699529373	0.9986487007447662	NA	d__Bacteria	p__Bacillota	c__Negativicutes	o__Veillonellales-Selenomonadales	f__Veillonellaceae	g__Megasphaera	NA
e39c3730a3fcf2fd3b9a4f28caecbb71	1.3121607499506653	0.5585584449425213	0.3891661312300719	1.4352699274652605	0.15121019376283656	0.29146340348216204	d__Bacteria	p__Bacillota	c__Negativicutes	o__Veillonellales-Selenomonadales	f__Veillonellaceae	g__Megasphaera	NA
6d7f932303cb8ce3b13ec6d15b25682e	21.96580004019351	4.398545150770998	0.7692923500457867	5.717650969113635	1.080067046027155e-8	5.238325173231701e-7	d__Bacteria	p__Bacillota	c__Negativicutes	o__Veillonellales-Selenomonadales	f__Veillonellaceae	g__Megasphaera	NA
aae4574580ba9b7a3f8a526abf671792	1.0387186569978308	0.06645656101178878	0.39471070904314043	0.16836776780871512	0.866293963657298	NA	d__Bacteria	p__Bacillota	c__Negativicutes	o__Veillonellales-Selenomonadales	f__Veillonellaceae	g__Megasphaera	NA
a8811e6892c7fdec1f8377a864732532	1.0387111791071326	-0.039134592313332335	0.3908602387620937	-0.10012426036804559	0.9202456751198212	NA	d__Bacteria	p__Bacillota	c__Negativicutes	o__Veillonellales-Selenomonadales	f__Veillonellaceae	g__Anaeroglobus	NA
5aedf0f91ae6d654bcfca7f68262deb9	1.0387111791071326	-0.039134592313332335	0.3908602387620937	-0.10012426036804559	0.9202456751198212	NA	d__Bacteria	p__Bacillota	c__Negativicutes	o__Veillonellales-Selenomonadales	f__Veillonellaceae	g__Anaeroglobus	NA
02fc1f455a4d4d1a851b3752eef338d4	1.0531791811445184	-6.59116503826741e-4	0.3891799900959431	-0.0016936032699529373	0.9986487007447662	NA	d__Bacteria	p__Bacillota	c__Negativicutes	o__Veillonellales-Selenomonadales	f__Veillonellaceae	g__Anaeroglobus	NA
c92ac62278a485f343ab1c271bb2d30c	1.0531791811445184	-6.59116503826741e-4	0.3891799900959431	-0.0016936032699529373	0.9986487007447662	NA	d__Bacteria	p__Bacillota	c__Negativicutes	o__Veillonellales-Selenomonadales	f__Veillonellaceae	g__Anaeroglobus	NA
db11ebab656f855d357867467f755ec1	1.2119780225815395	-6.591187097725406e-4	0.39476752005411214	-0.0016696376380766912	0.9986678225253929	0.9990603906560739	d__Bacteria	p__Bacillota	c__Negativicutes	o__Veillonellales-Selenomonadales	f__Veillonellaceae	g__Anaeroglobus	NA
a40e8c857cf661836ffc29a2856520bd	1.3132339399792174	-0.03914643865435406	0.4126892012680466	-0.09485694933153335	0.9244284517260968	0.9990603906560739	d__Bacteria	p__Bacillota	c__Negativicutes	o__Veillonellales-Selenomonadales	f__Veillonellaceae	g__Veillonella	NA
cdf842e24298a1da5f9dbe711773eaa4	1.0531791811445184	-6.59116503826741e-4	0.3891799900959431	-0.0016936032699529373	0.9986487007447662	NA	d__Bacteria	p__Bacillota	c__Negativicutes	o__Veillonellales-Selenomonadales	f__Veillonellaceae	g__Veillonella	NA
35a7f86c1be8b48f121d76d08410fefe	1.0531791811445184	-6.59116503826741e-4	0.3891799900959431	-0.0016936032699529373	0.9986487007447662	NA	d__Bacteria	p__Bacillota	c__Negativicutes	o__Veillonellales-Selenomonadales	f__Veillonellaceae	g__Veillonella	NA
923f521b9cf313f1f95c9367e09bbc1c	5.155416228681915	-1.9460939481380461	0.5508819619471889	-3.532687730887459	4.113580479400592e-4	0.003719652857220705	d__Bacteria	p__Bacillota	c__Negativicutes	o__Veillonellales-Selenomonadales	f__Veillonellaceae	g__Veillonella	NA
96fac9febdac9687a7b730f4eda6df18	1.1684083773560827	-6.59126030699836e-4	0.3921992481793534	-0.0016805897353439508	0.9986590840283351	NA	d__Bacteria	p__Bacillota	c__Negativicutes	o__Veillonellales-Selenomonadales	f__Veillonellaceae	g__Veillonella	NA
3bae00d865b43e800a6f297f958ac2de	1.5586013527019797	0.9611900259860428	0.4589051037827015	2.094528951765986	0.03621288679252431	0.12037118444742505	d__Bacteria	p__Bacillota	c__Negativicutes	o__Veillonellales-Selenomonadales	f__Veillonellaceae	g__Veillonella	NA
eae880eaa9c99650e399d9b4eb5dd3b0	1.038742922832062	-6.59113222794125e-4	0.38896199360802225	-0.0016945440264745982	0.9986479501307391	NA	d__Bacteria	p__Bacillota	c__Negativicutes	o__Veillonellales-Selenomonadales	f__Veillonellaceae	g__Veillonella	NA
cd9401a6bce4a63af516d06d2a843f9d	12.19169947537938	-3.109362551764551	0.6106032058580615	-5.0922800960323515	3.5378293383095995e-7	1.0202334875611737e-5	d__Bacteria	p__Bacillota	c__Negativicutes	o__Veillonellales-Selenomonadales	f__Veillonellaceae	g__Veillonella	NA
76a2a89fb35336e7b117fc44ff915092	1.0242318376370572	0.027983648810271593	0.3963803773830402	0.07059796702103074	0.9437177284595794	NA	d__Bacteria	p__Bacillota	c__Negativicutes	o__Veillonellales-Selenomonadales	f__Veillonellaceae	g__Veillonella	NA
3d7f02d1487f9647971c794055b7541c	1.0386805954253813	-0.03913560098622444	0.39085981404469644	-0.10012694981671645	0.9202435399796542	NA	d__Bacteria	p__Bacillota	c__Negativicutes	o__Veillonellales-Selenomonadales	f__Veillonellaceae	g__Veillonella	NA
3752f2ba95ee52b598750e511f22b200	1.0386805954253813	0.06645873191826909	0.39471031275526086	0.16837343684880274	0.8662895040793808	NA	d__Bacteria	p__Bacillota	c__Negativicutes	o__Veillonellales-Selenomonadales	f__Veillonellaceae	g__Veillonella	NA
2740cf2417c92847cc298cbd71dd1fcd	9.958307290815984	-0.5021661692398978	0.6442494267839257	-0.7794592410375848	0.43570923845785786	0.5614755524571671	d__Bacteria	p__Bacillota	c__Negativicutes	o__Veillonellales-Selenomonadales	f__Veillonellaceae	g__Veillonella	NA
50f065b532675ec8bab5c2d29c62757a	1.0386774672947785	0.06645890978948986	0.39471028014767	0.1683739013957936	0.866289138641423	NA	d__Bacteria	p__Bacillota	c__Negativicutes	o__Veillonellales-Selenomonadales	f__Veillonellaceae	g__Veillonella	NA
d0452a6bc7783084a83c0b0ce577e005	1.1542329893317134	-6.591266621479763e-4	0.3916185772336849	-0.0016830832357441134	0.9986570945056772	NA	d__Bacteria	p__Bacillota	c__Negativicutes	o__Veillonellales-Selenomonadales	f__Veillonellaceae	g__Veillonella	NA
209b0f9c375da503e050c43a24e70855	31.052718650946577	1.1146547838131606	0.7173948503038515	1.5537535338329376	0.12024321810012588	0.26400479990240483	d__Bacteria	p__Bacillota	c__Negativicutes	o__Veillonellales-Selenomonadales	f__Veillonellaceae	g__Negativicoccus	NA
f1c14db955660c59d2d2ac233bb9bac8	7.905576694630138	-1.3308064608744306	0.5880770107443319	-2.2629799100461727	0.023636927744733683	0.08757153438760708	d__Bacteria	p__Bacillota	c__Negativicutes	o__Veillonellales-Selenomonadales	f__Veillonellaceae	g__Negativicoccus	NA
9e2e4c867168b068d94eb110dce64676	1.0531791811445184	-6.59116503826741e-4	0.3891799900959431	-0.0016936032699529373	0.9986487007447662	NA	d__Bacteria	p__Bacillota	c__Negativicutes	o__Veillonellales-Selenomonadales	f__Selenomonadaceae	g__Mitsuokella	NA
6221f5561c44216c6674b8199f23acf8	1.0531791811445184	-6.59116503826741e-4	0.3891799900959431	-0.0016936032699529373	0.9986487007447662	NA	d__Bacteria	p__Bacillota	c__Negativicutes	o__Veillonellales-Selenomonadales	f__Selenomonadaceae	g__Mitsuokella	NA
6dcaf5dafe4d20b4f82131ef8c1e5b19	1.1973852127878761	0.3363687938760128	0.37910986882567765	0.8872593976989872	0.37493925995053995	0.4964076681195218	d__Bacteria	p__Bacillota	c__Negativicutes	o__Veillonellales-Selenomonadales	f__Selenomonadaceae	g__Mitsuokella	NA
08a0cf376add32f3f4b57ec1e82a7a27	5.052896346472686	3.051809054473951	0.6353615732999097	4.803263500220221	1.561002404956976e-6	3.620846882802377e-5	d__Bacteria	p__Bacillota	c__Negativicutes	o__Veillonellales-Selenomonadales	f__Selenomonadaceae	g__Megamonas	NA
b8ef84c56b07b2868d12614f0ba0bebe	1.038742922832062	-6.59113222794125e-4	0.38896199360802225	-0.0016945440264745982	0.9986479501307391	NA	d__Bacteria	p__Bacillota	c__Negativicutes	o__Veillonellales-Selenomonadales	f__Selenomonadaceae	g__Selenomonas	NA
36fd6eb75e24fe3e4e6d664b393e88a4	4.9482986094940005	-0.07697503688082069	0.5744776602367777	-0.1339913493748295	0.8934094149487122	0.9990603906560739	d__Bacteria	p__Bacillota	c__Negativicutes	o__Veillonellales-Selenomonadales	f__Veillonellaceae	g__Negativicoccus	NA
0e04d44b3cf7d1bcaa9c22f31ed613d4	1.3992893105898223	0.7055308764798521	0.4089158752966951	1.7253692485476224	0.08446094952254211	0.2130492509232918	d__Bacteria	p__Bacillota	c__Negativicutes	o__Veillonellales-Selenomonadales	f__Veillonellaceae	g__Negativicoccus	NA
82d108a80782932ccbcbdbfd4713b2d9	1.168282100613917	-0.4480692233849637	0.35862855207408045	-1.2493964041446646	0.21152012298329126	NA	d__Bacteria	p__Bacillota	c__Negativicutes	o__Veillonellales-Selenomonadales	f__Veillonellaceae	g__Dialister	NA
d58adec53e61c18c84f74e8c07103ee7	1.1538942356802422	0.24324726349929204	0.38060618667140766	0.6391048596099069	0.5227547187609678	NA	d__Bacteria	p__Bacillota	c__Negativicutes	o__Veillonellales-Selenomonadales	f__Veillonellaceae	g__Megasphaera	NA
b47f0acc861ce9dc79d7967126bd1485	1.1398222527895048	0.21084965442026368	0.38146992863318474	0.5527294252937386	0.5804487010988166	NA	d__Bacteria	p__Bacillota	c__Negativicutes	o__Veillonellales-Selenomonadales	f__Veillonellaceae	g__Dialister	NA
b484195da5a669012008758c2f88fb90	672.5046983168311	-0.5151177580237628	0.6638406026068028	-0.7759660316060397	0.4377690425875738	0.5634494191084937	d__Bacteria	p__Bacillota	c__Negativicutes	o__Veillonellales-Selenomonadales	f__Veillonellaceae	g__Dialister	NA
9ea91b0bb64f8757ec697ebb82ff6a61	1.0387148832605266	0.06645677680406685	0.3947106697904231	0.16836833126237244	0.8662935204135516	NA	d__Bacteria	p__Bacillota	c__Negativicutes	o__Veillonellales-Selenomonadales	f__Veillonellaceae	g__Dialister	NA
b568a70a8d2541b99874d98a93085f82	1.0387111791071326	0.06645698849920492	0.3947106312532221	0.1683688840308185	0.8662930855754228	NA	d__Bacteria	p__Bacillota	c__Negativicutes	o__Veillonellales-Selenomonadales	f__Veillonellaceae	g__Dialister	NA
2a34b4dbdcda40879c7abd17a2ea0e33	1.0387111791071328	-0.03913459231333233	0.3908602387620928	-0.10012426036804581	0.920245675119821	NA	d__Bacteria	p__Bacillota	c__Negativicutes	o__Veillonellales-Selenomonadales	f__Veillonellaceae	g__Dialister	NA
adc2434ddf9567262d641156d01c1d6a	1.0531791811445184	-6.59116503826741e-4	0.3891799900959431	-0.0016936032699529373	0.9986487007447662	NA	d__Bacteria	p__Bacillota	c__Negativicutes	o__Veillonellales-Selenomonadales	f__Veillonellaceae	g__Dialister	NA
5e0cc78647a8a34fc3bb336b6bdf20c0	1.0531791811445184	-6.59116503826741e-4	0.3891799900959431	-0.0016936032699529373	0.9986487007447662	NA	d__Bacteria	p__Bacillota	c__Negativicutes	o__Veillonellales-Selenomonadales	f__Veillonellaceae	g__Dialister	NA
818434292143daca42a3168f3728da82	484.451470159741	-0.6672767990122651	0.8532577100556947	-0.7820343035267855	0.43419441397441083	0.5602000480177707	d__Bacteria	p__Bacillota	c__Negativicutes	o__Veillonellales-Selenomonadales	f__Veillonellaceae	g__Dialister	NA
5437eb32e8402c12d07295689337b6d3	1.1395063707465674	0.2108301148557405	0.38146200758983106	0.5526896798656725	0.5804759213041273	NA	d__Bacteria	p__Bacillota	c__Negativicutes	o__Veillonellales-Selenomonadales	f__Veillonellaceae	g__Dialister	NA
e021b1d10d3d00e2ef45a16fce40938e	70.90700257851053	-0.5884419920365072	0.7970874617482326	-0.7382401810033388	0.4603685098228326	0.5854746126113974	d__Bacteria	p__Bacillota	c__Negativicutes	o__Veillonellales-Selenomonadales	f__Veillonellaceae	g__Dialister	NA
b38124656c88bcde00e621bad95ddf6e	1.0386805954253813	0.06645873191826909	0.39471031275526086	0.16837343684880274	0.8662895040793808	NA	d__Bacteria	p__Bacillota	c__Negativicutes	o__Veillonellales-Selenomonadales	f__Veillonellaceae	g__Dialister	NA
59110ea8f5189eb776e81aeb7d7d3592	1.0387264241175567	-0.03913408780086743	0.3908604504356109	-0.10012291537108141	0.920246742906559	NA	d__Bacteria	p__Bacillota	c__Negativicutes	o__Veillonellales-Selenomonadales	f__Veillonellaceae	g__Dialister	NA
78e485ed362e52c2dd1ea76bad6f001c	114.78207516392818	0.06834143780426563	0.8067009266313986	0.08471719263995901	0.932486227354921	0.9990603906560739	d__Bacteria	p__Bacillota	c__Negativicutes	o__Veillonellales-Selenomonadales	f__Veillonellaceae	g__Dialister	NA
a1580b985a39db6e693626a2e4f28d6d	1.0531791811445184	-6.59116503826741e-4	0.3891799900959431	-0.0016936032699529373	0.9986487007447662	NA	d__Bacteria	p__Bacillota	c__Negativicutes	o__Veillonellales-Selenomonadales	f__Veillonellaceae	g__Dialister	NA
8af49bc8a804f6d85ca5fa00a7c9dda8	1.0531791811445184	-6.59116503826741e-4	0.3891799900959431	-0.0016936032699529373	0.9986487007447662	NA	d__Bacteria	p__Bacillota	c__Negativicutes	o__Veillonellales-Selenomonadales	f__Veillonellaceae	g__Dialister	NA
9d4eb0396d0e34d9ef328a80e88e3b88	14.721302061322037	-1.5074469133453212	0.5709728370325742	-2.640137701085281	0.008287234745395123	0.04063647497655355	d__Bacteria	p__Bacillota	c__Negativicutes	o__Veillonellales-Selenomonadales	f__Veillonellaceae	g__Incertae_Sedis	NA
7a6dba47692f821cabeaf266b6b36593	211.4646220592501	0.6060975875973905	0.846760209052562	0.7157842103557885	0.47412460356385105	0.5993968625623567	d__Bacteria	p__Bacillota	c__Negativicutes	o__Veillonellales-Selenomonadales	f__Veillonellaceae	g__Incertae_Sedis	NA
94451b926d79f4c13eba64d580d5154f	4.9358836089037705	-0.039236475204041145	0.5782278564693716	-0.06785642504948995	0.945899926531731	0.9990603906560739	d__Bacteria	p__Bacillota	c__Negativicutes	o__Veillonellales-Selenomonadales	f__Veillonellaceae	NA	NA
b6ecd20f301035741915d6c32bda2410	3.0743497438203997	0.04241634792536157	0.5091526508298393	0.08330772285331237	0.9336068596940186	0.9990603906560739	d__Bacteria	p__Bacillota	c__Negativicutes	o__Veillonellales-Selenomonadales	f__Veillonellaceae	g__Allisonella	NA
af2ae83db0ea9b8d611094fb57b22401	1.0531791811445184	-6.59116503826741e-4	0.3891799900959431	-0.0016936032699529373	0.9986487007447662	NA	d__Bacteria	p__Bacillota	c__Negativicutes	o__Veillonellales-Selenomonadales	f__Veillonellaceae	g__Allisonella	NA
c83c84c8f82639c3bcb16c5630f257b2	1.0531791811445184	-6.59116503826741e-4	0.3891799900959431	-0.0016936032699529373	0.9986487007447662	NA	d__Bacteria	p__Bacillota	c__Negativicutes	o__Veillonellales-Selenomonadales	f__Veillonellaceae	g__Dialister	NA
961ee91f3e27eb4e3d627ce32dfb36d1	1.0531791811445184	-6.59116503826741e-4	0.3891799900959431	-0.0016936032699529373	0.9986487007447662	NA	d__Bacteria	p__Bacillota	c__Negativicutes	o__Veillonellales-Selenomonadales	f__Veillonellaceae	g__Dialister	NA
baeba615f83e60cde6f2d1b1b0d2ab78	1.3280712198548446	0.5846703866905011	0.4111103050948693	1.4221739991547535	0.15497574488017993	0.2946237833367166	d__Bacteria	p__Bacillota	c__Negativicutes	o__Veillonellales-Selenomonadales	f__Veillonellaceae	g__Dialister	NA
ed9cb66ccd99f149bc2a98551f7d4347	1.0531791811445184	-6.59116503826741e-4	0.3891799900959431	-0.0016936032699529373	0.9986487007447662	NA	d__Bacteria	p__Bacillota	c__Negativicutes	o__Veillonellales-Selenomonadales	f__Veillonellaceae	g__Dialister	NA
e7ab4b543a03582976d41c0df48b69fe	12.565100632706041	-0.6356886840657163	0.6328671342805835	-1.0044583604240094	0.3151577320897529	0.4574145382556501	d__Bacteria	p__Bacillota	c__Negativicutes	o__Veillonellales-Selenomonadales	f__Veillonellaceae	g__Dialister	NA
2e0b5b83dd84d0a34978a4e9f1d9790a	1.0531791811445184	-6.59116503826741e-4	0.3891799900959431	-0.0016936032699529373	0.9986487007447662	NA	d__Bacteria	p__Bacillota	c__Negativicutes	o__Veillonellales-Selenomonadales	f__Veillonellaceae	g__Dialister	NA
be22632d5e3f6175707a3213d7a90ad2	1.0531791811445184	-6.59116503826741e-4	0.3891799900959431	-0.0016936032699529373	0.9986487007447662	NA	d__Bacteria	p__Bacillota	c__Negativicutes	o__Veillonellales-Selenomonadales	f__Veillonellaceae	g__Dialister	NA
4cb41777a79a421ce0ea64d1d234279c	2.6548971216911843	-1.6779125181297194	0.4809470457731283	-3.4887676988065377	4.8525265890622367e-4	0.004314704892107839	d__Bacteria	p__Bacillota	c__Negativicutes	o__Veillonellales-Selenomonadales	f__Veillonellaceae	g__Incertae_Sedis	NA
46696f3730b982d34aa92882f12376f1	1.0531791811445184	-6.59116503826741e-4	0.3891799900959431	-0.0016936032699529373	0.9986487007447662	NA	d__Bacteria	p__Bacillota	c__Negativicutes	o__Veillonellales-Selenomonadales	f__Veillonellaceae	NA	NA
f3185e97f35262dd6f654c91219ebdaf	1.0531791811445184	-6.59116503826741e-4	0.3891799900959431	-0.0016936032699529373	0.9986487007447662	NA	d__Bacteria	p__Bacillota	c__Negativicutes	o__Veillonellales-Selenomonadales	f__Veillonellaceae	g__Dialister	NA
f1ce4897644877cf6f1235176866dfed	29.391080934803476	1.1533162161160702	0.6916771978045656	1.6674197440320149	0.0954309705839694	0.2277620049644179	d__Bacteria	p__Bacillota	c__Negativicutes	o__Veillonellales-Selenomonadales	f__Veillonellaceae	g__Dialister	NA
5de7a1505c969891b68cdc23e3b5231a	1.0531791811445184	-6.59116503826741e-4	0.3891799900959431	-0.0016936032699529373	0.9986487007447662	NA	d__Bacteria	p__Bacillota	c__Negativicutes	o__Veillonellales-Selenomonadales	f__Veillonellaceae	g__Dialister	NA
b18d893504d87bc4f5fa46ff3229b88a	1.0531791811445184	-6.59116503826741e-4	0.3891799900959431	-0.0016936032699529373	0.9986487007447662	NA	d__Bacteria	p__Bacillota	c__Clostridia	o__Lachnospirales	f__Lachnospiraceae	NA	NA
ab9899b443255cd34e51705c7b8ea201	2.3167763831670367	-0.05668504377754216	0.475388001741385	-0.11923953395941889	0.9050855864892228	0.9990603906560739	d__Bacteria	p__Bacillota	c__Clostridia	o__Lachnospirales	f__Lachnospiraceae	NA	NA
8ee6f70260b29cb40fdff8d4500ae32a	1.2971627608755072	-0.8256668144866396	0.37251934263806136	-2.2164401145979014	0.026661374951478193	0.09514276613119475	d__Bacteria	p__Bacillota	c__Clostridia	o__Lachnospirales	f__Lachnospiraceae	NA	NA
2d0447008c3204f3ac97998db1edbbf2	1.0531791811445184	-6.59116503826741e-4	0.3891799900959431	-0.0016936032699529373	0.9986487007447662	NA	d__Bacteria	p__Bacillota	c__Clostridia	o__Lachnospirales	f__Lachnospiraceae	g__Butyribacter	NA
cbcf2a2f395a9ebf8aa80cbcece3720b	1.1966989339274532	-0.5410913218304646	0.3542761920275063	-1.5273149424290238	0.1266827156045279	0.26400479990240483	d__Bacteria	p__Bacillota	c__Negativicutes	o__Acidaminococcales	f__Acidaminococcaceae	g__Phascolarctobacterium	NA
96cf4779be686036f92ee15e58b72d52	5.559879923131277	2.482697549722095	0.6272727913341153	3.9579232257815122	7.560424869802373e-5	8.768449278346882e-4	d__Bacteria	p__Bacillota	c__Negativicutes	o__Acidaminococcales	f__Acidaminococcaceae	g__Phascolarctobacterium	NA
e174d6cd70de66f236674a5e640b3f4f	1.0531791811445184	-6.59116503826741e-4	0.3891799900959431	-0.0016936032699529373	0.9986487007447662	NA	d__Bacteria	p__Bacillota	c__Negativicutes	o__Acidaminococcales	f__Acidaminococcaceae	g__Phascolarctobacterium	NA
d9c4244892c284aa32c616e0226da80e	1.038742922832062	-0.0391335405035363	0.3908606794902159	-0.10012145646007836	0.9202479011292768	NA	d__Bacteria	p__Bacillota	c__Negativicutes	o__Acidaminococcales	f__Acidaminococcaceae	g__Phascolarctobacterium	NA
e9377cd8cef1dcc7c0402be19c3790dc	1.038742922832062	-0.0391335405035363	0.3908606794902159	-0.10012145646007836	0.9202479011292768	NA	d__Bacteria	p__Bacillota	c__Negativicutes	o__Acidaminococcales	f__Acidaminococcaceae	g__Phascolarctobacterium	NA
c757acb17d61c9ba58047bacd3655b30	1.0387345039180496	0.06645565351463543	0.3947108737827197	0.16836539839340206	0.8662958275706227	NA	d__Bacteria	p__Bacillota	c__Negativicutes	o__Acidaminococcales	f__Acidaminococcaceae	g__Succiniclasticum	NA
456a3dc00de762135c0efae694625e3b	1.0387345039180496	0.06645565351463543	0.3947108737827197	0.16836539839340206	0.8662958275706227	NA	d__Bacteria	p__Bacillota	c__Negativicutes	o__Acidaminococcales	f__Acidaminococcaceae	g__Succiniclasticum	NA
1569f7ae988e26c905ab8fab427c8a0d	104.13790013866577	2.5131705696556486	0.8246027791846878	3.0477347798178704	0.002305733308392724	0.015570996456044534	d__Bacteria	p__Bacillota	c__Negativicutes	o__Acidaminococcales	f__Acidaminococcaceae	g__Phascolarctobacterium	NA
aac28e10889080104b51e14344404ddd	1.559705433281963	-1.3754555275522524	0.41424902851484646	-3.3203590904811424	8.990173000532528e-4	0.007212416986141509	d__Bacteria	p__Bacillota	c__Negativicutes	o__Acidaminococcales	f__Acidaminococcaceae	g__Phascolarctobacterium	NA
f06ec31a6699189d92309ca731efacbc	1.0531791811445184	-6.59116503826741e-4	0.3891799900959431	-0.0016936032699529373	0.9986487007447662	NA	d__Bacteria	p__Bacillota	c__Negativicutes	o__Acidaminococcales	f__Acidaminococcaceae	g__Acidaminococcus	NA
6bbff26a22040581ff0e24f9b5b40830	372.46654198212144	-0.9526829427337393	0.9236948436465438	-1.031382765949799	0.3023613594085878	0.44878427073284904	d__Bacteria	p__Bacillota	c__Negativicutes	o__Acidaminococcales	f__Acidaminococcaceae	g__Acidaminococcus	NA
55b7688dfd42d9b2545d67bb5b0f086c	1.0531791811445184	-6.59116503826741e-4	0.3891799900959431	-0.0016936032699529373	0.9986487007447662	NA	d__Bacteria	p__Bacillota	c__Negativicutes	o__Acidaminococcales	f__Acidaminococcaceae	g__Acidaminococcus	NA
bd2a5120a84197ef456dde8391d81854	1.0387148832605266	-0.03913446983503787	0.3908602901955666	-0.10012393383696505	0.9202459343512908	NA	d__Bacteria	p__Bacillota	c__Negativicutes	o__Acidaminococcales	f__Acidaminococcaceae	g__Acidaminococcus	NA
e4eceefdcc718643cfd7adf006ad8b04	1.1682376906877614	-6.591260645864824e-4	0.3921933735781612	-0.0016806149950290366	0.9986590638740508	NA	d__Bacteria	p__Bacillota	c__Negativicutes	o__Acidaminococcales	f__Acidaminococcaceae	g__Acidaminococcus	NA
bca3b58099e34284c059ac72237e501d	1.3998514345797644	-1.065006892418626	0.388459326449207	-2.741617512838583	0.006113748740565244	0.032788955793408306	d__Bacteria	p__Bacillota	c__Negativicutes	o__Acidaminococcales	f__Acidaminococcaceae	g__Acidaminococcus	NA
0503d8e4bbf94c3a89cd23455a50d7ad	1.038745095909413	-6.591132225873438e-4	0.38896202750425574	-0.0016945438782713365	0.998647950248988	NA	d__Bacteria	p__Bacillota	c__Negativicutes	o__Acidaminococcales	f__Acidaminococcaceae	g__Acidaminococcus	NA
370a9ae9f5f667d72350dfcd46d58533	1.0531791811445184	-6.59116503826741e-4	0.3891799900959431	-0.0016936032699529373	0.9986487007447662	NA	d__Bacteria	p__Bacillota	c__Negativicutes	o__Acidaminococcales	f__Acidaminococcaceae	g__Acidaminococcus	NA
57aa8b53afbf7720e6685fe27c0e5659	1.1394730633019505	-6.591267288388313e-4	0.391110913965896	-0.0016852680539012157	0.9986553512754738	NA	d__Bacteria	p__Bacillota	c__Negativicutes	o__Acidaminococcales	f__Acidaminococcaceae	g__Phascolarctobacterium	NA
bed631629de0853f7f9d02d6e4d21546	1.1976259534092044	-0.5412441494000884	0.354312924207151	-1.5275879382927815	0.12661487836198598	0.26400479990240483	d__Bacteria	p__Bacillota	c__Negativicutes	o__Acidaminococcales	f__Acidaminococcaceae	g__Acidaminococcus	NA
cdd058255b32c7dd3dfe3b2a5f1f0cb7	1.139895723306289	-0.3485939945686282	0.36429538434685077	-0.9568992898266506	0.33861808970461754	NA	d__Bacteria	p__Bacillota	c__Negativicutes	o__Acidaminococcales	f__Acidaminococcaceae	g__Acidaminococcus	NA
396ffa76286336a3eeb1ea420e60f86b	2.6042369706404624	0.29457990080958624	0.4918787339660233	0.598887246932563	0.5492480763632577	0.6713032044439816	d__Bacteria	p__Bacillota	c__Clostridia	o__Lachnospirales	f__Lachnospiraceae	g__Butyribacter	NA
9484afed9f64641667938e294c07fe7c	25.622954650180137	2.3466983877531398	0.6891527747972097	3.4051932656640322	6.611724350855403e-4	0.005554889671151744	d__Bacteria	p__Bacillota	c__Clostridia	o__Lachnospirales	f__Lachnospiraceae	NA	NA
c664f648f475bfd863f78a957eebe65a	1.2249732829142552	0.394981745477074	0.3870232732450976	1.0205632911045541	0.30746138885258917	0.44878427073284904	d__Bacteria	p__Bacillota	c__Clostridia	o__Lachnospirales	f__Lachnospiraceae	NA	NA
b1479e74e93e243fc221f7c8b415f507	1.456689504034929	0.795493114021211	0.43921580901759616	1.811166851667995	0.0701150277212186	0.19258455174132758	d__Bacteria	p__Bacillota	c__Clostridia	o__Lachnospirales	f__Lachnospiraceae	g__Roseburia	NA
d668488fa839c37c80ae10d320cf3665	1.0531791811445184	-6.59116503826741e-4	0.3891799900959431	-0.0016936032699529373	0.9986487007447662	NA	d__Bacteria	p__Bacillota	c__Clostridia	o__Lachnospirales	f__Lachnospiraceae	NA	NA
33ddca6781100b91d670de9a543e5aa7	1.3852131223310165	0.682266557893607	0.4289562567012546	1.5905271160755436	0.11171603842327207	0.2576210078127184	d__Bacteria	p__Bacillota	c__Clostridia	o__Lachnospirales	f__Lachnospiraceae	g__Shuttleworthia	NA
9cf3b2210a0be2963ef9c210aed1b36a	1.3121607499506651	0.5585584449425213	0.38916613123007193	1.4352699274652603	0.15121019376283662	0.29146340348216204	d__Bacteria	p__Bacillota	c__Clostridia	o__Lachnospirales	f__Lachnospiraceae	NA	NA
96040114b5274bdb987f28c63b6b6b87	1.2822379835041673	0.5058959415907638	0.38431117711349877	1.3163706176605874	0.18804967929284058	0.333708115192179	d__Bacteria	p__Bacillota	c__Clostridia	o__Lachnospirales	f__Lachnospiraceae	NA	NA
fc00ed40b15cd5fa384b672502a3adc3	26.73884764116411	2.406556114383468	0.67535030059354	3.563419031972647	3.6605563943594013e-4	0.003426152344545159	d__Bacteria	p__Bacillota	c__Clostridia	o__Lachnospirales	f__Lachnospiraceae	g__Roseburia	NA
869eb4c4aad04548e2492b55091edbaa	1.0531791811445184	-6.59116503826741e-4	0.3891799900959431	-0.0016936032699529373	0.9986487007447662	NA	d__Bacteria	p__Bacillota	c__Clostridia	o__Lachnospirales	f__Lachnospiraceae	g__Roseburia	NA
769723e5a9c6312f2ee3ab2781ac8ad6	1.7577616264332088	1.1928561197342313	0.4432302511050005	2.691278667826411	0.007117871136427284	0.037229257365528984	d__Bacteria	p__Bacillota	c__Clostridia	o__Lachnospirales	f__Lachnospiraceae	g__Shuttleworthia	NA
e0cdaf99e96ca363991154bd1da46a59	1.0531791811445184	-6.59116503826741e-4	0.3891799900959431	-0.0016936032699529373	0.9986487007447662	NA	d__Bacteria	p__Bacillota	c__Clostridia	o__Lachnospirales	f__Lachnospiraceae	NA	NA
545834b282c431706aeafbd5898d3507	1.0531791811445184	-6.59116503826741e-4	0.3891799900959431	-0.0016936032699529373	0.9986487007447662	NA	d__Bacteria	p__Bacillota	c__Clostridia	o__Lachnospirales	f__Lachnospiraceae	NA	NA
7923a583f5a586d281ae452dcbab9028	2.089008669611542	-0.07867995898751577	0.5119554549554421	-0.15368516582045924	0.8778579817760339	0.9943465674681828	d__Bacteria	p__Bacillota	c__Clostridia	o__Lachnospirales	f__Lachnospiraceae	g__Agathobacter	NA
3cdd5aad050b728ee09ba86a9f57e411	1.0531791811445184	-6.59116503826741e-4	0.3891799900959431	-0.0016936032699529373	0.9986487007447662	NA	d__Bacteria	p__Bacillota	c__Clostridia	o__Lachnospirales	f__Lachnospiraceae	g__Agathobacter	NA
263e41ea2c25dc87bd2ff5910cf30d40	403.0329588285747	1.0975566010056628	0.7013069830202822	1.565015931081811	0.11757917390715772	0.26400479990240483	d__Bacteria	p__Bacillota	c__Clostridia	o__Lachnospirales	f__Lachnospiraceae	g__Agathobacter	NA
26b89fe00155e0c877d2698656c41140	1.0387148832605266	-0.03913446983503787	0.3908602901955666	-0.10012393383696505	0.9202459343512908	NA	d__Bacteria	p__Bacillota	c__Clostridia	o__Lachnospirales	f__Lachnospiraceae	g__Agathobacter	NA
a7c8fdf5ab5ea3c2955f9509d1732968	1.0387386692036873	-0.03913368173446607	0.39086062043895625	-0.10012183291966574	0.9202476022597301	NA	d__Bacteria	p__Bacillota	c__Clostridia	o__Lachnospirales	f__Lachnospiraceae	g__Agathobacter	NA
ac5a3f1c1dd4296798f1058147b20a31	1.0531791811445184	-6.59116503826741e-4	0.3891799900959431	-0.0016936032699529373	0.9986487007447662	NA	d__Bacteria	p__Bacillota	c__Clostridia	o__Lachnospirales	f__Lachnospiraceae	g__Agathobacter	NA
5f9b3bce3e6d7ebeeadaaa8da1c0f142	1.0531791811445184	-6.59116503826741e-4	0.3891799900959431	-0.0016936032699529373	0.9986487007447662	NA	d__Bacteria	p__Bacillota	c__Clostridia	o__Lachnospirales	f__Lachnospiraceae	g__Agathobacter	NA
1d6b8adff37cce201c5a358c6fc84393	1.0387264241175567	0.06645611648459741	0.3947107898064449	0.16836660714845325	0.8662948766968549	NA	d__Bacteria	p__Bacillota	c__Clostridia	o__Lachnospirales	f__Lachnospiraceae	g__Agathobacter	NA
3b239fbcc133f26714a8f953dfc7d99d	1.0531791811445184	-6.59116503826741e-4	0.3891799900959431	-0.0016936032699529373	0.9986487007447662	NA	d__Bacteria	p__Bacillota	c__Clostridia	o__Lachnospirales	f__Lachnospiraceae	g__Agathobacter	NA
b617f914f18e645b8359842a1bf5b86d	1.0531791811445184	-6.59116503826741e-4	0.3891799900959431	-0.0016936032699529373	0.9986487007447662	NA	d__Bacteria	p__Bacillota	c__Clostridia	o__Lachnospirales	f__Lachnospiraceae	g__Agathobacter	NA
5c4563e3dd7e12dcdf279783af929eaa	94.90560544277655	-0.39546069558528846	0.8058656005573724	-0.49072785252499956	0.6236189442599176	0.7451303622904054	d__Bacteria	p__Bacillota	c__Clostridia	o__Lachnospirales	f__Lachnospiraceae	g__Agathobacter	NA
049be28aea0b2094a3273bc7b7974799	1.0531791811445184	-6.59116503826741e-4	0.3891799900959431	-0.0016936032699529373	0.9986487007447662	NA	d__Bacteria	p__Bacillota	c__Clostridia	o__Lachnospirales	f__Lachnospiraceae	g__Agathobacter	NA
63280465938679d0adf0f4d34361710b	1.0387148832605266	-0.03913446983503787	0.3908602901955666	-0.10012393383696505	0.9202459343512908	NA	d__Bacteria	p__Bacillota	c__Clostridia	o__Lachnospirales	f__Lachnospiraceae	g__Agathobacter	NA
5348262d6a0043580764669cef6c6208	1.0531791811445184	-6.59116503826741e-4	0.3891799900959431	-0.0016936032699529373	0.9986487007447662	NA	d__Bacteria	p__Bacillota	c__Clostridia	o__Lachnospirales	f__Lachnospiraceae	g__Agathobacter	NA
d2a9961b13093f3af00cae14f9286821	1.0531791811445184	-6.59116503826741e-4	0.3891799900959431	-0.0016936032699529373	0.9986487007447662	NA	d__Bacteria	p__Bacillota	c__Clostridia	o__Lachnospirales	f__Lachnospiraceae	g__Roseburia	NA
8d0f4817a45a3269a4df41c6c4dbc1c2	1.0531791811445184	-6.59116503826741e-4	0.3891799900959431	-0.0016936032699529373	0.9986487007447662	NA	d__Bacteria	p__Bacillota	c__Clostridia	o__Lachnospirales	f__Lachnospiraceae	g__Roseburia	NA
601101d33cdf43a40bd674a50711af52	26.203652562945678	0.839840715182156	0.7373139951548828	1.1390543522854684	0.25468048507255603	0.4086377106352139	d__Bacteria	p__Bacillota	c__Clostridia	o__Lachnospirales	f__Lachnospiraceae	g__Roseburia	NA
ab4040fe8717efa3f115680ae82cd72a	11.021029046947046	1.3151148795488374	0.6188907317569229	2.1249548782471757	0.033590378125374167	0.11342067550561466	d__Bacteria	p__Bacillota	c__Clostridia	o__Lachnospirales	f__Lachnospiraceae	g__Roseburia	NA
9e4392a483e801133756df91ce0ded9c	1.0531791811445184	-6.59116503826741e-4	0.3891799900959431	-0.0016936032699529373	0.9986487007447662	NA	d__Bacteria	p__Bacillota	c__Clostridia	o__Lachnospirales	f__Lachnospiraceae	g__Roseburia	NA
ec6732c2e0d4cf64b3d0350e7fe3defb	135.85933814068682	0.16998571026915876	0.7593729006359132	0.2238501138594879	0.8228739340320069	0.9461276806165425	d__Bacteria	p__Bacillota	c__Clostridia	o__Lachnospirales	f__Lachnospiraceae	g__Roseburia	NA
f70205fc13845ff93d04f8077970934f	1.0387264241175567	0.06645611648459741	0.3947107898064449	0.16836660714845325	0.8662948766968549	NA	d__Bacteria	p__Bacillota	c__Clostridia	o__Lachnospirales	f__Lachnospiraceae	g__Roseburia	NA
fa2bd2f1500f2aadfa41c605e68f78c0	1.196340932619299	0.33626771533223426	0.379065190982608	0.8870973208079733	0.3750265063929058	NA	d__Bacteria	p__Bacillota	c__Clostridia	o__Lachnospirales	f__Lachnospiraceae	g__Roseburia	NA
59fde92361d7af5a12b89009cc1665c3	1.167708582324343	0.27490702699355096	0.3798911214076824	0.7236468859153274	0.46928254902998784	NA	d__Bacteria	p__Bacillota	c__Clostridia	o__Lachnospirales	f__Lachnospiraceae	NA	NA
4912cd4c1f9a773f88a73c258c25c825	1.4540320852739037	0.7937249796799661	0.43925984182115985	1.8069600362036353	0.07076851055840488	0.1931202065621944	d__Bacteria	p__Bacillota	c__Clostridia	o__Lachnospirales	f__Lachnospiraceae	g__Faecalicatena	NA
bf448678f2057e4c40f77ab168c0a053	1.0387186569978308	0.06645656101178878	0.39471070904314043	0.16836776780871512	0.866293963657298	NA	d__Bacteria	p__Bacillota	c__Clostridia	o__Lachnospirales	f__Lachnospiraceae	NA	NA
7ea5bffdecae3f74c3914914602d1c63	1.0387111791071326	0.06645698849920492	0.3947106312532221	0.1683688840308185	0.8662930855754228	NA	d__Bacteria	p__Bacillota	c__Clostridia	o__Lachnospirales	f__Lachnospiraceae	NA	NA
7af6fc12809fdafab918881f836460f8	75.36716499133573	-3.021258590657368	0.7163528372736958	-4.217556535625251	2.46963912048108e-5	3.609732796648373e-4	d__Bacteria	p__Bacillota	c__Clostridia	o__Lachnospirales	f__Lachnospiraceae	NA	NA
07f7487d471e0b5065f782774391388d	1.0387264241175567	0.06645611648459744	0.3947107898064449	0.1683666071484533	0.8662948766968549	NA	d__Bacteria	p__Bacillota	c__Clostridia	o__Lachnospirales	f__Lachnospiraceae	NA	NA
dd0f100bf28e465b25e15a51d917bf1c	1.038742922832062	-0.039133540503536304	0.3908606794902159	-0.10012145646007839	0.9202479011292768	NA	d__Bacteria	p__Bacillota	c__Clostridia	o__Lachnospirales	f__Lachnospiraceae	NA	NA
bd5ef8f372e09bcf6ec35825be4f053c	82.95796052705104	0.577151116282835	0.7121950688169809	0.8103834771582091	0.4177198111588602	0.544442278538095	d__Bacteria	p__Bacillota	c__Clostridia	o__Lachnospirales	f__Lachnospiraceae	g__Coprococcus	NA
20aa7b87c7033531cd5beba24d384812	1.0531791811445184	-6.59116503826741e-4	0.3891799900959431	-0.0016936032699529373	0.9986487007447662	NA	d__Bacteria	p__Bacillota	c__Clostridia	o__Lachnospirales	f__Lachnospiraceae	g__Coprococcus	NA
fe245489c9306325a5182ca0b26b3dd1	1.139964968448468	0.21085846014277201	0.38147351173092037	0.552747317070615	0.5804364478635102	NA	d__Bacteria	p__Bacillota	c__Clostridia	o__Lachnospirales	f__Lachnospiraceae	g__Coprococcus	NA
2bc2c164ee191217c7507105b2e375a4	1.1831437886119978	0.30601191426444646	0.37941398340951354	0.8065383134130776	0.4199325258149994	NA	d__Bacteria	p__Bacillota	c__Clostridia	o__Lachnospirales	f__Lachnospiraceae	NA	NA
bfc5040baf564d53c8754c7150568997	1.0387264241175567	0.06645611648459741	0.3947107898064449	0.16836660714845325	0.8662948766968549	NA	d__Bacteria	p__Bacillota	c__Clostridia	o__Lachnospirales	f__Lachnospiraceae	g__Mediterraneibacter	NA
664667183a91ac47de4771fa5456a698	1.312257971335853	0.5585867057326406	0.38917710802416094	1.435302062263031	0.15120104036471677	0.29146340348216204	d__Bacteria	p__Bacillota	c__Clostridia	o__Lachnospirales	f__Lachnospiraceae	g__Mediterraneibacter	NA
452e8489334d0ba0cf7eeccea28f1364	3.3482234366594104	1.9706080832739552	0.5680983043644474	3.4687800828389155	5.228272369595446e-4	0.004572595588818312	d__Bacteria	p__Bacillota	c__Clostridia	o__Lachnospirales	f__Lachnospiraceae	g__Mediterraneibacter	NA
496d7f479392def9414da33c9137e40a	1.8012196449934998	-1.8062431451214231	0.4149599755682553	-4.352812925265657	1.3440183198300422e-5	2.2062577650133153e-4	d__Bacteria	p__Bacillota	c__Clostridia	o__Lachnospirales	f__Lachnospiraceae	g__Dorea	NA
c24e0e391aa836b5eae25567c7eb89ee	196.3671401219127	-1.999040227103148	0.7056016352301836	-2.8331003321031347	0.00460989143227107	0.027026121748534238	d__Bacteria	p__Bacillota	c__Clostridia	o__Lachnospirales	f__Lachnospiraceae	g__[Ruminococcus]_gnavus_group	NA
37995083dd80edb84b26af5e4905d7ba	4.202118816514666	-3.4489618998302567	0.5256004537805686	-6.561946198909017	5.310997964929095e-11	9.444724714298908e-9	d__Bacteria	p__Bacillota	c__Clostridia	o__Lachnospirales	f__Lachnospiraceae	g__[Ruminococcus]_gnavus_group	NA
5c74ba2a11ae3d0b382f1d1843692e02	1.0242706671663018	0.027982299990970908	0.39638078426858747	0.07059449171484083	0.9437204944515237	NA	d__Bacteria	p__Bacillota	c__Clostridia	o__Lachnospirales	f__Lachnospiraceae	g__[Ruminococcus]_gnavus_group	NA
d1a75593a480570277f05ec729b865de	1.4866226705451746	0.8392997802734483	0.4492735035463434	1.8681265947099706	0.06174442739890562	0.18268241133753552	d__Bacteria	p__Bacillota	c__Clostridia	o__Lachnospirales	f__Lachnospiraceae	g__[Ruminococcus]_gnavus_group	NA
4b5cfdee8130f5fcedcfe5134e44e5d6	1.0387148832605266	-0.03913446983503787	0.3908602901955666	-0.10012393383696505	0.9202459343512908	NA	d__Bacteria	p__Bacillota	c__Clostridia	o__Lachnospirales	f__Lachnospiraceae	g__[Ruminococcus]_gnavus_group	NA
60d285e5faed1d8b89692b7e17cedd83	1.0387186569978308	0.06645656101178878	0.39471070904314043	0.16836776780871512	0.866293963657298	NA	d__Bacteria	p__Bacillota	c__Clostridia	o__Lachnospirales	f__Lachnospiraceae	g__[Ruminococcus]_gnavus_group	NA
5149bdbf03de13bb38557d48d5141b87	11.96307310140116	1.3863545492001457	0.6285116131166172	2.2057739590929635	0.027399830485150233	0.09745206375885099	d__Bacteria	p__Bacillota	c__Clostridia	o__Lachnospirales	f__Lachnospiraceae	g__Lachnoclostridium	NA
2e4f2b53b856c4def6d021d01f5abb70	181.7835270730092	0.6746808740205974	0.6971257329330535	0.967803714807625	0.3331424082053011	0.46631086824824164	d__Bacteria	p__Bacillota	c__Clostridia	o__Lachnospirales	f__Lachnospiraceae	g__Dorea	NA
836219a248a828d153d0ca03cf5b2003	1.0242359181989125	0.02797931361625412	0.39638026531400616	0.07058705002402012	0.9437264172864253	NA	d__Bacteria	p__Bacillota	c__Clostridia	o__Lachnospirales	f__Lachnospiraceae	g__[Ruminococcus]_gnavus_group	NA
9f1c7313b24bc98241173ae7db699bd0	2.407411766502362	0.7237801133203989	0.46642476697458424	1.5517617514505573	0.12071924097931289	0.26400479990240483	d__Bacteria	p__Bacillota	c__Clostridia	o__Lachnospirales	f__Lachnospiraceae	NA	NA
421cbd1d71d34704c6d53377261e213c	6.501038270389747	-0.42121978557275386	0.5665100311446989	-0.7435345579347125	0.45715810714398597	0.582781003969693	d__Bacteria	p__Bacillota	c__Clostridia	o__Lachnospirales	f__Lachnospiraceae	g__[Eubacterium]_ventriosum_group	NA
d084b32d5ad7ee012fef1f2de8889355	1.0387386692036873	-0.03913368173446607	0.39086062043895625	-0.10012183291966574	0.9202476022597301	NA	d__Bacteria	p__Bacillota	c__Clostridia	o__Lachnospirales	f__Lachnospiraceae	g__[Eubacterium]_ventriosum_group	NA
1b5d50e4ae6a2cb153f3b2ca04699419	1.3839981301794375	0.772342409341301	0.40284037507146725	1.917241808754351	0.05520721884890868	0.1645421857871105	d__Bacteria	p__Bacillota	c__Clostridia	o__Lachnospirales	f__Lachnospiraceae	g__[Eubacterium]_ventriosum_group	NA
e220e84c750738e230e8ecfe97decc4c	2.764027109406572	1.607155880695823	0.5249404160614002	3.061596767027823	0.002201598166852039	0.014962453783637744	d__Bacteria	p__Bacillota	c__Clostridia	o__Lachnospirales	f__Lachnospiraceae	g__Faecalimonas	NA
b1376d4b55b95caf907587f740305357	1.0387386692036873	-0.03913368173446606	0.39086062043895625	-0.10012183291966573	0.9202476022597301	NA	d__Bacteria	p__Bacillota	c__Clostridia	o__Lachnospirales	f__Lachnospiraceae	g__Enterocloster	NA
be83625131875728eb43add055111b7c	1.8744126387709514	1.320422277721988	0.4983161213115095	2.649768332292344	0.008054698144375694	0.03978871722244846	d__Bacteria	p__Bacillota	c__Clostridia	o__Lachnospirales	f__Lachnospiraceae	g__Enterocloster	NA
34eca2881193c58b0a145254ea4189fd	1.0531791811445184	-6.59116503826741e-4	0.3891799900959431	-0.0016936032699529373	0.9986487007447662	NA	d__Bacteria	p__Bacillota	c__Clostridia	o__Lachnospirales	f__Lachnospiraceae	g__Enterocloster	NA
f61600d5c3675e9acf990fe6958aca07	2.0793096850483788	1.5207695551916904	0.5096511316995971	2.98394227070622	0.0028456045504793213	0.018622419921978797	d__Bacteria	p__Bacillota	c__Clostridia	o__Lachnospirales	f__Lachnospiraceae	g__Enterocloster	NA
794c48d1c110499dbd6338457f2ed417	2.1001439138333255	-0.3925792061108341	0.46816951951917696	-0.838540720280175	0.4017270879834433	0.5265882099242433	d__Bacteria	p__Bacillota	c__Clostridia	o__Lachnospirales	f__Lachnospiraceae	g__Enterocloster	NA
be113850f984a95296ddceeb1a1d09df	1.3432502980822754	-1.0800461517152251	0.39164024389530055	-2.7577506871432753	0.005820056793593023	0.03197811788140846	d__Bacteria	p__Bacillota	c__Clostridia	o__Lachnospirales	f__Lachnospiraceae	g__Enterocloster	NA
03d0319e5420b1360552b439576b2fd1	1.0386805954253813	-0.03913560098622444	0.39085981404469644	-0.10012694981671645	0.9202435399796542	NA	d__Bacteria	p__Bacillota	c__Clostridia	o__Lachnospirales	f__Lachnospiraceae	g__Enterocloster	NA
770d3a65e5e65a156b1c584c2b25adf6	1.0531791811445184	-6.59116503826741e-4	0.3891799900959431	-0.0016936032699529373	0.9986487007447662	NA	d__Bacteria	p__Bacillota	c__Clostridia	o__Lachnospirales	f__Lachnospiraceae	g__Enterocloster	NA
5d66e4011eca075a126ddc7ef27f5595	1.0387225030027176	-0.03913421767438187	0.390860395994043	-0.10012326159281255	0.920246468042748	NA	d__Bacteria	p__Bacillota	c__Clostridia	o__Lachnospirales	f__Lachnospiraceae	g__Enterocloster	NA
c67445ed68d61f49e41b7bdd1de019fb	434.0479769456085	-0.7488146174413122	0.6858406191515266	-1.0918201642353766	0.2749121542061799	0.4252612279555311	d__Bacteria	p__Bacillota	c__Clostridia	o__Lachnospirales	f__Lachnospiraceae	g__Enterocloster	NA
5225de25bf8902d5a02c4af6e90cb5e8	1.1684083773560827	-6.59126030699836e-4	0.3921992481793534	-0.0016805897353439508	0.9986590840283351	NA	d__Bacteria	p__Bacillota	c__Clostridia	o__Lachnospirales	f__Lachnospiraceae	g__[Ruminococcus]_gauvreauii_group	NA
d00a358047dbcb9ce8d036d8f18962a7	1.5432850741468054	-0.6045128619424187	0.39749291922147323	-1.5208141647564772	0.1283064787852901	0.2665626693073045	d__Bacteria	p__Bacillota	c__Clostridia	o__Lachnospirales	f__Lachnospiraceae	g__Extibacter	NA
deeae5ebd73410f1931afba21ddc5f63	1.557403743968395	0.39723274097602834	0.4290145403759219	0.9259190623887831	0.354488044017549	0.48931273346277465	d__Bacteria	p__Bacillota	c__Clostridia	o__Lachnospirales	f__Lachnospiraceae	g__Extibacter	NA
a248d70e41d75f4773ef7c94e831a21a	20.62729518851841	0.1143686369845678	0.7348840989139492	0.15562812850841085	0.8763261517417915	0.9943465674681828	d__Bacteria	p__Bacillota	c__Clostridia	o__Lachnospirales	f__Lachnospiraceae	g__Faecalimonas	NA
9624ce4cefb03530aaafca65b645cfcc	1.0243024108912309	-0.07866226475731371	0.39265176275680996	-0.2003359521552267	0.8412178466818018	NA	d__Bacteria	p__Bacillota	c__Clostridia	o__Lachnospirales	f__Lachnospiraceae	g__Extibacter	NA
ea98cf5f7face95ade2d7795b0339265	1.2117802525080257	-0.5855880637212338	0.3527000321412557	-1.6603005680665968	0.0968540015158472	0.2277620049644179	d__Bacteria	p__Bacillota	c__Clostridia	o__Lachnospirales	f__Lachnospiraceae	NA	NA
8affc3372dd79282c7f4f49b2bc24d60	1.0387386692036873	-0.03913368173446606	0.39086062043895625	-0.10012183291966573	0.9202476022597301	NA	d__Bacteria	p__Bacillota	c__Clostridia	o__Lachnospirales	f__Lachnospiraceae	g__Lachnoclostridium	NA
67e8859e108281ee7971084bfa759522	187.18863993497854	0.4424822653989374	0.7378572405267926	0.5996854690793948	0.5487158741596525	0.6713032044439816	d__Bacteria	p__Bacillota	c__Clostridia	o__Lachnospirales	f__Lachnospiraceae	g__Lachnoclostridium	NA
a83874fd792e8ebbe5e3e4931548337a	1.0387111791071328	-0.03913459231333233	0.3908602387620928	-0.10012426036804581	0.920245675119821	NA	d__Bacteria	p__Bacillota	c__Clostridia	o__Lachnospirales	f__Lachnospiraceae	g__Lachnoclostridium	NA
ce546184b8868a04258ac2285a351da1	1.0387111791071326	0.06645698849920492	0.3947106312532221	0.1683688840308185	0.8662930855754228	NA	d__Bacteria	p__Bacillota	c__Clostridia	o__Lachnospirales	f__Lachnospiraceae	g__Lachnoclostridium	NA
8f4496a6a6bdcbfbe4cdea4292d96d70	5.9783211036799715	3.167364611339906	0.6371253826898409	4.971336407863397	6.64929574103567e-7	1.819179116842323e-5	d__Bacteria	p__Bacillota	c__Clostridia	o__Lachnospirales	f__Lachnospiraceae	g__Moryella	NA
b4efe03198767cdc475cfa45d91e1670	1.0531791811445184	-6.59116503826741e-4	0.3891799900959431	-0.0016936032699529373	0.9986487007447662	NA	d__Bacteria	p__Bacillota	c__Clostridia	o__Lachnospirales	f__Lachnospiraceae	g__Moryella	NA
0b1dbb89f4c3b96aa67893b4b6a89ce0	1.1680465674183298	-6.591261024976737e-4	0.39218680128798566	-0.0016806432555430963	0.9986590413254548	NA	d__Bacteria	p__Bacillota	c__Clostridia	o__Lachnospirales	f__Lachnospiraceae	g__Moryella	NA
d4b167f0fb11588dad2ab415a535461c	1.3567694221223319	0.6343992158011589	0.4226334180569647	1.501062596322308	0.13333937199089782	0.2739005976681993	d__Bacteria	p__Bacillota	c__Clostridia	o__Lachnospirales	f__Lachnospiraceae	g__Moryella	NA
bed00446163a7786d89d581534b8a6db	3.238609365523712	-1.390558617214796	0.5044838682038413	-2.75639857854271	0.0058441733710165415	0.03197811788140846	d__Bacteria	p__Bacillota	c__Clostridia	o__Lachnospirales	f__Lachnospiraceae	g__Moryella	NA
053498cdf4623851e84f48b1dc827ffa	1.1395063707465674	-0.34855257395860034	0.36428695695629465	-0.9568077234245254	0.3386643132240014	NA	d__Bacteria	p__Bacillota	c__Clostridia	o__Lachnospirales	f__Lachnospiraceae	g__Moryella	NA
7e87735c204e7966d544fda276496db7	1.0531791811445184	-6.59116503826741e-4	0.3891799900959431	-0.0016936032699529373	0.9986487007447662	NA	d__Bacteria	p__Bacillota	c__Clostridia	o__Lachnospirales	f__Lachnospiraceae	g__Stomatobaculum	NA
ed4a03b1e46ddd4d47f13068cfbb5011	1.2689971551496408	-0.7502780703134404	0.3673684261343248	-2.0423041746083763	0.041121368270361745	0.1335573556840184	d__Bacteria	p__Bacillota	c__Clostridia	o__Lachnospirales	f__Lachnospiraceae	g__Moryella	NA
cdb51e76d8a1285c98a2b962844419db	3.138559319093005	2.263917260487945	0.5623632031369811	4.025720829277832	5.680104591236446e-5	6.88712681687419e-4	d__Bacteria	p__Bacillota	c__Clostridia	o__Lachnospirales	f__Lachnospiraceae	g__Moryella	NA
1544a917781a731ce08f46b1340b6bc0	1.1978592015183742	0.3364146221490866	0.3791302243841663	0.8873326380019844	0.37489983860665854	0.4964076681195218	d__Bacteria	p__Bacillota	c__Clostridia	o__Lachnospirales	f__Lachnospiraceae	NA	NA
534cd2b914aca908f5add4d4e610e867	1.2409058363753223	0.4238829100092458	0.3914474572082789	1.0828602976049193	0.2788704366709185	0.4252612279555311	d__Bacteria	p__Pseudomonadota	c__Gammaproteobacteria	o__Enterobacterales	f__Enterobacteriaceae	g__Escherichia-Shigella	NA
e529807be3e770854166f88b7d84ffb9	1.2409058363753223	0.4238829100092458	0.3914474572082789	1.0828602976049193	0.2788704366709185	0.4252612279555311	d__Bacteria	p__Pseudomonadota	c__Gammaproteobacteria	o__Enterobacterales	f__Enterobacteriaceae	g__Escherichia-Shigella	NA
3255e1d0697c4bddcb23a990175b6302	1.2404266249883102	-0.670337329331868	0.36177554569283393	-1.852909455358873	0.0638953376334161	0.1827783518896916	d__Bacteria	p__Pseudomonadota	c__Gammaproteobacteria	o__Enterobacterales	f__Enterobacteriaceae	g__Escherichia-Shigella	NA
b813a59e34c790af75c0805553f8aa4f	1.1822869864377934	-6.591246967309735e-4	0.3928796222557765	-0.00167767595821466	0.9986614088828427	NA	d__Bacteria	p__Pseudomonadota	c__Gammaproteobacteria	o__Enterobacterales	f__Enterobacteriaceae	g__Escherichia-Shigella	NA
54182fbde6df75e40927ec139f146d60	1.2843593057577014	-6.590805571164845e-4	0.40358319705114615	-0.0016330723427837833	0.9986969973701871	0.9990603906560739	d__Bacteria	p__Pseudomonadota	c__Gammaproteobacteria	o__Enterobacterales	f__Enterobacteriaceae	g__Escherichia-Shigella	NA
f4084ff26b7403151eacd101315e4bc1	1.1390762320293868	0.21080339724137667	0.38145124288029825	0.5526352349768804	0.5805132096086782	NA	d__Bacteria	p__Pseudomonadota	c__Gammaproteobacteria	o__Enterobacterales	f__Enterobacteriaceae	g__Escherichia-Shigella	NA
ae3202798dd65f0f9c9de3117a56ccb9	1.2846079472883842	0.5064330155608575	0.38454616259443186	1.316962863818708	0.18785107281649285	0.333708115192179	d__Bacteria	p__Pseudomonadota	c__Gammaproteobacteria	o__Enterobacterales	f__Enterobacteriaceae	g__Escherichia-Shigella	NA
12f9203b937a20a91b08aab804b28cd9	2.1309099900205717	1.0792909477779875	0.4644249301122445	2.3239298276195877	0.020129255312129998	0.0775376007871578	d__Bacteria	p__Bacillota	c__Clostridia	o__Lachnospirales	f__Lachnospiraceae	g__Marvinbryantia	NA
d71feb1923fa288790187009e8efa6d3	2.847205314909842	-1.5542696261193574	0.49276337965486816	-3.154190612151351	0.0016094392815283148	0.011731599179773169	d__Bacteria	p__Bacillota	c__Clostridia	o__Lachnospirales	f__Lachnospiraceae	NA	NA
160ba81e303e4b37d60f3516078b7914	1.0531791811445184	-6.59116503826741e-4	0.3891799900959431	-0.0016936032699529373	0.9986487007447662	NA	d__Bacteria	p__Bacillota	c__Clostridia	o__Lachnospirales	f__Lachnospiraceae	NA	NA
2de0f958e30d26f04cba8d2a920bbe46	1.0531791811445184	-6.59116503826741e-4	0.3891799900959431	-0.0016936032699529373	0.9986487007447662	NA	d__Bacteria	p__Bacillota	c__Clostridia	o__Lachnospirales	f__Lachnospiraceae	g__Blautia	NA
bed671b4676144142cebd192b690f499	35.741290933402944	0.7294350214043347	0.6170804142408337	1.182074498834525	0.2371761419222301	0.3857727796204566	d__Bacteria	p__Bacillota	c__Clostridia	o__Lachnospirales	f__Lachnospiraceae	g__Blautia	NA
3dd7acf39ab927348aafcd8acb08dd9a	1.3848125002987235	0.51877593206958	0.4137115671468003	1.2539555895121948	0.20985814791093457	0.35730276179661874	d__Bacteria	p__Bacillota	c__Clostridia	o__Lachnospirales	f__Lachnospiraceae	g__Blautia	NA
a63f65ad0f7a1ffc9e5ea828e95cdd6b	19.02715512308605	-2.5129826332299174	0.6233069866574489	-4.031693350183765	5.537641145981283e-5	6.794541883278668e-4	d__Bacteria	p__Bacillota	c__Clostridia	o__Lachnospirales	f__Lachnospiraceae	g__Blautia	NA
9f02839251e1419ee447381f263b14ed	1.0387186569978308	0.06645656101178878	0.39471070904314043	0.16836776780871512	0.866293963657298	NA	d__Bacteria	p__Bacillota	c__Clostridia	o__Lachnospirales	f__Lachnospiraceae	g__Blautia	NA
932965d7ed2166402b521fea7a1029a4	1.0531791811445184	-6.59116503826741e-4	0.3891799900959431	-0.0016936032699529373	0.9986487007447662	NA	d__Bacteria	p__Bacillota	c__Clostridia	o__Lachnospirales	f__Lachnospiraceae	g__Blautia	NA
79b5361a8906fbfe030167eb84f87c8a	1.2843593057577019	0.5063765273373072	0.38452147214883475	1.3169005218551402	0.18787197155664265	0.333708115192179	d__Bacteria	p__Bacillota	c__Clostridia	o__Lachnospirales	f__Lachnospiraceae	g__Blautia	NA
c6c3ab4e828fb40d6e05967b7aac9338	212.91114652343288	0.5095537661037322	0.593286381386557	0.8588664464417081	0.3904142031306518	0.5149220701364715	d__Bacteria	p__Bacillota	c__Clostridia	o__Lachnospirales	f__Lachnospiraceae	g__Blautia	NA
b11a2d1e705cb618833eb9d7b973c9fa	1.0531791811445184	-6.59116503826741e-4	0.3891799900959431	-0.0016936032699529373	0.9986487007447662	NA	d__Bacteria	p__Bacillota	c__Clostridia	o__Lachnospirales	f__Lachnospiraceae	g__Blautia	NA
2de5ccd5d5d8484edf5b47be19c7687e	1.038742922832062	-0.039133540503536304	0.3908606794902159	-0.10012145646007839	0.9202479011292768	NA	d__Bacteria	p__Bacillota	c__Clostridia	o__Lachnospirales	f__Lachnospiraceae	g__Blautia	NA
c84d13308b8608a006759b82fcb5e4ac	1.514542719691464	-0.32223027430404877	0.3977799641999823	-0.8100716559521052	0.4178989935545453	0.544442278538095	d__Bacteria	p__Bacillota	c__Clostridia	o__Lachnospirales	f__Lachnospiraceae	g__Blautia	NA
16c6da40e31fdb377aa763d3dd0f6f56	1.4272636694200638	0.7507616028936211	0.4312897341060796	1.7407360841771498	0.08172985010837167	0.20868495304090692	d__Bacteria	p__Bacillota	c__Clostridia	o__Lachnospirales	f__Lachnospiraceae	g__Blautia	NA
019e4cd4c464f2bc395e5c7830925669	1.0531791811445184	-6.59116503826741e-4	0.3891799900959431	-0.0016936032699529373	0.9986487007447662	NA	d__Bacteria	p__Bacillota	c__Clostridia	o__Lachnospirales	f__Lachnospiraceae	g__Marvinbryantia	NA
26f085ea92fdbbeedc72785b303f8455	1.167994983370866	-0.448031619550887	0.35862035217892313	-1.2493201147919089	0.21154801370285328	NA	d__Bacteria	p__Bacillota	c__Clostridia	o__Lachnospirales	f__Lachnospiraceae	g__Marvinbryantia	NA
f73bc660ad02cf25a2e30bead37e34fd	1.038742922832062	-0.039133540503536304	0.3908606794902159	-0.10012145646007839	0.9202479011292768	NA	d__Bacteria	p__Bacillota	c__Clostridia	o__Lachnospirales	f__Lachnospiraceae	g__Blautia	NA
00a96fbd0ac34bfd245f9c24f8737f7d	33.24711789432188	0.48082271822502193	0.661672414335118	0.7266778965058971	0.46742329692792306	0.5923285722352659	d__Bacteria	p__Bacillota	c__Clostridia	o__Lachnospirales	f__Lachnospiraceae	g__Blautia	NA
2a7169b7465789a82b4f47c3d934d259	1.0242400834845502	0.027983899888264243	0.3963804835489745	0.07059858153890847	0.9437172393656229	NA	d__Bacteria	p__Bacillota	c__Clostridia	o__Lachnospirales	f__Lachnospiraceae	g__Blautia	NA
8aaed79d6563ff7925c774e39b662a14	1.872114437887564	1.3189513687227061	0.46911286129268276	2.8115864593612225	0.004929783964472995	0.02827999725856282	d__Bacteria	p__Bacillota	c__Clostridia	o__Lachnospirales	f__Lachnospiraceae	g__Marvinbryantia	NA
c7d28b7a0a9a95666a7a6df27bdd7472	1.0531791811445184	-6.59116503826741e-4	0.3891799900959431	-0.0016936032699529373	0.9986487007447662	NA	d__Bacteria	p__Bacillota	c__Clostridia	o__Lachnospirales	f__Lachnospiraceae	g__Marvinbryantia	NA
0a68ec564e278b0246c920ad7de41880	60.42760637181104	-0.14257368157357603	0.632517433499099	-0.22540672244376822	0.8216628824494661	0.9457543641570446	d__Bacteria	p__Bacillota	c__Clostridia	o__Lachnospirales	f__Lachnospiraceae	g__Blautia	NA
da3b4b899cecf42ff30d58718834592a	1.2543693413126589	0.45171695862852496	0.3810266085331144	1.185526019737981	0.23580953318721415	0.38518479708292525	d__Bacteria	p__Bacillota	c__Clostridia	o__Lachnospirales	f__Lachnospiraceae	g__Blautia	NA
8ca0b9917d926bb6241ce6e23673fce4	2.330396840019253	1.405869511464971	0.5042538605937792	2.788019331789554	0.005303137914461881	0.02962538300906192	d__Bacteria	p__Bacillota	c__Clostridia	o__Lachnospirales	f__Lachnospiraceae	g__Blautia	NA
d49783e7800974b5f2bcce554e26072e	4.496018185653991	-0.6331628212139514	0.5577550621471832	-1.1351986995446923	0.25629207427876444	0.41031592748061974	d__Bacteria	p__Bacillota	c__Clostridia	o__Lachnospirales	f__Lachnospiraceae	g__Blautia	NA
bc7f6c40d5f8e134763db884ca78cb1d	1.0387111791071326	-0.039134592313332335	0.3908602387620937	-0.10012426036804559	0.9202456751198212	NA	d__Bacteria	p__Bacillota	c__Clostridia	o__Lachnospirales	f__Lachnospiraceae	g__Blautia	NA
3525e8f55cd3355cc02bb9df648623e2	1.8716093083454242	-6.58822896756606e-4	0.4872204838345285	-0.0013522068932150188	0.9989210953256822	0.9990603906560739	d__Bacteria	p__Bacillota	c__Clostridia	o__Lachnospirales	f__Lachnospiraceae	g__Blautia	NA
27a7197b6f932b622896bc3dc90f3200	1.914328384809039	0.49052736635707306	0.49073680523223084	0.9995732154732949	0.31751709065895894	0.45968892229729874	d__Bacteria	p__Bacillota	c__Clostridia	o__Lachnospirales	f__Lachnospiraceae	g__[Ruminococcus]_gauvreauii_group	NA
ab3ff2e0d51ea7efcada5c69c9dd85ad	1.0531791811445184	-6.59116503826741e-4	0.3891799900959431	-0.0016936032699529373	0.9986487007447662	NA	d__Bacteria	p__Bacillota	c__Clostridia	o__Lachnospirales	f__Lachnospiraceae	g__[Ruminococcus]_gauvreauii_group	NA
61535a40adb8221483821e3984d0b1ac	22.90035383290515	1.101392197500789	0.6411264193244607	1.717901749644476	0.08581453765043823	0.214939229279384	d__Bacteria	p__Bacillota	c__Clostridia	o__Lachnospirales	f__Lachnospiraceae	g__[Ruminococcus]_gauvreauii_group	NA
db74b0f5f9e396a0c984f4a1a039b60c	1.0387148832605266	-0.03913446983503787	0.3908602901955666	-0.10012393383696505	0.9202459343512908	NA	d__Bacteria	p__Bacillota	c__Clostridia	o__Lachnospirales	f__Lachnospiraceae	g__[Ruminococcus]_gauvreauii_group	NA
02b4317d07dfa2d4bcf0b885431ba6ce	1.9776025291871535	1.505781654409875	0.48799054385449525	3.085677936535704	0.002030886679853836	0.013890744150025915	d__Bacteria	p__Bacillota	c__Clostridia	o__Lachnospirales	f__Lachnospiraceae	g__Blautia	NA
a3b8524c1b273413d45d6b635db3103f	1.0386805954253813	-0.03913560098622444	0.39085981404469644	-0.10012694981671645	0.9202435399796542	NA	d__Bacteria	p__Bacillota	c__Clostridia	o__Lachnospirales	f__Lachnospiraceae	g__Blautia	NA
fcffedae608fe4871be42936a1cb523a	11.218253639745381	0.24709879543691993	0.6805723111284548	0.3630750052513982	0.7165488553706789	0.8402048532739124	d__Bacteria	p__Bacillota	c__Clostridia	o__Lachnospirales	f__Lachnospiraceae	NA	NA
d12e59471502034ef5ef8182d1624b13	1.0387264241175567	0.06645611648459741	0.3947107898064449	0.16836660714845325	0.8662948766968549	NA	d__Bacteria	p__Bacillota	c__Clostridia	o__Lachnospirales	f__Lachnospiraceae	NA	NA
0a6b9615944301a29e20464d2ebb5ae1	1.2260229754618648	-6.591141355636371e-4	0.39597108879011295	-0.0016645511609889399	0.9986718809412904	0.9990603906560739	d__Bacteria	p__Bacillota	c__Clostridia	o__Lachnospirales	f__Lachnospiraceae	NA	NA
55e8fd9e2a3868ef69575fcb459fc7c5	1.0386805954253813	0.06645873191826909	0.39471031275526086	0.16837343684880274	0.8662895040793808	NA	d__Bacteria	p__Bacillota	c__Clostridia	o__Lachnospirales	f__Lachnospiraceae	NA	NA
4e2e6735331ad01a30c94d2f4c285dc2	11.92287240066855	-0.2892529366697419	0.6484879490052999	-0.4460421155295484	0.6555668241765993	0.7746287944589495	d__Bacteria	p__Bacillota	c__Clostridia	o__Lachnospirales	f__Lachnospiraceae	g__CAG-56	NA
a85414d00d7f63d6e200967b1ba7d397	1.7748192792057906	-1.077010133663558	0.4259866456942928	-2.528272058642113	0.011462549077935301	0.05226726438528618	d__Bacteria	p__Bacillota	c__Clostridia	o__Lachnospirales	f__Lachnospiraceae	g__Mediterraneibacter	NA
9e3226efaf559eb14a478f880462cb8a	32.70806463850266	-1.1019639371229917	0.6972893405610614	-1.5803539119590098	0.1140258398972172	0.2599691691673734	d__Bacteria	p__Bacillota	c__Clostridia	o__Lachnospirales	f__Lachnospiraceae	g__Mediterraneibacter	NA
1516474efc3aa785c8f2fc6d144d597b	1.1540397021384277	0.24325723073216868	0.38061027758366706	0.6391241778243758	0.5227421524013857	NA	d__Bacteria	p__Bacillota	c__Clostridia	o__Lachnospirales	f__Lachnospiraceae	g__Mediterraneibacter	NA
6d427b86c309a70208622ecd4c8cbf09	1.2120930721410814	-0.5856466052048456	0.35271484693236915	-1.6603968058002945	0.09683465231168853	0.2277620049644179	d__Bacteria	p__Bacillota	c__Clostridia	o__Lachnospirales	f__Lachnospiraceae	g__Lachnospiraceae_UCG-008	NA
04ae944353d0c5edc33268d567833235	1.139859485324462	-0.34859014686303985	0.3642945987227462	-0.9568907913683932	0.3386223796300607	NA	d__Bacteria	p__Bacillota	c__Clostridia	o__Lachnospirales	f__Lachnospiraceae	NA	NA
4ada3d8098e9706fcebb85f1e427fea6	1.0531791811445184	-6.59116503826741e-4	0.3891799900959431	-0.0016936032699529373	0.9986487007447662	NA	d__Bacteria	p__Bacillota	c__Clostridia	o__Lachnospirales	f__Lachnospiraceae	NA	NA
c4d8f2c0d74388b488782cd32486fb9d	1.0531791811445184	-6.59116503826741e-4	0.3891799900959431	-0.0016936032699529373	0.9986487007447662	NA	d__Bacteria	p__Bacillota	c__Clostridia	o__Lachnospirales	f__Lachnospiraceae	NA	NA
68bf460c51538574bc80654a718cda60	1.0531791811445184	-6.59116503826741e-4	0.3891799900959431	-0.0016936032699529373	0.9986487007447662	NA	d__Bacteria	p__Bacillota	c__Clostridia	o__Lachnospirales	f__Lachnospiraceae	NA	NA
08bd43071a06abf56df235fca6655bea	176.59685464906934	-0.19661742306336788	0.6880782404154775	-0.28574864239951225	0.7750706460140379	0.8998915987997589	d__Bacteria	p__Bacillota	c__Clostridia	o__Lachnospirales	f__Lachnospiraceae	g__Mediterraneibacter	NA
51fc57b160bb0784010a1b9993e5b541	1.0531791811445184	-6.59116503826741e-4	0.3891799900959431	-0.0016936032699529373	0.9986487007447662	NA	d__Bacteria	p__Bacillota	c__Clostridia	o__Lachnospirales	f__Lachnospiraceae	g__Mediterraneibacter	NA
79c28c77327e355fb81dce890c619793	1.1968864384074758	0.33632053572482823	0.3790885005773135	0.887182109751802	0.3749808627032189	0.4964076681195218	d__Bacteria	p__Bacillota	c__Clostridia	o__Lachnospirales	f__Lachnospiraceae	g__Sellimonas	NA
58bd181f757283f5a4ceebdf90ff6243	7.939936584663747	-0.33718720840302074	0.5902066054036026	-0.5713036847028188	0.567793804435601	0.6892332074320663	d__Bacteria	p__Bacillota	c__Clostridia	o__Lachnospirales	f__Lachnospiraceae	g__Sellimonas	NA
645ad704bb17e791a05ee9cf57bfdcb6	1.0531791811445184	-6.59116503826741e-4	0.3891799900959431	-0.0016936032699529373	0.9986487007447662	NA	d__Bacteria	p__Bacillota	c__Clostridia	o__Lachnospirales	f__Lachnospiraceae	g__Sellimonas	NA
544dc3c469fceaa44e25d68991df11f4	1.1396010783031918	0.21083598035546802	0.38146438107406355	0.5527016172829331	0.5804677457362285	NA	d__Bacteria	p__Bacillota	c__Clostridia	o__Lachnospirales	f__Lachnospiraceae	g__Fusicatenibacter	NA
d76d59ec71de0e3b22da0c9cd564d41a	72.16914457237462	0.4514500491902985	0.6362564162821365	0.7095410555201555	0.47798878345598983	0.6028534656590321	d__Bacteria	p__Bacillota	c__Clostridia	o__Lachnospirales	f__Lachnospiraceae	g__Fusicatenibacter	NA
deb841129eee6d29398d1ab4efaefccc	1.1981332634181987	-6.591220232402686e-4	0.3937753554424941	-0.0016738529065629274	0.9986644592324478	0.9990603906560739	d__Bacteria	p__Bacillota	c__Clostridia	o__Lachnospirales	f__Lachnospiraceae	g__Fusicatenibacter	NA
5e2990e8ea901b1a6d8d6c6d04aa64e3	1.0531791811445184	-6.59116503826741e-4	0.3891799900959431	-0.0016936032699529373	0.9986487007447662	NA	d__Bacteria	p__Bacillota	c__Clostridia	o__Lachnospirales	f__Lachnospiraceae	NA	NA
d622c6bc1d5e3a4f0403d7d208981372	25.53569011246297	0.8726730281433736	0.723978596696265	1.2053851206729682	0.22805466285605444	0.382601140357563	d__Bacteria	p__Bacillota	c__Clostridia	o__Lachnospirales	f__Lachnospiraceae	g__Lachnospiraceae_NK4A136_group	NA
caea322863a57bb2b14c7317fa120dc4	15.730901665409961	-0.942778033498566	0.6819966625100082	-1.3823792480578758	0.1668552845135113	0.30995491357927085	d__Bacteria	p__Bacillota	c__Clostridia	o__Lachnospirales	f__Lachnospiraceae	g__Lachnospiraceae_NK4A136_group	NA
497155739b0b28f97faa1878ae95ca75	1.3408254550026257	-6.590339052732224e-4	0.4141665447312158	-0.0015912292136027542	0.9987303833135484	0.9990603906560739	d__Bacteria	p__Bacillota	c__Clostridia	o__Lachnospirales	f__Lachnospiraceae	g__Lachnospiraceae_NK4A136_group	NA
48d6e0badb90f052133ee4b44ec77c1d	1.0531791811445184	-6.59116503826741e-4	0.3891799900959431	-0.0016936032699529373	0.9986487007447662	NA	d__Bacteria	p__Bacillota	c__Clostridia	o__Lachnospirales	f__Lachnospiraceae	g__Lachnospiraceae_NK4A136_group	NA
b05080b88bcf581a4e0ad0be14acecdb	1.1977067514141362	-0.5412574612555922	0.3543161361303719	-1.5276116610631432	0.12660898478309293	0.26400479990240483	d__Bacteria	p__Bacillota	c__Clostridia	o__Lachnospirales	f__Lachnospiraceae	NA	NA
98143d3e3cd541c0028117de28d58c8c	1.3854536805009676	-1.0333259072171894	0.3863914288620544	-2.6742982116875504	0.007488582778988423	0.03816324956647923	d__Bacteria	p__Bacillota	c__Clostridia	o__Lachnospirales	f__Lachnospiraceae	g__Sellimonas	NA
2da432982b7f27d1f8672b093c6a90c0	1.0387111791071328	0.06645698849920485	0.3947106312532257	0.16836888403081682	0.8662930855754242	NA	d__Bacteria	p__Bacillota	c__Clostridia	o__Lachnospirales	f__Lachnospiraceae	NA	NA
e3b5a4a0bf06ad5a4ee1400fbee3665d	1.4286324916061257	0.7516157313549704	0.4312674088265152	1.742806704082109	0.08136738488709222	0.20868495304090692	d__Bacteria	p__Bacillota	c__Clostridia	o__Lachnospirales	f__Lachnospiraceae	NA	NA
42060670426da942e8158ded54478b51	1.3413520982699731	0.6091906646279025	0.41650679541851027	1.462618788766175	0.14357171914025774	0.2852868722217421	d__Bacteria	p__Bacillota	c__Clostridia	o__Lachnospirales	f__Lachnospiraceae	g__Sellimonas	NA
68e7e3599b8727dad8fb579a21279b55	1.2260229754618648	-6.591141355636371e-4	0.39597108879011295	-0.0016645511609889399	0.9986718809412904	0.9990603906560739	d__Bacteria	p__Bacillota	c__Clostridia	o__Lachnospirales	f__Lachnospiraceae	g__Sellimonas	NA
7b6b1061c5015981f17a06c394aad1b6	1.32654861488434	-6.590458650697044e-4	0.41138321800271194	-0.0016020241862791781	0.998721770182494	0.9990603906560739	d__Bacteria	p__Bacillota	c__Clostridia	o__Lachnospirales	f__Lachnospiraceae	g__Sellimonas	NA
c6b90711837508687841b1d5cbff2f65	3.350715473954434	-1.8236796158088746	0.504287018284597	-3.6163524930948583	2.987834488915888e-4	0.0028720895492551825	d__Bacteria	p__Bacillota	c__Clostridia	o__Lachnospirales	f__Lachnospiraceae	NA	NA
6eebb297aa85ef6c9bf9f89f02fed0b2	1.0531791811445184	-6.59116503826741e-4	0.3891799900959431	-0.0016936032699529373	0.9986487007447662	NA	d__Bacteria	p__Bacillota	c__Clostridia	o__Lachnospirales	f__Lachnospiraceae	NA	NA
05a5fd28f8d722854393a59ba180f256	1.0531791811445184	-6.59116503826741e-4	0.3891799900959431	-0.0016936032699529373	0.9986487007447662	NA	d__Bacteria	p__Bacillota	c__Clostridia	o__Lachnospirales	f__Lachnospiraceae	NA	NA
12615dfed222d35c1582cbd6cef48013	1.0242901658051002	0.02798162936692382	0.396380988747276	0.07059276343034783	0.9437218699912898	NA	d__Bacteria	p__Bacillota	c__Clostridia	o__Lachnospirales	f__Lachnospiraceae	g__Mediterraneibacter	NA
c81d2bd60b0b2a355bc6e63534ecc66c	1.1971297064940722	0.43317472020077546	0.39540105259450004	1.0955325418544444	0.27328339693063136	0.4252612279555311	d__Bacteria	p__Bacillota	c__Clostridia	o__Lachnospirales	f__Lachnospiraceae	g__Blautia	NA
9ca16919b367f73d91ecf1b3d61d801e	1.038742922832062	-0.039133540503536304	0.3908606794902159	-0.10012145646007839	0.9202479011292768	NA	d__Bacteria	p__Bacillota	c__Clostridia	o__Lachnospirales	f__Lachnospiraceae	g__Blautia	NA
9adf9f609d6f4a79fd2c70f7c9490f80	1.0531791811445184	-6.59116503826741e-4	0.3891799900959431	-0.0016936032699529373	0.9986487007447662	NA	d__Bacteria	p__Bacillota	c__Clostridia	o__Lachnospirales	f__Lachnospiraceae	g__Dorea	NA
55bf45ec97fa611aeb7c11c4445f16d6	1.0387148832605266	-0.03913446983503787	0.3908602901955666	-0.10012393383696505	0.9202459343512908	NA	d__Bacteria	p__Bacillota	c__Clostridia	o__Lachnospirales	f__Lachnospiraceae	g__Dorea	NA
f4cc6e4932f507b33d1335d801f54563	84.42701899501573	0.11095970877971754	0.656409191649366	0.16904045554406083	0.8657648203363286	0.9848305578879132	d__Bacteria	p__Bacillota	c__Clostridia	o__Lachnospirales	f__Lachnospiraceae	g__Dorea	NA
4cb1ca2f2159e76e6985e5e3961a3826	1.0387148832605266	-0.03913446983503787	0.3908602901955666	-0.10012393383696505	0.9202459343512908	NA	d__Bacteria	p__Bacillota	c__Clostridia	o__Lachnospirales	f__Lachnospiraceae	g__Dorea	NA
7d2c8371ed23c6916729809b7a2990f8	1.0531791811445184	-6.59116503826741e-4	0.3891799900959431	-0.0016936032699529373	0.9986487007447662	NA	d__Bacteria	p__Bacillota	c__Clostridia	o__Lachnospirales	f__Lachnospiraceae	g__Extibacter	NA
83b3aacc4571eb88c497efc244b4c927	2.5948620539336034	-0.31872095034355835	0.46368020017498035	-0.6873723532367388	0.4918481149933351	0.6145221764612278	d__Bacteria	p__Bacillota	c__Clostridia	o__Lachnospirales	f__Lachnospiraceae	g__Lachnospiraceae_FE2018_group	NA
1eafd1521ed34517ba04ee3e47fdf7b4	1.0531791811445184	-6.59116503826741e-4	0.3891799900959431	-0.0016936032699529373	0.9986487007447662	NA	d__Bacteria	p__Bacillota	c__Clostridia	o__Lachnospirales	f__Lachnospiraceae	g__Lachnospiraceae_FE2018_group	NA
b044a86e33a67caceb0a9f59149747ac	3.232382836030635	-2.1548605082945875	0.5027481834325779	-4.28616269397932	1.8178587713259482e-5	2.811094650731575e-4	d__Bacteria	p__Bacillota	c__Clostridia	o__Lachnospirales	f__Lachnospiraceae	g__Howardella	NA
efcfc19372879de4763f111fd3dd8487	1.0531791811445184	-6.59116503826741e-4	0.3891799900959431	-0.0016936032699529373	0.9986487007447662	NA	d__Bacteria	p__Bacillota	c__Clostridia	o__Lachnospirales	f__Lachnospiraceae	g__Howardella	NA
12596212f81c470bb18586314a5ea8e2	10.115763390635285	0.37776645935628933	0.5931794357799496	0.6368502287331965	0.5242224049165225	0.6473904005161222	d__Bacteria	p__Bacillota	c__Clostridia	o__Lachnospirales	f__Lachnospiraceae	g__Howardella	NA
53e54ec48a512f8a31b439db41a322b3	1.1826699655475916	0.30597136481594234	0.37939652242920957	0.8064685539468344	0.4199727326851887	NA	d__Bacteria	p__Bacillota	c__Clostridia	o__Lachnospirales	f__Lachnospiraceae	g__Howardella	NA
d5fee03c103b88588b71cb36c6bd9506	1.1396010783031916	0.21083598035546802	0.3814643810740639	0.5527016172829327	0.5804677457362288	NA	d__Bacteria	p__Bacillota	c__Clostridia	o__Lachnospirales	f__Lachnospiraceae	NA	NA
2114414db001c21b5f663a9d3e7b56e6	1.0387386692036873	-0.03913368173446607	0.39086062043895625	-0.10012183291966574	0.9202476022597301	NA	d__Bacteria	p__Bacillota	c__Clostridia	o__Lachnospirales	f__Lachnospiraceae	g__Shuttleworthia	NA
f6e582a67a3c26bb63c7f206507e00bc	1.0531791811445184	-6.59116503826741e-4	0.3891799900959431	-0.0016936032699529373	0.9986487007447662	NA	d__Bacteria	p__Bacillota	c__Clostridia	o__Lachnospirales	f__Lachnospiraceae	g__Shuttleworthia	NA
5b9308235b866c5544ad11c115839c69	1.0531791811445184	-6.59116503826741e-4	0.3891799900959431	-0.0016936032699529373	0.9986487007447662	NA	d__Bacteria	p__Bacillota	c__Clostridia	o__Lachnospirales	f__Lachnospiraceae	g__Shuttleworthia	NA
f1edd3c769f15cfd799e6ed84675bd86	1.0531791811445184	-6.59116503826741e-4	0.3891799900959431	-0.0016936032699529373	0.9986487007447662	NA	d__Bacteria	p__Bacillota	c__Clostridia	o__Lachnospirales	f__Lachnospiraceae	g__Shuttleworthia	NA
1f1364256c4afbd77469dbde5b3ccf2d	1.0531791811445184	-6.59116503826741e-4	0.3891799900959431	-0.0016936032699529373	0.9986487007447662	NA	d__Bacteria	p__Bacillota	c__Clostridia	o__Lachnospirales	f__Lachnospiraceae	g__Shuttleworthia	NA
8caae6c556fcdf0598c9f290a8977f65	1.0531791811445184	-6.59116503826741e-4	0.3891799900959431	-0.0016936032699529373	0.9986487007447662	NA	d__Bacteria	p__Fusobacteriota	c__Fusobacteriia	o__Fusobacteriales	f__Leptotrichiaceae	g__Sneathia	NA
99fc2d99215491954b4bbe587ecef861	1.0531791811445184	-6.59116503826741e-4	0.3891799900959431	-0.0016936032699529373	0.9986487007447662	NA	d__Bacteria	p__Fusobacteriota	c__Fusobacteriia	o__Fusobacteriales	f__Leptotrichiaceae	g__Sneathia	NA
b1a2eb74f17971864ed1ed964da108e5	107.85052866175413	0.41464995177939773	0.860761841530065	0.4817243652928761	0.6300017650279355	0.7510747299271588	d__Bacteria	p__Fusobacteriota	c__Fusobacteriia	o__Fusobacteriales	f__Leptotrichiaceae	g__Sneathia	NA
697e9cded9dd9f9e45bfa6363ca5bbd0	1.0531791811445184	-6.59116503826741e-4	0.3891799900959431	-0.0016936032699529373	0.9986487007447662	NA	d__Bacteria	p__Fusobacteriota	c__Fusobacteriia	o__Fusobacteriales	f__Leptotrichiaceae	g__Sneathia	NA
ae576337f19d0f18d56c014b87bd9de3	1.0531791811445184	-6.59116503826741e-4	0.3891799900959431	-0.0016936032699529373	0.9986487007447662	NA	d__Bacteria	p__Fusobacteriota	c__Fusobacteriia	o__Fusobacteriales	f__Leptotrichiaceae	g__Sneathia	NA
fc7cb4dae6f66576fab33f7fdb41caf5	1.0531791811445184	-6.59116503826741e-4	0.3891799900959431	-0.0016936032699529373	0.9986487007447662	NA	d__Bacteria	p__Fusobacteriota	c__Fusobacteriia	o__Fusobacteriales	f__Leptotrichiaceae	g__Sneathia	NA
63749f93fa752451b71632e68523bb95	8.681032744686988	-3.0602768731047645	0.5924754041206625	-5.165238677961244	2.4013230393830123e-7	7.320604808633354e-6	d__Bacteria	p__Fusobacteriota	c__Fusobacteriia	o__Fusobacteriales	f__Leptotrichiaceae	g__Sneathia	NA
160487812b1fafbb16ea2dbb2708985b	1.0531791811445184	-6.59116503826741e-4	0.3891799900959431	-0.0016936032699529373	0.9986487007447662	NA	d__Bacteria	p__Fusobacteriota	c__Fusobacteriia	o__Fusobacteriales	f__Leptotrichiaceae	g__Sneathia	NA
6997d881388e677a1e757921263f658f	1.0531791811445184	-6.59116503826741e-4	0.3891799900959431	-0.0016936032699529373	0.9986487007447662	NA	d__Bacteria	p__Fusobacteriota	c__Fusobacteriia	o__Fusobacteriales	f__Leptotrichiaceae	g__Sneathia	NA
8674dcf0cfe35939037fa9a5b986866f	1.1827889653983064	0.3059815544127425	0.37940090380790226	0.8064860977971382	0.419962620822207	NA	d__Bacteria	p__Fusobacteriota	c__Fusobacteriia	o__Fusobacteriales	f__Fusobacteriaceae	g__Fusobacterium	NA
fae6d0c5cd2a53341a4ec984541b1541	1.1110137998405702	-0.3346028358228436	0.3692729561552673	-0.9061124846688041	0.3648763179016552	NA	d__Bacteria	p__Fusobacteriota	c__Fusobacteriia	o__Fusobacteriales	f__Fusobacteriaceae	g__Fusobacterium	NA
e708751e62639cc0951c413f92ea7620	1.0387111791071328	-0.03913459231333233	0.3908602387620928	-0.10012426036804581	0.920245675119821	NA	d__Bacteria	p__Fusobacteriota	c__Fusobacteriia	o__Fusobacteriales	f__Fusobacteriaceae	g__Fusobacterium	NA
f4e78e2e397dc8bd3ca2f87c245a8773	1.0242287095064544	0.06645859690160312	0.3945082681637257	0.16845932586138346	0.8662219395913728	NA	d__Bacteria	p__Fusobacteriota	c__Fusobacteriia	o__Fusobacteriales	f__Fusobacteriaceae	g__Fusobacterium	NA
7f85ac088481e3811666998c6ba22231	1.6027996664505406	-1.4491188106601716	0.39433404153390894	-3.6748509081875986	2.3798834708328655e-4	0.0023732109003538945	d__Bacteria	p__Fusobacteriota	c__Fusobacteriia	o__Fusobacteriales	f__Fusobacteriaceae	g__Fusobacterium	NA
4a1fcd915d60feef39e0e6440bcc0637	1.0387148832605266	0.06645677680406685	0.3947106697904231	0.16836833126237244	0.8662935204135516	NA	d__Bacteria	p__Fusobacteriota	c__Fusobacteriia	o__Fusobacteriales	f__Fusobacteriaceae	g__Fusobacterium	NA
089441fc51f22ba8ecf9182625422b67	1.038742922832062	-6.59113222794125e-4	0.38896199360802225	-0.0016945440264745982	0.9986479501307391	NA	d__Bacteria	p__Fusobacteriota	c__Fusobacteriia	o__Fusobacteriales	f__Fusobacteriaceae	g__Fusobacterium	NA
0fac00bdf345de6ec3883615d1aa61b4	1.0531791811445184	-6.59116503826741e-4	0.3891799900959431	-0.0016936032699529373	0.9986487007447662	NA	d__Bacteria	p__Fusobacteriota	c__Fusobacteriia	o__Fusobacteriales	f__Fusobacteriaceae	g__Fusobacterium	NA
8dda459cc6a36c5cafef39150f5bff56	1.0531791811445184	-6.59116503826741e-4	0.3891799900959431	-0.0016936032699529373	0.9986487007447662	NA	d__Bacteria	p__Fusobacteriota	c__Fusobacteriia	o__Fusobacteriales	f__Fusobacteriaceae	g__Fusobacterium	NA
f6304925fe231028801d4ad83f85b704	1.0531791811445184	-6.59116503826741e-4	0.3891799900959431	-0.0016936032699529373	0.9986487007447662	NA	d__Bacteria	p__Fusobacteriota	c__Fusobacteriia	o__Fusobacteriales	f__Fusobacteriaceae	g__Fusobacterium	NA
8ea0c3f22295dcc9639c3b3a112ba9b4	1.0531791811445184	-6.59116503826741e-4	0.3891799900959431	-0.0016936032699529373	0.9986487007447662	NA	d__Bacteria	p__Fusobacteriota	c__Fusobacteriia	o__Fusobacteriales	f__Fusobacteriaceae	g__Fusobacterium	NA
e35ed7f7950e5384ba7ece1250f5aaa0	1.038742922832062	-6.59113222794125e-4	0.38896199360802225	-0.0016945440264745982	0.9986479501307391	NA	d__Bacteria	p__Fusobacteriota	c__Fusobacteriia	o__Fusobacteriales	f__Fusobacteriaceae	g__Fusobacterium	NA
e502ebea2a54a6f839d310d6d57e7d47	203.16053339423425	-1.6715991053955435	0.8446261126771083	-1.9790994859219777	0.047804806352915376	0.14958278116879972	d__Bacteria	p__Fusobacteriota	c__Fusobacteriia	o__Fusobacteriales	f__Fusobacteriaceae	g__Fusobacterium	NA
7c9ef2c6a12006ce70b8de00bfe55a83	1.038742922832062	-6.59113222794125e-4	0.38896199360802225	-0.0016945440264745982	0.9986479501307391	NA	d__Bacteria	p__Fusobacteriota	c__Fusobacteriia	o__Fusobacteriales	f__Fusobacteriaceae	g__Fusobacterium	NA
24e4a3997e50367598b3152939b4fb75	1.0387304233561945	-0.03913395526143773	0.390860505960274	-0.10012256205137082	0.9202470234054324	NA	d__Bacteria	p__Fusobacteriota	c__Fusobacteriia	o__Fusobacteriales	f__Fusobacteriaceae	g__Fusobacterium	NA
bb13530168243d1db4c26492f04e7937	1.1976667590277583	0.3363960192330887	0.3791219541161637	0.887302926092263	0.3749158306321359	0.4964076681195218	d__Bacteria	p__Fusobacteriota	c__Fusobacteriia	o__Fusobacteriales	f__Fusobacteriaceae	g__Fusobacterium	NA
4b7712254e4dd8d5bc585d4a6c5c2e88	1.675459664313115	1.0926275307421445	0.47053187665369833	2.3221116038144545	0.020226927026542746	0.07763356524216226	d__Bacteria	p__Fusobacteriota	c__Fusobacteriia	o__Fusobacteriales	f__Fusobacteriaceae	g__Fusobacterium	NA
37125fc6b7326af0e29ddb765d441528	1.0531791811445184	-6.59116503826741e-4	0.3891799900959431	-0.0016936032699529373	0.9986487007447662	NA	d__Bacteria	p__Fusobacteriota	c__Fusobacteriia	o__Fusobacteriales	f__Fusobacteriaceae	g__Fusobacterium	NA
e193807cce7f4b5555c6feedecbe8258	1.2847254074398105	0.506459712574768	0.3845578295770365	1.3169923315091716	0.18784119503367316	0.333708115192179	d__Bacteria	p__Fusobacteriota	c__Fusobacteriia	o__Fusobacteriales	f__Fusobacteriaceae	g__Fusobacterium	NA
b9bd4ddc71b5261571e53f606451241d	1.1687692434511097	0.2749880261686291	0.3799250160396719	0.7237955242723864	0.46919127752120154	NA	d__Bacteria	p__Fusobacteriota	c__Fusobacteriia	o__Fusobacteriales	f__Fusobacteriaceae	g__Cetobacterium	NA
dcc6a52cec637e586b0cb4f27c746f4f	1.154669281178478	0.24330024021385285	0.3806280182459363	0.6392073850345105	0.5226880284829476	NA	d__Bacteria	p__Fusobacteriota	c__Fusobacteriia	o__Fusobacteriales	f__Fusobacteriaceae	g__Fusobacterium	NA
f483115cf9def110ac01dc2ddc065a6c	4.379558824599629	2.8209981597319573	0.6149378614992722	4.58745238560221	4.486877171270699e-6	8.865736929158955e-5	d__Bacteria	p__Fusobacteriota	c__Fusobacteriia	o__Fusobacteriales	f__Fusobacteriaceae	g__Fusobacterium	NA
e7c0ca19ade0aeb3c2fea30e3207d871	1.0387075420010623	-0.03913471250887544	0.3908601882582665	-0.1001245808207425	0.9202454207139598	NA	d__Bacteria	p__Fusobacteriota	c__Fusobacteriia	o__Fusobacteriales	f__Fusobacteriaceae	g__Fusobacterium	NA
5a2fd811723c3e5114e900cac5df17eb	1.0531791811445184	-6.59116503826741e-4	0.3891799900959431	-0.0016936032699529373	0.9986487007447662	NA	d__Bacteria	p__Fusobacteriota	c__Fusobacteriia	o__Fusobacteriales	f__Fusobacteriaceae	g__Fusobacterium	NA
0f5acbee6e1036e86fcd29f411e3935d	1.3275489080203084	0.5844184590162766	0.41111805881075164	1.4215343901623638	0.15516146318390323	0.2946237833367166	d__Bacteria	p__Bacillota	c__Clostridia	o__Lachnospirales	f__Lachnospiraceae	NA	NA
85350432bd8703c85d15a922a6208b10	1.2121155168160818	-6.591186688884895e-4	0.3947747853110507	-0.0016696068072563376	0.9986678471247942	0.9990603906560739	d__Bacteria	p__Bacillota	c__Clostridia	o__Lachnospirales	f__Lachnospiraceae	g__Lachnospiraceae_UCG-004	NA
cfea15f977f1e64f069cdebe6743870b	1.1824049907025562	-6.591246702160521e-4	0.3928842520151557	-0.0016776561209448173	0.9986614247106718	NA	d__Bacteria	p__Bacillota	c__Clostridia	o__Lachnospirales	f__Lachnospiraceae	g__Lachnospiraceae_UCG-004	NA
956c3d31706ecfd689f7ef246aac8bc3	1.2260229754618648	-0.6286109741292566	0.3515105455979677	-1.7883132725361142	0.07372547970271022	0.1957990201831986	d__Bacteria	p__Bacillota	c__Clostridia	o__Lachnospirales	f__Lachnospiraceae	g__Lachnospiraceae_UCG-004	NA
ea598500527a8224c83ce36ad302af57	1.140170695459341	-0.3486231416677235	0.36430135407382447	-0.9569636175359265	0.33858561893722755	NA	d__Bacteria	p__Bacillota	c__Clostridia	o__Lachnospirales	f__Lachnospiraceae	g__Lachnospiraceae_UCG-004	NA
1414bef8969ec0b320ad6b75847c0274	1.1831055059566264	-6.591245124865387e-4	0.3929117929331901	-0.00167753812520108	0.9986615188575215	NA	d__Bacteria	p__Bacillota	c__Clostridia	o__Lachnospirales	f__Lachnospiraceae	NA	NA
c72af37438571df8f99f5994b1bc0d1f	1.154004727829637	0.24325483535154147	0.38060929373228425	0.639119536378541	0.5227451716143611	NA	d__Bacteria	p__Bacillota	c__Clostridia	o__Lachnospirales	f__Lachnospiraceae	g__Lachnospiraceae_UCG-004	NA
6f9479c9d6e8fb172cbc5bac24c91d62	1.1541071356485686	-0.39919507491899225	0.3613043602705306	-1.1048720104570302	0.2692150520895772	NA	d__Bacteria	p__Bacillota	c__Clostridia	o__Lachnospirales	f__Lachnospiraceae	g__Blautia	NA
23f6cc646c729e5fe1a7527709eddcba	1.3566030946993208	0.6343046352462116	0.42263615357453227	1.5008290934920014	0.13339977166044137	0.2739005976681993	d__Bacteria	p__Bacteroidota	c__Bacteroidia	o__Bacteroidales	f__Bacteroidaceae	g__Bacteroides	NA
48a6761ba486de8be643cee1126c9153	1.2109776098362992	-6.591190064868772e-4	0.3947148013204079	-0.0016698613892409887	0.9986676439980423	0.9990603906560739	d__Bacteria	p__Bacteroidota	c__Bacteroidia	o__Bacteroidales	f__Bacteroidaceae	g__Bacteroides	NA
c3f34fbb5d6e5eef690bd2aab1e6d55a	1.1396010783031916	0.21083598035546802	0.3814643810740639	0.5527016172829327	0.5804677457362288	NA	d__Bacteria	p__Bacteroidota	c__Bacteroidia	o__Bacteroidales	f__Bacteroidaceae	g__Bacteroides	NA
1f643921b7835f92be7b7683d5d2d8f1	1.3566030946993208	0.6343046352462116	0.42263615357453227	1.5008290934920014	0.13339977166044137	0.2739005976681993	d__Bacteria	p__Bacteroidota	c__Bacteroidia	o__Bacteroidales	f__Bacteroidaceae	g__Bacteroides	NA
18ab95aa1f5f98278170ab8d011fbd1b	1.1543484803332507	-0.3992234236869545	0.36131033620858494	-1.1049321972800754	0.26918896976775847	NA	d__Bacteria	p__Bacteroidota	c__Bacteroidia	o__Bacteroidales	f__Bacteroidaceae	g__Bacteroides	NA
baf39284afad4f9a96260d0ffd34e347	1.1540397021384277	0.24325723073216868	0.38061027758366706	0.6391241778243758	0.5227421524013857	NA	d__Bacteria	p__Bacteroidota	c__Bacteroidia	o__Bacteroidales	f__Bacteroidaceae	g__Bacteroides	NA
e935acdf264a8f1d2812da4466ce0771	1.1536430080925726	-0.39914041092545854	0.3612929006074096	-1.104755754276985	0.26926543731546093	NA	d__Bacteria	p__Bacteroidota	c__Bacteroidia	o__Bacteroidales	f__Bacteroidaceae	g__Bacteroides	NA
fcd9493efb666147a8a98c658580e68e	1.1978592015183749	0.336414622149087	0.379130224384166	0.8873326380019864	0.3748998386066574	0.4964076681195218	d__Bacteria	p__Bacteroidota	c__Bacteroidia	o__Bacteroidales	f__Bacteroidaceae	g__Bacteroides	NA
0f6b7495021bd8009e203b3a63699d0e	1.139329720849877	-6.591267517193852e-4	0.3911069976927802	-0.0016852849875039519	0.9986553377644328	NA	d__Bacteria	p__Bacillota	c__Clostridia	o__Oscillospirales	f__Oscillospiraceae	g__UCG-002	NA
2bec453987b8809abf9cf37b1ec388dc	1.1544551954062179	-0.3992359421521064	0.3613129822724369	-1.1049587524952946	0.2691774624569642	NA	d__Bacteria	p__Bacillota	c__Clostridia	o__Lachnospirales	f__Lachnospiraceae	g__Lachnospiraceae_UCG-008	NA
05bec6161578c8eb8cb4dd19c05a5b73	1.2109017738852237	0.3660146302732234	0.37903222749158544	0.9656556981855823	0.33421649454867924	0.46631086824824164	d__Bacteria	p__Bacillota	c__Clostridia	o__Lachnospirales	f__Lachnospiraceae	NA	NA
360b8779251bfde96f1165e5202f83d6	9.271107413123714	0.8709693214293698	0.6021928325592153	1.4463296046349488	0.14808477601234585	0.29146340348216204	d__Bacteria	p__Bacillota	c__Clostridia	o__Lachnospirales	f__Lachnospiraceae	NA	NA
7555e4e60606c6c09f49d343da029b33	1.2965541586516454	0.5322828264192093	0.3865280863521142	1.3770870609757382	0.16848533259229326	0.30995491357927085	d__Bacteria	p__Bacillota	c__Clostridia	o__Lachnospirales	f__Lachnospiraceae	NA	NA
47f770032218f91b352999ff1f663807	26.321702157477866	-0.4632979715849869	0.6896938453087254	-0.6717443902629034	0.5017464364019819	0.6232403348555468	d__Bacteria	p__Bacillota	c__Clostridia	o__Lachnospirales	f__Lachnospiraceae	NA	NA
6326f3883ecfa02452ebaa3af9c5d84c	1.0387264241175567	-0.03913408780086743	0.3908604504356109	-0.10012291537108141	0.920246742906559	NA	d__Bacteria	p__Bacillota	c__Clostridia	o__Lachnospirales	f__Lachnospiraceae	NA	NA
2799ad5c90e307f0e897fecda5a2924e	1.0531791811445184	-6.59116503826741e-4	0.3891799900959431	-0.0016936032699529373	0.9986487007447662	NA	d__Bacteria	p__Bacillota	c__Clostridia	o__Lachnospirales	f__Lachnospiraceae	g__Eisenbergiella	NA
b7bbd3d2e5fd999afc045cd4d36979e0	1.0531791811445184	-6.59116503826741e-4	0.3891799900959431	-0.0016936032699529373	0.9986487007447662	NA	d__Bacteria	p__Bacillota	c__Clostridia	o__Lachnospirales	f__Lachnospiraceae	NA	NA
23d6e67ff377b63cc8506920f662b5a5	1.3405775832642013	-0.20393456896632792	0.3536043853658131	-0.5767308817602819	0.5641212674178339	0.6855551165544747	d__Bacteria	p__Bacillota	c__Clostridia	o__Lachnospirales	f__Lachnospiraceae	NA	NA
8646bffa210e3f061cc57f1b1cf2f751	32.85961539754866	-1.458766732271476	0.7564916053812116	-1.9283316852357846	0.05381388309585067	0.16092421163126178	d__Bacteria	p__Bacillota	c__Clostridia	o__Lachnospirales	f__Lachnospiraceae	g__Hungatella	NA
4205d93a032f445a1687829d22eaa2b2	1.0531791811445184	-6.59116503826741e-4	0.3891799900959431	-0.0016936032699529373	0.9986487007447662	NA	d__Bacteria	p__Bacillota	c__Clostridia	o__Lachnospirales	f__Lachnospiraceae	g__Hungatella	NA
da8644094f1d480f3b3a6a03a7027ab4	62.35957452420954	-0.26800968317332835	0.7513831904386356	-0.3566884202145541	0.7213250754098166	0.8444642487642228	d__Bacteria	p__Bacillota	c__Clostridia	o__Lachnospirales	f__Lachnospiraceae	g__Hungatella	NA
32c99ead10486b0b4c3cfc79c646c7e7	1.0387324637811943	0.0664557704665521	0.3947108525825347	0.16836570373411786	0.8662955873726614	NA	d__Bacteria	p__Bacillota	c__Clostridia	o__Lachnospirales	f__Lachnospiraceae	g__Hungatella	NA
b79dde003fac2946cfe3cb1d5c7aaac7	1.0531791811445184	-6.59116503826741e-4	0.3891799900959431	-0.0016936032699529373	0.9986487007447662	NA	d__Bacteria	p__Bacillota	c__Clostridia	o__Lachnospirales	f__Lachnospiraceae	g__Hungatella	NA
b1d8e09561b600103cc3d8b388c02478	1.3267998367914045	0.5840559773713146	0.41112921722589457	1.4206141351671575	0.15542896689878957	0.2946237833367166	d__Bacteria	p__Bacillota	c__Clostridia	o__Lachnospirales	f__Lachnospiraceae	NA	NA
4f480409cf34da6fb985eaa1cf33a65b	1.699490334854001	1.1244262525891429	0.45779460273494205	2.4561806667698374	0.014042254133202045	0.059942334336419864	d__Bacteria	p__Bacillota	c__Clostridia	o__Lachnospirales	f__Lachnospiraceae	NA	NA
c2e94d7cfaa554a2bbf511ddcecabea2	1.2263882039657805	-6.591140116336369e-4	0.39599336642920807	-0.0016644572043644753	0.9986719559077267	0.9990603906560739	d__Bacteria	p__Bacillota	c__Clostridia	o__Lachnospirales	f__Lachnospiraceae	g__Lachnospiraceae_NK4A136_group	NA
18d1d3003cc423b568ba5b5ccb433023	1.6699311922088975	0.8989092016265658	0.46621465651638505	1.9281015494950957	0.0538424963002441	0.16092421163126178	d__Bacteria	p__Bacillota	c__Clostridia	o__Lachnospirales	f__Lachnospiraceae	NA	NA
f266466f018dc8bf6c6772cfd6fb85ae	1.0531791811445184	-6.59116503826741e-4	0.3891799900959431	-0.0016936032699529373	0.9986487007447662	NA	d__Bacteria	p__Bacillota	c__Clostridia	o__Lachnospirales	f__Lachnospiraceae	g__Lachnospiraceae_NK4A136_group	NA
278c2a9599f0d608fc70845d26c6c722	1.0531791811445184	-6.59116503826741e-4	0.3891799900959431	-0.0016936032699529373	0.9986487007447662	NA	d__Bacteria	p__Bacillota	c__Clostridia	o__Lachnospirales	f__Lachnospiraceae	g__Lachnospiraceae_NK4A136_group	NA
b4d07c2a22af0c99c73cf9722200d878	13.351986262820414	-1.422268884963557	0.6715237568973463	-2.117972551760331	0.034177392354005305	0.11437098055160712	d__Bacteria	p__Bacillota	c__Clostridia	o__Lachnospirales	f__Lachnospiraceae	g__Lachnospiraceae_NK4A136_group	NA
db7f42d2a4ded289e177bb4c00edff61	31.96278870532565	1.1108543236449573	0.7062157715769118	1.5729673116256333	0.11572638742768372	0.2632402935602532	d__Bacteria	p__Bacillota	c__Clostridia	o__Lachnospirales	f__Lachnospiraceae	g__Lachnospiraceae_NK4A136_group	NA
eba6ad448ed6a1fcd744350655065065	1.0531791811445184	-6.59116503826741e-4	0.3891799900959431	-0.0016936032699529373	0.9986487007447662	NA	d__Bacteria	p__Bacillota	c__Clostridia	o__Lachnospirales	f__Lachnospiraceae	g__Lachnospiraceae_NK4A136_group	NA
aeadf3dab1935eb291cfc4ab4bda96b7	1.2696578684174982	0.4793456041308448	0.38258982657302804	1.2528968907105746	0.21024323360508895	0.35730276179661874	d__Bacteria	p__Bacillota	c__Clostridia	o__Lachnospirales	f__Lachnospiraceae	NA	NA
df0ede5bf2e15f4f0bd3b32c36bb36a2	1.2689971551496408	-0.7502780703134404	0.3673684261343248	-2.0423041746083763	0.041121368270361745	0.1335573556840184	d__Bacteria	p__Bacillota	c__Clostridia	o__Lachnospirales	f__Lachnospiraceae	g__Lachnospiraceae_UCG-009	NA
6b5c5532185593c41966b2173ea9df1c	9.35503764336947	-0.6352714898284082	0.5654174586999198	-1.123544170866435	0.2612064519105841	0.41536107926765015	d__Bacteria	p__Bacillota	c__Clostridia	o__Lachnospirales	f__Lachnospiraceae	g__Lachnospiraceae_UCG-009	NA
82ab916363b5f190874c8774502afa6a	1.1538553769948559	-6.59126729030156e-4	0.3916070591339613	-0.0016831329100343957	0.9986570548713841	NA	d__Bacteria	p__Bacillota	c__Clostridia	o__Lachnospirales	f__Lachnospiraceae	g__Lachnospiraceae_UCG-009	NA
e1e57dba2b0942b4229961b847aa98e8	1.327705579122673	0.5844940973393453	0.41111573072182284	1.4217264231488072	0.15510568631185617	0.2946237833367166	d__Bacteria	p__Bacillota	c__Clostridia	o__Lachnospirales	f__Lachnospiraceae	NA	NA
19a36b16af23deb4230ba84ab6f02f01	1.8774179425089352	-1.8463370776385681	0.433679678981563	-4.257375125287024	2.068411260304587e-5	3.1084434010492877e-4	d__Bacteria	p__Bacillota	c__Clostridia	o__Lachnospirales	f__Lachnospiraceae	NA	NA
24646f903382ae52da1b45805982e09f	9.588801746311814	2.6770937813414433	0.6566174418182524	4.077098186621802	4.560123973362101e-5	5.914406478986047e-4	d__Bacteria	p__Bacillota	c__Clostridia	o__Lachnospirales	f__Lachnospiraceae	g__Extibacter	NA
ed8746a919274371bea412882a1c6bb5	2.5662800897767593	1.9102411335239287	0.5203095087107478	3.6713554173884537	2.4126755091401393e-4	0.002383634044678267	d__Bacteria	p__Bacillota	c__Clostridia	o__Lachnospirales	f__Lachnospiraceae	g__Extibacter	NA
0e226d197c2f253bcee5f15026512f90	1.2843761510611598	0.5063893714086818	0.3870410543487204	1.3083608721064244	0.19075093744988827	0.33697226864077945	d__Bacteria	p__Bacillota	c__Clostridia	o__Lachnospirales	f__Lachnospiraceae	g__Extibacter	NA
504b29d7282c288d06f7f26759d3fac9	1.0531791811445184	-6.59116503826741e-4	0.3891799900959431	-0.0016936032699529373	0.9986487007447662	NA	d__Bacteria	p__Bacillota	c__Clostridia	o__Lachnospirales	f__Lachnospiraceae	NA	NA
119eea33cb9f505d6a20297d132e792a	160.5113329774747	1.7060823291263398	0.7549540236543509	2.259849309588493	0.023830604859043397	0.0878972690616646	d__Bacteria	p__Bacillota	c__Clostridia	o__Lachnospirales	f__Lachnospiraceae	g__Lachnoclostridium	NA
99f18c96105b8daa3bfa2da885431750	1.0531791811445184	-6.59116503826741e-4	0.3891799900959431	-0.0016936032699529373	0.9986487007447662	NA	d__Bacteria	p__Bacillota	c__Clostridia	o__Lachnospirales	f__Lachnospiraceae	g__Lachnoclostridium	NA
17dc28d8c7ea59f13a71ea36287aba80	1.0531791811445184	-6.59116503826741e-4	0.3891799900959431	-0.0016936032699529373	0.9986487007447662	NA	d__Bacteria	p__Bacillota	c__Clostridia	o__Lachnospirales	f__Lachnospiraceae	g__Lachnoclostridium	NA
52fe22d345da0a890591507e33a1f1c3	1.0387304233561943	-0.03913395526143771	0.39086050596027216	-0.10012256205137124	0.9202470234054321	NA	d__Bacteria	p__Bacillota	c__Clostridia	o__Lachnospirales	f__Lachnospiraceae	g__Lachnoclostridium	NA
7eac17dba253d45b7426ebc866487e31	3.2078050461206744	-2.961118199653855	0.5057292605561914	-5.855145095613558	4.76593741424046e-9	3.178284513121607e-7	d__Bacteria	p__Bacillota	c__Clostridia	o__Lachnospirales	f__Lachnospiraceae	NA	NA
c9487a3260aac1c2c358a02bf68935bf	1.915674056553346	1.3640547584264588	0.4651217065667448	2.932683508785496	0.00336046262658181	0.021470740254867015	d__Bacteria	p__Bacillota	c__Clostridia	o__Lachnospirales	f__Lachnospiraceae	g__UC5-1-2E3	NA
6e57b32b545e72b802822e1554c70868	8.72812596986928	-1.6047894374052754	0.6492062064939017	-2.471925593675528	0.013438748358911153	0.05900882509859341	d__Bacteria	p__Bacillota	c__Clostridia	o__Lachnospirales	f__Lachnospiraceae	g__Lachnoclostridium	NA
7d2402f1612fe6c2f5c20bfda4a90aa0	12.617538185149154	1.1180103662378538	0.6541861188190894	1.70900961374118	0.08744916869587332	0.21750177855127467	d__Bacteria	p__Bacillota	c__Clostridia	o__Lachnospirales	f__Lachnospiraceae	NA	NA
369bbf86b13d5924c095aad30bba9af1	1.9030772011833545	1.0725739729648742	0.4748213562673119	2.2589000237829304	0.023889604524726087	0.0878972690616646	d__Bacteria	p__Bacillota	c__Clostridia	o__Lachnospirales	f__Lachnospiraceae	NA	NA
70ab6b98e35982b1578a04d951d31f86	1.2825367229164035	-0.788142976371802	0.36995799974820365	-2.1303579782251454	0.033142070286404104	0.11226218728759739	d__Bacteria	p__Bacillota	c__Clostridia	o__Lachnospirales	f__Lachnospiraceae	NA	NA
01e1c2e370af8df0435a70bc1f621599	1.2111218372710093	-6.591189637943318e-4	0.3947223861257561	-0.0016698291937877082	0.9986676696862615	0.9990603906560739	d__Bacteria	p__Bacillota	c__Clostridia	o__Lachnospirales	f__Lachnospiraceae	NA	NA
a5a4b4d58bdd795871acf39629c9e584	18.648780996821767	1.299849294555151	0.6504173196935066	1.9984850575130342	0.04566409832630687	0.1445803944040636	d__Bacteria	p__Bacillota	c__Clostridia	o__Lachnospirales	f__Lachnospiraceae	NA	NA
f3e2f267fab4fc03d821b0356d2e2902	1.4564096210451924	0.7953074967897769	0.4392204292161029	1.8107251937465638	0.07018340096438543	0.19258455174132758	d__Bacteria	p__Bacillota	c__Clostridia	o__Lachnospirales	f__Lachnospiraceae	NA	NA
0a39f269a92286a2fc485a177298da7a	1.197745962562525	0.33640367623320405	0.37912535695256727	0.8873151585988268	0.3749092466031897	0.4964076681195218	d__Bacteria	p__Bacillota	c__Clostridia	o__Lachnospirales	f__Lachnospiraceae	NA	NA
e97725fbbcadfed36a81eb5e5a120067	1.3419043473936472	0.6094813407020727	0.4164981153098649	1.463347175649601	0.14337240515238608	0.2852868722217421	d__Bacteria	p__Bacillota	c__Clostridia	o__Lachnospirales	f__Lachnospiraceae	NA	NA
a018c928d38812591f601ece2136d6e7	1.2109017738852237	0.3660146302732234	0.37903222749158544	0.9656556981855823	0.33421649454867924	0.46631086824824164	d__Bacteria	p__Bacillota	c__Clostridia	o__Lachnospirales	f__Lachnospiraceae	g__Lachnospiraceae_FCS020_group	NA
4d334598e144b1d31c0b92a301b5cc68	1.3278560658387308	-6.590451174516243e-4	0.4115395193010618	-0.001601413926348832	0.9987222570988459	0.9990603906560739	d__Bacteria	p__Bacillota	c__Clostridia	o__Lachnospirales	f__Lachnospiraceae	g__Lachnospiraceae_FCS020_group	NA
69b90707f6f3da7941026fbe6a1597ce	1.9322604112919004	1.3800805712344673	0.4764428321639774	2.896634135445414	0.0037718935640356594	0.02353573352529853	d__Bacteria	p__Bacillota	c__Clostridia	o__Lachnospirales	f__Lachnospiraceae	g__Lachnospiraceae_FCS020_group	NA
e077952506f967683cfab662f5980ed7	1.2689971551496408	0.47921547028292394	0.38253045629722293	1.252751153258703	0.2102962834191908	0.35730276179661874	d__Bacteria	p__Bacillota	c__Clostridia	o__Lachnospirales	f__Lachnospiraceae	g__Lachnospiraceae_FCS020_group	NA
e02967778c804350d971534895b0dfae	29.807346424560482	2.6759752123564295	0.6929698185827232	3.861604272794148	1.1264491713578951e-4	0.0011783541821949745	d__Bacteria	p__Bacillota	c__Clostridia	o__Lachnospirales	f__Lachnospiraceae	NA	NA
cbe31c346daa88b15b916873cfb5bd20	1.3832746125452677	-1.031398349341679	0.38621460946526825	-2.670531678668751	0.007573122516643249	0.03816324956647923	d__Bacteria	p__Bacillota	c__Clostridia	o__Lachnospirales	f__Lachnospiraceae	NA	NA
662a40a2523f7669fa865700fc74a1cf	29.439723680462	-0.5013515221157291	0.7512290766837428	-0.6673750227146642	0.5045326161206487	0.6252454139381326	d__Bacteria	p__Bacillota	c__Clostridia	o__Lachnospirales	f__Lachnospiraceae	NA	NA
e0c0042b8b725048eaa20ed472b9ebeb	1.038742922832062	-0.039133540503536304	0.3908606794902159	-0.10012145646007839	0.9202479011292768	NA	d__Bacteria	p__Bacillota	c__Clostridia	o__Lachnospirales	f__Lachnospiraceae	NA	NA
643cc83fd8abab40ea2393c9e1a8365d	1.255690892377431	0.5465567952523025	0.3876548814411006	1.4099056181634722	0.15856755354750351	0.2983978476811045	d__Bacteria	p__Bacillota	c__Clostridia	o__Lachnospirales	f__Lachnospiraceae	NA	NA
a5af97c864a48da5a31864d5382cea20	5.080728609827865	-1.2702648748273289	0.5215537512862283	-2.4355397151198104	0.014869592182491181	0.06246399550676413	d__Bacteria	p__Bacillota	c__Clostridia	o__Lachnospirales	f__Lachnospiraceae	NA	NA
64cdad777808dde2fad9b1be7bc91b85	6.012651824486592	-2.1124204009655974	0.6002469219368776	-3.519252367257855	4.327648307182713e-4	0.003880336759465508	d__Bacteria	p__Bacillota	c__Clostridia	o__Lachnospirales	f__Lachnospiraceae	NA	NA
7ad51bee2bbc81fce627d65568de8757	1.0531791811445184	-6.59116503826741e-4	0.3891799900959431	-0.0016936032699529373	0.9986487007447662	NA	d__Bacteria	p__Bacillota	c__Clostridia	o__Lachnospirales	f__Lachnospiraceae	g__Lachnospiraceae_UCG-004	NA
5f25904e073fe5c114cadfde74349518	12.361658928984236	1.134604002467167	0.6669181931711139	1.701264134169537	0.08889339959208796	0.22057966829013453	d__Bacteria	p__Bacillota	c__Clostridia	o__Lachnospirales	f__Lachnospiraceae	g__Lachnospiraceae_UCG-004	NA
383d4a0528edd18fb0ddc225c36e99e1	1.354486378954518	-1.0375440512487402	0.38767664574326	-2.6763130114777582	0.00744370895047704	0.03816324956647923	d__Bacteria	p__Bacillota	c__Clostridia	o__Lachnospirales	f__Lachnospiraceae	g__Lachnospiraceae_UCG-004	NA
bb1df253475092e884ead44c7c4fe60b	1.0531791811445184	-6.59116503826741e-4	0.3891799900959431	-0.0016936032699529373	0.9986487007447662	NA	d__Bacteria	p__Bacillota	c__Clostridia	o__Lachnospirales	f__Lachnospiraceae	g__Lachnospiraceae_UCG-004	NA
ee1bf3ddf54c3ff0a01a5f4cf41e4930	1.0531791811445184	-6.59116503826741e-4	0.3891799900959431	-0.0016936032699529373	0.9986487007447662	NA	d__Bacteria	p__Bacillota	c__Clostridia	o__Lachnospirales	f__Lachnospiraceae	g__Lachnospiraceae_UCG-004	NA
bd3bbca5aad5457e69027d3c0524dfbe	1.7170514108014483	0.6894470126255807	0.4508533391762349	1.5292046275742044	0.12621372376659293	0.26400479990240483	d__Bacteria	p__Bacillota	c__Clostridia	o__Lachnospirales	f__Lachnospiraceae	g__Lachnospiraceae_UCG-004	NA
19715b1593c19aa6d35a4d1e3cd09374	66.28092474335338	0.753090342109682	0.6939830397508276	1.0851711050173165	0.27784587932814186	0.4252612279555311	d__Bacteria	p__Bacillota	c__Clostridia	o__Lachnospirales	f__Lachnospiraceae	g__Lachnospiraceae_UCG-004	NA
3a4b3a292173af68a29706927fe92684	1.0531791811445184	-6.59116503826741e-4	0.3891799900959431	-0.0016936032699529373	0.9986487007447662	NA	d__Bacteria	p__Bacillota	c__Clostridia	o__Lachnospirales	f__Lachnospiraceae	g__Lachnospiraceae_UCG-004	NA
2dfdd820ff27822a4c0df6bab41a5574	1.0531791811445184	-6.59116503826741e-4	0.3891799900959431	-0.0016936032699529373	0.9986487007447662	NA	d__Bacteria	p__Bacillota	c__Clostridia	o__Lachnospirales	f__Lachnospiraceae	g__Lachnospiraceae_UCG-004	NA
8db5dcc0ac4a25d5d9faac0ad2c1c786	1.0531791811445184	-6.59116503826741e-4	0.3891799900959431	-0.0016936032699529373	0.9986487007447662	NA	d__Bacteria	p__Bacillota	c__Clostridia	o__Lachnospirales	f__Lachnospiraceae	g__Lachnospiraceae_UCG-004	NA
ad83d626f16b30d5ca2cb0af4c628a63	1.038742922832062	-6.59113222794125e-4	0.38896199360802225	-0.0016945440264745982	0.9986479501307391	NA	d__Bacteria	p__Bacillota	c__Clostridia	o__Lachnospirales	f__Lachnospiraceae	g__Lachnospiraceae_UCG-004	NA
6ac3217b3d15de5971f718cb3a3a94cd	1.038742922832062	-0.0391335405035363	0.3908606794902159	-0.10012145646007836	0.9202479011292768	NA	d__Bacteria	p__Bacillota	c__Clostridia	o__Lachnospirales	f__Lachnospiraceae	g__Lachnospiraceae_UCG-004	NA
b07af5f863fb0c1c6672a4b4980faa2d	2.3357581499498914	1.5048423258983017	0.524483931308912	2.869186711102452	0.004115287909840704	0.024668607864045122	d__Bacteria	p__Bacillota	c__Clostridia	o__Lachnospirales	f__Lachnospiraceae	g__Enterocloster	NA
6a90057b6e7a186c4d4e8974cd089f3f	1.7881055290928864	1.2265218820293184	0.46812410096371193	2.6200784781307296	0.008790953404342937	0.04244320037300413	d__Bacteria	p__Bacillota	c__Clostridia	o__Lachnospirales	f__Lachnospiraceae	g__Enterocloster	NA
941cc85653474d3d8dfcf3fd605ab3c0	1.2543693413126589	0.45171695862852496	0.3810266085331144	1.185526019737981	0.23580953318721415	0.38518479708292525	d__Bacteria	p__Bacillota	c__Clostridia	o__Lachnospirales	f__Lachnospiraceae	NA	NA
a891fb44241e433fa8acf251ef4d328f	30.169774799030776	2.264182908822741	0.6791812044531245	3.333694887281012	8.57006104057828e-4	0.0069412166091002364	d__Bacteria	p__Bacillota	c__Clostridia	o__Lachnospirales	f__Lachnospiraceae	g__Lachnoclostridium	NA
8b0ffce6d3488c01116aff68beda52bf	1.0531791811445184	-6.59116503826741e-4	0.3891799900959431	-0.0016936032699529373	0.9986487007447662	NA	d__Bacteria	p__Bacillota	c__Clostridia	o__Lachnospirales	f__Lachnospiraceae	NA	NA
4e9410ec9da59a460d3579b451e3b208	1.2267507557524178	-0.6287666354226329	0.3515512294051575	-1.7885491013259658	0.07368746124875401	0.1957990201831986	d__Bacteria	p__Bacillota	c__Clostridia	o__Lachnospirales	f__Lachnospiraceae	g__Lachnoclostridium	NA
fdbee64f10b65465dea41a6f3491e81c	1.0387186569978308	0.06645656101178878	0.39471070904314043	0.16836776780871512	0.866293963657298	NA	d__Bacteria	p__Bacillota	c__Clostridia	o__Lachnospirales	f__Lachnospiraceae	NA	NA
708b000c48dbefb1454b79108d2a1f70	74.95847087168892	-0.5276622604082291	0.7645972143497725	-0.6901179477314245	0.49012001736568545	0.6138005381797962	d__Bacteria	p__Bacillota	c__Clostridia	o__Lachnospirales	f__Lachnospiraceae	NA	NA
c5619065fbb2332fe286b698e6b6c58d	1.0531791811445184	-6.59116503826741e-4	0.3891799900959431	-0.0016936032699529373	0.9986487007447662	NA	d__Bacteria	p__Bacillota	c__Clostridia	o__Lachnospirales	f__Lachnospiraceae	NA	NA
6898e5f0ac46c4fa949b2a17a307a783	1.0531791811445184	-6.59116503826741e-4	0.3891799900959431	-0.0016936032699529373	0.9986487007447662	NA	d__Bacteria	p__Bacillota	c__Clostridia	o__Lachnospirales	f__Lachnospiraceae	NA	NA
6eaef2dd2e8097421a196c104a2b76c8	12.17210099797607	4.032267823793428	0.7165840906585349	5.627068583238859	1.8329786359192984e-8	8.149117518857882e-7	d__Bacteria	p__Bacillota	c__Clostridia	o__Lachnospirales	f__Lachnospiraceae	g__Enterocloster	NA
8ce212aaf7d867e84eab351d75eeecfa	2.190082555976502	1.6199404935604815	0.49730438426759715	3.25744261423764	0.001124209867900488	0.008820087713601623	d__Bacteria	p__Bacillota	c__Clostridia	o__Lachnospirales	f__Lachnospiraceae	NA	NA
42764707c5f0400036ee8777610a35c1	1.0531791811445184	-6.59116503826741e-4	0.3891799900959431	-0.0016936032699529373	0.9986487007447662	NA	d__Bacteria	p__Bacillota	c__Clostridia	o__Lachnospirales	f__Lachnospiraceae	g__Enterocloster	NA
a17bb1cd59c8dc7435e93a2604b425ad	1.1828789277878644	0.30598925508366887	0.37940421781858763	0.8064993500677893	0.4199549826197262	NA	d__Bacteria	p__Bacillota	c__Clostridia	o__Lachnospirales	f__Lachnospiraceae	NA	NA
42d6476b2b37e8836199ec2e87140f1d	1.0531791811445184	-6.59116503826741e-4	0.3891799900959431	-0.0016936032699529373	0.9986487007447662	NA	d__Bacteria	p__Bacillota	c__Clostridia	o__Lachnospirales	f__Lachnospiraceae	g__Enterocloster	NA
2c0c62ea09b2efe01bacdcbcf558d2b8	116.33156298124466	1.1480551124903042	0.7431121095781242	1.5449285480518844	0.12236354728574608	0.26400479990240483	d__Bacteria	p__Bacillota	c__Clostridia	o__Lachnospirales	f__Lachnospiraceae	g__Enterocloster	NA
543818d6869d7b4271bd4cf11ba898cb	1.5880762723911424	-6.588531994703126e-4	0.4667957959899874	-0.001411437731723798	0.9988738359992388	0.9990603906560739	d__Bacteria	p__Bacillota	c__Clostridia	o__Lachnospirales	f__Lachnospiraceae	g__Enterocloster	NA
0e573f05d90169d75e65a2a1fa3c53fd	1.0531791811445184	-6.59116503826741e-4	0.3891799900959431	-0.0016936032699529373	0.9986487007447662	NA	d__Bacteria	p__Bacillota	c__Clostridia	o__Lachnospirales	f__Lachnospiraceae	g__Enterocloster	NA
539f4432343708437a33c55cf334427b	1.2404266249883102	-0.670337329331868	0.36177554569283393	-1.852909455358873	0.0638953376334161	0.1827783518896916	d__Bacteria	p__Bacillota	c__Clostridia	o__Lachnospirales	f__Lachnospiraceae	g__Enterocloster	NA
65a8557efe47cf194d09ce4fb816316e	1.1687692434511097	0.2749880261686291	0.3799250160396719	0.7237955242723864	0.46919127752120154	NA	d__Bacteria	p__Bacillota	c__Clostridia	o__Lachnospirales	f__Lachnospiraceae	g__Enterocloster	NA
0a035a7ec1f4a194dd7fbda3c5660db0	63.403808701899486	1.612331164645692	0.7331695435126997	2.1991245802721533	0.027869065184153673	0.09846454487248997	d__Bacteria	p__Bacillota	c__Clostridia	o__Lachnospirales	f__Lachnospiraceae	g__Enterocloster	NA
16577d051299f0072d87ffee13a4ef59	1.0531791811445184	-6.59116503826741e-4	0.3891799900959431	-0.0016936032699529373	0.9986487007447662	NA	d__Bacteria	p__Bacillota	c__Clostridia	o__Lachnospirales	f__Lachnospiraceae	g__Enterocloster	NA
1afa3015d3a14eb3a8968df771beacf3	1.0531791811445184	-6.59116503826741e-4	0.3891799900959431	-0.0016936032699529373	0.9986487007447662	NA	d__Bacteria	p__Bacillota	c__Clostridia	o__Lachnospirales	f__Lachnospiraceae	g__Enterocloster	NA
f35b00aec9a541d1f96cbdc1c6ae68a0	1.8586762884638708	1.304338438612293	0.468772945531244	2.7824524666928716	0.0053949767470381485	0.029981459318175547	d__Bacteria	p__Bacillota	c__Clostridia	o__Lachnospirales	f__Lachnospiraceae	g__Extibacter	NA
3f112a88250b1496f6ed61056487cd75	1.441188775754503	0.7727477122014068	0.4397860474496561	1.757099200128367	0.07890090205601068	0.20483518854930263	d__Bacteria	p__Bacillota	c__Clostridia	o__Lachnospirales	f__Lachnospiraceae	g__Mediterraneibacter	NA
ff772f18ec3760046ea9dd413fc88de7	1.0531791811445184	-6.59116503826741e-4	0.3891799900959431	-0.0016936032699529373	0.9986487007447662	NA	d__Bacteria	p__Bacillota	c__Clostridia	o__Lachnospirales	f__Lachnospiraceae	g__Mediterraneibacter	NA
3177fde531c9d09eb52f3a7bc4426c7b	1.0531791811445184	-6.59116503826741e-4	0.3891799900959431	-0.0016936032699529373	0.9986487007447662	NA	d__Bacteria	p__Bacillota	c__Clostridia	o__Lachnospirales	f__Lachnospiraceae	g__Mediterraneibacter	NA
ab2bf06813483fc14a49518863849a59	1.1539867911196868	0.24325360661911805	0.3806087892287361	0.6391171552082285	0.5227467205447361	NA	d__Bacteria	p__Bacillota	c__Clostridia	o__Lachnospirales	f__Lachnospiraceae	g__Mediterraneibacter	NA
f005c8c557afa9e8ed92a77753fc6770	1.2258335603486163	-0.6285704840922345	0.351499980166481	-1.7882518337398612	0.07373538701301412	0.1957990201831986	d__Bacteria	p__Bacillota	c__Clostridia	o__Lachnospirales	f__Lachnospiraceae	g__Mediterraneibacter	NA
dc41692600de807e3e76f265cdc14075	1.0531791811445184	-6.59116503826741e-4	0.3891799900959431	-0.0016936032699529373	0.9986487007447662	NA	d__Bacteria	p__Bacillota	c__Clostridia	o__Lachnospirales	f__Lachnospiraceae	g__Mediterraneibacter	NA
56be4da3a014f35ce47922774c9156c9	1.6154219353479387	-1.2803915988111334	0.4115543261918577	-3.1111119901440243	0.0018638423865531002	0.013170329976504356	d__Bacteria	p__Bacillota	c__Clostridia	o__Lachnospirales	f__Lachnospiraceae	g__Extibacter	NA
