row	baseMean	log2FoldChange	lfcSE	stat	pvalue	padj	Domain	Phylum	Class	Order	Family	Genus	Species
4a0b292ba716582f9af46694458c0b9b	1.0531791811445184	0.0017551796490457537	0.466766271650045	0.0037602966530574183	0.9969997244270533	NA	d__Bacteria	p__Cyanobacteriota	c__Cyanobacteriia	o__Chloroplast	f__Incertae_Sedis	g__Incertae_Sedis	NA
10e51791c8dee561db8251780cf9ef0d	1.0531791811445184	0.0017551796490457537	0.466766271650045	0.0037602966530574183	0.9969997244270533	NA	d__Bacteria	p__Cyanobacteriota	c__Vampirivibrionia	o__Gastranaerophilales	f__Gastranaerophilaceae	g__Zag_111	NA
0fd672291b9b2013b63d4b3ab74a11a2	1.0531791811445184	0.0017551796490457537	0.466766271650045	0.0037602966530574183	0.9969997244270533	NA	d__Bacteria	p__Cyanobacteriota	c__Vampirivibrionia	o__Gastranaerophilales	f__Gastranaerophilaceae	g__Zag_111	NA
b6b86531ef8d5b24a2b1f0d0cbb40c76	1.2122237923245203	0.0017552137060185082	0.47363291145850256	0.003705852493682318	0.9970431642785527	0.998890072806692	d__Bacteria	p__Cyanobacteriota	c__Vampirivibrionia	o__Gastranaerophilales	f__Gastranaerophilaceae	g__CAG-196	NA
5a709350efd4ece76350bb959e1190aa	1.0531791811445184	0.0017551796490457537	0.466766271650045	0.0037602966530574183	0.9969997244270533	NA	d__Bacteria	p__Elusimicrobiota	c__Lineage_IIa	o__Incertae_Sedis	f__Incertae_Sedis	g__Incertae_Sedis	NA
717e6182253f059237eb5caacd914ba4	1.0531791811445184	0.0017551796490457537	0.466766271650045	0.0037602966530574183	0.9969997244270533	NA	d__Bacteria	p__Acidobacteriota	c__Blastocatellia	o__Pyrinomonadales	f__Pyrinomonadaceae	g__Incertae_Sedis	NA
88fb15f05df086348963d416fa3f3077	1.0531791811445184	0.0017551796490457537	0.466766271650045	0.0037602966530574183	0.9969997244270533	NA	d__Bacteria	p__Acidobacteriota	c__Blastocatellia	o__Blastocatellales	f__Blastocatellaceae	g__JGI_0001001-H03	NA
c0c0fd60a887713923e9ab2db602524d	1.0531791811445184	0.0017551796490457537	0.466766271650045	0.0037602966530574183	0.9969997244270533	NA	d__Bacteria	p__Acidobacteriota	c__Blastocatellia	o__Blastocatellales	f__Blastocatellaceae	g__JGI_0001001-H03	NA
43ee2a760aea0393c28cb0810989880e	1.0531791811445184	0.0017551796490457537	0.466766271650045	0.0037602966530574183	0.9969997244270533	NA	d__Bacteria	p__Acidobacteriota	c__Blastocatellia	o__11-24	f__Incertae_Sedis	g__Incertae_Sedis	NA
78b250b765b8266d4c84e5186698182c	1.2693088689886092	-1.1051455207658325	0.38183765540141007	-2.894281130036897	0.0038002774499429205	0.03337134896902435	d__Bacteria	p__Verrucomicrobiota	c__Verrucomicrobiia	o__Opitutales	f__Puniceicoccaceae	g__Incertae_Sedis	NA
d80de89804f1b657b26fd2220b9dadbe	1.0531791811445184	0.0017551796490457537	0.466766271650045	0.0037602966530574183	0.9969997244270533	NA	d__Bacteria	p__Verrucomicrobiota	c__Verrucomicrobiia	o__Opitutales	f__Opitutaceae	g__Oleiharenicola	NA
cdea785960ee02974c822d5dd1504cd4	1.0531791811445184	0.0017551796490457537	0.466766271650045	0.0037602966530574183	0.9969997244270533	NA	d__Bacteria	p__Acidobacteriota	c__Subgroup_22	o__Incertae_Sedis	f__Incertae_Sedis	g__Incertae_Sedis	NA
f2a749d79e64aa7b0e5aafde0e6f4b30	1.0531791811445184	0.0017551796490457537	0.466766271650045	0.0037602966530574183	0.9969997244270533	NA	d__Bacteria	p__Incertae_Sedis	c__Incertae_Sedis	o__SJA-28	f__Incertae_Sedis	g__Incertae_Sedis	NA
1c719e69d668107c05bdba29829217c5	1.370223006272698	0.6605078540646174	0.5146974249927276	1.2832934885461105	0.19938927308285173	0.4778718204050305	d__Bacteria	p__Thermodesulfobacteriota	c__Desulfovibrionia	o__Desulfovibrionales	f__Desulfovibrionaceae	g__Incertae_Sedis	NA
d09c79773d4b9e43484e592b61a6eca3	1.0531791811445184	0.0017551796490457537	0.466766271650045	0.0037602966530574183	0.9969997244270533	NA	d__Bacteria	p__Thermodesulfobacteriota	c__Desulfovibrionia	o__Desulfovibrionales	f__Desulfovibrionaceae	g__Incertae_Sedis	NA
ed66913c64e880ea0b4cf78c59280664	1.8464401930055931	-2.3860159869994075	0.4568112787983443	-5.223198501744295	1.7585869476033348e-7	8.800262183631687e-6	d__Bacteria	p__Thermodesulfobacteriota	c__Desulfovibrionia	o__Desulfovibrionales	f__Desulfovibrionaceae	g__Desulfovibrio	NA
a01206f0b17de33744bdac813c3c6eca	1.600868975671498	-1.0525086002062234	0.4893366240585247	-2.1508886693924287	0.03148498807887899	0.14946035842977734	d__Bacteria	p__Thermodesulfobacteriota	c__Desulfovibrionia	o__Desulfovibrionales	f__Desulfovibrionaceae	g__Desulfovibrio	NA
4102c0c9284b080a36ae312a7b497915	1.932174560555691	-2.506099850563842	0.47049079633472973	-5.3265650892369045	1.0008742454432041e-7	6.0102498438864404e-6	d__Bacteria	p__Thermodesulfobacteriota	c__Desulfovibrionia	o__Desulfovibrionales	f__Desulfovibrionaceae	g__Desulfovibrio	NA
b354a1e7a29c4f05aace7e65edc75c7f	2.6104776766318496	1.411329537498019	0.6538645072576721	2.158443411184954	0.030893373641668477	0.14809851711167774	d__Bacteria	p__Thermodesulfobacteriota	c__Desulfovibrionia	o__Desulfovibrionales	f__Desulfovibrionaceae	g__Desulfovibrio	NA
27f098662c8f87b4aaff903d9c0f28d3	216.29307989449595	-0.5811333300167079	0.8657618855954389	-0.6712392167934558	0.5020681494183292	0.7061368533742548	d__Bacteria	p__Thermodesulfobacteriota	c__Desulfovibrionia	o__Desulfovibrionales	f__Desulfovibrionaceae	g__Bilophila	NA
2bfa411d459e8b37ba258c4588f217e3	1.0531791811445184	0.0017551796490457537	0.466766271650045	0.0037602966530574183	0.9969997244270533	NA	d__Bacteria	p__Thermodesulfobacteriota	c__Desulfovibrionia	o__Desulfovibrionales	f__Desulfovibrionaceae	g__Bilophila	NA
06a0a123bc442593231a5fec7e636a9d	1.2697868602569844	0.48178546367792546	0.46622388897103484	1.033377900779034	0.30142708425435033	0.5793513723530769	d__Bacteria	p__Thermodesulfobacteriota	c__Desulfovibrionia	o__Desulfovibrionales	f__Desulfovibrionaceae	g__Bilophila	NA
31774b2ab198d7b5abc9f0d6e8a5ffc2	4.745632816304028	0.15962432014820163	0.6851824287897202	0.2329661611874021	0.8157876823084957	0.9922719491719207	d__Bacteria	p__Thermodesulfobacteriota	c__Desulfovibrionia	o__Desulfovibrionales	f__Desulfovibrionaceae	g__Bilophila	NA
73d9a139e017712e591ccbb4cb1ac896	1.1112224488867868	0.14616197097263184	0.46253115564633335	0.3160045959896205	0.7519990196606993	NA	d__Bacteria	p__Thermodesulfobacteriota	c__Desulfovibrionia	o__Desulfovibrionales	f__Desulfovibrionaceae	g__Bilophila	NA
986601969786e8a0bcc7ef7b2d735681	1.0531791811445184	0.0017551796490457537	0.466766271650045	0.0037602966530574183	0.9969997244270533	NA	d__Bacteria	p__Thermodesulfobacteriota	c__Desulfovibrionia	o__Desulfovibrionales	f__Desulfovibrionaceae	g__Bilophila	NA
1e7d14975ac82ced9a7752e896f667ef	1.0387304233561945	-0.036719656624597447	0.4680889894344872	-0.07844588839604966	0.9374733723066708	NA	d__Bacteria	p__Thermodesulfobacteriota	c__Desulfovibrionia	o__Desulfovibrionales	f__Desulfovibrionaceae	g__Bilophila	NA
d562f63f002b432f6632e40415b8c57f	1.0387111791071328	0.0017551853902431904	0.46650449873634303	0.003762419001312093	0.9969980310501271	NA	d__Bacteria	p__Thermodesulfobacteriota	c__Desulfovibrionia	o__Desulfovibrionales	f__Desulfovibrionaceae	g__Bilophila	NA
48e665141691a28bc90fb9f37cbc09c2	1.0531791811445184	0.0017551796490457537	0.466766271650045	0.0037602966530574183	0.9969997244270533	NA	d__Bacteria	p__Pseudomonadota	c__Alphaproteobacteria	o__Incertae_Sedis	f__Incertae_Sedis	g__Hypericibacter	NA
252f97f175f100d130e9172e60cab011	1.0531791811445184	0.0017551796490457537	0.466766271650045	0.0037602966530574183	0.9969997244270533	NA	d__Bacteria	p__Pseudomonadota	c__Alphaproteobacteria	o__Rhodospirillales	f__Incertae_Sedis	g__Incertae_Sedis	NA
656fc22d077cc5d6ef83285bcd081cbe	2.219658094429249	0.001756606700312713	0.633231265593018	0.002774036589408862	0.9977866418729435	0.998890072806692	d__Bacteria	p__Pseudomonadota	c__Alphaproteobacteria	o__Rhodospirillales	f__Incertae_Sedis	g__Incertae_Sedis	NA
6b2ddef408d50cd0e2dcf59cb7c65dac	1.297997662512785	0.5350695909842987	0.4717085797065262	1.1343223634329327	0.25665935175602855	0.534513724851049	d__Bacteria	p__Pseudomonadota	c__Alphaproteobacteria	o__Rhodospirillales	f__Incertae_Sedis	g__Incertae_Sedis	NA
e603a72ebbc7a4fcb5a657b52c3e8c50	1.125785481741557	0.21328776707884803	0.4606867617255319	0.462977851327798	0.6433802430765632	NA	d__Bacteria	p__Pseudomonadota	c__Alphaproteobacteria	o__Rhodospirillales	f__Incertae_Sedis	g__Incertae_Sedis	NA
078e0fd51a7d5e5b908328591895ba58	1.212798167435756	0.36863811455597134	0.46060159123720146	0.8003405145991548	0.423513535634064	0.6642795753471423	d__Bacteria	p__Pseudomonadota	c__Alphaproteobacteria	o__Rhodospirillales	f__Incertae_Sedis	g__Incertae_Sedis	NA
9562e97de3789cd3282858fdf6c9d9b5	1.0531791811445184	0.0017551796490457537	0.466766271650045	0.0037602966530574183	0.9969997244270533	NA	d__Bacteria	p__Pseudomonadota	c__Alphaproteobacteria	o__Rickettsiales	f__SM2D12	g__Incertae_Sedis	NA
19377431bcdc91653d35f0fc94647e1f	1.0531791811445184	0.0017551796490457537	0.466766271650045	0.0037602966530574183	0.9969997244270533	NA	d__Bacteria	p__Pseudomonadota	c__Alphaproteobacteria	o__Hyphomicrobiales	f__KF-JG30-B3	g__Incertae_Sedis	NA
c22fca4bf161aec670f108d97d721ff7	1.0531791811445184	0.0017551796490457537	0.466766271650045	0.0037602966530574183	0.9969997244270533	NA	d__Bacteria	p__Pseudomonadota	c__Alphaproteobacteria	o__Micropepsales	f__Micropepsaceae	g__Incertae_Sedis	NA
807c29d4e29fc08522008814b7c076d2	1.0531791811445184	0.0017551796490457537	0.466766271650045	0.0037602966530574183	0.9969997244270533	NA	d__Bacteria	p__Pseudomonadota	c__Alphaproteobacteria	o__Micropepsales	f__Micropepsaceae	g__Incertae_Sedis	NA
69ab0a13268347e6a96cf85a415dc5fd	1.0531791811445184	0.0017551796490457537	0.466766271650045	0.0037602966530574183	0.9969997244270533	NA	d__Bacteria	p__Pseudomonadota	c__Alphaproteobacteria	o__Micropepsales	f__Micropepsaceae	g__Incertae_Sedis	NA
24577bf48a0acfd6bf24269ed20af563	1.0531791811445184	0.0017551796490457537	0.466766271650045	0.0037602966530574183	0.9969997244270533	NA	d__Bacteria	p__Pseudomonadota	c__Alphaproteobacteria	o__Hyphomicrobiales	f__A0839	g__Incertae_Sedis	NA
3a4517e1c206178cddb6959bf9b8ed9b	1.0531791811445184	0.0017551796490457537	0.466766271650045	0.0037602966530574183	0.9969997244270533	NA	d__Bacteria	p__Pseudomonadota	c__Alphaproteobacteria	o__Reyranellales	f__Reyranellaceae	g__Reyranella	NA
fb97a846d1d1fef4c17bd668730454b9	1.0531791811445184	0.0017551796490457537	0.466766271650045	0.0037602966530574183	0.9969997244270533	NA	d__Bacteria	p__Pseudomonadota	c__Alphaproteobacteria	o__Caulobacterales	f__Caulobacteraceae	g__Phenylobacterium	NA
6ec93cddf0ba04f2816fd600a1c4d5fd	1.0531791811445184	0.0017551796490457537	0.466766271650045	0.0037602966530574183	0.9969997244270533	NA	d__Bacteria	p__Pseudomonadota	c__Alphaproteobacteria	o__Caulobacterales	f__Hyphomonadaceae	g__SWB02	NA
e529f921adcae0ca6ba1d9148d23802a	1.0531791811445184	0.0017551796490457537	0.466766271650045	0.0037602966530574183	0.9969997244270533	NA	d__Bacteria	p__Pseudomonadota	c__Alphaproteobacteria	o__Caulobacterales	f__Caulobacteraceae	g__Phenylobacterium	NA
6472eb8b1e09f892aca2f23182962903	1.0531791811445184	0.0017551796490457537	0.466766271650045	0.0037602966530574183	0.9969997244270533	NA	d__Bacteria	p__Pseudomonadota	c__Alphaproteobacteria	o__Hyphomicrobiales	f__Xanthobacteraceae	NA	NA
3735efaa015d97c55fbbc3d909a677ea	1.0531791811445184	0.0017551796490457537	0.466766271650045	0.0037602966530574183	0.9969997244270533	NA	d__Bacteria	p__Pseudomonadota	c__Alphaproteobacteria	o__Hyphomicrobiales	f__Xanthobacteraceae	g__Incertae_Sedis	NA
c63a29416a7eabd7ff67a49489118771	1.0531791811445184	0.0017551796490457537	0.466766271650045	0.0037602966530574183	0.9969997244270533	NA	d__Bacteria	p__Pseudomonadota	c__Alphaproteobacteria	o__Hyphomicrobiales	f__Xanthobacteraceae	g__Pseudolabrys	NA
e3620a87443a142150a1b20a237c48a2	1.0531791811445184	0.0017551796490457537	0.466766271650045	0.0037602966530574183	0.9969997244270533	NA	d__Bacteria	p__Pseudomonadota	c__Alphaproteobacteria	o__Hyphomicrobiales	f__Xanthobacteraceae	g__Pseudolabrys	NA
bdc6b2e04197cd0807b9642cb29259df	1.0531791811445184	0.0017551796490457537	0.466766271650045	0.0037602966530574183	0.9969997244270533	NA	d__Bacteria	p__Pseudomonadota	c__Alphaproteobacteria	o__Hyphomicrobiales	f__Xanthobacteraceae	g__Incertae_Sedis	NA
c6f96c0b79d9a6b82fb53a5518bce977	1.0531791811445184	0.0017551796490457537	0.466766271650045	0.0037602966530574183	0.9969997244270533	NA	d__Bacteria	p__Pseudomonadota	c__Alphaproteobacteria	o__Hyphomicrobiales	f__Xanthobacteraceae	g__Incertae_Sedis	NA
fcc6bf2c1174f331c7dd8d9c048389ad	1.0531791811445184	0.0017551796490457537	0.466766271650045	0.0037602966530574183	0.9969997244270533	NA	d__Bacteria	p__Pseudomonadota	c__Alphaproteobacteria	o__Rhodospirillales	f__Rhodospirillaceae	g__Incertae_Sedis	NA
2e84ce47d75fdd4d78e71af86ef8927e	1.0531791811445184	0.0017551796490457537	0.466766271650045	0.0037602966530574183	0.9969997244270533	NA	d__Bacteria	p__Pseudomonadota	c__Alphaproteobacteria	o__Hyphomicrobiales	f__Kaistiaceae	g__Kaistia	NA
4bcf49be188ced50df74900b2f088e02	1.0531791811445184	0.0017551796490457537	0.466766271650045	0.0037602966530574183	0.9969997244270533	NA	d__Bacteria	p__Pseudomonadota	c__Alphaproteobacteria	o__Hyphomicrobiales	f__Methyloligellaceae	g__Incertae_Sedis	NA
efc5ddaa54b16c86f53ab9dc2017b039	1.0531791811445184	0.0017551796490457537	0.466766271650045	0.0037602966530574183	0.9969997244270533	NA	d__Bacteria	p__Pseudomonadota	c__Alphaproteobacteria	o__Hyphomicrobiales	f__Hyphomicrobiaceae	g__Pedomicrobium	NA
2d16d001e21717f960cf771ae879b1dd	1.0531791811445184	0.0017551796490457537	0.466766271650045	0.0037602966530574183	0.9969997244270533	NA	d__Bacteria	p__Pseudomonadota	c__Alphaproteobacteria	o__Sphingomonadales	f__Sphingomonadaceae	g__Sphingomonas	NA
342aa16012d5dd3a335eb453c762ccc0	1.0531791811445184	0.0017551796490457537	0.466766271650045	0.0037602966530574183	0.9969997244270533	NA	d__Bacteria	p__Pseudomonadota	c__Alphaproteobacteria	o__Sphingomonadales	f__Sphingomonadaceae	g__Novosphingobium	NA
e4ac0ea2d3110a7a0fbb7d37386f53a2	1.0531791811445184	0.0017551796490457537	0.466766271650045	0.0037602966530574183	0.9969997244270533	NA	d__Bacteria	p__Pseudomonadota	c__Alphaproteobacteria	o__Elsterales	f__Incertae_Sedis	g__Incertae_Sedis	NA
13146d4939fcf946a0accdf800121e32	1.0531791811445184	0.0017551796490457537	0.466766271650045	0.0037602966530574183	0.9969997244270533	NA	d__Bacteria	p__Pseudomonadota	c__Alphaproteobacteria	o__Elsterales	f__Incertae_Sedis	g__Incertae_Sedis	NA
b99a4d2c3620448fcb2d9cbc77dd2b8e	1.0531791811445184	0.0017551796490457537	0.466766271650045	0.0037602966530574183	0.9969997244270533	NA	d__Bacteria	p__NB1-j	c__Incertae_Sedis	o__Incertae_Sedis	f__Incertae_Sedis	g__Incertae_Sedis	NA
6f66ba6c62a32733b88be65908a71afa	1.0531791811445184	0.0017551796490457537	0.466766271650045	0.0037602966530574183	0.9969997244270533	NA	d__Bacteria	p__Myxococcota	c__Polyangiia	o__Polyangiales	f__Sandaracinaceae	g__Incertae_Sedis	NA
79f86519148638f865325943211bd56e	1.0531791811445184	0.0017551796490457537	0.466766271650045	0.0037602966530574183	0.9969997244270533	NA	d__Bacteria	p__Myxococcota	c__Polyangiia	o__Polyangiales	f__Polyangiaceae	g__Pajaroellobacter	NA
21b726d9e46d31c3340e0ded2ce93cda	1.0531791811445184	0.0017551796490457537	0.466766271650045	0.0037602966530574183	0.9969997244270533	NA	d__Bacteria	p__Myxococcota	c__Myxococcia	o__Myxococcales	f__Myxococcaceae	g__Incertae_Sedis	NA
6349b9390370e0c49a1125963649dfdc	1.0531791811445184	0.0017551796490457537	0.466766271650045	0.0037602966530574183	0.9969997244270533	NA	d__Bacteria	p__Myxococcota	c__Polyangiia	o__Haliangiales	f__Haliangiaceae	g__Incertae_Sedis	NA
612b65b15d2a64e55bef0a6f28a0f7d0	1.0531791811445184	0.0017551796490457537	0.466766271650045	0.0037602966530574183	0.9969997244270533	NA	d__Bacteria	p__RCP2-54	c__Incertae_Sedis	o__Incertae_Sedis	f__Incertae_Sedis	g__Incertae_Sedis	NA
324792d80a7bdee8e81e5887b4504842	1.0531791811445184	0.0017551796490457537	0.466766271650045	0.0037602966530574183	0.9969997244270533	NA	d__Bacteria	p__Myxococcota	c__bacteriap25	o__Incertae_Sedis	f__Incertae_Sedis	g__Incertae_Sedis	NA
16dedc79dc6331305afc61a06e0a39e9	1.0531791811445184	0.0017551796490457537	0.466766271650045	0.0037602966530574183	0.9969997244270533	NA	d__Bacteria	p__RCP2-54	c__Incertae_Sedis	o__Incertae_Sedis	f__Incertae_Sedis	g__Incertae_Sedis	NA
92046b62c32c7844bc7e53f3094d7a98	1.0531791811445184	0.0017551796490457537	0.466766271650045	0.0037602966530574183	0.9969997244270533	NA	d__Bacteria	p__Thermodesulfobacteriota	c__Incertae_Sedis	o__Incertae_Sedis	f__Incertae_Sedis	g__Incertae_Sedis	NA
795c00308bc107978d870eb029091b2f	1.0531791811445184	0.0017551796490457537	0.466766271650045	0.0037602966530574183	0.9969997244270533	NA	d__Bacteria	p__MBNT15	c__Incertae_Sedis	o__Incertae_Sedis	f__Incertae_Sedis	g__Incertae_Sedis	NA
a6835ee7fc97773c805e48c5e8ba3fae	1.3690644933974996	-1.426018499850161	0.3908732565108604	-3.6482887383484606	2.639928538493482e-4	0.005113797056017213	d__Bacteria	p__Spirochaetota	c__Spirochaetia	o__Spirochaetales	f__Spirochaetaceae	g__Treponema	NA
d0d02f9ef4d7b00ae2480eff7b6bc314	1.0531791811445184	0.0017551796490457537	0.466766271650045	0.0037602966530574183	0.9969997244270533	NA	d__Bacteria	p__Gemmatimonadota	c__Gemmatimonadia	o__Gemmatimonadales	f__Gemmatimonadaceae	g__Incertae_Sedis	NA
07f7a53f8a49890a6938be8e5f997f42	1.0531791811445184	0.0017551796490457537	0.466766271650045	0.0037602966530574183	0.9969997244270533	NA	d__Bacteria	p__Gemmatimonadota	c__Gemmatimonadia	o__Gemmatimonadales	f__Gemmatimonadaceae	g__Gemmatimonas	NA
239945043a7bf81915359c009bc05289	1.0531791811445184	0.0017551796490457537	0.466766271650045	0.0037602966530574183	0.9969997244270533	NA	d__Bacteria	p__Gemmatimonadota	c__Gemmatimonadia	o__Gemmatimonadales	f__Gemmatimonadaceae	g__Gemmatimonas	NA
0df71a4bb1d9fdb124e1516c2c99b1df	1.0531791811445184	0.0017551796490457537	0.466766271650045	0.0037602966530574183	0.9969997244270533	NA	d__Bacteria	p__Gemmatimonadota	c__Gemmatimonadia	o__Gemmatimonadales	f__Gemmatimonadaceae	g__Incertae_Sedis	NA
ee2315846979ff05c0759ac025d4f7a8	1.0531791811445184	0.0017551796490457537	0.466766271650045	0.0037602966530574183	0.9969997244270533	NA	d__Bacteria	p__Gemmatimonadota	c__Gemmatimonadia	o__Gemmatimonadales	f__Gemmatimonadaceae	g__Incertae_Sedis	NA
07c881edda2e47c4993e3ef18690a278	1.0531791811445184	0.0017551796490457537	0.466766271650045	0.0037602966530574183	0.9969997244270533	NA	d__Bacteria	p__Pseudomonadota	c__Gammaproteobacteria	o__Methylococcales	f__Methylococcaceae	NA	NA
b579963a73221af76d2cd1095de5d27b	1.0531791811445184	0.0017551796490457537	0.466766271650045	0.0037602966530574183	0.9969997244270533	NA	d__Bacteria	p__Pseudomonadota	c__Gammaproteobacteria	o__Lysobacterales	f__Rhodanobacteraceae	g__Rudaea	NA
a96ffc478885074f3149a409a56635b2	1.0531791811445184	0.0017551796490457537	0.466766271650045	0.0037602966530574183	0.9969997244270533	NA	d__Bacteria	p__Pseudomonadota	c__Gammaproteobacteria	o__Lysobacterales	f__Lysobacteraceae	g__Incertae_Sedis	NA
649f026cd615015b1c0f8e760d309122	1.0531791811445184	0.0017551796490457537	0.466766271650045	0.0037602966530574183	0.9969997244270533	NA	d__Bacteria	p__Pseudomonadota	c__Gammaproteobacteria	o__Lysobacterales	f__Lysobacteraceae	g__Luteimonas	NA
c5cee77da0b9051f359bd257c0308cac	1.0531791811445184	0.0017551796490457537	0.466766271650045	0.0037602966530574183	0.9969997244270533	NA	d__Bacteria	p__Pseudomonadota	c__Gammaproteobacteria	o__Lysobacterales	f__Rhodanobacteraceae	g__Ahniella	NA
4804669ff00c7ec682696fdd03d60923	1.0531791811445184	0.0017551796490457537	0.466766271650045	0.0037602966530574183	0.9969997244270533	NA	d__Bacteria	p__Pseudomonadota	c__Gammaproteobacteria	o__Lysobacterales	f__Lysobacteraceae	g__Arenimonas	NA
ff9d93d7b7e46787568f2d241caeaf3b	1.1253604727068007	0.18009475384941445	0.4617399274196678	0.39003504603951933	0.6965106321230846	NA	d__Bacteria	p__Pseudomonadota	c__Gammaproteobacteria	o__Pseudomonadales	f__Pseudomonadaceae	g__Pseudomonas	NA
3f4ed624f5d48912e38e325830488c41	1.0531791811445184	0.0017551796490457537	0.466766271650045	0.0037602966530574183	0.9969997244270533	NA	d__Bacteria	p__Pseudomonadota	c__Gammaproteobacteria	o__R7C24	f__Incertae_Sedis	g__Incertae_Sedis	NA
ade04fd51fe2a7ea6a5de7be6c690573	1.0531791811445184	0.0017551796490457537	0.466766271650045	0.0037602966530574183	0.9969997244270533	NA	d__Bacteria	p__Pseudomonadota	c__Gammaproteobacteria	o__JG36-TzT-191	f__Incertae_Sedis	g__Incertae_Sedis	NA
1f45933646ae2b2dc3a03d83d865ec78	1.0531791811445184	0.0017551796490457537	0.466766271650045	0.0037602966530574183	0.9969997244270533	NA	d__Bacteria	p__Pseudomonadota	c__Gammaproteobacteria	o__Gammaproteobacteria_Incertae_Sedis	f__Unknown_Family	g__Acidibacter	NA
08ff68f5cebffbf00b63740f6ef7f364	1.0531791811445184	0.0017551796490457537	0.466766271650045	0.0037602966530574183	0.9969997244270533	NA	d__Bacteria	p__Pseudomonadota	c__Gammaproteobacteria	o__Steroidobacterales	f__Steroidobacteraceae	g__Incertae_Sedis	NA
bd5081f7ae4e0d4cd45c407f23068f16	1.16866924764417	-0.6901673154170668	0.40034864438723067	-1.7239157047064053	0.08472306177778703	0.2804913925732454	d__Bacteria	p__Pseudomonadota	c__Gammaproteobacteria	o__Enterobacterales	f__Enterobacteriaceae	g__Escherichia-Shigella	NA
5d92d8822552c057f2320aabf55a4247	1.2121155168160818	-0.8828969863948085	0.38831779274086653	-2.273645459722692	0.022987311857070893	0.11764833233393761	d__Bacteria	p__Pseudomonadota	c__Gammaproteobacteria	o__Enterobacterales	f__Enterobacteriaceae	g__Escherichia-Shigella	NA
ecdee0aca044f2ca5423a3cd3dd03448	1.3277055791226733	-1.298366761789385	0.3853772063157851	-3.3690803205560624	7.541944761769822e-4	0.010097982733632929	d__Bacteria	p__Pseudomonadota	c__Gammaproteobacteria	o__Enterobacterales	f__Enterobacteriaceae	g__Escherichia-Shigella	NA
50bd7aa8db48727b2746ad7ef1eb554f	1.2562031750408782	0.0017555479661843887	0.4944111299436636	0.0035507856920300868	0.997166888870959	0.998890072806692	d__Bacteria	p__Pseudomonadota	c__Gammaproteobacteria	o__Enterobacterales	f__Enterobacteriaceae	g__Escherichia-Shigella	NA
70b61774c9afaef3bb3195d1897df968	1.3133288076298302	0.5613128518829668	0.47510394089161584	1.1814527381725455	0.23742291797579007	0.5183124226277362	d__Bacteria	p__Pseudomonadota	c__Gammaproteobacteria	o__Enterobacterales	f__Enterobacteriaceae	g__Aquamonas	NA
c36c7aa5e6c47fc763828a8add383940	1.0387148832605266	-0.03672017120230741	0.4680887208754204	-0.07844703271985122	0.9374724620734084	NA	d__Bacteria	p__Pseudomonadota	c__Gammaproteobacteria	o__Enterobacterales	f__Pasteurellaceae	g__Haemophilus	NA
8e2cd06fd189258064f799d1ea5d5c7f	1.0531791811445184	0.0017551796490457537	0.466766271650045	0.0037602966530574183	0.9969997244270533	NA	d__Bacteria	p__Pseudomonadota	c__Gammaproteobacteria	o__Enterobacterales	f__Pasteurellaceae	g__Haemophilus	NA
394eda29c886632f514dd94b58381186	17.08632161206177	-0.2383959036776237	0.7814324814497793	-0.30507549831475084	0.7603086517435196	0.9346271143745823	d__Bacteria	p__Pseudomonadota	c__Gammaproteobacteria	o__Enterobacterales	f__Pasteurellaceae	g__Haemophilus	NA
d4323ab1fd41d176de5cdd8311cd3101	1.0531791811445184	0.0017551796490457537	0.466766271650045	0.0037602966530574183	0.9969997244270533	NA	d__Bacteria	p__Pseudomonadota	c__Gammaproteobacteria	o__Enterobacterales	f__Pasteurellaceae	g__Actinobacillus	NA
ca9c66d47347c03d0343d6fe03ed8636	1.7767178641609953	-1.0558570008291703	0.4920763571944654	-2.1457178045477656	0.03189549981194208	0.15081297352024578	d__Bacteria	p__Pseudomonadota	c__Gammaproteobacteria	o__Enterobacterales	f__Pasteurellaceae	g__Haemophilus	NA
f3384f1f36a908bd09b3c265bac26f8c	1.2691808954258463	0.6241384047125149	0.4818039242387007	1.29541992772001	0.195175407275999	0.47643427670421706	d__Bacteria	p__Pseudomonadota	c__Gammaproteobacteria	o__Enterobacterales	f__Pasteurellaceae	NA	NA
b4bb370a59f2637d406ccc0f5a1b2a1e	10.250553980989032	4.153434037874089	0.8371427281700431	4.961440741357584	6.997221823673546e-7	3.112467929715529e-5	d__Bacteria	p__Pseudomonadota	c__Gammaproteobacteria	o__Enterobacterales	f__Morganellaceae	g__Morganella	NA
63afe8e6aac58bf0d670a82ca5bc574c	1.038742922832062	0.1172348361979989	0.48059246176945103	0.2439381503537577	0.807278721789559	NA	d__Bacteria	p__Pseudomonadota	c__Gammaproteobacteria	o__Enterobacterales	f__Yersiniaceae	NA	NA
945184b6386c192c0066e0a98a154780	17.62113319822907	0.1007925697316463	0.7869629793963179	0.12807790502288258	0.898087321262119	0.998890072806692	d__Bacteria	p__Pseudomonadota	c__Gammaproteobacteria	o__Enterobacterales	f__Enterobacteriaceae	NA	NA
db2c9e372a6b791fdad2f43b5e74533d	1.038742922832062	0.1172348361979989	0.48059246176945103	0.2439381503537577	0.807278721789559	NA	d__Bacteria	p__Pseudomonadota	c__Gammaproteobacteria	o__Enterobacterales	f__Enterobacteriaceae	NA	NA
4d72007c70f4abc0bf9e8fe8b826d07d	1.0387148832605266	-0.03672017120230741	0.4680887208754204	-0.07844703271985122	0.9374724620734084	NA	d__Bacteria	p__Pseudomonadota	c__Gammaproteobacteria	o__Enterobacterales	f__Enterobacteriaceae	NA	NA
c939ee112ba982665e012437dae05c1e	1.5871776226272325	1.001909376525775	0.5459936300940728	1.8350202663594253	0.0665026866727458	0.24881534795628565	d__Bacteria	p__Pseudomonadota	c__Gammaproteobacteria	o__Enterobacterales	f__Enterobacteriaceae	NA	NA
4cbfff144d4e7a4e0f4619ed505be070	1.2408505392064524	0.4262825049443318	0.4759616554851389	0.8956236285669481	0.3704538116461501	0.6383107216596605	d__Bacteria	p__Pseudomonadota	c__Gammaproteobacteria	o__Enterobacterales	f__Enterobacteriaceae	NA	NA
40c00caf4aba9abc8cf5384e6e8e438c	1.0387225030027176	0.11723681400589792	0.4805923383798283	0.24394232833824686	0.8072754859637203	NA	d__Bacteria	p__Pseudomonadota	c__Gammaproteobacteria	o__Enterobacterales	f__Enterobacteriaceae	NA	NA
be55f2c3cea91fd2eed842b94a484d20	1.0387304233561945	-0.036719656624597447	0.4680889894344872	-0.07844588839604966	0.9374733723066708	NA	d__Bacteria	p__Pseudomonadota	c__Gammaproteobacteria	o__Enterobacterales	f__Enterobacteriaceae	NA	NA
d509a9b999e826dc5f7982d3b443a791	1.0387148832605266	-0.03672017120230741	0.4680887208754204	-0.07844703271985122	0.9374724620734084	NA	d__Bacteria	p__Pseudomonadota	c__Gammaproteobacteria	o__Enterobacterales	f__Enterobacteriaceae	g__Escherichia-Shigella	NA
f57cabd02554d88ba107201d7c772fbd	46.61357984420034	-3.443674543669283	0.9459980435890128	-3.6402554603647586	2.723676776800166e-4	0.005122477192666479	d__Bacteria	p__Pseudomonadota	c__Gammaproteobacteria	o__Enterobacterales	f__Enterobacteriaceae	g__Escherichia-Shigella	NA
551d5342b46ac267bc6a5da9d67b261a	1.0386805954253813	0.0017551853792483882	0.46650392643832095	0.0037624235934066697	0.9969980273861917	NA	d__Bacteria	p__Pseudomonadota	c__Gammaproteobacteria	o__Enterobacterales	f__Enterobacteriaceae	g__Escherichia-Shigella	NA
0be1484f101c08a77a6f34e40dd2f642	1.0531791811445184	0.0017551796490457537	0.466766271650045	0.0037602966530574183	0.9969997244270533	NA	d__Bacteria	p__Pseudomonadota	c__Gammaproteobacteria	o__Enterobacterales	f__Enterobacteriaceae	g__Escherichia-Shigella	NA
9c4d4b6d306824a963a9ea03bf5ed140	2.497206589284462	1.8630719680867671	0.6641917589664449	2.8050212049994583	0.005031326962977248	0.04167326677610811	d__Bacteria	p__Pseudomonadota	c__Gammaproteobacteria	o__Enterobacterales	f__Enterobacteriaceae	g__Escherichia-Shigella	NA
39b7592a8a28facf6a3dfd81e013eaad	1.0531791811445184	0.0017551796490457537	0.466766271650045	0.0037602966530574183	0.9969997244270533	NA	d__Bacteria	p__Pseudomonadota	c__Gammaproteobacteria	o__Enterobacterales	f__Enterobacteriaceae	g__Escherichia-Shigella	NA
a3eab7cdcc6ff79cc81be0363a6ff21a	1.0531791811445184	0.0017551796490457537	0.466766271650045	0.0037602966530574183	0.9969997244270533	NA	d__Bacteria	p__Pseudomonadota	c__Gammaproteobacteria	o__Enterobacterales	f__Enterobacteriaceae	g__Escherichia-Shigella	NA
8bafedeb678c6cb11deef4768047bfc7	1.0531791811445184	0.0017551796490457537	0.466766271650045	0.0037602966530574183	0.9969997244270533	NA	d__Bacteria	p__Pseudomonadota	c__Gammaproteobacteria	o__Enterobacterales	f__Enterobacteriaceae	g__Escherichia-Shigella	NA
dd76ee315469214d08ce4659f45d97eb	1.3284669366539423	0.14616596222842268	0.4997317415295163	0.2924888496797426	0.7699128840052035	0.9444998709808472	d__Bacteria	p__Pseudomonadota	c__Gammaproteobacteria	o__Enterobacterales	f__Enterobacteriaceae	g__Escherichia-Shigella	NA
9e787ce305381a372bbab3e55fdb8cc4	1.2410130323927298	-0.9984422259221115	0.38367908538247225	-2.6022847321135836	0.009260493192784987	0.062545391376694	d__Bacteria	p__Pseudomonadota	c__Gammaproteobacteria	o__Enterobacterales	f__Enterobacteriaceae	g__Escherichia-Shigella	NA
18c2c9764fa4936d514850289294ce15	1.4011452384038081	0.0017560688052793284	0.5368863849939383	0.0032708387740157637	0.9973902528946854	0.998890072806692	d__Bacteria	p__Pseudomonadota	c__Gammaproteobacteria	o__Enterobacterales	f__Enterobacteriaceae	g__Escherichia-Shigella	NA
d46e2205f0c6ecf67b51f83d111c509c	3868.7093731071236	-0.4174463213022565	0.848561344361682	-0.49194595544094044	0.6227575497799448	0.805093452406581	d__Bacteria	p__Pseudomonadota	c__Gammaproteobacteria	o__Enterobacterales	f__Enterobacteriaceae	g__Escherichia-Shigella	NA
4850a238b7fbbd5ffa204c5a5a396f2c	1.038742922832062	0.1172348361979989	0.48059246176945103	0.2439381503537577	0.807278721789559	NA	d__Bacteria	p__Pseudomonadota	c__Gammaproteobacteria	o__Enterobacterales	f__Hafniaceae	g__Hafnia-Obesumbacterium	NA
59569afbca0342ed00919b6c31665ddc	1.139964968448468	0.21327275513479071	0.4610886735453123	0.4625417351828138	0.6436928804362041	NA	d__Bacteria	p__Pseudomonadota	c__Gammaproteobacteria	o__Enterobacterales	f__Morganellaceae	g__Cosenzaea	NA
38eaa8f3d127290bf06b9a82171c37c0	1.3286523098081227	0.001755859367010186	0.5178854003701984	0.003390439981036443	0.9972948254675044	0.998890072806692	d__Bacteria	p__Pseudomonadota	c__Gammaproteobacteria	o__Enterobacterales	f__Morganellaceae	g__Proteus	NA
bb7e5c6df18c100b97f890fc35eb2911	1.0387148832605266	-0.03672017120230741	0.4680887208754204	-0.07844703271985122	0.9374724620734084	NA	d__Bacteria	p__Pseudomonadota	c__Gammaproteobacteria	o__Enterobacterales	f__Morganellaceae	g__Proteus	NA
11f0558dca37009cbf1a6083b0b658e5	1.0531791811445184	0.0017551796490457537	0.466766271650045	0.0037602966530574183	0.9969997244270533	NA	d__Bacteria	p__Pseudomonadota	c__Gammaproteobacteria	o__Enterobacterales	f__Morganellaceae	g__Providencia	NA
3fe93561235ac9bb8279ec49fed55fbd	1.0531791811445184	0.0017551796490457537	0.466766271650045	0.0037602966530574183	0.9969997244270533	NA	d__Bacteria	p__Pseudomonadota	c__Gammaproteobacteria	o__Pseudomonadales	f__Moraxellaceae	g__Enhydrobacter	NA
8adadd953ff6f3831d8492aaecdbe713	1.0531791811445184	0.0017551796490457537	0.466766271650045	0.0037602966530574183	0.9969997244270533	NA	d__Bacteria	p__Pseudomonadota	c__Gammaproteobacteria	o__Enterobacterales	f__Succinivibrionaceae	g__Succinivibrio	NA
ad60a2e41201dc42447b53ee71937736	1.0531791811445184	0.0017551796490457537	0.466766271650045	0.0037602966530574183	0.9969997244270533	NA	d__Bacteria	p__Pseudomonadota	c__Gammaproteobacteria	o__Enterobacterales	f__Succinivibrionaceae	g__Succinivibrio	NA
4608fae4bbc9964cdd17af8782f2155e	1.0531791811445184	0.0017551796490457537	0.466766271650045	0.0037602966530574183	0.9969997244270533	NA	d__Bacteria	p__Pseudomonadota	c__Gammaproteobacteria	o__Burkholderiales	f__Oxalobacteraceae	g__Massilia	NA
6513039f8225f3c93ab2a462ab8b9c7f	1.110612874281424	-0.3852367304189891	0.42598400152560817	-0.9043455365443588	0.3658122079098417	NA	d__Bacteria	p__Pseudomonadota	c__Gammaproteobacteria	o__Burkholderiales	f__Neisseriaceae	g__Incertae_Sedis	NA
cc63a75851b8c19c41038012fcab77a2	1.0531791811445184	0.0017551796490457537	0.466766271650045	0.0037602966530574183	0.9969997244270533	NA	d__Bacteria	p__Pseudomonadota	c__Gammaproteobacteria	o__Burkholderiales	f__SC-I-84	g__Incertae_Sedis	NA
a79df03c29d5421b97a241db52f4f4ab	1.0531791811445184	0.0017551796490457537	0.466766271650045	0.0037602966530574183	0.9969997244270533	NA	d__Bacteria	p__Pseudomonadota	c__Gammaproteobacteria	o__Burkholderiales	f__SC-I-84	g__Incertae_Sedis	NA
4f824a5d5b0df86eb1225e6abfce7a93	1.0531791811445184	0.0017551796490457537	0.466766271650045	0.0037602966530574183	0.9969997244270533	NA	d__Bacteria	p__Pseudomonadota	c__Gammaproteobacteria	o__Burkholderiales	f__A21b	g__Incertae_Sedis	NA
e934de394d66c2b06ec85ba363b1f37a	1.0531791811445184	0.0017551796490457537	0.466766271650045	0.0037602966530574183	0.9969997244270533	NA	d__Bacteria	p__Pseudomonadota	c__Gammaproteobacteria	o__Burkholderiales	f__A21b	g__Incertae_Sedis	NA
8e7cdf0804e61520aff16b0d184b841b	1.0531791811445184	0.0017551796490457537	0.466766271650045	0.0037602966530574183	0.9969997244270533	NA	d__Bacteria	p__Pseudomonadota	c__Gammaproteobacteria	o__Burkholderiales	f__A21b	g__Incertae_Sedis	NA
1d8f612763d34c1a3ddbeb32073dcab6	1.0531791811445184	0.0017551796490457537	0.466766271650045	0.0037602966530574183	0.9969997244270533	NA	d__Bacteria	p__Pseudomonadota	c__Gammaproteobacteria	o__Burkholderiales	f__SC-I-84	g__Incertae_Sedis	NA
5a7c85d39e6fe84bdaa0bdfb9c3e22d9	1.0531791811445184	0.0017551796490457537	0.466766271650045	0.0037602966530574183	0.9969997244270533	NA	d__Bacteria	p__Pseudomonadota	c__Gammaproteobacteria	o__Burkholderiales	f__Nitrosomonadaceae	g__mle1-7	NA
a1af1932f736869ced05f2e1e8f655f5	1.0531791811445184	0.0017551796490457537	0.466766271650045	0.0037602966530574183	0.9969997244270533	NA	d__Bacteria	p__Pseudomonadota	c__Gammaproteobacteria	o__Burkholderiales	f__Nitrosomonadaceae	g__Ellin6067	NA
3e63f8a90d89bd302975337b3a1d295c	1.0531791811445184	0.0017551796490457537	0.466766271650045	0.0037602966530574183	0.9969997244270533	NA	d__Bacteria	p__Pseudomonadota	c__Gammaproteobacteria	o__Burkholderiales	f__Neisseriaceae	g__Incertae_Sedis	NA
4a1e5e44473fcf41f308288148927289	1.3125348065574276	0.5610817483467918	0.47499547090723243	1.1812359963667363	0.23750898515984709	0.5183124226277362	d__Bacteria	p__Pseudomonadota	c__Gammaproteobacteria	o__Burkholderiales	f__Neisseriaceae	g__Incertae_Sedis	NA
52d998a538496179968dec55950d1516	1.2410650224950215	0.001755463039974875	0.48874503063653374	0.003591776754616999	0.9971341829435594	0.998890072806692	d__Bacteria	p__Pseudomonadota	c__Gammaproteobacteria	o__Burkholderiales	f__Neisseriaceae	g__Eikenella	NA
4f5efd25dacb5d639316e7291ff6ff8b	1.1543204856627858	0.24569073626489818	0.46057135582625486	0.5334477126223676	0.5937236968258436	0.7776088993924202	d__Bacteria	p__Pseudomonadota	c__Gammaproteobacteria	o__Burkholderiales	f__Neisseriaceae	g__Neisseria	NA
c3872198144b62ba82c1558586a5ebe3	1.1538942356802422	0.001755171191910444	0.4697007067603753	0.003736786354902954	0.9970184827991776	NA	d__Bacteria	p__Pseudomonadota	c__Gammaproteobacteria	o__Burkholderiales	f__Neisseriaceae	g__Eikenella	NA
d2261d7f1ddc9f5f4c6f971b97f9a517	1.0531791811445184	0.0017551796490457537	0.466766271650045	0.0037602966530574183	0.9969997244270533	NA	d__Bacteria	p__Pseudomonadota	c__Gammaproteobacteria	o__Burkholderiales	f__Oxalobacteraceae	NA	NA
fec2da4ccc40b9ad85a020553063366b	1.0531791811445184	0.0017551796490457537	0.466766271650045	0.0037602966530574183	0.9969997244270533	NA	d__Bacteria	p__Pseudomonadota	c__Gammaproteobacteria	o__Burkholderiales	f__Oxalobacteraceae	NA	NA
b600d65ed89ddbd1e326cd0b04be1d7a	1.2708414351780242	0.4819936801419878	0.4663386410838198	1.0335701090987959	0.3013371791992085	0.5793513723530769	d__Bacteria	p__Pseudomonadota	c__Gammaproteobacteria	o__Burkholderiales	f__Oxalobacteraceae	NA	NA
6fe33250c45ddbda2700682431270ddc	1.0242342789738461	0.07875777739999557	0.4818916199866359	0.16343462748362325	0.8701762406124605	NA	d__Bacteria	p__Pseudomonadota	c__Gammaproteobacteria	o__Burkholderiales	f__Sutterellaceae	g__Sutterella	NA
3652788e84d52e1a7133359c67311619	1.4577443992175882	0.798606555575378	0.5363434110480786	1.4889836234117355	0.13649168121446087	0.3920147236724744	d__Bacteria	p__Pseudomonadota	c__Gammaproteobacteria	o__Burkholderiales	f__Sutterellaceae	g__Sutterella	NA
f6cba9b8a57bb49f57a00f18bf1e64b0	3.3408497055988136	2.3729885075313466	0.7070467591454908	3.3561974181159506	7.902213862460162e-4	0.010429185548147972	d__Bacteria	p__Pseudomonadota	c__Gammaproteobacteria	o__Burkholderiales	f__Sutterellaceae	g__Sutterella	NA
8cde5eace37ee2a7ee97a22d324d510b	1.0531791811445184	0.0017551796490457537	0.466766271650045	0.0037602966530574183	0.9969997244270533	NA	d__Bacteria	p__Pseudomonadota	c__Gammaproteobacteria	o__Burkholderiales	f__Sutterellaceae	g__Sutterella	NA
21401b105dc53b367b8fdc0ec97a9f02	69.88448438306649	0.626512847297012	1.0045788755305012	0.6236571986108718	0.532852737764812	0.7336901463490294	d__Bacteria	p__Pseudomonadota	c__Gammaproteobacteria	o__Burkholderiales	f__Sutterellaceae	g__Sutterella	NA
eb736939d75ad207f5c1a4f3053d2ee4	1.0242899114153634	-0.07624834392700341	0.4695112546003012	-0.1623993954988667	0.8709913468422238	NA	d__Bacteria	p__Pseudomonadota	c__Gammaproteobacteria	o__Burkholderiales	f__Sutterellaceae	g__Sutterella	NA
d23a867d55cfafa513f34ea224089f8e	1.0531791811445184	0.0017551796490457537	0.466766271650045	0.0037602966530574183	0.9969997244270533	NA	d__Bacteria	p__Pseudomonadota	c__Gammaproteobacteria	o__Burkholderiales	f__Sutterellaceae	g__Sutterella	NA
5b7e242f5faf6839260511c704d90a14	1.2119780225815395	-0.882854640628069	0.38831044554459554	-2.2735794278979227	0.022991285521484515	0.11764833233393761	d__Bacteria	p__Pseudomonadota	c__Gammaproteobacteria	o__Burkholderiales	f__Sutterellaceae	g__Sutterella	NA
f179bd107516ffa74815272feed765a8	1.0531791811445184	0.0017551796490457537	0.466766271650045	0.0037602966530574183	0.9969997244270533	NA	d__Bacteria	p__Pseudomonadota	c__Gammaproteobacteria	o__Burkholderiales	f__Sutterellaceae	g__Sutterella	NA
06c89d0310c1277e6797f95171429317	1.0531791811445184	0.0017551796490457537	0.466766271650045	0.0037602966530574183	0.9969997244270533	NA	d__Bacteria	p__Pseudomonadota	c__Gammaproteobacteria	o__Burkholderiales	f__Sutterellaceae	g__Sutterella	NA
40c89594b6b2d71ed7ab90eb09c61288	1.1832180012394335	0.30843257005102276	0.4600820485469546	0.670386012723435	0.5026117488329934	0.7061368533742548	d__Bacteria	p__Pseudomonadota	c__Gammaproteobacteria	o__Burkholderiales	f__Sutterellaceae	g__Sutterella	NA
cdef896edca66918c640aeadee6f1809	1.1395063707465674	-0.5457081249334662	0.4116812746148772	-1.3255597438673146	0.18498556787455053	NA	d__Bacteria	p__Pseudomonadota	c__Gammaproteobacteria	o__Burkholderiales	f__Sutterellaceae	g__Sutterella	NA
ed0b2c436e0aa37c7501df9927eca476	1.0242962054687381	0.11723463622928026	0.4803540423038729	0.24405881059520138	0.8071852724289714	NA	d__Bacteria	p__Pseudomonadota	c__Gammaproteobacteria	o__Burkholderiales	f__Sutterellaceae	g__Sutterella	NA
aece197f1dcbc89d27c3a60dd4477d52	1.0531791811445184	0.0017551796490457537	0.466766271650045	0.0037602966530574183	0.9969997244270533	NA	d__Bacteria	p__Pseudomonadota	c__Gammaproteobacteria	o__Burkholderiales	f__Sutterellaceae	g__Sutterella	NA
1748af885d51d419f6f9b79bdcdaa1a9	1.0531791811445184	0.0017551796490457537	0.466766271650045	0.0037602966530574183	0.9969997244270533	NA	d__Bacteria	p__Pseudomonadota	c__Gammaproteobacteria	o__Burkholderiales	f__Sutterellaceae	g__Sutterella	NA
d86ba22052f74b04328616f924d93032	1.1836378551908306	-0.7574224554566897	0.3957058516255821	-1.9141047632860504	0.05560677103092486	0.21783458531208347	d__Bacteria	p__Pseudomonadota	c__Gammaproteobacteria	o__Burkholderiales	f__Sutterellaceae	g__Sutterella	NA
d37c35f73fc21285f14723633ad2fbcd	78.5811342820422	-0.6370309431763339	0.9309311228667377	-0.6842943881977448	0.493789289894835	0.7061368533742548	d__Bacteria	p__Pseudomonadota	c__Gammaproteobacteria	o__Burkholderiales	f__Sutterellaceae	g__Sutterella	NA
6ee91bd06f6e189fe0bf12eafec77e58	1.0387205801281543	0.0017551853936233408	0.4665046746863504	0.003762417589498801	0.9969980321765832	NA	d__Bacteria	p__Pseudomonadota	c__Gammaproteobacteria	o__Burkholderiales	f__Sutterellaceae	g__Sutterella	NA
0c1f135a432920cdc89f2d08d4946c4d	1.0531791811445184	0.0017551796490457537	0.466766271650045	0.0037602966530574183	0.9969997244270533	NA	d__Bacteria	p__Pseudomonadota	c__Gammaproteobacteria	o__Burkholderiales	f__Sutterellaceae	g__Sutterella	NA
dbcdaca3ee9e9fe75d8829e87b8551dc	33.546298192130386	-1.1589624354988273	0.9570502686971527	-1.2109734184355234	0.22590559241022845	0.5182506720239989	d__Bacteria	p__Pseudomonadota	c__Gammaproteobacteria	o__Burkholderiales	f__Sutterellaceae	g__Sutterella	NA
8cd3a754b6daeaa0ff3c1bb084886b17	1.038742922832062	-0.03671924186339007	0.468089205441176	-0.0784449661230321	0.9374741059134039	NA	d__Bacteria	p__Pseudomonadota	c__Gammaproteobacteria	o__Burkholderiales	f__Sutterellaceae	g__Sutterella	NA
16c0796c006308528e5db2d872fa458b	1.0531791811445184	0.0017551796490457537	0.466766271650045	0.0037602966530574183	0.9969997244270533	NA	d__Bacteria	p__Pseudomonadota	c__Gammaproteobacteria	o__Burkholderiales	f__Sutterellaceae	g__Sutterella	NA
2bfa557403fda092b8fd1a03217d7f7d	1.038742922832062	-0.03671924186339007	0.468089205441176	-0.0784449661230321	0.9374741059134039	NA	d__Bacteria	p__Pseudomonadota	c__Gammaproteobacteria	o__Burkholderiales	f__Sutterellaceae	g__Sutterella	NA
ab2e88891faaeca1271f08a7e208c1b8	1.2123272035557604	0.001755213822926375	0.47363945188325196	0.003705801566882609	0.9970432049119808	0.998890072806692	d__Bacteria	p__Pseudomonadota	c__Gammaproteobacteria	o__Burkholderiales	f__Sutterellaceae	g__Parasutterella	NA
ac26691b1cdabb4d1fba5fc650c1b2d5	1.0387111791071326	0.0017551853902432872	0.4665044987363378	0.0037624190013123425	0.996998031050127	NA	d__Bacteria	p__Pseudomonadota	c__Gammaproteobacteria	o__Burkholderiales	f__Sutterellaceae	g__Parasutterella	NA
69a11f927915e2a3ba1f7b9c84486527	513.2850416705866	0.774875058799468	0.9404488803337151	0.8239417101804686	0.4099726791134209	0.6642795753471423	d__Bacteria	p__Pseudomonadota	c__Gammaproteobacteria	o__Burkholderiales	f__Sutterellaceae	g__Parasutterella	NA
c2fce4d038c0d3e28601144696c09504	1.0531791811445184	0.0017551796490457537	0.466766271650045	0.0037602966530574183	0.9969997244270533	NA	d__Bacteria	p__Pseudomonadota	c__Gammaproteobacteria	o__Burkholderiales	f__Sutterellaceae	g__Parasutterella	NA
c1a0435d7cc9aee9c98e02da7322bacd	1.1830663935083063	0.3084196050017816	0.4600752235214157	0.6703677773411443	0.5026233704842424	0.7061368533742548	d__Bacteria	p__Pseudomonadota	c__Gammaproteobacteria	o__Burkholderiales	f__Sutterellaceae	g__Parasutterella	NA
b0b2f7e520da337e3ccdcaf3e0cccb0c	1.1395063707465674	0.21324440964412975	0.46107454075380977	0.46249443592243655	0.643726791516592	NA	d__Bacteria	p__Pseudomonadota	c__Gammaproteobacteria	o__Burkholderiales	f__Sutterellaceae	g__Parasutterella	NA
a4a05d57d649b1866bdc41fe852052c7	1.0531791811445184	0.0017551796490457537	0.466766271650045	0.0037602966530574183	0.9969997244270533	NA	d__Bacteria	p__Pseudomonadota	c__Gammaproteobacteria	o__Burkholderiales	f__Sutterellaceae	g__Parasutterella	NA
c845eda99662b5a88a8c8e979ec07dd0	1.1543204856627858	0.24569073626489818	0.46057135582625486	0.5334477126223676	0.5937236968258436	0.7776088993924202	d__Bacteria	p__Pseudomonadota	c__Gammaproteobacteria	o__Burkholderiales	f__Burkholderiaceae	g__Lautropia	NA
9af5372058f5a2f86b5b945b62f46feb	1.0531791811445184	0.0017551796490457537	0.466766271650045	0.0037602966530574183	0.9969997244270533	NA	d__Bacteria	p__Pseudomonadota	c__Gammaproteobacteria	o__Burkholderiales	f__Comamonadaceae	NA	NA
9282e20164736c7ada9bd98d04654b5e	1.1975801352671915	0.3685602256829856	0.4659122843035254	0.791050672196661	0.4289144225184439	0.6707372675060561	d__Bacteria	p__Pseudomonadota	c__Gammaproteobacteria	o__Burkholderiales	f__Sutterellaceae	g__Sutterella	NA
4b44a8fdda93baa3c8dba677986a246e	1.0531791811445184	0.0017551796490457537	0.466766271650045	0.0037602966530574183	0.9969997244270533	NA	d__Bacteria	p__Pseudomonadota	c__Gammaproteobacteria	o__Burkholderiales	f__Nitrosomonadaceae	g__MND1	NA
aa388a5d51a4643cfb007dc0b081257a	1.0531791811445184	0.0017551796490457537	0.466766271650045	0.0037602966530574183	0.9969997244270533	NA	d__Bacteria	p__Pseudomonadota	c__Gammaproteobacteria	o__Burkholderiales	f__Nitrosomonadaceae	g__GOUTA6	NA
199c1f47723143d72682c4ced6bac9ac	1.0386805954253813	0.0017551853792483882	0.46650392643832095	0.0037624235934066697	0.9969980273861917	NA	d__Bacteria	p__Campylobacterota	c__Campylobacteria	o__Campylobacterales	f__Campylobacteraceae	g__Campylobacter	NA
310ab433faac5fab0765d87127d7578f	1.0531791811445184	0.0017551796490457537	0.466766271650045	0.0037602966530574183	0.9969997244270533	NA	d__Bacteria	p__Campylobacterota	c__Campylobacteria	o__Campylobacterales	f__Campylobacteraceae	g__Campylobacter	NA
9104e464668ba956eb9de3d3d2f9eb19	98.80331288812305	-0.03243990437873928	0.8256758765549794	-0.03928890900154475	0.9686600491248772	0.998890072806692	d__Bacteria	p__Campylobacterota	c__Campylobacteria	o__Campylobacterales	f__Campylobacteraceae	g__Campylobacter	NA
c4d97dd6e01de35fd44a216238c03e34	1.0531791811445184	0.0017551796490457537	0.466766271650045	0.0037602966530574183	0.9969997244270533	NA	d__Bacteria	p__Campylobacterota	c__Campylobacteria	o__Campylobacterales	f__Campylobacteraceae	g__Campylobacter	NA
6df3c15ec9eab9b36fea7edbebb9aa8d	1.2403933139555459	0.4261586839763431	0.47596533511659245	0.8953565575777725	0.37059651555176154	0.6383107216596605	d__Bacteria	p__Campylobacterota	c__Campylobacteria	o__Campylobacterales	f__Campylobacteraceae	g__Campylobacter	NA
50d2bcfe618afef2607f5475a1d512e4	2.8397753679045907	2.0923724728970887	0.6735132920541427	3.106653569546607	0.001892179988426265	0.019934282158771438	d__Bacteria	p__Campylobacterota	c__Campylobacteria	o__Campylobacterales	f__Campylobacteraceae	g__Campylobacter	NA
d3e280b7fc88765c0b66e5bd845d439f	1.0531791811445184	0.0017551796490457537	0.466766271650045	0.0037602966530574183	0.9969997244270533	NA	d__Bacteria	p__Campylobacterota	c__Campylobacteria	o__Campylobacterales	f__Campylobacteraceae	g__Campylobacter	NA
8365c56e7d1f57079c8821b426206d94	991.3709450714584	0.33934209672020793	0.9427274942209986	0.35995778080134977	0.7188787062161939	0.8956154835743245	d__Bacteria	p__Campylobacterota	c__Campylobacteria	o__Campylobacterales	f__Campylobacteraceae	g__Campylobacter	NA
1f8f31872fb44c8c3e8d4116f774a2b4	1.0531791811445184	0.0017551796490457537	0.466766271650045	0.0037602966530574183	0.9969997244270533	NA	d__Bacteria	p__Campylobacterota	c__Campylobacteria	o__Campylobacterales	f__Campylobacteraceae	g__Campylobacter	NA
a6f150307a48d996f282bab7ffe7405f	1.0531791811445184	0.0017551796490457537	0.466766271650045	0.0037602966530574183	0.9969997244270533	NA	d__Bacteria	p__Campylobacterota	c__Campylobacteria	o__Campylobacterales	f__Campylobacteraceae	g__Campylobacter	NA
3839eb0c980882d7adf3aa431c4e7910	1.2109776098362992	-0.8825466118388225	0.3882571953506483	-2.273097890798301	0.023020281514134336	0.11764833233393761	d__Bacteria	p__Campylobacterota	c__Campylobacteria	o__Campylobacterales	f__Campylobacteraceae	g__Campylobacter	NA
2031f98bfcb31c0d0003b9ad0a9de157	1.0531791811445184	0.0017551796490457537	0.466766271650045	0.0037602966530574183	0.9969997244270533	NA	d__Bacteria	p__Campylobacterota	c__Campylobacteria	o__Campylobacterales	f__Campylobacteraceae	g__Campylobacter	NA
87a7bc7a44c3ce7afdafcdbb020d3d42	1.0531791811445184	0.0017551796490457537	0.466766271650045	0.0037602966530574183	0.9969997244270533	NA	d__Bacteria	p__Acidobacteriota	c__Acidobacteriae	o__Subgroup_2	f__Incertae_Sedis	g__Incertae_Sedis	NA
96f6ae7bdd6e03adf2e2c2143240384b	1.0531791811445184	0.0017551796490457537	0.466766271650045	0.0037602966530574183	0.9969997244270533	NA	d__Bacteria	p__Acidobacteriota	c__Acidobacteriae	o__Subgroup_2	f__Incertae_Sedis	g__Incertae_Sedis	NA
421e1ceb06cb5b4c61b2580c7892ffad	1.0531791811445184	0.0017551796490457537	0.466766271650045	0.0037602966530574183	0.9969997244270533	NA	d__Bacteria	p__Acidobacteriota	c__Acidobacteriae	o__Subgroup_2	f__Incertae_Sedis	g__Incertae_Sedis	NA
da970e482dfe05782437a7463b5c71b7	1.0531791811445184	0.0017551796490457537	0.466766271650045	0.0037602966530574183	0.9969997244270533	NA	d__Bacteria	p__Acidobacteriota	c__Acidobacteriae	o__Subgroup_2	f__Incertae_Sedis	g__Incertae_Sedis	NA
1fde572bf665afdc27e7e75cd898ac29	1.0531791811445184	0.0017551796490457537	0.466766271650045	0.0037602966530574183	0.9969997244270533	NA	d__Bacteria	p__Acidobacteriota	c__Acidobacteriae	o__Subgroup_2	f__Incertae_Sedis	g__Incertae_Sedis	NA
7c2a31114b8ebe9ab185f4339d220f57	1.0531791811445184	0.0017551796490457537	0.466766271650045	0.0037602966530574183	0.9969997244270533	NA	d__Bacteria	p__Acidobacteriota	c__Acidobacteriae	o__Subgroup_2	f__Incertae_Sedis	g__Incertae_Sedis	NA
f0816e1099f91abe999b985664f1efea	1.0531791811445184	0.0017551796490457537	0.466766271650045	0.0037602966530574183	0.9969997244270533	NA	d__Bacteria	p__Acidobacteriota	c__Acidobacteriae	o__Subgroup_2	f__Incertae_Sedis	g__Incertae_Sedis	NA
548f66148663c88b329bc7d20a2d46a5	1.0531791811445184	0.0017551796490457537	0.466766271650045	0.0037602966530574183	0.9969997244270533	NA	d__Bacteria	p__Acidobacteriota	c__Acidobacteriae	o__Subgroup_2	f__Incertae_Sedis	g__Incertae_Sedis	NA
eb9e5762c6738498daa59b3d44d43e82	1.0531791811445184	0.0017551796490457537	0.466766271650045	0.0037602966530574183	0.9969997244270533	NA	d__Bacteria	p__Acidobacteriota	c__Acidobacteriae	o__Terriglobales	f__Incertae_Sedis	g__Incertae_Sedis	NA
202f505123c72e7cf838be7c86ebf7a6	1.0531791811445184	0.0017551796490457537	0.466766271650045	0.0037602966530574183	0.9969997244270533	NA	d__Bacteria	p__Acidobacteriota	c__Acidobacteriae	o__Terriglobales	f__Incertae_Sedis	g__Incertae_Sedis	NA
d29f5c2276e5c39023b2a73593ed907b	1.0531791811445184	0.0017551796490457537	0.466766271650045	0.0037602966530574183	0.9969997244270533	NA	d__Bacteria	p__Acidobacteriota	c__Acidobacteriae	o__Terriglobales	f__Incertae_Sedis	g__Incertae_Sedis	NA
84a29877f28a3309c0acba3ff63a32de	1.0531791811445184	0.0017551796490457537	0.466766271650045	0.0037602966530574183	0.9969997244270533	NA	d__Bacteria	p__Acidobacteriota	c__Acidobacteriae	o__Terriglobales	f__Incertae_Sedis	g__Incertae_Sedis	NA
ceb36da1a26eecc6429aa5cefb368a09	1.0531791811445184	0.0017551796490457537	0.466766271650045	0.0037602966530574183	0.9969997244270533	NA	d__Bacteria	p__Acidobacteriota	c__Acidobacteriae	o__Terriglobales	f__Incertae_Sedis	g__Incertae_Sedis	NA
2863313205c6e7fe577361c0fce7f94b	1.0531791811445184	0.0017551796490457537	0.466766271650045	0.0037602966530574183	0.9969997244270533	NA	d__Bacteria	p__Acidobacteriota	c__Acidobacteriae	o__Terriglobales	f__Incertae_Sedis	g__Incertae_Sedis	NA
0c0641127df64e7dbb361a6fc16d34a5	1.0531791811445184	0.0017551796490457537	0.466766271650045	0.0037602966530574183	0.9969997244270533	NA	d__Bacteria	p__Acidobacteriota	c__Acidobacteriae	o__Terriglobales	f__Incertae_Sedis	g__Incertae_Sedis	NA
4542e210503a0deaa85d8f51bd802105	1.0531791811445184	0.0017551796490457537	0.466766271650045	0.0037602966530574183	0.9969997244270533	NA	d__Bacteria	p__Acidobacteriota	c__Subgroup_5	o__Incertae_Sedis	f__Incertae_Sedis	g__Incertae_Sedis	NA
73cc351d044ed1f086350eb35945b662	1.0531791811445184	0.0017551796490457537	0.466766271650045	0.0037602966530574183	0.9969997244270533	NA	d__Bacteria	p__Acidobacteriota	c__Subgroup_5	o__Incertae_Sedis	f__Incertae_Sedis	g__Incertae_Sedis	NA
4a5cf75f959f95005df0c73dc649cae2	1.0531791811445184	0.0017551796490457537	0.466766271650045	0.0037602966530574183	0.9969997244270533	NA	d__Bacteria	p__Acidobacteriota	c__Holophagae	o__Subgroup_7	f__Incertae_Sedis	g__Incertae_Sedis	NA
76fed0c69c769fe95c07daed890c69b6	1.0531791811445184	0.0017551796490457537	0.466766271650045	0.0037602966530574183	0.9969997244270533	NA	d__Bacteria	p__Acidobacteriota	c__Holophagae	o__Subgroup_7	f__Incertae_Sedis	g__Incertae_Sedis	NA
0f9bf2d38b92641cc4f869f14a6da831	1.0531791811445184	0.0017551796490457537	0.466766271650045	0.0037602966530574183	0.9969997244270533	NA	d__Bacteria	p__Acidobacteriota	c__Holophagae	o__Subgroup_7	f__Incertae_Sedis	g__Incertae_Sedis	NA
cf65a38e7a7e0fc7bf6df77a8a4cf68f	1.0531791811445184	0.0017551796490457537	0.466766271650045	0.0037602966530574183	0.9969997244270533	NA	d__Bacteria	p__Acidobacteriota	c__Holophagae	o__Subgroup_7	f__Incertae_Sedis	g__Incertae_Sedis	NA
ed56f5a06d3ad03cda9c8c992220b7f1	1.0531791811445184	0.0017551796490457537	0.466766271650045	0.0037602966530574183	0.9969997244270533	NA	d__Bacteria	p__Acidobacteriota	c__Thermoanaerobaculia	o__Thermoanaerobaculales	f__Thermoanaerobaculaceae	g__Subgroup_10	NA
5958fd2b7ec972907e061e8f4d0c49b8	1.0531791811445184	0.0017551796490457537	0.466766271650045	0.0037602966530574183	0.9969997244270533	NA	d__Bacteria	p__Acidobacteriota	c__Subgroup_22	o__Incertae_Sedis	f__Incertae_Sedis	g__Incertae_Sedis	NA
7625543d02304c6a42e1c6d0dfe96791	1.0531791811445184	0.0017551796490457537	0.466766271650045	0.0037602966530574183	0.9969997244270533	NA	d__Bacteria	p__Acidobacteriota	c__Subgroup_22	o__Incertae_Sedis	f__Incertae_Sedis	g__Incertae_Sedis	NA
811ef0f05f1341efae2dabdf27a7b79a	1.0531791811445184	0.0017551796490457537	0.466766271650045	0.0037602966530574183	0.9969997244270533	NA	d__Bacteria	p__Acidobacteriota	c__Vicinamibacteria	o__Subgroup_17	f__Incertae_Sedis	g__Incertae_Sedis	NA
fd29f1993439b22d622c9c0794dc6f07	1.0531791811445184	0.0017551796490457537	0.466766271650045	0.0037602966530574183	0.9969997244270533	NA	d__Bacteria	p__Acidobacteriota	c__Vicinamibacteria	o__Vicinamibacterales	f__Incertae_Sedis	g__Incertae_Sedis	NA
28c5037a2188505b8ff92bfe42aae505	1.0531791811445184	0.0017551796490457537	0.466766271650045	0.0037602966530574183	0.9969997244270533	NA	d__Bacteria	p__Acidobacteriota	c__Vicinamibacteria	o__Vicinamibacterales	f__Vicinamibacteraceae	g__Incertae_Sedis	NA
3f48c674bfb96d735ee09bd32ac101da	1.0531791811445184	0.0017551796490457537	0.466766271650045	0.0037602966530574183	0.9969997244270533	NA	d__Bacteria	p__Acidobacteriota	c__Vicinamibacteria	o__Vicinamibacterales	f__Incertae_Sedis	g__Incertae_Sedis	NA
09aa002a2f42aaa4bce28e5c6737e22a	1.0531791811445184	0.0017551796490457537	0.466766271650045	0.0037602966530574183	0.9969997244270533	NA	d__Bacteria	p__Acidobacteriota	c__Vicinamibacteria	o__Vicinamibacterales	f__Incertae_Sedis	g__Incertae_Sedis	NA
1da3700384049096a7cf88e23d5e7b4b	1.0531791811445184	0.0017551796490457537	0.466766271650045	0.0037602966530574183	0.9969997244270533	NA	d__Bacteria	p__Verrucomicrobiota	c__Verrucomicrobiia	o__Pedosphaerales	f__Pedosphaeraceae	g__Incertae_Sedis	NA
1cd2ee92fa127c7f5b53fe414444faea	1.0531791811445184	0.0017551796490457537	0.466766271650045	0.0037602966530574183	0.9969997244270533	NA	d__Bacteria	p__Verrucomicrobiota	c__Verrucomicrobiia	o__Pedosphaerales	f__Pedosphaeraceae	g__ADurb.Bin063-1	NA
c3ab1b8ef73a270555011875649d0a76	1.0531791811445184	0.0017551796490457537	0.466766271650045	0.0037602966530574183	0.9969997244270533	NA	d__Bacteria	p__Verrucomicrobiota	c__Verrucomicrobiia	o__Pedosphaerales	f__Pedosphaeraceae	g__Incertae_Sedis	NA
442107b053dcc602e8bdb265f185b79a	1.0531791811445184	0.0017551796490457537	0.466766271650045	0.0037602966530574183	0.9969997244270533	NA	d__Bacteria	p__Verrucomicrobiota	c__Verrucomicrobiia	o__Pedosphaerales	f__Pedosphaeraceae	g__Incertae_Sedis	NA
b2ed3fe36210d1424e41cfbd5f8049ea	1.0531791811445184	0.0017551796490457537	0.466766271650045	0.0037602966530574183	0.9969997244270533	NA	d__Bacteria	p__Verrucomicrobiota	c__Verrucomicrobiia	o__Pedosphaerales	f__Pedosphaeraceae	g__ADurb.Bin118	NA
665f31e57ce0e3c9693d87434f81ba80	1.0531791811445184	0.0017551796490457537	0.466766271650045	0.0037602966530574183	0.9969997244270533	NA	d__Bacteria	p__Verrucomicrobiota	c__Verrucomicrobiia	o__Chthoniobacterales	f__Chthoniobacteraceae	g__Chthoniobacter	NA
b0546a8c6a38415c52d2dc916319d3fd	1.0531791811445184	0.0017551796490457537	0.466766271650045	0.0037602966530574183	0.9969997244270533	NA	d__Bacteria	p__Verrucomicrobiota	c__Verrucomicrobiia	o__Chthoniobacterales	f__Chthoniobacteraceae	g__Candidatus_Udaeobacter	NA
a3f409a4744ac086bdf72f9ce6d26476	1.0531791811445184	0.0017551796490457537	0.466766271650045	0.0037602966530574183	0.9969997244270533	NA	d__Bacteria	p__Verrucomicrobiota	c__Verrucomicrobiia	o__Chthoniobacterales	f__Chthoniobacteraceae	g__Candidatus_Udaeobacter	NA
07b148ebe6cc2c05b1faa8d187c51114	1.0531791811445184	0.0017551796490457537	0.466766271650045	0.0037602966530574183	0.9969997244270533	NA	d__Bacteria	p__Verrucomicrobiota	c__Verrucomicrobiia	o__Verrucomicrobiales	f__Akkermansiaceae	g__Akkermansia	NA
7b28c20e72c6c95b3e604f0849245770	16.609525261920485	3.800575986293562	0.8590212024695169	4.4243098719422225	9.675106687492999e-6	2.904950782919773e-4	d__Bacteria	p__Verrucomicrobiota	c__Verrucomicrobiia	o__Verrucomicrobiales	f__Akkermansiaceae	g__Akkermansia	NA
816a2fefa6390f837c349fbfda6eef68	1.2109017738852237	0.3684289617517424	0.46048552382349495	0.8000880433604293	0.42365978812769706	0.6642795753471423	d__Bacteria	p__Verrucomicrobiota	c__Verrucomicrobiia	o__Verrucomicrobiales	f__Akkermansiaceae	g__Akkermansia	NA
f2a24e999503e8addef5c9eed4946a69	1.2256278898600672	0.3975367962958517	0.4704023613581548	0.845099491312237	0.39805529232502684	0.6568594364791762	d__Bacteria	p__Verrucomicrobiota	c__Verrucomicrobiia	o__Verrucomicrobiales	f__Akkermansiaceae	g__Akkermansia	NA
3b010dbd9eae72a79f11af5d24eb3ca3	2.6078554368100657	-1.6633608202253325	0.5806673912074986	-2.864567298615429	0.004175794119217291	0.03613029588771576	d__Bacteria	p__Verrucomicrobiota	c__Verrucomicrobiia	o__Verrucomicrobiales	f__Akkermansiaceae	g__Akkermansia	NA
fa2fd8da0b9cfec5c5f9ff58680553b7	1.0531791811445184	0.0017551796490457537	0.466766271650045	0.0037602966530574183	0.9969997244270533	NA	d__Bacteria	p__Planctomycetota	c__OM190	o__Incertae_Sedis	f__Incertae_Sedis	g__Incertae_Sedis	NA
891f4e188fadbc3661081d172cdc6b0d	1.0531791811445184	0.0017551796490457537	0.466766271650045	0.0037602966530574183	0.9969997244270533	NA	d__Bacteria	p__Methylomirabilota	c__Methylomirabilia	o__Rokubacteriales	f__Incertae_Sedis	g__Incertae_Sedis	NA
0f700b983207ec336ed4b4679028b514	1.0531791811445184	0.0017551796490457537	0.466766271650045	0.0037602966530574183	0.9969997244270533	NA	d__Bacteria	p__Methylomirabilota	c__Methylomirabilia	o__Rokubacteriales	f__Incertae_Sedis	g__Incertae_Sedis	NA
a509cecf30ac8a5a81bfb39bb35f037b	1.0531791811445184	0.0017551796490457537	0.466766271650045	0.0037602966530574183	0.9969997244270533	NA	d__Bacteria	p__Planctomycetota	c__Phycisphaerae	o__Tepidisphaerales	f__WD2101_soil_group	g__Incertae_Sedis	NA
99b463fe81dce53e18aef155d5b56b09	1.0531791811445184	0.0017551796490457537	0.466766271650045	0.0037602966530574183	0.9969997244270533	NA	d__Bacteria	p__Planctomycetota	c__Planctomycetes	o__Pirellulales	f__Pirellulaceae	g__Incertae_Sedis	NA
5c3adc0e3d4a9ed3b695654b4fee0acd	1.0531791811445184	0.0017551796490457537	0.466766271650045	0.0037602966530574183	0.9969997244270533	NA	d__Bacteria	p__Planctomycetota	c__Planctomycetes	o__Planctomycetales	f__Incertae_Sedis	g__Incertae_Sedis	NA
b083b0507152640dea2c3af522e34549	1.0531791811445184	0.0017551796490457537	0.466766271650045	0.0037602966530574183	0.9969997244270533	NA	d__Bacteria	p__Planctomycetota	c__Planctomycetes	o__Gemmatales	f__Gemmataceae	g__Incertae_Sedis	NA
003b7b0615c8f71650829cdf5d8960f6	1.0531791811445184	0.0017551796490457537	0.466766271650045	0.0037602966530574183	0.9969997244270533	NA	d__Bacteria	p__Planctomycetota	c__Planctomycetes	o__Isosphaerales	f__Isosphaeraceae	g__Aquisphaera	NA
e1afda7647b678ef6678d4b1afe50c90	1.0531791811445184	0.0017551796490457537	0.466766271650045	0.0037602966530574183	0.9969997244270533	NA	d__Bacteria	p__Latescibacterota	c__Incertae_Sedis	o__Incertae_Sedis	f__Incertae_Sedis	g__Incertae_Sedis	NA
14f7e725b0bff83e39887f3463600df2	1.0531791811445184	0.0017551796490457537	0.466766271650045	0.0037602966530574183	0.9969997244270533	NA	d__Bacteria	p__Latescibacterota	c__Incertae_Sedis	o__Incertae_Sedis	f__Incertae_Sedis	g__Incertae_Sedis	NA
3db6357039e0f720a4c2812a40be6378	1.0531791811445184	0.0017551796490457537	0.466766271650045	0.0037602966530574183	0.9969997244270533	NA	d__Bacteria	p__Latescibacterota	c__Incertae_Sedis	o__Incertae_Sedis	f__Incertae_Sedis	g__Incertae_Sedis	NA
143d05008bcf1acad1f6728241660074	1.0531791811445184	0.0017551796490457537	0.466766271650045	0.0037602966530574183	0.9969997244270533	NA	d__Bacteria	p__Latescibacterota	c__Incertae_Sedis	o__Incertae_Sedis	f__Incertae_Sedis	g__Incertae_Sedis	NA
6ba98911efd5b1fa1cbba9f869562cce	2.115614154658131	0.8432379262711498	0.5481363060992969	1.538372694689547	0.12395751462000683	0.3721824376465705	d__Bacteria	p__Synergistota	c__Synergistia	o__Synergistales	f__Synergistaceae	g__Cloacibacillus	NA
52aaa69ff4a2ce8df78870b820719f48	1.0531791811445184	0.0017551796490457537	0.466766271650045	0.0037602966530574183	0.9969997244270533	NA	d__Bacteria	p__Synergistota	c__Synergistia	o__Synergistales	f__Synergistaceae	g__Cloacibacillus	NA
65c652b1773b5a68acc8ff445809a9fe	1.3123526348888561	0.0017558038569624975	0.513356832151654	0.003420240555878692	0.9972710481868007	0.998890072806692	d__Bacteria	p__Synergistota	c__Synergistia	o__Synergistales	f__Synergistaceae	g__Cloacibacillus	NA
877643a6259d1ae9cf9218b8e0900c94	1.0531791811445184	0.0017551796490457537	0.466766271650045	0.0037602966530574183	0.9969997244270533	NA	d__Bacteria	p__Synergistota	c__Synergistia	o__Synergistales	f__Synergistaceae	g__Jonquetella	NA
7d9c546eb37008639fd589377422a579	1.1397167460748174	0.2132574305317333	0.46108102010996277	0.4625161766165819	0.6437112044909472	NA	d__Bacteria	p__Synergistota	c__Synergistia	o__Synergistales	f__Synergistaceae	g__Jonquetella	NA
aa20849f82828d2d6b4647130ba42dc7	1.7733327848579956	0.7302367213512799	0.5906928122915747	1.2362376960680272	0.21637022246744622	0.5076515736640196	d__Bacteria	p__Synergistota	c__Synergistia	o__Synergistales	f__Synergistaceae	g__Jonquetella	NA
eaa8c65cb4ccf4c015caf9728e6e66fb	1.7171509305662709	-0.0868089671208287	0.5235837879230549	-0.1657976605142442	0.8683161872813987	0.998890072806692	d__Bacteria	p__Synergistota	c__Synergistia	o__Synergistales	f__Synergistaceae	g__Rarimicrobium	NA
cb020f55949c3589d9ab4c1d57f9f071	1.1397967310192572	-0.5457600502622225	0.4116873386808552	-1.3256663467255718	0.18495023923339726	NA	d__Bacteria	p__Synergistota	c__Synergistia	o__Synergistales	f__Synergistaceae	g__Rarimicrobium	NA
cffbe01a90a30b25cbe5b6d5f1d0a234	1.2398491471011328	0.39760666030663233	0.45974546161822594	0.864840859781681	0.38712614120006483	0.6568594364791762	d__Bacteria	p__Synergistota	c__Synergistia	o__Synergistales	f__Synergistaceae	g__Rarimicrobium	NA
3d01d38846c11d0cfcf2965c94432e0c	1.1395063707465671	0.21324440964412975	0.46107454075380916	0.46249443592243716	0.6437267915165916	NA	d__Bacteria	p__Synergistota	c__Synergistia	o__Synergistales	f__Synergistaceae	g__Rarimicrobium	NA
e61859187c5041260b401fe638aedf47	1.6443301183360068	0.39760587238252315	0.5756756713746556	0.6906768726791603	0.4897686263701005	0.7061368533742548	d__Bacteria	p__Synergistota	c__Synergistia	o__Synergistales	f__Synergistaceae	g__Rarimicrobium	NA
8624322ae2483faffff421f46f814fc2	1.3994191511352152	-1.5075746531013623	0.37905492107674743	-3.977193196223201	6.973350767838966e-5	0.0016749988544349195	d__Bacteria	p__Synergistota	c__Synergistia	o__Synergistales	f__Synergistaceae	g__Pyramidobacter	NA
95a236e255a934f05f28d6529a255fee	1.0531791811445184	0.0017551796490457537	0.466766271650045	0.0037602966530574183	0.9969997244270533	NA	d__Bacteria	p__Acidobacteriota	c__Acidobacteriae	o__Bryobacterales	f__Bryobacteraceae	g__Bryobacter	NA
75cac7ae6fbcbb7817a14f6772f94924	1.0531791811445184	0.0017551796490457537	0.466766271650045	0.0037602966530574183	0.9969997244270533	NA	d__Bacteria	p__Acidobacteriota	c__Acidobacteriae	o__Bryobacterales	f__Bryobacteraceae	g__Bryobacter	NA
d9facc840701cfa0b07ad05c9d161711	1.0531791811445184	0.0017551796490457537	0.466766271650045	0.0037602966530574183	0.9969997244270533	NA	d__Bacteria	p__Acidobacteriota	c__Acidobacteriae	o__Bryobacterales	f__Bryobacteraceae	g__Bryobacter	NA
c46b8f7dccf1a699db0ec014c97f5946	1.0531791811445184	0.0017551796490457537	0.466766271650045	0.0037602966530574183	0.9969997244270533	NA	d__Bacteria	p__Acidobacteriota	c__Acidobacteriae	o__Bryobacterales	f__Bryobacteraceae	g__Bryobacter	NA
c8d288f515d31ccb79baf2286101865e	1.0531791811445184	0.0017551796490457537	0.466766271650045	0.0037602966530574183	0.9969997244270533	NA	d__Bacteria	p__Acidobacteriota	c__Acidobacteriae	o__Solibacterales	f__Solibacteraceae	g__Candidatus_Solibacter	NA
27cf25602aa5981f49b722300c48b338	1.0531791811445184	0.0017551796490457537	0.466766271650045	0.0037602966530574183	0.9969997244270533	NA	d__Bacteria	p__Acidobacteriota	c__Acidobacteriae	o__Solibacterales	f__Solibacteraceae	g__Candidatus_Solibacter	NA
b42f9b16bd113bf59ee341eebd6dcdae	1.0531791811445184	0.0017551796490457537	0.466766271650045	0.0037602966530574183	0.9969997244270533	NA	d__Bacteria	p__Acidobacteriota	c__Acidobacteriae	o__Solibacterales	f__Solibacteraceae	g__Candidatus_Solibacter	NA
da88d8677a4ba67fb2406c91ed1fc1aa	1.0531791811445184	0.0017551796490457537	0.466766271650045	0.0037602966530574183	0.9969997244270533	NA	d__Bacteria	p__Nitrospirota	c__Nitrospiria	o__Nitrospirales	f__Nitrospiraceae	g__Nitrospira	NA
9094f39bc33a26e3c004e464482fdec1	1.0531791811445184	0.0017551796490457537	0.466766271650045	0.0037602966530574183	0.9969997244270533	NA	d__Bacteria	p__Actinomycetota	c__Thermoleophilia	o__Gaiellales	f__Incertae_Sedis	g__Incertae_Sedis	NA
b32c31cdf2e8499f2dcf74dc1dca50df	1.0531791811445184	0.0017551796490457537	0.466766271650045	0.0037602966530574183	0.9969997244270533	NA	d__Bacteria	p__Actinomycetota	c__Thermoleophilia	o__Solirubrobacterales	f__67-14	g__Incertae_Sedis	NA
cb80be4ac2def4c41b4338fe839038be	1.0531791811445184	0.0017551796490457537	0.466766271650045	0.0037602966530574183	0.9969997244270533	NA	d__Bacteria	p__Actinomycetota	c__Thermoleophilia	o__Solirubrobacterales	f__Solirubrobacteraceae	g__Incertae_Sedis	NA
6be01b304ffd87213eb490e18acdcec4	1.0531791811445184	0.0017551796490457537	0.466766271650045	0.0037602966530574183	0.9969997244270533	NA	d__Bacteria	p__Actinomycetota	c__Thermoleophilia	o__Solirubrobacterales	f__Solirubrobacteraceae	g__Solirubrobacter	NA
9283c7fcf595c5a15d33919d657cc638	1.0531791811445184	0.0017551796490457537	0.466766271650045	0.0037602966530574183	0.9969997244270533	NA	d__Bacteria	p__Actinomycetota	c__Acidimicrobiia	o__Acidimicrobiales	f__Acidimicrobiaceae	g__Acidiferrimicrobium	NA
756139c0f07d2832f8a021becbc33572	1.0531791811445184	0.0017551796490457537	0.466766271650045	0.0037602966530574183	0.9969997244270533	NA	d__Bacteria	p__Actinomycetota	c__Acidimicrobiia	o__Microtrichales	f__Incertae_Sedis	g__Incertae_Sedis	NA
29193d83ac633000f3668b2053d8eff3	1.0531791811445184	0.0017551796490457537	0.466766271650045	0.0037602966530574183	0.9969997244270533	NA	d__Bacteria	p__Actinomycetota	c__Actinobacteria	o__Micromonosporales	f__Micromonosporaceae	g__Luedemannella	NA
14020b599754b2bb4b363aa72f0c7ae2	1.0531791811445184	0.0017551796490457537	0.466766271650045	0.0037602966530574183	0.9969997244270533	NA	d__Bacteria	p__Actinomycetota	c__Actinobacteria	o__Mycobacteriales	f__Mycobacteriaceae	g__Mycobacterium	NA
44bb9c5d36f698cdcdc9adde20c63610	1.1542329893317134	0.2456847553941738	0.4605683348330496	0.5334382258025436	0.5937302623437587	NA	d__Bacteria	p__Actinomycetota	c__Actinobacteria	o__Mycobacteriales	f__Corynebacteriaceae	g__Lawsonella	NA
820f6693f569e339f183638cd73a7fe6	39.693255153636656	-0.13327843617671245	0.7687334418603629	-0.1733740577932629	0.8623574151820649	0.998890072806692	d__Bacteria	p__Actinomycetota	c__Actinobacteria	o__Mycobacteriales	f__Corynebacteriaceae	g__Lawsonella	NA
6ea4237388f704e8bcafe64e57e42c46	1.1394035355022927	0.2132380337462061	0.46107137591255737	0.46248378209157553	0.6437344298549881	NA	d__Bacteria	p__Actinomycetota	c__Actinobacteria	o__Mycobacteriales	f__Corynebacteriaceae	g__Lawsonella	NA
814ae1c84cb87b7f8b7239f9353bec49	1.1538942356802422	-0.619701763984872	0.40566430404389175	-1.5276221195883726	0.12660638658172832	NA	d__Bacteria	p__Actinomycetota	c__Actinobacteria	o__Mycobacteriales	f__Corynebacteriaceae	g__Corynebacterium	NA
0fc1b4b38c76ff1d5614d73496426a3e	6.41991639754278	0.3587464075955557	0.6932415976119164	0.5174911731081457	0.6048133291418518	0.7886870882729251	d__Bacteria	p__Actinomycetota	c__Actinobacteria	o__Mycobacteriales	f__Corynebacteriaceae	g__Corynebacterium	NA
dee632b7432fc9dd0f5077f1f879363f	1.2546092902159658	0.0017555434572426554	0.4941201183937283	0.0035528677985213926	0.9971652276008144	0.998890072806692	d__Bacteria	p__Actinomycetota	c__Actinobacteria	o__Mycobacteriales	f__Corynebacteriaceae	g__Corynebacterium	NA
7f4b4de1ecd4e8e6082da402c8de097d	1.2839460209586495	-1.155900670344792	0.3819787633433125	-3.026086215442032	0.002477416513002191	0.024044005520485533	d__Bacteria	p__Actinomycetota	c__Actinobacteria	o__Mycobacteriales	f__Corynebacteriaceae	g__Corynebacterium	NA
43904939ba355dce37c93c12823b71e2	3.2486659370879076	2.1810209845634057	0.6811340542090842	3.2020436668607806	0.0013645631125629623	0.01606706174694233	d__Bacteria	p__Actinomycetota	c__Actinobacteria	o__Mycobacteriales	f__Corynebacteriaceae	g__Corynebacterium	NA
ffef4c02adc80b91aab3a5f338357160	1.0531791811445184	0.0017551796490457537	0.466766271650045	0.0037602966530574183	0.9969997244270533	NA	d__Bacteria	p__Actinomycetota	c__Actinobacteria	o__Mycobacteriales	f__Corynebacteriaceae	g__Corynebacterium	NA
3f651458e69ac13bba8f8dc34f61a86a	1.0531791811445184	0.0017551796490457537	0.466766271650045	0.0037602966530574183	0.9969997244270533	NA	d__Bacteria	p__Actinomycetota	c__Actinobacteria	o__Mycobacteriales	f__Corynebacteriaceae	g__Corynebacterium	NA
685a1812a6e46f72d7cf1f4a060b8e96	1.5567659284878552	0.0017561303717653837	0.5480682949817544	0.0032042181382228043	0.9974434081928288	0.998890072806692	d__Bacteria	p__Actinomycetota	c__Actinobacteria	o__Mycobacteriales	f__Corynebacteriaceae	g__Corynebacterium	NA
b5afd4c41a7b8c999cd54a3e0f9e8a65	1.0531791811445184	0.0017551796490457537	0.466766271650045	0.0037602966530574183	0.9969997244270533	NA	d__Bacteria	p__Actinomycetota	c__Actinobacteria	o__Mycobacteriales	f__Corynebacteriaceae	g__Corynebacterium	NA
4eec998cdc9da9bd11fac62e8d42dbcb	1.0531791811445184	0.0017551796490457537	0.466766271650045	0.0037602966530574183	0.9969997244270533	NA	d__Bacteria	p__Actinomycetota	c__Actinobacteria	o__Mycobacteriales	f__Corynebacteriaceae	g__Corynebacterium	NA
886813d6c66ef41ef648c9b92ffde619	1.0531791811445184	0.0017551796490457537	0.466766271650045	0.0037602966530574183	0.9969997244270533	NA	d__Bacteria	p__Actinomycetota	c__Actinobacteria	o__Mycobacteriales	f__Corynebacteriaceae	g__Corynebacterium	NA
6f2293344b118709ac45a2ece02a95e2	1.0531791811445184	0.0017551796490457537	0.466766271650045	0.0037602966530574183	0.9969997244270533	NA	d__Bacteria	p__Actinomycetota	c__Actinobacteria	o__Mycobacteriales	f__Corynebacteriaceae	g__Corynebacterium	NA
64c9f7286064d09ca06b592efe285406	1.2833850200833152	0.508569965391414	0.46871444919418415	1.0850315501596965	0.2779076818376447	0.5604576383852357	d__Bacteria	p__Actinomycetota	c__Actinobacteria	o__Mycobacteriales	f__Corynebacteriaceae	g__Corynebacterium	NA
162dcb3929e23b071e65fda88174be74	1.458061411426986	0.0017559728637895388	0.5311075744397769	0.003306247073658806	0.9973620013118414	0.998890072806692	d__Bacteria	p__Actinomycetota	c__Actinobacteria	o__Mycobacteriales	f__Corynebacteriaceae	g__Corynebacterium	NA
cc02d8e02665dcb672be926e61f5d0ec	1.0531791811445184	0.0017551796490457537	0.466766271650045	0.0037602966530574183	0.9969997244270533	NA	d__Bacteria	p__Actinomycetota	c__Actinobacteria	o__Mycobacteriales	f__Corynebacteriaceae	g__Corynebacterium	NA
68a9a8d8da1080f31a76648ced142371	1.7178564332705442	-1.2188035056673843	0.43089687325922665	-2.8285271518648374	0.004676273414957556	0.03900141924558351	d__Bacteria	p__Actinomycetota	c__Actinobacteria	o__Mycobacteriales	f__Corynebacteriaceae	g__Corynebacterium	NA
0e2d370f860f8262fe2d1fd778dd030f	2.526972958256776	1.3986337256078372	0.6451944015562363	2.167771019454405	0.030176112861579105	0.14613512720466332	d__Bacteria	p__Actinomycetota	c__Actinobacteria	o__Mycobacteriales	f__Corynebacteriaceae	g__Corynebacterium	NA
c8f6d9674494e380ed46082a08f1732e	1.1396010783031916	0.001755168039821119	0.4690986560512773	0.0037415755026790377	0.9970146616388205	NA	d__Bacteria	p__Actinomycetota	c__Actinobacteria	o__Mycobacteriales	f__Corynebacteriaceae	g__Corynebacterium	NA
15c6199023bc6e28cf83f14b19720efc	1.1254721862263375	0.001755166792117508	0.4685847979008269	0.0037456759160355395	0.997011390005236	NA	d__Bacteria	p__Actinomycetota	c__Actinobacteria	o__Mycobacteriales	f__Corynebacteriaceae	g__Corynebacterium	NA
c7389f69e315b9711c476037ff272192	1.3273115375999838	-0.4204432206018905	0.4134153008667713	-1.0169996604392348	0.3091535909461819	0.5902916736508178	d__Bacteria	p__Actinomycetota	c__Actinobacteria	o__Mycobacteriales	f__Corynebacteriaceae	g__Corynebacterium	NA
d4263873dfde10ee5059a11b5fb34d40	1.283224812923218	0.5349746745681405	0.4740514840792039	1.1285159788230041	0.25910207250069434	0.5383764516839687	d__Bacteria	p__Actinomycetota	c__Actinobacteria	o__Mycobacteriales	f__Corynebacteriaceae	g__Corynebacterium	NA
8f8f9102efdabfa644b9c246c18c898f	1.2683588566333104	-1.104659335024132	0.38173986016658734	-2.893748990587648	0.0038067234044598967	0.03337134896902435	d__Bacteria	p__Actinomycetota	c__Actinobacteria	o__Mycobacteriales	f__Corynebacteriaceae	g__Corynebacterium	NA
aa9b3a1418d146c262ec63305292065a	2.5657583329462406	-0.4583816018192779	0.5484412128375199	-0.8357898551199454	0.40327313468776044	0.66346717090411	d__Bacteria	p__Actinomycetota	c__Actinobacteria	o__Mycobacteriales	f__Corynebacteriaceae	g__Corynebacterium	NA
6a4c0e5943a7eb8c9f0b5b5e69171828	1.8319077249435813	1.2771302821655726	0.5704021502264391	2.2389997682487266	0.025155931236810262	0.12694232527482824	d__Bacteria	p__Actinomycetota	c__Actinobacteria	o__Mycobacteriales	f__Corynebacteriaceae	g__Corynebacterium	NA
eb1989e33f64c3dd787f02779df7f2b0	1.0531791811445184	0.0017551796490457537	0.466766271650045	0.0037602966530574183	0.9969997244270533	NA	d__Bacteria	p__Actinomycetota	c__Actinobacteria	o__Mycobacteriales	f__Corynebacteriaceae	g__Corynebacterium	NA
9207bf5e78e77c8ecb9d079b8ce7dc8b	1.0531791811445184	0.0017551796490457537	0.466766271650045	0.0037602966530574183	0.9969997244270533	NA	d__Bacteria	p__Actinomycetota	c__Actinobacteria	o__Mycobacteriales	f__Corynebacteriaceae	g__Corynebacterium	NA
c7a0e0fc9343afc90e85d8fa29fcaa37	1.0531791811445184	0.0017551796490457537	0.466766271650045	0.0037602966530574183	0.9969997244270533	NA	d__Bacteria	p__Actinomycetota	c__Actinobacteria	o__Micrococcales	f__Brevibacteriaceae	g__Brevibacterium	NA
2f49affea1aa1db3f453ce4b3066a63f	1.0531791811445184	0.0017551796490457537	0.466766271650045	0.0037602966530574183	0.9969997244270533	NA	d__Bacteria	p__Actinomycetota	c__Actinobacteria	o__Micrococcales	f__Brevibacteriaceae	g__Brevibacterium	NA
098db241728e041aa7ef9d2116efcefa	1.2401646129894972	0.001755582910503155	0.4961306004571367	0.003538549948109538	0.9971766515207906	0.998890072806692	d__Bacteria	p__Actinomycetota	c__Actinobacteria	o__Actinomycetales	f__Actinomycetaceae	g__Pauljensenia	NA
ca0fbd0cecc5463df736672031eb554e	1.3272148034237992	-1.2979871624890862	0.3853092553373403	-3.3686892918071525	7.552651598364635e-4	0.010097982733632929	d__Bacteria	p__Actinomycetota	c__Actinobacteria	o__Actinomycetales	f__Actinomycetaceae	g__Incertae_Sedis	NA
74d852d0838dc88b0c653a7955770ed3	7.504641143594999	3.6761793418599833	0.802218725792802	4.582514997050158	4.594167485330065e-6	1.451998723653002e-4	d__Bacteria	p__Actinomycetota	c__Actinobacteria	o__Actinomycetales	f__Actinomycetaceae	g__Varibaculum	NA
783f42006cae3206609d789fdf05378f	1.1402440827579208	0.21328993728197668	0.4610972903658566	0.4625703549737676	0.643672361912575	NA	d__Bacteria	p__Actinomycetota	c__Actinobacteria	o__Actinomycetales	f__Actinomycetaceae	g__Varibaculum	NA
44fc966d911d63e380eddb9f328f7e20	1.226414280893996	-0.9417689821009089	0.3856309983671051	-2.4421506209010273	0.014600053817546732	0.08744350135491084	d__Bacteria	p__Actinomycetota	c__Actinobacteria	o__Actinomycetales	f__Actinomycetaceae	g__Varibaculum	NA
2359b6a4d6a1188eac7ed4daae3e165f	91.59886478935711	0.9155610716681232	0.8735445054950517	1.048098941620908	0.29459302388406006	0.5793513723530769	d__Bacteria	p__Actinomycetota	c__Actinobacteria	o__Actinomycetales	f__Actinomycetaceae	g__Varibaculum	NA
8dbd84f5836dcae2eedeefd923e3b94b	1.0387264241175567	0.0017551853957245892	0.4665047840706333	0.003762416711805548	0.9969980328768762	NA	d__Bacteria	p__Actinomycetota	c__Actinobacteria	o__Actinomycetales	f__Actinomycetaceae	g__Varibaculum	NA
a814e18dc6c018749b8c0e8f314a63aa	5.249253808581557	0.6102910084468159	0.6485991085834936	0.9409371680754534	0.346737059005952	0.6250976973234167	d__Bacteria	p__Actinomycetota	c__Actinobacteria	o__Actinomycetales	f__Actinomycetaceae	g__Winkia	NA
a553a33230e324c88c51d9bfb08d062f	1.8188127067866295	1.2622863442972718	0.5850158607459554	2.1576959344106106	0.030951480262307336	0.14809851711167774	d__Bacteria	p__Actinomycetota	c__Actinobacteria	o__Actinomycetales	f__Actinomycetaceae	g__Schaalia	NA
0ed3a6836e138f14044f6950ad7280d2	1.1392910328142791	0.0017551678525751706	0.4690885640883882	0.003741655599697059	0.9970145977310937	NA	d__Bacteria	p__Actinomycetota	c__Actinobacteria	o__Actinomycetales	f__Actinomycetaceae	g__Actinomyces	NA
df8456a1abbfb4c8a2c450b44378d4cb	1.8603111159989405	-1.3243912064919225	0.47289448524584454	-2.800606155944933	0.005100672804108031	0.04195827423105305	d__Bacteria	p__Actinomycetota	c__Actinobacteria	o__Actinomycetales	f__Actinomycetaceae	g__Schaalia	NA
09ecf5a6ae593fbc03199102562aeb4b	19.763698913256345	1.8622884077059874	0.7963520914413649	2.3385239113710634	0.019360086746924902	0.10814634503747352	d__Bacteria	p__Actinomycetota	c__Actinobacteria	o__Actinomycetales	f__Actinomycetaceae	g__Schaalia	NA
69781875067ad8281d038dba6a154509	1.0387264241175567	-0.03671978916508494	0.4680889203215968	-0.07844618313088227	0.9374731378647613	NA	d__Bacteria	p__Actinomycetota	c__Actinobacteria	o__Actinomycetales	f__Actinomycetaceae	g__Schaalia	NA
f998b55dc9b150b36030120a29c2f1f3	1.470980434980707	-0.821575255270887	0.47141726285036206	-1.742777195521736	0.08137254122778921	0.2804913925732454	d__Bacteria	p__Actinomycetota	c__Actinobacteria	o__Actinomycetales	f__Actinomycetaceae	g__Gleimia	NA
a4880d08bdaee32b18e27f365e1bea71	1.2836375735676469	0.508627210720889	0.46874471123634437	1.085083625539693	0.277884618921932	0.5604576383852357	d__Bacteria	p__Actinomycetota	c__Actinobacteria	o__Actinomycetales	f__Actinomycetaceae	g__Mobiluncus	NA
c5e48d33cc9cb2091f9867c5937315dd	213.74107110202314	1.197542696810814	0.9178741412441658	1.3046916162030247	0.19199787741368718	0.47251936633983255	d__Bacteria	p__Actinomycetota	c__Actinobacteria	o__Actinomycetales	f__Actinomycetaceae	g__Mobiluncus	NA
99cb3943ec9821ba3f4098ce8d8cd7bf	1.0531791811445184	0.0017551796490457537	0.466766271650045	0.0037602966530574183	0.9969997244270533	NA	d__Bacteria	p__Actinomycetota	c__Actinobacteria	o__Actinomycetales	f__Actinomycetaceae	g__Mobiluncus	NA
c153805ddb52c233ddbf21861e3cea4c	1.2126636240550261	0.0017552142035770556	0.47366074900056215	0.0037056357472739893	0.997043337215978	0.998890072806692	d__Bacteria	p__Actinomycetota	c__Actinobacteria	o__Actinomycetales	f__Actinomycetaceae	g__Mobiluncus	NA
96301d3fcd5dbf689f9ec44e03ccbb99	1.1397706560537104	0.21326076234902147	0.4610826815397974	0.4625217360947752	0.6437072186392763	NA	d__Bacteria	p__Actinomycetota	c__Actinobacteria	o__Actinomycetales	f__Actinomycetaceae	g__Mobiluncus	NA
522737fb17597e7b5d12df50d64d91f1	1.1542177777902547	-0.6197655488210528	0.4056723378431912	-1.527749099473027	0.1265748444025135	NA	d__Bacteria	p__Actinomycetota	c__Actinobacteria	o__Actinomycetales	f__Actinomycetaceae	g__Mobiluncus	NA
da01cb1cde6679efdb2aa2b404997b32	1.0531791811445184	0.0017551796490457537	0.466766271650045	0.0037602966530574183	0.9969997244270533	NA	d__Bacteria	p__Actinomycetota	c__Actinobacteria	o__Micrococcales	f__Microbacteriaceae	g__Pseudoclavibacter	NA
f94e9a8cccfb09a1b81ee34db880a1d5	1.0531791811445184	0.0017551796490457537	0.466766271650045	0.0037602966530574183	0.9969997244270533	NA	d__Bacteria	p__Actinomycetota	c__Actinobacteria	o__Micrococcales	f__Intrasporangiaceae	NA	NA
7d135dfbf857c62673695ef24332b100	1.341252171673429	0.6115528699886654	0.5077611809167214	1.2044104452501796	0.22843097683578997	0.5182506720239989	d__Bacteria	p__Actinomycetota	c__Actinobacteria	o__Micrococcales	f__Micrococcaceae	g__Rothia	NA
2721fd42d5373667f111c60faaf21eac	1.2689138865380987	-1.1049432064095148	0.3817969528947338	-2.894059782384281	0.0038029574904309524	0.03337134896902435	d__Bacteria	p__Actinomycetota	c__Actinobacteria	o__Micrococcales	f__Micrococcaceae	g__Rothia	NA
36ce67b3fecce277df99829617975495	1.1398342294468595	-0.18819018763450684	0.43109277028667936	-0.4365422029911548	0.6624433862365415	NA	d__Bacteria	p__Actinomycetota	c__Actinobacteria	o__Micrococcales	f__Micrococcaceae	g__Rothia	NA
73ddef4c71b516586e803b622be15dd0	8.296257629585348	1.630245691258412	0.7273761112096419	2.2412692225309394	0.02500864131403322	0.12673155366309663	d__Bacteria	p__Actinomycetota	c__Actinobacteria	o__Actinomycetales	f__Actinomycetaceae	g__Arcanobacterium	NA
222391ff48fdfdcd3e9fe543b7276630	1.0531791811445184	0.0017551796490457537	0.466766271650045	0.0037602966530574183	0.9969997244270533	NA	d__Bacteria	p__Actinomycetota	c__Actinobacteria	o__Actinomycetales	f__Actinomycetaceae	g__Arcanobacterium	NA
e72dc9742a0edbd346f05a0481998d3e	1.0531791811445184	0.0017551796490457537	0.466766271650045	0.0037602966530574183	0.9969997244270533	NA	d__Bacteria	p__Actinomycetota	c__Actinobacteria	o__Actinomycetales	f__Actinomycetaceae	g__Arcanobacterium	NA
53e3a7d0830e15c8da2eaa66c65f55b6	1.0963901297238552	0.0017551683404919993	0.4677246860820696	0.0037525672531725806	0.9970058915523741	NA	d__Bacteria	p__Actinomycetota	c__Actinobacteria	o__Actinomycetales	f__Actinomycetaceae	g__Trueperella	NA
2a8b072fb29a41c14306e447f2612712	1.1833065902917927	0.0017551856373952523	0.4713097976699521	0.0037240593046707045	0.9970286374454058	0.998890072806692	d__Bacteria	p__Actinomycetota	c__Actinobacteria	o__Actinomycetales	f__Actinomycetaceae	NA	NA
6cb84d89628deb90155586631bf75655	3.3355768291848755	1.7086525609628591	0.6896956541147762	2.47740079376883	0.01323431946926807	0.08545385850855351	d__Bacteria	p__Actinomycetota	c__Actinobacteria	o__Actinomycetales	f__Actinomycetaceae	g__Actinotignum	NA
4c7410caa455e2490e912dd381cb0eac	1.0531791811445184	0.0017551796490457537	0.466766271650045	0.0037602966530574183	0.9969997244270533	NA	d__Bacteria	p__Actinomycetota	c__Actinobacteria	o__Micrococcales	f__Micrococcaceae	g__Pseudoglutamicibacter	NA
92343ddcff9b3b470e6961e7adcc7938	1.1396010783031916	0.001755168039821119	0.4690986560512773	0.0037415755026790377	0.9970146616388205	NA	d__Bacteria	p__Actinomycetota	c__Actinobacteria	o__Micrococcales	f__Micrococcaceae	g__Pseudoglutamicibacter	NA
b7adcb2100790250a08c68c65e1ac793	1.2412150536364095	0.0017554632887620092	0.4887607079701855	0.0035916620549397617	0.9971342744600706	0.998890072806692	d__Bacteria	p__Actinomycetota	c__Actinobacteria	o__Bifidobacteriales	f__Bifidobacteriaceae	g__Gardnerella	NA
0b922e921dda6b4874f4f33ce8afeef9	1.0531791811445184	0.0017551796490457537	0.466766271650045	0.0037602966530574183	0.9969997244270533	NA	d__Bacteria	p__Actinomycetota	c__Actinobacteria	o__Bifidobacteriales	f__Bifidobacteriaceae	g__Gardnerella	NA
f6db88de2de2cc9c70a0fad702c78246	4.279053519063904	1.6363589338003832	0.7556212608082028	2.165580852039757	0.030343230894283604	0.14635429840977754	d__Bacteria	p__Actinomycetota	c__Actinobacteria	o__Bifidobacteriales	f__Bifidobacteriaceae	g__Gardnerella	NA
16d727e4303275d6c585035f380f0bac	1.0531791811445184	0.0017551796490457537	0.466766271650045	0.0037602966530574183	0.9969997244270533	NA	d__Bacteria	p__Actinomycetota	c__Actinobacteria	o__Bifidobacteriales	f__Bifidobacteriaceae	g__Gardnerella	NA
23bd044024010c3ba28e2542b98a22e1	13.845241403503715	-1.9187412084414313	0.8057450829608165	-2.381325370786954	0.01725046764391945	0.1000860465717259	d__Bacteria	p__Actinomycetota	c__Actinobacteria	o__Bifidobacteriales	f__Bifidobacteriaceae	g__Gardnerella	NA
282dd7867741c58a5b4084ad8dcf416e	1.0531791811445184	0.0017551796490457537	0.466766271650045	0.0037602966530574183	0.9969997244270533	NA	d__Bacteria	p__Actinomycetota	c__Actinobacteria	o__Bifidobacteriales	f__Bifidobacteriaceae	g__Gardnerella	NA
51f600c5b8221ceec71b58a89e76f628	1.0531791811445184	0.0017551796490457537	0.466766271650045	0.0037602966530574183	0.9969997244270533	NA	d__Bacteria	p__Actinomycetota	c__Actinobacteria	o__Bifidobacteriales	f__Bifidobacteriaceae	g__Gardnerella	NA
01f38fa800a7fd407b51470dc0693ac0	1.0531791811445184	0.0017551796490457537	0.466766271650045	0.0037602966530574183	0.9969997244270533	NA	d__Bacteria	p__Actinomycetota	c__Actinobacteria	o__Bifidobacteriales	f__Bifidobacteriaceae	g__Gardnerella	NA
668e458764cab40f83a216e41dd5b5e2	1.0531791811445184	0.0017551796490457537	0.466766271650045	0.0037602966530574183	0.9969997244270533	NA	d__Bacteria	p__Actinomycetota	c__Actinobacteria	o__Bifidobacteriales	f__Bifidobacteriaceae	g__Gardnerella	NA
a8e53bd66879cd51ecb4e7daf552accb	81.73665968063902	0.288764330513488	0.8868835997155333	0.3255943966109067	0.7447312522379304	0.9211150745751777	d__Bacteria	p__Actinomycetota	c__Actinobacteria	o__Bifidobacteriales	f__Bifidobacteriaceae	g__Gardnerella	NA
1de2e512028881b7a86c5aa9253def9d	1.0531791811445184	0.0017551796490457537	0.466766271650045	0.0037602966530574183	0.9969997244270533	NA	d__Bacteria	p__Actinomycetota	c__Actinobacteria	o__Bifidobacteriales	f__Bifidobacteriaceae	g__Gardnerella	NA
502417a975f52e88a31cf5254b2e04c8	1.0531791811445184	0.0017551796490457537	0.466766271650045	0.0037602966530574183	0.9969997244270533	NA	d__Bacteria	p__Actinomycetota	c__Actinobacteria	o__Bifidobacteriales	f__Bifidobacteriaceae	g__Gardnerella	NA
5509728c192071867b52bc7165eda7f3	1.3555482105129126	0.0017559494995382926	0.5256741695067265	0.0033403762280844267	0.9973347703368286	0.998890072806692	d__Bacteria	p__Actinomycetota	c__Actinobacteria	o__Bifidobacteriales	f__Bifidobacteriaceae	g__Bifidobacterium	NA
35ffcc3b809d667286737d79670b8de5	49.20081536836813	0.5048718313725592	0.8709657217880196	0.5796690027434142	0.5621378504930579	0.7518124258821409	d__Bacteria	p__Actinomycetota	c__Actinobacteria	o__Bifidobacteriales	f__Bifidobacteriaceae	g__Bifidobacterium	NA
5a6c87d6a4eb5e114959f6192f29b641	122.90650187663985	1.4996490797684643	1.0235743589419903	1.465110049570375	0.14289089527427845	0.4039576431433453	d__Bacteria	p__Actinomycetota	c__Actinobacteria	o__Bifidobacteriales	f__Bifidobacteriaceae	g__Bifidobacterium	NA
d131eed1a0c629350e24e1f52a5efd6d	1.1968864384074758	0.3387348548368245	0.4601314482831441	0.7361697534491977	0.4616273969745848	0.6870696622644521	d__Bacteria	p__Actinomycetota	c__Actinobacteria	o__Bifidobacteriales	f__Bifidobacteriaceae	g__Bifidobacterium	NA
33ba975cdb88b5073a2355ffdf01e9cb	1.0387075420010625	0.001755185388935554	0.4665044306682588	0.0037624195474870066	0.9969980306143457	NA	d__Bacteria	p__Actinomycetota	c__Actinobacteria	o__Bifidobacteriales	f__Bifidobacteriaceae	g__Bifidobacterium	NA
43713459a110c4089d11452e89ac4fb6	1.2702537682963542	0.0017556197124346843	0.49943606515928873	0.003515204117016964	0.9971952786831273	0.998890072806692	d__Bacteria	p__Actinomycetota	c__Actinobacteria	o__Bifidobacteriales	f__Bifidobacteriaceae	g__Bifidobacterium	NA
2c5e87b291147c04e1b8d1c808b1aee0	26.774412629915773	-0.7090391349158579	0.8645331737786768	-0.8201410384483108	0.4121357096496035	0.6642795753471423	d__Bacteria	p__Actinomycetota	c__Actinobacteria	o__Bifidobacteriales	f__Bifidobacteriaceae	g__Bifidobacterium	NA
81a0ecf2f6e7580667fbf3ed807a2857	1.1252665418180765	0.32873825567769627	0.47493173455599974	0.6921800161133144	0.4888242868444681	NA	d__Bacteria	p__Actinomycetota	c__Actinobacteria	o__Bifidobacteriales	f__Bifidobacteriaceae	g__Bifidobacterium	NA
315ca0a729f126b941ba111a16d4d97a	33.97441858310239	1.556044854744621	0.8576270475627555	1.8143607517587765	0.06962220408870823	0.2526171211798749	d__Bacteria	p__Actinomycetota	c__Actinobacteria	o__Bifidobacteriales	f__Bifidobacteriaceae	g__Bifidobacterium	NA
689a7bbbb932d7be2fa6b6f63dd0870e	1.6141119275380602	-0.03675783248966107	0.5895471682490535	-0.062349264773557136	0.9502846971446711	0.998890072806692	d__Bacteria	p__Actinomycetota	c__Actinobacteria	o__Bifidobacteriales	f__Bifidobacteriaceae	g__Alloscardovia	NA
e28aa253bc2dceaafb880d07d26119ab	1.1397167460748179	-0.5457457626052541	0.4116856653760364	-1.3256370296662292	0.18495995453400405	NA	d__Bacteria	p__Actinomycetota	c__Actinobacteria	o__Bifidobacteriales	f__Bifidobacteriaceae	g__Alloscardovia	NA
1975f0f2b6531e29f1c84e99f1b51ef8	1.0531791811445184	0.0017551796490457537	0.466766271650045	0.0037602966530574183	0.9969997244270533	NA	d__Bacteria	p__Actinomycetota	c__Actinobacteria	o__Frankiales	f__Acidothermaceae	g__Acidothermus	NA
68c56896f754db932a51a88ebad5bc6a	1.0531791811445184	0.0017551796490457537	0.466766271650045	0.0037602966530574183	0.9969997244270533	NA	d__Bacteria	p__Actinomycetota	c__Actinobacteria	o__Propionibacteriales	f__Nocardioidaceae	g__Nocardioides	NA
c070d17ea9249b3a012c4e1354e1b027	1.0531791811445184	0.0017551796490457537	0.466766271650045	0.0037602966530574183	0.9969997244270533	NA	d__Bacteria	p__Chloroflexota	c__TK10	o__Incertae_Sedis	f__Incertae_Sedis	g__Incertae_Sedis	NA
bb6cb69f08dfe2398860ed18e1a58f3a	1.0531791811445184	0.0017551796490457537	0.466766271650045	0.0037602966530574183	0.9969997244270533	NA	d__Bacteria	p__Chloroflexota	c__TK10	o__Incertae_Sedis	f__Incertae_Sedis	g__Incertae_Sedis	NA
5b2529faa44a3679b887ecd91b6b4149	1.0531791811445184	0.0017551796490457537	0.466766271650045	0.0037602966530574183	0.9969997244270533	NA	d__Bacteria	p__Chloroflexota	c__KD4-96	o__Incertae_Sedis	f__Incertae_Sedis	g__Incertae_Sedis	NA
ea83911b09160d6ded7f7e31d63027de	1.0531791811445184	0.0017551796490457537	0.466766271650045	0.0037602966530574183	0.9969997244270533	NA	d__Bacteria	p__Chloroflexota	c__Ktedonobacteria	o__Ktedonobacterales	f__JG30-KF-AS9	g__Incertae_Sedis	NA
cc40b03f4e9d74ac9bc80407a1c35c0e	1.0531791811445184	0.0017551796490457537	0.466766271650045	0.0037602966530574183	0.9969997244270533	NA	d__Bacteria	p__Chloroflexota	c__Ktedonobacteria	o__Ktedonobacterales	f__Ktedonobacteraceae	g__HSB_OF53-F07	NA
a66e729da5593cc36dc621e84ed68588	1.0531791811445184	0.0017551796490457537	0.466766271650045	0.0037602966530574183	0.9969997244270533	NA	d__Bacteria	p__Chloroflexota	c__JG30-KF-CM66	o__Incertae_Sedis	f__Incertae_Sedis	g__Incertae_Sedis	NA
623b51d2582de036b3fe6ca38c41b9e5	1.0531791811445184	0.0017551796490457537	0.466766271650045	0.0037602966530574183	0.9969997244270533	NA	d__Bacteria	p__Chloroflexota	c__Anaerolineae	o__Aggregatilineales	f__A4b	g__Incertae_Sedis	NA
636b8291108f765220c716517342c27f	1.0531791811445184	0.0017551796490457537	0.466766271650045	0.0037602966530574183	0.9969997244270533	NA	d__Bacteria	p__Chloroflexota	c__Anaerolineae	o__Aggregatilineales	f__Aggregatilineaceae	g__Incertae_Sedis	NA
9ce0086d44b41a642d0d7740c5a6a7c0	1.0531791811445184	0.0017551796490457537	0.466766271650045	0.0037602966530574183	0.9969997244270533	NA	d__Bacteria	p__Chloroflexota	c__Anaerolineae	o__Aggregatilineales	f__A4b	g__Incertae_Sedis	NA
fd24b747799680c987af5c5132286ed6	1.0531791811445184	0.0017551796490457537	0.466766271650045	0.0037602966530574183	0.9969997244270533	NA	d__Bacteria	p__Chloroflexota	c__OLB14	o__Incertae_Sedis	f__Incertae_Sedis	g__Incertae_Sedis	NA
74aaeb93ba19830fa0e2cc55966371bd	1.3549644213967287	0.6357841836380309	0.5152796599414015	1.2338623723481215	0.21725419278766364	0.5076515736640196	d__Bacteria	p__Bacillota	c__Incertae_Sedis	o__DTU014	f__Incertae_Sedis	g__Incertae_Sedis	NA
625f65a4c1b795150143c1c3a4442e25	1.154056761867121	0.24567269698863323	0.46056225400581435	0.5334190868918488	0.5937435078594075	NA	d__Bacteria	p__Bacillota	c__Incertae_Sedis	o__DTU014	f__Incertae_Sedis	g__Incertae_Sedis	NA
de68af3f62b2b04e42f894e18839bb57	23.387662440458772	0.25376513226773817	0.7785222516536986	0.32595745558807443	0.7444565441712641	0.9211150745751777	d__Bacteria	p__Bacillota	c__Bacilli	o__Erysipelotrichales	f__Erysipelotrichaceae	g__Dielma	NA
5edad5fe169fa3d414d60cf1f00af012	1.0387111791071326	-0.0367202936815816	0.4680886568603225	-0.07844730510643183	0.9374722454080626	NA	d__Bacteria	p__Bacillota	c__Bacilli	o__Erysipelotrichales	f__Erysipelotrichaceae	g__Dielma	NA
850cd943df43949eb6f9b3d608b92b87	1.372551558293973	0.6858157903881424	0.5280854444144953	1.2986833809603058	0.1940526097478008	0.47515534942964416	d__Bacteria	p__Bacillota	c__Bacilli	o__Erysipelotrichales	f__Erysipelotrichaceae	g__Faecalitalea	NA
04ca162b3dd2dc7f483ab3503bc605c3	1.0531791811445184	0.0017551796490457537	0.466766271650045	0.0037602966530574183	0.9969997244270533	NA	d__Bacteria	p__Bacillota	c__Bacilli	o__Erysipelotrichales	f__Erysipelotrichaceae	g__[Clostridium]_innocuum_group	NA
b5e0a6477e69e223d49eedc2c7c1b138	1.8044963121327204	0.0017563283441778715	0.5770405245242702	0.0030436828429439024	0.9975714962012471	0.998890072806692	d__Bacteria	p__Bacillota	c__Bacilli	o__Erysipelotrichales	f__Erysipelotrichaceae	g__[Clostridium]_innocuum_group	NA
5f8d35126b0a7321413d21487ec72b73	27.718133978958253	0.6524872494576621	0.7608885804397292	0.8575332397295011	0.3911502527422974	0.6568594364791762	d__Bacteria	p__Bacillota	c__Bacilli	o__Erysipelotrichales	f__Erysipelotrichaceae	g__[Clostridium]_innocuum_group	NA
79fa3dc8c1e23627e0313050a5403b91	1.2119780225815393	0.36854766104652875	0.46055128529314837	0.8002315329810494	0.42357666329335014	0.6642795753471423	d__Bacteria	p__Bacillota	c__Bacilli	o__Erysipelotrichales	f__Erysipelotrichaceae	g__[Clostridium]_innocuum_group	NA
517b36b986012394a442af4336b89612	1.2408505392064524	0.4262825049443319	0.4759616554851389	0.8956236285669483	0.37045381164615	0.6383107216596605	d__Bacteria	p__Bacillota	c__Bacilli	o__Erysipelotrichales	f__Erysipelotrichaceae	g__Absiella	NA
090a2700078857f3d9c8272d7949b0b6	1.0531791811445184	0.0017551796490457537	0.466766271650045	0.0037602966530574183	0.9969997244270533	NA	d__Bacteria	p__Bacillota	c__Bacilli	o__Erysipelotrichales	f__Erysipelotrichaceae	g__Absiella	NA
f7870a4e6cccb8a029cf6f0091c106f5	1.3568517739010848	0.3085393718324128	0.48453180160378084	0.6367783720514523	0.5242692158138446	0.7312977098634464	d__Bacteria	p__Bacillota	c__Bacilli	o__Erysipelotrichales	f__Erysipelotrichaceae	g__Amedibacillus	NA
dc0990f1635527c8d57f34a09fd6975a	1.038742922832062	-0.03671924186339007	0.468089205441176	-0.0784449661230321	0.9374741059134039	NA	d__Bacteria	p__Bacillota	c__Bacilli	o__Erysipelotrichales	f__Erysipelotrichaceae	g__Amedibacillus	NA
db30710da37e69642cc4285ba7316773	1.2258335603486163	0.0017552338700026616	0.47513070959675885	0.0036942126335978583	0.9970524514796317	0.998890072806692	d__Bacteria	p__Bacillota	c__Bacilli	o__Erysipelotrichales	f__Erysipelotrichaceae	g__Merdibacter	NA
ee5b57a629da222ad236b5d4bc329d71	1.5432176332695058	0.7976867936400489	0.5482339386645846	1.4550116973478402	0.14566602319425126	0.4072578973290602	d__Bacteria	p__Bacillota	c__Bacilli	o__Erysipelotrichales	f__Erysipelotrichaceae	g__Merdibacter	NA
25394a604bbcd078c80186b300dab8ee	1.97060934823206	0.0017565629063477542	0.6141403465262497	0.002860197862399641	0.997717895396298	0.998890072806692	d__Bacteria	p__Bacillota	c__Bacilli	o__Erysipelotrichales	f__Erysipelotrichaceae	g__Holdemanella	NA
b32f7f224c7c13fc104a6c85c344485d	1.0531791811445184	0.0017551796490457537	0.466766271650045	0.0037602966530574183	0.9969997244270533	NA	d__Bacteria	p__Bacillota	c__Bacilli	o__Erysipelotrichales	f__Erysipelotrichaceae	g__Holdemanella	NA
782a79a0725adc6ac22fc1fd15933a12	1.8168322582343472	1.1108415806412426	0.5653468936219099	1.9648849107927462	0.04942755954449272	0.20122881021334155	d__Bacteria	p__Bacillota	c__Bacilli	o__Erysipelotrichales	f__Erysipelotrichaceae	g__Holdemanella	NA
6dfb118aa8b73ede1bdb71dedc23838c	1.154320485662786	-0.6197857654561838	0.40567489524719563	-1.5277893030046164	0.12656485900154077	0.3743950632040652	d__Bacteria	p__Bacillota	c__Bacilli	o__Erysipelotrichales	f__Erysipelotrichaceae	g__Holdemanella	NA
b54d7ff733e379a247675f613c934cf5	1.1395063707465674	0.21324440964412975	0.4610745407538119	0.46249443592243444	0.6437267915165934	NA	d__Bacteria	p__Bacillota	c__Bacilli	o__Erysipelotrichales	f__Erysipelotrichaceae	g__Merdibacter	NA
cb3bfa7ac2b500c6a49d88ce9412dbea	2.664421967470263	1.259370962440571	0.6236253337475506	2.0194352190162563	0.04344200408610766	0.18435988306507173	d__Bacteria	p__Bacillota	c__Bacilli	o__Erysipelotrichales	f__Erysipelotrichaceae	NA	NA
7a3090aa682623800304aca0da51c22c	37.46585367153879	-0.4276083096713964	0.8032226222221213	-0.5323658694876084	0.5944726191411387	0.7777359646933634	d__Bacteria	p__Bacillota	c__Bacilli	o__Erysipelotrichales	f__Erysipelotrichaceae	g__Faecalitalea	NA
7f4767d01227d691b8e5125a2a7d997f	1.0531791811445184	0.0017551796490457537	0.466766271650045	0.0037602966530574183	0.9969997244270533	NA	d__Bacteria	p__Bacillota	c__Bacilli	o__Erysipelotrichales	f__Erysipelotrichaceae	g__Catenisphaera	NA
419af6db3c0709d63ffc1933ab11b24c	1.2119780225815395	0.3685476610465288	0.46055128529315026	0.8002315329810462	0.423576663293352	0.6642795753471423	d__Bacteria	p__Bacillota	c__Bacilli	o__Erysipelotrichales	f__Erysipelotrichaceae	g__Faecalicoccus	NA
a01b3da2645cda5a1311bca65b756fb2	3.197561152503376	2.298186639943066	0.6911136692211769	3.3253381350898703	8.831136145699067e-4	0.01140451022686514	d__Bacteria	p__Bacillota	c__Bacilli	o__Erysipelotrichales	f__Erysipelotrichaceae	g__Dielma	NA
a1c8a4289a5c93d48a8c7cc17815ba8a	1.0531791811445184	0.0017551796490457537	0.466766271650045	0.0037602966530574183	0.9969997244270533	NA	d__Bacteria	p__Bacillota	c__Bacilli	o__Erysipelotrichales	f__Erysipelotrichaceae	g__Solobacterium	NA
6412ab154c6964a9aecd4261cdfbbcd4	1.87424945178731	0.9032836959146635	0.5825659907287494	1.550525966654385	0.12101532598983943	0.365174388225621	d__Bacteria	p__Bacillota	c__Bacilli	o__Erysipelotrichales	f__Erysipelotrichaceae	g__Bulleidia	NA
ceea2487869e64d181f4153068628882	1.0531791811445184	0.0017551796490457537	0.466766271650045	0.0037602966530574183	0.9969997244270533	NA	d__Bacteria	p__Bacillota	c__Bacilli	o__Erysipelotrichales	f__Erysipelotrichaceae	NA	NA
8e493df449e84acb4e24f5811ff3599b	11.38825821057622	3.15554701247185	0.8912061253181698	3.540760013678415	3.9897629794567247e-4	0.006655146303232676	d__Bacteria	p__Bacillota	c__Bacilli	o__Erysipelotrichales	f__Erysipelotrichaceae	g__Solobacterium	NA
c6d8e1d8298539bc261c4880b684c882	1.1829855285399673	-0.7572637485109698	0.3956822655140477	-1.9138177636725167	0.055643444943255946	0.21783458531208347	d__Bacteria	p__Bacillota	c__Bacilli	o__Erysipelotrichales	f__Erysipelotrichaceae	g__Solobacterium	NA
2fb5a4a7d5e419920ec9257327a118ca	1.6874346351641965	-0.3682800236175059	0.47166894932443565	-0.7808019250471921	0.43491900166643255	0.6773334689600096	d__Bacteria	p__Bacillota	c__Bacilli	o__Erysipelotrichales	f__Erysipelotrichaceae	g__Holdemania	NA
aa052f6ed7696840ff494c82879d3e1a	1.7417575438097235	0.23797500693537288	0.533982911622991	0.4456603418488995	0.6558426156247441	0.8308723432123605	d__Bacteria	p__Bacillota	c__Bacilli	o__Erysipelotrichales	f__Erysipelotrichaceae	g__Holdemania	NA
50c6b94dfbe5aeb899b25d4f5f37ddf4	1.1977067514141364	0.001755197415329451	0.4723495077468794	0.0037158870424186374	0.9970351579221676	0.998890072806692	d__Bacteria	p__Bacillota	c__Bacilli	o__Erysipelotrichales	f__Erysipelotrichaceae	g__Holdemania	NA
6f980c6f3f2ffefd2013c721461cc1c6	8.084389093315263	0.047908571124516755	0.6608878522330075	0.07249122670759238	0.9422109871744714	0.998890072806692	d__Bacteria	p__Bacillota	c__Bacilli	o__Erysipelotrichales	f__Erysipelotrichaceae	g__Holdemania	NA
f484c995c0321753b4a7a37bc48d454a	1.1974983059931716	0.3387940507728505	0.46016337020386694	0.7362473258633212	0.46158019578873566	0.6870696622644521	d__Bacteria	p__Bacillota	c__Bacilli	o__Erysipelotrichales	f__Erysipelotrichaceae	g__Holdemania	NA
e865f29a716e8d51f83931befa951240	63.249294062797944	-0.45405282103476846	0.8970118353361385	-0.5061837571681768	0.6127276565162245	0.7955523410551196	d__Bacteria	p__Bacillota	c__Bacilli	o__Erysipelotrichales	f__Erysipelatoclostridiaceae	g__Erysipelotrichaceae_UCG-003	NA
281d1d3fcec26d4fb13e9dcc637c143d	1.0531791811445184	0.0017551796490457537	0.466766271650045	0.0037602966530574183	0.9969997244270533	NA	d__Bacteria	p__Bacillota	c__Bacilli	o__Erysipelotrichales	f__Erysipelatoclostridiaceae	g__Erysipelotrichaceae_UCG-003	NA
e9f900358bb9297e10b9fbb1321b1e6e	9.349894708344829	0.45646869236338977	0.7299194904064541	0.6253685486726847	0.5317291993803953	0.7336901463490294	d__Bacteria	p__Bacillota	c__Bacilli	o__Erysipelotrichales	f__Erysipelatoclostridiaceae	g__Thomasclavelia	NA
200af66382877237f566d2bd8b55fc07	1.197584300552829	0.3388023662762595	0.4601678641664168	0.7362582063178009	0.46157357547611716	0.6870696622644521	d__Bacteria	p__Bacillota	c__Bacilli	o__Erysipelotrichales	f__Erysipelatoclostridiaceae	g__Thomasclavelia	NA
bd5ab72117a5582f67a888c1f7e57ca7	1.2697230558313652	0.4817728834287991	0.466216954089015	1.0333662883843002	0.30143251650071545	0.5793513723530769	d__Bacteria	p__Bacillota	c__Bacilli	o__Erysipelotrichales	f__Erysipelatoclostridiaceae	g__Thomasclavelia	NA
8f4dea09ecd34aac65b4fdf5d1c37ff1	1.1826699655475916	0.3083856746205167	0.46005740072210194	0.670319995149469	0.5026538233832575	0.7061368533742548	d__Bacteria	p__Bacillota	c__Bacilli	o__Erysipelotrichales	f__Erysipelatoclostridiaceae	g__Thomasclavelia	NA
a663a01aeb4dbb88bbe0a9840e8f64dc	23.568211869146598	-0.3645147806039125	0.7951939038054502	-0.4583973529720289	0.6466669930575398	0.8239132858793992	d__Bacteria	p__Bacillota	c__Bacilli	o__Erysipelotrichales	f__Erysipelatoclostridiaceae	g__Thomasclavelia	NA
38a54077b88e4a2c2eb7f723da920bd1	1.1826699655475919	0.3083856746205165	0.4600574007221026	0.6703199951494677	0.5026538233832583	0.7061368533742548	d__Bacteria	p__Bacillota	c__Bacilli	o__Erysipelotrichales	f__Erysipelatoclostridiaceae	g__Thomasclavelia	NA
075de4b64188bb21f1eab54a2bc06fc0	1.038742922832062	0.1172348361979989	0.48059246176945103	0.2439381503537577	0.807278721789559	NA	d__Bacteria	p__Bacillota	c__Bacilli	o__Erysipelotrichales	f__Erysipelatoclostridiaceae	g__Thomasclavelia	NA
c0f9afc03ac59992eccc5e6fc3a38ec6	1.16866924764417	0.2773947120062041	0.46022270481967664	0.6027401714456748	0.5466815530946634	0.7336901463490294	d__Bacteria	p__Bacillota	c__Bacilli	o__Erysipelotrichales	f__Erysipelatoclostridiaceae	g__Massiliomicrobiota	NA
a333ee090a52b582e1a0e2dd776eb937	6.136935342935788	2.0095809275077645	0.781145799673073	2.5726067122793457	0.010093583394908446	0.06734663142936136	d__Bacteria	p__Bacillota	c__Bacilli	o__Erysipelotrichales	f__Erysipelatoclostridiaceae	g__Coprobacillus	NA
31e3f64d5d2212f7d32e2dc3e2142ff3	1.0531791811445184	0.0017551796490457537	0.466766271650045	0.0037602966530574183	0.9969997244270533	NA	d__Bacteria	p__Bacillota	c__Bacilli	o__Erysipelotrichales	f__Erysipelatoclostridiaceae	g__Catenibacterium	NA
1541faf3a457cc8cc05b01ce30983449	1.0386837729171505	0.11724054876596281	0.4805921024796043	0.24395021924218643	0.8072693745113354	NA	d__Bacteria	p__Bacillota	c__Bacilli	o__Erysipelotrichales	f__Erysipelatoclostridiaceae	g__Catenibacterium	NA
533b6c05a74b2c25a94f884d6fe42f9d	12.321984022742425	-1.7990050551415997	0.7732355863758926	-2.326593714566896	0.019986899393357307	0.11061873811715266	d__Bacteria	p__Bacillota	c__Bacilli	o__Erysipelotrichales	f__Erysipelatoclostridiaceae	g__Catenibacterium	NA
a39090b6ec547ca876f6583c79c7f963	1.0531791811445184	0.0017551796490457537	0.466766271650045	0.0037602966530574183	0.9969997244270533	NA	d__Bacteria	p__Bacillota	c__Bacilli	o__Erysipelotrichales	f__Erysipelatoclostridiaceae	g__Catenibacterium	NA
ba64f4fa502258a89d2b7468af3cbb28	2.987766038841654	0.9033735474393939	0.6849458477234314	1.318897764607166	0.1872032935904258	0.46839824083771125	d__Bacteria	p__Bacillota	c__Bacilli	o__Erysipelotrichales	f__Erysipelatoclostridiaceae	g__Longibaculum	NA
6cce9922d65c4b649c6b35a233bd7dc2	1.1833911994809885	0.30844737402850547	0.46008985160472704	0.6704068193477546	0.5025984886685927	0.7061368533742548	d__Bacteria	p__Bacillota	c__Bacilli	o__Erysipelotrichales	f__Erysipelatoclostridiaceae	g__Longibaculum	NA
2e81e4d1a54e1636af43e46fa332ab11	1.3559245112223022	0.14610821063230062	0.5091874741522409	0.2869438429834903	0.7741553195340685	0.9487352436330777	d__Bacteria	p__Bacillota	c__Bacilli	o__Erysipelotrichales	f__Erysipelatoclostridiaceae	g__Massiliomicrobiota	NA
51ea85f428a5daaaf348c94671af386e	1.3408129880352035	-0.6652167214151047	0.40708640497112525	-1.6340922057131548	0.10223949120960849	0.32570193353511884	d__Bacteria	p__Bacillota	c__Bacilli	o__Erysipelotrichales	f__Erysipelatoclostridiaceae	g__Massiliomicrobiota	NA
44d7de38545dc197783053e56c9d6933	1.096489888013007	-0.03672087589796187	0.46936461377729427	-0.07823528834533171	0.9376408919909007	NA	d__Bacteria	p__Bacillota	c__Clostridia	o__Peptostreptococcales-Tissierellales	f__Family_XI	g__Helcococcus	NA
a1b31da3a50890aadc04fca003e3e007	1.7443083911294188	0.0017565059345380513	0.5956285164138154	0.002948995701404114	0.9976470452704176	0.998890072806692	d__Bacteria	p__Bacillota	c__Bacilli	o__Lactobacillales	f__Streptococcaceae	g__Streptococcus	NA
b4e5ceb47185c8dc0d6f6b2d9d5d108f	1.1976667590277579	-0.8214712381207327	0.39166930692363855	-2.097359235455461	0.03596178681232526	0.15830088786122318	d__Bacteria	p__Bacillota	c__Bacilli	o__Lactobacillales	f__Streptococcaceae	g__Streptococcus	NA
393625590ff2fa81911647ff974e2047	1.1396010783031916	0.21325027518588052	0.46107745684374785	0.4625042322512588	0.6437197680034821	NA	d__Bacteria	p__Bacillota	c__Bacilli	o__Lactobacillales	f__Streptococcaceae	g__Streptococcus	NA
5ae6c57554c708cdfa18bcdf68b3bc4b	1.1823469586491595	0.0017551848189234992	0.4712648286920313	0.0037244129246710705	0.9970283552994238	0.998890072806692	d__Bacteria	p__Bacillota	c__Bacilli	o__Lactobacillales	f__Streptococcaceae	g__Streptococcus	NA
fd2eb1fe2266eed160a855f715f7c77e	545.5524678129934	-1.3640297576582607	0.9762403516677803	-1.397227389062532	0.1623452029203003	0.42606364625617743	d__Bacteria	p__Bacillota	c__Bacilli	o__Lactobacillales	f__Streptococcaceae	g__Streptococcus	NA
205f8255db56fbbc2c5999ed97063cab	1.0242486829405157	-0.03671908051074795	0.46784353050970545	-0.07848581441479656	0.9374416138699776	NA	d__Bacteria	p__Bacillota	c__Bacilli	o__Lactobacillales	f__Streptococcaceae	g__Streptococcus	NA
3e54e2e7fb35c65339f6304a96609bd6	1.154004727829637	0.001755171265906433	0.4697047179747392	0.0037367546007933145	0.9970185081351145	NA	d__Bacteria	p__Bacillota	c__Bacilli	o__Lactobacillales	f__Streptococcaceae	g__Streptococcus	NA
8a4d2ed84fa8862ba688b236ad9532a2	1.0386774672947785	0.0017551853781239354	0.4665038679123682	0.0037624240630168655	0.9969980270114996	NA	d__Bacteria	p__Bacillota	c__Bacilli	o__Lactobacillales	f__Streptococcaceae	g__Streptococcus	NA
edc9e5c16e40aff1eadce6597940f08f	1.7434027324858152	1.1952034821070983	0.5727970797857214	2.0866088956916715	0.03692350251498724	0.16067074826267996	d__Bacteria	p__Bacillota	c__Bacilli	o__Lactobacillales	f__Streptococcaceae	g__Streptococcus	NA
a8a9a05f11ee2bad8fa87bdfb414b594	1.3112064156378893	0.0017558021877361295	0.5132267206158185	0.0034211043915043046	0.9972703589497244	0.998890072806692	d__Bacteria	p__Bacillota	c__Bacilli	o__Lactobacillales	f__Streptococcaceae	g__Streptococcus	NA
6b0ad7f7a533a2b9479cc58d760b69b1	1.1538942356802422	0.24566156149544455	0.460556650442027	0.5334013986328647	0.5937557495389971	NA	d__Bacteria	p__Bacillota	c__Bacilli	o__Lactobacillales	f__Streptococcaceae	g__Streptococcus	NA
06f825b512d903b9230e1a55d87359ee	34.1785062210176	0.4558918514475783	0.8582703530520239	0.5311751126278791	0.5952974374067117	0.7779675977426124	d__Bacteria	p__Bacillota	c__Bacilli	o__Lactobacillales	f__Streptococcaceae	g__Streptococcus	NA
6e6bf831e6f7e98cffe6824ba27a738e	1.0387304233561943	0.11723604757904306	0.4805923863206676	0.24394070924964503	0.8072767399384805	NA	d__Bacteria	p__Bacillota	c__Bacilli	o__Lactobacillales	f__Streptococcaceae	g__Streptococcus	NA
48d5ac89b4bda862faac90161aff5a86	1.0387264241175567	0.0017551853957245892	0.4665047840706333	0.003762416711805548	0.9969980328768762	NA	d__Bacteria	p__Bacillota	c__Bacilli	o__Lactobacillales	f__Streptococcaceae	g__Streptococcus	NA
fd496fd32dc8c08ade2e8b6c9d8ee13d	7.459391107421917	-0.36945198593298334	0.7461744778377961	-0.4951281461723957	0.6205096669993594	0.803051842743783	d__Bacteria	p__Bacillota	c__Bacilli	o__Lactobacillales	f__Streptococcaceae	g__Streptococcus	NA
735cb9abbbc8ff2b5b354be608a3a869	13.78093181673536	0.50865192413421	0.8358359627463395	0.6085547246171511	0.5428196222313497	0.7336901463490294	d__Bacteria	p__Bacillota	c__Bacilli	o__Lactobacillales	f__Streptococcaceae	g__Streptococcus	NA
9fec7bdd6bd88e710bd69b15692e54a0	1.328652309808123	0.6125496077435236	0.5077367723626431	1.2064314445714788	0.22765117776977797	0.5182506720239989	d__Bacteria	p__Bacillota	c__Bacilli	o__Lactobacillales	f__Streptococcaceae	g__Streptococcus	NA
2f590cb63f9311c157ef8aee6b18b188	1.0387264241175567	0.0017551853957245892	0.4665047840706333	0.003762416711805548	0.9969980328768762	NA	d__Bacteria	p__Bacillota	c__Bacilli	o__Lactobacillales	f__Streptococcaceae	g__Streptococcus	NA
a140d9cb4a810eab90930f0ac2bbbd84	1.1689522942921644	0.2774162632873843	0.460233798626134	0.6027724693742895	0.5466600638157617	0.7336901463490294	d__Bacteria	p__Bacillota	c__Bacilli	o__Lactobacillales	f__Streptococcaceae	g__Streptococcus	NA
a50e77cfb93d3d562a352bc70bcd47e9	1.2115051084836677	0.3684955039380271	0.4605223538066767	0.8001685496741778	0.42361314891717594	0.6642795753471423	d__Bacteria	p__Bacillota	c__Bacilli	o__Lactobacillales	f__Streptococcaceae	g__Streptococcus	NA
e3055f1b3a2ef5ffe239567f02e0e758	2.59539546540884	-1.7543707507142006	0.5687377600508269	-3.0846742979706785	0.002037751709846133	0.021281215682827873	d__Bacteria	p__Bacillota	c__Bacilli	o__Lactobacillales	f__Streptococcaceae	g__Streptococcus	NA
f205db64334376cebee550bcc6276cb1	1.0531791811445184	0.0017551796490457537	0.466766271650045	0.0037602966530574183	0.9969997244270533	NA	d__Bacteria	p__Bacillota	c__Bacilli	o__Lactobacillales	f__Streptococcaceae	g__Streptococcus	NA
390ca9f4841e42ba2e0088023131f7c4	1.0531791811445184	0.0017551796490457537	0.466766271650045	0.0037602966530574183	0.9969997244270533	NA	d__Bacteria	p__Bacillota	c__Bacilli	o__Lactobacillales	f__Streptococcaceae	g__Streptococcus	NA
b3d2cc3b9f0184830bec2ef73bcc6166	1.0531791811445184	0.0017551796490457537	0.466766271650045	0.0037602966530574183	0.9969997244270533	NA	d__Bacteria	p__Bacillota	c__Bacilli	o__Lactobacillales	f__Streptococcaceae	g__Lactococcus	NA
d114fb4c335125128be28401522dd41a	1.4281958094082767	0.7537692934390066	0.5076557441210704	1.4848040274695302	0.13759574473393835	0.3920147236724744	d__Bacteria	p__Bacillota	c__Bacilli	o__Lactobacillales	f__Streptococcaceae	g__Lactococcus	NA
be1aa9c7efbdbcf5331f7c8a9487c845	1.1543484803332507	0.0017551714963367237	0.4697172090236004	0.0037366557209713323	0.9970185870292471	0.998890072806692	d__Bacteria	p__Bacillota	c__Bacilli	o__Lactobacillales	f__Streptococcaceae	g__Streptococcus	NA
be62709da7b40d14392016ea7a3ae843	1.0531791811445184	0.0017551796490457537	0.466766271650045	0.0037602966530574183	0.9969997244270533	NA	d__Bacteria	p__Bacillota	c__Bacilli	o__Paenibacillales	f__Paenibacillaceae	g__Fontibacillus	NA
bd2ad00d586fbb853586dae6812f7b24	1.4733017465002276	0.0017559809744802112	0.5322654181071816	0.003299070190817115	0.9973677276046254	0.998890072806692	d__Bacteria	p__Bacillota	c__Bacilli	o__Lactobacillales	f__Lactobacillaceae	g__Pediococcus	NA
bd7bb5b11e9ccba1afbf45d9e0d5808a	1.0531791811445184	0.0017551796490457537	0.466766271650045	0.0037602966530574183	0.9969997244270533	NA	d__Bacteria	p__Bacillota	c__Bacilli	o__Lactobacillales	f__Lactobacillaceae	g__Limosilactobacillus	NA
7bf8bd74563c4e9d340cbbdcbec06524	1.0531791811445184	0.0017551796490457537	0.466766271650045	0.0037602966530574183	0.9969997244270533	NA	d__Bacteria	p__Bacillota	c__Bacilli	o__Lactobacillales	f__Lactobacillaceae	g__HT002	NA
1a069ea36017c7efc95d851374fa7382	1.0531791811445184	0.0017551796490457537	0.466766271650045	0.0037602966530574183	0.9969997244270533	NA	d__Bacteria	p__Bacillota	c__Bacilli	o__Lactobacillales	f__Lactobacillaceae	g__Limosilactobacillus	NA
2ef1e51ab1cf99a3c6417b05a060830e	1.2695637976650758	-0.34407893500618336	0.40219012434677964	-0.8555131371388642	0.3922671347859329	0.6568594364791762	d__Bacteria	p__Bacillota	c__Bacilli	o__Lactobacillales	f__Lactobacillaceae	NA	NA
66ae4257e6338ac409fd953c0ab441d5	1.0531791811445184	0.0017551796490457537	0.466766271650045	0.0037602966530574183	0.9969997244270533	NA	d__Bacteria	p__Bacillota	c__Bacilli	o__Lactobacillales	f__Lactobacillaceae	NA	NA
814bfbcbcb52ced93388ec7c6a771752	1.0531791811445184	0.0017551796490457537	0.466766271650045	0.0037602966530574183	0.9969997244270533	NA	d__Bacteria	p__Bacillota	c__Bacilli	o__Lactobacillales	f__Lactobacillaceae	NA	NA
eb9529f0c886343a7359dc1a014da203	1.0531791811445184	0.0017551796490457537	0.466766271650045	0.0037602966530574183	0.9969997244270533	NA	d__Bacteria	p__Bacillota	c__Bacilli	o__Lactobacillales	f__Lactobacillaceae	g__Limosilactobacillus	NA
20c93503da260c528c1b59f783184b6d	1.0531791811445184	0.0017551796490457537	0.466766271650045	0.0037602966530574183	0.9969997244270533	NA	d__Bacteria	p__Bacillota	c__Bacilli	o__Lactobacillales	f__Lactobacillaceae	g__Limosilactobacillus	NA
95b3524e555cc42a09f7b09ef63189fa	1.0531791811445184	0.0017551796490457537	0.466766271650045	0.0037602966530574183	0.9969997244270533	NA	d__Bacteria	p__Bacillota	c__Bacilli	o__Lactobacillales	f__Lactobacillaceae	NA	NA
9a075c19908c02c511f36816e2237d72	1.0531791811445184	0.0017551796490457537	0.466766271650045	0.0037602966530574183	0.9969997244270533	NA	d__Bacteria	p__Bacillota	c__Bacilli	o__Lactobacillales	f__Lactobacillaceae	g__Limosilactobacillus	NA
d25415ae2df908f2bd472a1ccf16ee51	1.0531791811445184	0.0017551796490457537	0.466766271650045	0.0037602966530574183	0.9969997244270533	NA	d__Bacteria	p__Bacillota	c__Bacilli	o__Lactobacillales	f__Lactobacillaceae	g__HT002	NA
581a55014641e1cd55cdc272c0365a28	1.0531791811445184	0.0017551796490457537	0.466766271650045	0.0037602966530574183	0.9969997244270533	NA	d__Bacteria	p__Bacillota	c__Bacilli	o__Lactobacillales	f__Lactobacillaceae	g__Limosilactobacillus	NA
ff3739dd5a3c35cf09f01a391ce07570	1.0531791811445184	0.0017551796490457537	0.466766271650045	0.0037602966530574183	0.9969997244270533	NA	d__Bacteria	p__Bacillota	c__Bacilli	o__Lactobacillales	f__Lactobacillaceae	g__Limosilactobacillus	NA
149e4854b7b2f3c7c6a175482ffab23e	1.0531791811445184	0.0017551796490457537	0.466766271650045	0.0037602966530574183	0.9969997244270533	NA	d__Bacteria	p__Bacillota	c__Bacilli	o__Lactobacillales	f__Lactobacillaceae	g__Limosilactobacillus	NA
18916ff01c5cc30f13e73cab657abe0e	1.8880665095363165	-0.8866364338312263	0.49565394961410164	-1.7888214842664514	0.07364356977588049	0.2632319264905728	d__Bacteria	p__Bacillota	c__Bacilli	o__Lactobacillales	f__Lactobacillaceae	g__Lactobacillus	NA
53dc403fe18d6241b8b05a0853471556	1.0531791811445184	0.0017551796490457537	0.466766271650045	0.0037602966530574183	0.9969997244270533	NA	d__Bacteria	p__Bacillota	c__Bacilli	o__Lactobacillales	f__Lactobacillaceae	g__Lactobacillus	NA
797be95b1577a87d579b6bee98485d87	1.0387304233561943	0.11723604757904306	0.4805923863206676	0.24394070924964503	0.8072767399384805	NA	d__Bacteria	p__Bacillota	c__Bacilli	o__Lactobacillales	f__Lactobacillaceae	g__Lactobacillus	NA
0640e9dab39f8ff89a9bdef119e0fe6f	1.0531791811445184	0.0017551796490457537	0.466766271650045	0.0037602966530574183	0.9969997244270533	NA	d__Bacteria	p__Bacillota	c__Bacilli	o__Lactobacillales	f__Lactobacillaceae	g__Lactobacillus	NA
f7447c8e079023f4f2579d8580575dd3	332.4756119363622	-1.1170925088316017	0.6495548061648837	-1.7197817616455873	0.08547211907822332	0.281238397295743	d__Bacteria	p__Bacillota	c__Bacilli	o__Lactobacillales	f__Lactobacillaceae	g__Lactobacillus	NA
cb9d64ad78fab4cdb5b990e951460a2c	1.0531791811445184	0.0017551796490457537	0.466766271650045	0.0037602966530574183	0.9969997244270533	NA	d__Bacteria	p__Bacillota	c__Bacilli	o__Lactobacillales	f__Lactobacillaceae	g__Lactobacillus	NA
29314436954b65ebdb30b273a9c40043	1.0387186569978308	0.0017551853929319175	0.4665046386916679	0.0037624178783182294	0.9969980319461402	NA	d__Bacteria	p__Bacillota	c__Bacilli	o__Lactobacillales	f__Lactobacillaceae	g__Lactobacillus	NA
e7ce00b0e59f5a4a080ac984080d8dee	1.0531791811445184	0.0017551796490457537	0.466766271650045	0.0037602966530574183	0.9969997244270533	NA	d__Bacteria	p__Bacillota	c__Bacilli	o__Lactobacillales	f__Lactobacillaceae	g__Lactobacillus	NA
fcf550b93132029d88ab8865dad8ed66	1.0531791811445184	0.0017551796490457537	0.466766271650045	0.0037602966530574183	0.9969997244270533	NA	d__Bacteria	p__Bacillota	c__Bacilli	o__Lactobacillales	f__Lactobacillaceae	g__Lactobacillus	NA
3a5632d9c409049eb130a69aadbb0f22	1.0531791811445184	0.0017551796490457537	0.466766271650045	0.0037602966530574183	0.9969997244270533	NA	d__Bacteria	p__Bacillota	c__Bacilli	o__Lactobacillales	f__Lactobacillaceae	g__Lactobacillus	NA
3740da8e2b75174ae1fa2531a5c50fab	1.0531791811445184	0.0017551796490457537	0.466766271650045	0.0037602966530574183	0.9969997244270533	NA	d__Bacteria	p__Bacillota	c__Bacilli	o__Lactobacillales	f__Lactobacillaceae	g__Lactobacillus	NA
232aa5d7540fb57bd4f9cf8be191c9a8	1.0531791811445184	0.0017551796490457537	0.466766271650045	0.0037602966530574183	0.9969997244270533	NA	d__Bacteria	p__Bacillota	c__Bacilli	o__Lactobacillales	f__Lactobacillaceae	g__Lactobacillus	NA
73133b45b140eb6dd888998e03250e84	1.0531791811445184	0.0017551796490457537	0.466766271650045	0.0037602966530574183	0.9969997244270533	NA	d__Bacteria	p__Bacillota	c__Bacilli	o__Lactobacillales	f__Lactobacillaceae	g__Lactobacillus	NA
7656df7fd630620c3e31f81604a67bac	1.0531791811445184	0.0017551796490457537	0.466766271650045	0.0037602966530574183	0.9969997244270533	NA	d__Bacteria	p__Bacillota	c__Bacilli	o__Lactobacillales	f__Lactobacillaceae	g__Lactobacillus	NA
ab331fff290777ec31cb379b7258fc9e	1.0531791811445184	0.0017551796490457537	0.466766271650045	0.0037602966530574183	0.9969997244270533	NA	d__Bacteria	p__Bacillota	c__Bacilli	o__Lactobacillales	f__Lactobacillaceae	g__Lactobacillus	NA
1a537ff77f046aaacf7588f1a0687cc4	1.0531791811445184	0.0017551796490457537	0.466766271650045	0.0037602966530574183	0.9969997244270533	NA	d__Bacteria	p__Bacillota	c__Bacilli	o__Lactobacillales	f__Lactobacillaceae	g__Lactobacillus	NA
0df6c802966e8670279671824da4f10a	14.227062805570213	4.648748524007877	0.8458765670595836	5.495776458458648	3.889950133536761e-8	2.7481353590456763e-6	d__Bacteria	p__Bacillota	c__Bacilli	o__Lactobacillales	f__Lactobacillaceae	g__Lactobacillus	NA
dd2e6b7323c370b05ba4d9a0568f99e9	1.0531791811445184	0.0017551796490457537	0.466766271650045	0.0037602966530574183	0.9969997244270533	NA	d__Bacteria	p__Bacillota	c__Bacilli	o__Lactobacillales	f__Lactobacillaceae	g__Lactobacillus	NA
5bbd680b1ac82cec54b4f2897f339639	1.0531791811445184	0.0017551796490457537	0.466766271650045	0.0037602966530574183	0.9969997244270533	NA	d__Bacteria	p__Bacillota	c__Bacilli	o__Lactobacillales	f__Lactobacillaceae	g__Lactobacillus	NA
2858fb0d985caf63ed6f75ab7b85482e	1.0531791811445184	0.0017551796490457537	0.466766271650045	0.0037602966530574183	0.9969997244270533	NA	d__Bacteria	p__Bacillota	c__Bacilli	o__Lactobacillales	f__Lactobacillaceae	NA	NA
270296d9e9385f6ff7c5aa4302ba38d6	1.0531791811445184	0.0017551796490457537	0.466766271650045	0.0037602966530574183	0.9969997244270533	NA	d__Bacteria	p__Bacillota	c__Bacilli	o__Lactobacillales	f__Lactobacillaceae	NA	NA
8d01ff094cd1dbccba56575774169322	1.1395063707465674	0.21324440964412975	0.46107454075380977	0.46249443592243655	0.643726791516592	NA	d__Bacteria	p__Bacillota	c__Bacilli	o__Lactobacillales	f__Lactobacillaceae	g__Incertae_Sedis	NA
3bac14d2805bf995afe9d316a5777b1e	34.37170716347951	-1.2446868168344765	0.7670188425957346	-1.6227591132210317	0.10464090923728937	0.33159296040629166	d__Bacteria	p__Bacillota	c__Bacilli	o__Lactobacillales	f__Lactobacillaceae	g__Lactobacillus	NA
78500c826f22cac8943b1e6a24736ddf	1.0387205801281543	0.0017551853936233408	0.4665046746863504	0.003762417589498801	0.9969980321765832	NA	d__Bacteria	p__Bacillota	c__Bacilli	o__Lactobacillales	f__Lactobacillaceae	g__Lactobacillus	NA
67712faac9e2fae22c08613a11104b10	1.0531791811445184	0.0017551796490457537	0.466766271650045	0.0037602966530574183	0.9969997244270533	NA	d__Bacteria	p__Bacillota	c__Bacilli	o__Lactobacillales	f__Lactobacillaceae	g__Lactobacillus	NA
e55126d48e57348ad1410ca3c987d5a7	1.0531791811445184	0.0017551796490457537	0.466766271650045	0.0037602966530574183	0.9969997244270533	NA	d__Bacteria	p__Bacillota	c__Bacilli	o__Lactobacillales	f__Lactobacillaceae	g__Lactobacillus	NA
4c8e9e9625bae27df7fdc81da666be14	1.0387205801281543	0.0017551853936233408	0.4665046746863504	0.003762417589498801	0.9969980321765832	NA	d__Bacteria	p__Bacillota	c__Bacilli	o__Lactobacillales	f__Lactobacillaceae	g__Lactobacillus	NA
c2ce9ab4dfd49adefe174ba650b84aae	1.0531791811445184	0.0017551796490457537	0.466766271650045	0.0037602966530574183	0.9969997244270533	NA	d__Bacteria	p__Bacillota	c__Bacilli	o__Lactobacillales	f__Lactobacillaceae	g__Lactobacillus	NA
05b07ca026c6d57a6d11a453a16f59c8	1.0531791811445184	0.0017551796490457537	0.466766271650045	0.0037602966530574183	0.9969997244270533	NA	d__Bacteria	p__Bacillota	c__Bacilli	o__Lactobacillales	f__Lactobacillaceae	g__Lactobacillus	NA
5513af247a74e9450c886a68765a8f6e	1.0531791811445184	0.0017551796490457537	0.466766271650045	0.0037602966530574183	0.9969997244270533	NA	d__Bacteria	p__Bacillota	c__Bacilli	o__Lactobacillales	f__Lactobacillaceae	g__Lactobacillus	NA
0cf9119c9d8e440d5dd731e22ce0f537	1.0531791811445184	0.0017551796490457537	0.466766271650045	0.0037602966530574183	0.9969997244270533	NA	d__Bacteria	p__Bacillota	c__Bacilli	o__Lactobacillales	f__Lactobacillaceae	g__Lactobacillus	NA
456d174dbfd7362d3148d338ba43b555	1.0531791811445184	0.0017551796490457537	0.466766271650045	0.0037602966530574183	0.9969997244270533	NA	d__Bacteria	p__Bacillota	c__Bacilli	o__Lactobacillales	f__Lactobacillaceae	g__Lactobacillus	NA
abacccb67bb672221511c894fffbe89c	1.0531791811445184	0.0017551796490457537	0.466766271650045	0.0037602966530574183	0.9969997244270533	NA	d__Bacteria	p__Bacillota	c__Bacilli	o__Lactobacillales	f__Lactobacillaceae	g__Lactobacillus	NA
8961809ef142e965d189908690f2a529	1.0531791811445184	0.0017551796490457537	0.466766271650045	0.0037602966530574183	0.9969997244270533	NA	d__Bacteria	p__Bacillota	c__Bacilli	o__Lactobacillales	f__Lactobacillaceae	g__Lactobacillus	NA
2fb128b23cc1639587e021767929870b	1.0531791811445184	0.0017551796490457537	0.466766271650045	0.0037602966530574183	0.9969997244270533	NA	d__Bacteria	p__Bacillota	c__Bacilli	o__Lactobacillales	f__Lactobacillaceae	g__Lactobacillus	NA
4c7c8a67174a7941f39d5d65650afd49	1.0531791811445184	0.0017551796490457537	0.466766271650045	0.0037602966530574183	0.9969997244270533	NA	d__Bacteria	p__Bacillota	c__Bacilli	o__Lactobacillales	f__Lactobacillaceae	g__Lactobacillus	NA
73474e650064fb16464d1260150f3769	1.0531791811445184	0.0017551796490457537	0.466766271650045	0.0037602966530574183	0.9969997244270533	NA	d__Bacteria	p__Bacillota	c__Bacilli	o__Lactobacillales	f__Lactobacillaceae	g__Lactobacillus	NA
e24b5776f2060d8778c92a3aece918f0	1.0531791811445184	0.0017551796490457537	0.466766271650045	0.0037602966530574183	0.9969997244270533	NA	d__Bacteria	p__Bacillota	c__Bacilli	o__Lactobacillales	f__Lactobacillaceae	g__Lactobacillus	NA
a5345e64cc834b8bf890c20bf7d33c1d	1.0531791811445184	0.0017551796490457537	0.466766271650045	0.0037602966530574183	0.9969997244270533	NA	d__Bacteria	p__Bacillota	c__Bacilli	o__Lactobacillales	f__Lactobacillaceae	g__Lactobacillus	NA
fcebaf004ffa8c7c5361fe6187b36fa0	1.0531791811445184	0.0017551796490457537	0.466766271650045	0.0037602966530574183	0.9969997244270533	NA	d__Bacteria	p__Bacillota	c__Bacilli	o__Lactobacillales	f__Lactobacillaceae	g__Lactobacillus	NA
4e84421257e93a402a6fbabc5d34b821	1.0531791811445184	0.0017551796490457537	0.466766271650045	0.0037602966530574183	0.9969997244270533	NA	d__Bacteria	p__Bacillota	c__Bacilli	o__Lactobacillales	f__Lactobacillaceae	g__Lactobacillus	NA
638c1cbbe0a8cc58647e7647a603ab72	1.0531791811445184	0.0017551796490457537	0.466766271650045	0.0037602966530574183	0.9969997244270533	NA	d__Bacteria	p__Bacillota	c__Bacilli	o__Lactobacillales	f__Lactobacillaceae	g__Lactobacillus	NA
fb03fb05600615d16bb9610567eaeea1	1.0531791811445184	0.0017551796490457537	0.466766271650045	0.0037602966530574183	0.9969997244270533	NA	d__Bacteria	p__Bacillota	c__Bacilli	o__Lactobacillales	f__Lactobacillaceae	g__Lactobacillus	NA
92f2765bbf5d4ed177550e18bbed87f0	1.0531791811445184	0.0017551796490457537	0.466766271650045	0.0037602966530574183	0.9969997244270533	NA	d__Bacteria	p__Bacillota	c__Bacilli	o__Lactobacillales	f__Lactobacillaceae	g__Lactobacillus	NA
3255441a73c39b554397196c0c880abd	1.0531791811445184	0.0017551796490457537	0.466766271650045	0.0037602966530574183	0.9969997244270533	NA	d__Bacteria	p__Bacillota	c__Bacilli	o__Lactobacillales	f__Lactobacillaceae	g__Lactobacillus	NA
7a481ad1c7ea583122e37c20f6d48a09	1.0531791811445184	0.0017551796490457537	0.466766271650045	0.0037602966530574183	0.9969997244270533	NA	d__Bacteria	p__Bacillota	c__Bacilli	o__Lactobacillales	f__Lactobacillaceae	g__Lactobacillus	NA
4844f543bf025f816deceb10130f0cb6	1.0531791811445184	0.0017551796490457537	0.466766271650045	0.0037602966530574183	0.9969997244270533	NA	d__Bacteria	p__Bacillota	c__Bacilli	o__Lactobacillales	f__Lactobacillaceae	g__Lactobacillus	NA
f805b4e18d0fd74a157b519414a2ba3e	1.0531791811445184	0.0017551796490457537	0.466766271650045	0.0037602966530574183	0.9969997244270533	NA	d__Bacteria	p__Bacillota	c__Bacilli	o__Lactobacillales	f__Lactobacillaceae	g__Lactobacillus	NA
09e996f449e880d1fd8f27d59e8d8b11	1.0531791811445184	0.0017551796490457537	0.466766271650045	0.0037602966530574183	0.9969997244270533	NA	d__Bacteria	p__Bacillota	c__Bacilli	o__Lactobacillales	f__Lactobacillaceae	g__Lacticaseibacillus	NA
29daaf94c6c9c41e5044aa321d18a306	1.0531791811445184	0.0017551796490457537	0.466766271650045	0.0037602966530574183	0.9969997244270533	NA	d__Bacteria	p__Bacillota	c__Bacilli	o__Lactobacillales	f__Lactobacillaceae	g__Lacticaseibacillus	NA
6f899e58ffc768754891187809557d7d	1.0531791811445184	0.0017551796490457537	0.466766271650045	0.0037602966530574183	0.9969997244270533	NA	d__Bacteria	p__Bacillota	c__Bacilli	o__Lactobacillales	f__Lactobacillaceae	g__Ligilactobacillus	NA
9e9c4270966cf507485654eb33a69880	1.3562779851136206	-1.060794750911085	0.40503918832010843	-2.618992881431323	0.008818978781158457	0.062545391376694	d__Bacteria	p__Bacillota	c__Bacilli	o__Lactobacillales	f__Lactobacillaceae	g__Weissella	NA
c8364ffd28638c0516d23fb9cbe39cec	3.8853929876251607	2.5644538811449746	0.7229364048472106	3.5472745098332137	3.892387915968278e-4	0.00658416603813789	d__Bacteria	p__Bacillota	c__Bacilli	o__Mycoplasmatales	f__Mycoplasmataceae	g__Ureaplasma	NA
e6c740ca4ed284182c87d52ca3c601b6	1.1392510513400353	-0.5456623317777871	0.4116759660185961	-1.3254656011498585	0.18501677132333957	NA	d__Bacteria	p__Bacillota	c__Bacilli	o__Lactobacillales	f__Aerococcaceae	g__Aerococcus	NA
484286e56b8b56172aeda79c4e056809	1.0531791811445184	0.0017551796490457537	0.466766271650045	0.0037602966530574183	0.9969997244270533	NA	d__Bacteria	p__Bacillota	c__Bacilli	o__Lactobacillales	f__Aerococcaceae	g__Aerococcus	NA
c45a3b1ba3c7be52bf6cfd79c71d1286	3.9000315786178374	0.9635846227998893	0.6923412003810878	1.3917770923780066	0.16398990886562975	0.42722750661089226	d__Bacteria	p__Bacillota	c__Bacilli	o__Lactobacillales	f__Aerococcaceae	g__Aerococcus	NA
e68712d76951fcc660c7df2d1116d320	1.1683632690942043	0.42388524269647804	0.4738007837627188	0.8946486734997918	0.3709749239953731	0.6383107216596605	d__Bacteria	p__Bacillota	c__Bacilli	o__Lactobacillales	f__Aerococcaceae	g__Aerococcus	NA
851f12ea182c1ef77241b94d46b94306	1.0531791811445184	0.0017551796490457537	0.466766271650045	0.0037602966530574183	0.9969997244270533	NA	d__Bacteria	p__Bacillota	c__Bacilli	o__Lactobacillales	f__Aerococcaceae	g__Aerococcus	NA
5efc6c4d12513b5dd110edd3a8524b91	1.0531791811445184	0.0017551796490457537	0.466766271650045	0.0037602966530574183	0.9969997244270533	NA	d__Bacteria	p__Bacillota	c__Bacilli	o__Lactobacillales	f__Carnobacteriaceae	g__Trichococcus	NA
23b8b65acb9ae8dc5a89b6160b056fa5	1.4446409955612194	0.7774625675197756	0.536777160948877	1.4483898050830477	0.147508064394788	0.4072578973290602	d__Bacteria	p__Bacillota	c__Bacilli	o__Lactobacillales	f__Enterococcaceae	g__Enterococcus	NA
9908fffab7ed4f3bec44cda2f5084d49	5.100777872357959	0.6337493107292377	0.7035465029998352	0.9007923542040349	0.3676987335186261	0.6383107216596605	d__Bacteria	p__Bacillota	c__Bacilli	o__Lactobacillales	f__Enterococcaceae	g__Enterococcus	NA
a443e786f67086749ef29ce0ab494c9e	1.675350257487453	0.5136880337729025	0.5973236955666958	0.8599826820624518	0.3897985888538878	0.6568594364791762	d__Bacteria	p__Bacillota	c__Bacilli	o__Lactobacillales	f__Enterococcaceae	g__Enterococcus	NA
569653b1659271a290facfcedd0de061	1.2120248124936601	0.3685528214404125	0.460554150822395	0.8002377587571429	0.4235730568610133	0.6642795753471423	d__Bacteria	p__Bacillota	c__Bacilli	o__Lactobacillales	f__Enterococcaceae	g__Enterococcus	NA
c5031390a5fabd8e9ca73b98b0fe5a3d	1.0386683642089511	-0.03672170447604546	0.4680879169045738	-0.0784504430682232	0.9374697493692195	NA	d__Bacteria	p__Bacillota	c__Bacilli	o__Lactobacillales	f__Enterococcaceae	g__Enterococcus	NA
31903fea91c7cdb500a0dd9c862f4621	1.0531791811445184	0.0017551796490457537	0.466766271650045	0.0037602966530574183	0.9969997244270533	NA	d__Bacteria	p__Bacillota	c__Bacilli	o__Bacillales	f__Bacillaceae	NA	NA
a4cbe987942964b584e95e4efab6a176	1.038742922832062	-0.03671924186339007	0.468089205441176	-0.0784449661230321	0.9374741059134039	NA	d__Bacteria	p__Bacillota	c__Bacilli	o__Bacillales	f__Bacillaceae	NA	NA
8ae518dbb29595b3f79214be0b589066	1.2408505392064524	0.4262825049443318	0.4759616554851389	0.8956236285669481	0.3704538116461501	0.6383107216596605	d__Bacteria	p__Bacillota	c__Bacilli	o__Lactobacillales	f__Listeriaceae	g__Listeria	NA
9ab201405ef4c6cce6fdd3dc77c4279a	1.1399192499953223	0.21326993573270248	0.46108726322386406	0.4625370352708204	0.6436962499925569	NA	d__Bacteria	p__Bacillota	c__Bacilli	o__Lactobacillales	f__Listeriaceae	g__Listeria	NA
942ec60e75a4f9183b9b69cbf8960379	1.0387075420010623	-0.03672041387808644	0.4680885940035387	-0.0784475724221745	0.9374720327762345	NA	d__Bacteria	p__Bacillota	c__Bacilli	o__Lactobacillales	f__Carnobacteriaceae	g__Granulicatella	NA
2bd9309f2f97cae51d18d06ea1ca519a	1.5153921895528688	-0.22456964614285435	0.46624346660949456	-0.4816574648775598	0.6300492969131496	0.8110280874519751	d__Bacteria	p__Bacillota	c__Bacilli	o__Lactobacillales	f__Carnobacteriaceae	g__Granulicatella	NA
e3071eccbbbd1ee2c34f2f169c488e5e	4.5340738144865655	0.06596565001653562	0.6532067555877722	0.10098739710243511	0.9195604646826795	0.998890072806692	d__Bacteria	p__Bacillota	c__Bacilli	o__Lactobacillales	f__Aerococcaceae	NA	NA
5f0622cb76057f6b76d4eb82008097e5	1.0386683642089511	-0.03672170447604546	0.4680879169045738	-0.0784504430682232	0.9374697493692195	NA	d__Bacteria	p__Bacillota	c__Bacilli	o__Lactobacillales	f__Aerococcaceae	NA	NA
c5b6ff634ad3c513e3df8031f16fcda0	1.0531791811445184	0.0017551796490457537	0.466766271650045	0.0037602966530574183	0.9969997244270533	NA	d__Bacteria	p__Bacillota	c__Bacilli	o__Lactobacillales	f__Aerococcaceae	NA	NA
775e2682fb80883eb7a018b8d363387d	1.1538553769948559	-0.6196940928977892	0.40566334143717014	-1.5276068345302247	0.12661018384802286	NA	d__Bacteria	p__Bacillota	c__Bacilli	o__Lactobacillales	f__Aerococcaceae	NA	NA
7fd072aff74564746d11ca0c54ee6ae2	1.2109017738852237	0.3684289617517424	0.46048552382349495	0.8000880433604293	0.42365978812769706	0.6642795753471423	d__Bacteria	p__Bacillota	c__Bacilli	o__Izemoplasmatales	f__Incertae_Sedis	g__Incertae_Sedis	NA
ec77511ed0d1b26f5e5906fe73dff013	1.1966989339274532	0.001755196431343038	0.47229500150338505	0.0037163137991212854	0.9970348174219343	0.998890072806692	d__Bacteria	p__Bacillota	c__Bacilli	o__Izemoplasmatales	f__Incertae_Sedis	g__Incertae_Sedis	NA
3aad083a4c822d27071d1ff6163cbfb2	1.1971644332247062	0.0017551968852722072	0.4723201447242195	0.0037161169280574297	0.997034974501232	0.998890072806692	d__Bacteria	p__Bacillota	c__Bacilli	o__Izemoplasmatales	f__Incertae_Sedis	g__Incertae_Sedis	NA
fb466b8ed3e9b801793c7cff0ad0bfa3	1.0531791811445184	0.0017551796490457537	0.466766271650045	0.0037602966530574183	0.9969997244270533	NA	d__Bacteria	p__Bacillota	c__Bacilli	o__Staphylococcales	f__Staphylococcaceae	g__Nosocomiicoccus	NA
5b5162062395b1f074a47905bde9cb9a	1.1687365989562668	0.001755177069408492	0.4704374751931276	0.0037309465379813615	0.9970231422664565	0.998890072806692	d__Bacteria	p__Bacillota	c__Bacilli	o__Staphylococcales	f__Staphylococcaceae	g__Nosocomiicoccus	NA
a985f0b427eead7e8c11f3de0a3c1254	1.0531791811445184	0.0017551796490457537	0.466766271650045	0.0037602966530574183	0.9969997244270533	NA	d__Bacteria	p__Bacillota	c__Bacilli	o__Staphylococcales	f__Staphylococcaceae	g__Staphylococcus	NA
cd24a0915f66d42f295b507570c0c4b1	1.1966322981370465	-0.8211888691845738	0.39162413539251256	-2.096880133195882	0.03600418761337904	0.15830088786122318	d__Bacteria	p__Bacillota	c__Bacilli	o__Staphylococcales	f__Staphylococcaceae	g__Staphylococcus	NA
f04a30e7186b66662a7a3469f04033b1	1.2122449467580807	0.0017552137299302526	0.473634249177207	0.0037058420774667236	0.9970431725894332	0.998890072806692	d__Bacteria	p__Bacillota	c__Bacilli	o__Staphylococcales	f__Staphylococcaceae	g__Staphylococcus	NA
65d43491988bfe557da4d86a5ba25dae	3.519381960461354	0.48891226910955593	0.6025599799741531	0.8113918702840635	0.4171406663189609	0.6642795753471423	d__Bacteria	p__Bacillota	c__Bacilli	o__Staphylococcales	f__Staphylococcaceae	g__Staphylococcus	NA
1a26d1576717130f01d04c5e35e90713	1.0531791811445184	0.0017551796490457537	0.466766271650045	0.0037602966530574183	0.9969997244270533	NA	d__Bacteria	p__Bacillota	c__Bacilli	o__Staphylococcales	f__Staphylococcaceae	g__Staphylococcus	NA
26c6e3ed14694582e207478c1f23c21f	6.182431347873997	3.2878776004161985	0.7511615684441245	4.3770577976005285	1.2029208396631624e-5	3.439780781989186e-4	d__Bacteria	p__Bacillota	c__Bacilli	o__Erysipelotrichales	f__Erysipelotrichaceae	g__Turicibacter	NA
be5cc85bd2ac16b6ae446fd24b1e2308	1.226414280893996	0.3977054493566231	0.47046825927399794	0.8453395984042397	0.39792125803704814	0.6568594364791762	d__Bacteria	p__Bacillota	c__Bacilli	o__Erysipelotrichales	f__Erysipelotrichaceae	g__Turicibacter	NA
70ccde8ba36f6355483b86ee336e82c2	2.3070517547716833	1.799646692483014	0.6531354018123965	2.755396028892545	0.005862113241434642	0.046068782425454945	d__Bacteria	p__Bacillota	c__Bacilli	o__Staphylococcales	f__Gemellaceae	g__Gemella	NA
566ff3542af7a37670c308327c3c782c	1.0242817468910879	-0.03671971522412534	0.4678441357691043	-0.07848706955311217	0.9374406154942923	NA	d__Bacteria	p__Bacillota	c__Bacilli	o__Staphylococcales	f__Gemellaceae	g__Gemella	NA
a26e0af7a0a6347cc7c9b1a361116f27	1.0531791811445184	0.0017551796490457537	0.466766271650045	0.0037602966530574183	0.9969997244270533	NA	d__Bacteria	p__Bacillota	c__Bacilli	o__Staphylococcales	f__Gemellaceae	g__Gemella	NA
85c44c83eddc5d3028261a1000b7d0e1	4.998751469361644	-1.4228481388598089	0.671912331129572	-2.1176098025583427	0.0342081273095301	0.15830088786122318	d__Bacteria	p__Bacillota	c__Bacilli	o__Staphylococcales	f__Gemellaceae	g__Gemella	NA
f4a51f5ce43b3761a9cddd0b3e0b6731	1.1826699655475916	0.3083856746205167	0.46005740072210394	0.670319995149466	0.5026538233832594	0.7061368533742548	d__Bacteria	p__Bacillota	c__Bacilli	o__Staphylococcales	f__Gemellaceae	g__Gemella	NA
8c34fcb68ccd5fd5855d173e5486df4b	1.038745095909413	0.1172346253640524	0.48059247486034684	0.2439377050132112	0.8072790667035393	NA	d__Bacteria	p__Bacillota	c__Bacilli	o__RF39	f__Incertae_Sedis	g__Incertae_Sedis	NA
07cc0347d6ef242f7de0e364092fc19a	1.4124473243019113	0.7302079105132183	0.5271064535018538	1.3853139259860157	0.16595649733160267	0.42849699450071216	d__Bacteria	p__Bacillota	c__Bacilli	o__RF39	f__Incertae_Sedis	g__Incertae_Sedis	NA
bb518fecd8ffb68f2c76deb00d50f592	1.0531791811445184	0.0017551796490457537	0.466766271650045	0.0037602966530574183	0.9969997244270533	NA	d__Bacteria	p__Bacillota	c__Bacilli	o__RF39	f__Incertae_Sedis	g__Incertae_Sedis	NA
fafabb1c20c5f8873c3726e4485e3352	1.2695230934702666	-1.1052553533761236	0.38185975633240515	-2.8944012429893493	0.0037988238607980502	0.03337134896902435	d__Bacteria	p__Bacillota	c__Bacilli	o__RF39	f__Incertae_Sedis	g__Incertae_Sedis	NA
5f974f9e9c4d789f6a052bab4674e890	1.3268485221469832	0.0017558565998460993	0.5176628639747171	0.0033918921406961428	0.9972936668183943	0.998890072806692	d__Bacteria	p__Bacillota	c__Bacilli	o__RF39	f__Incertae_Sedis	g__Incertae_Sedis	NA
f646c254e568a1126ec17324cc80ad69	1.0531791811445184	0.0017551796490457537	0.466766271650045	0.0037602966530574183	0.9969997244270533	NA	d__Bacteria	p__Bacillota	c__Bacilli	o__RF39	f__Incertae_Sedis	g__Incertae_Sedis	NA
3de9c74cb0cb995a1c311ee7bdf36fd7	1.0531791811445184	0.0017551796490457537	0.466766271650045	0.0037602966530574183	0.9969997244270533	NA	d__Bacteria	p__Bacillota	c__Bacilli	o__RF39	f__Incertae_Sedis	g__Incertae_Sedis	NA
7fe14e1289665c68e6f36d5ed763cfa8	1.197215676408974	-0.8213481456160356	0.3916495602618557	-2.097150690190702	0.03598023794165343	0.15830088786122318	d__Bacteria	p__Bacillota	c__Bacilli	o__RF39	f__Incertae_Sedis	g__Incertae_Sedis	NA
bd6cf3f5a66cefd7b96fb6cf75d23cd2	1.0820666317319065	0.22686143626255445	0.47729056077468374	0.47531096339793266	0.6345653459049865	NA	d__Bacteria	p__Bacillota	c__Bacilli	o__RF39	f__Incertae_Sedis	g__Incertae_Sedis	NA
177db53ded58fcf2915778bff9a04f2c	1.0531791811445184	0.0017551796490457537	0.466766271650045	0.0037602966530574183	0.9969997244270533	NA	d__Bacteria	p__Bacillota	c__Bacilli	o__RF39	f__Incertae_Sedis	g__Incertae_Sedis	NA
c7cf8a8f75d27cb64693299761833b87	1.0531791811445184	0.0017551796490457537	0.466766271650045	0.0037602966530574183	0.9969997244270533	NA	d__Bacteria	p__Bacillota	c__Bacilli	o__RF39	f__Incertae_Sedis	g__Incertae_Sedis	NA
c7710d6f144476667c42e65e2ec71053	1.0531791811445184	0.0017551796490457537	0.466766271650045	0.0037602966530574183	0.9969997244270533	NA	d__Bacteria	p__Actinomycetota	c__Coriobacteriia	o__Coriobacteriales	f__Eggerthellaceae	g__Incertae_Sedis	NA
df1e6d1f962b2d50683e9c049e77d49a	1.1394730633019505	-0.5457021581867929	0.4116805808292659	-1.325547484138216	0.1849896311210702	NA	d__Bacteria	p__Actinomycetota	c__Coriobacteriia	o__Coriobacteriales	f__Eggerthellaceae	g__Incertae_Sedis	NA
ad71b192343facecd54843bccb0470da	1.8864820804594755	1.073895356010327	0.5666058697873094	1.8953127972596582	0.058050973751915605	0.2256285419936914	d__Bacteria	p__Actinomycetota	c__Coriobacteriia	o__Coriobacteriales	f__Eggerthellaceae	g__Adlercreutzia	NA
dffd7d5e83db17c6c0bce2832d77bec0	1.3255412619986322	0.0017558545882187452	0.51750131271058	0.0033929471193452454	0.9972928250720619	0.998890072806692	d__Bacteria	p__Actinomycetota	c__Coriobacteriia	o__Coriobacteriales	f__Eggerthellaceae	g__Adlercreutzia	NA
557b236b805bd4ec867cc86bd78e4dd6	2.2514932927260336	-0.5645197437604765	0.5192853034858705	-1.0871090323006547	0.27698862655921286	0.5604576383852357	d__Bacteria	p__Actinomycetota	c__Coriobacteriia	o__Coriobacteriales	f__Eggerthellaceae	g__Berryella	NA
4f1ddb6e7d5befadf0b9ab146d9d037b	4.683269784360606	2.3967510854018146	0.7628556915340268	3.141814516166468	0.0016790436677124499	0.01816694995425813	d__Bacteria	p__Actinomycetota	c__Coriobacteriia	o__Coriobacteriales	f__Eggerthellaceae	g__Berryella	NA
4bcbefafa048c06a56a0d5196d864e14	1.153596363039288	-0.6196429042224736	0.40565693769312655	-1.5275047623892093	0.12663554389843382	NA	d__Bacteria	p__Actinomycetota	c__Coriobacteriia	o__Coriobacteriales	f__Eggerthellaceae	g__Adlercreutzia	NA
1b9ab7ba8573cbfe5f1a9f59f0b38ff4	8.450218041013077	0.5661571110442867	0.7040906864833025	0.8040968612609436	0.4213410371535936	0.6642795753471423	d__Bacteria	p__Actinomycetota	c__Coriobacteriia	o__Coriobacteriales	f__Eggerthellaceae	g__Asaccharobacter	NA
0ef1d7890dcde5ea0b4f12dbc7cbaf9c	1.3266512374575938	0.5863987218434581	0.5011419464934569	1.1701250033978434	0.24195066776755517	0.5183124226277362	d__Bacteria	p__Actinomycetota	c__Coriobacteriia	o__Coriobacteriales	f__Eggerthellaceae	g__Adlercreutzia	NA
3114d42cc9f862a2a18d7e5efde7fa9b	2.3746986472666465	-0.19202045324533673	0.5485294916235055	-0.3500640461044416	0.726290632822612	0.9029762422566843	d__Bacteria	p__Actinomycetota	c__Coriobacteriia	o__Coriobacteriales	f__Eggerthellaceae	g__Slackia	NA
ef07177917eb453f28d1d7fbc847fa52	1.1396456789067493	0.21325303531513093	0.4610788305771594	0.46250884051256397	0.643716464105005	NA	d__Bacteria	p__Actinomycetota	c__Coriobacteriia	o__Coriobacteriales	f__Eggerthellaceae	g__Slackia	NA
e673dc964cf400af5e4dbeb2991f4b11	7.4974243398517	-0.14337134165965645	0.6816444058368275	-0.21033157527882182	0.8334088929307693	0.998890072806692	d__Bacteria	p__Actinomycetota	c__Coriobacteriia	o__Coriobacteriales	f__Eggerthellaceae	g__Slackia	NA
a1a2a4326524ddcb86d54831586052d2	1.0963245241882698	-0.03671996545857966	0.4693603788331539	-0.07823405450171735	0.9376418734474875	NA	d__Bacteria	p__Actinomycetota	c__Coriobacteriia	o__Coriobacteriales	f__Eggerthellaceae	g__Slackia	NA
5630abcf2a0751973b520c34da2efded	1.0387304233561943	-0.0367196566245974	0.46808898943448524	-0.07844588839604988	0.9374733723066706	NA	d__Bacteria	p__Actinomycetota	c__Coriobacteriia	o__Coriobacteriales	f__Eggerthellaceae	g__Slackia	NA
7465575a890dbec96aa2ef02b9b33c19	1.356060658400565	0.6364106684836799	0.5152647910566424	1.2351138279380711	0.21678814374440428	0.5076515736640196	d__Bacteria	p__Actinomycetota	c__Coriobacteriia	o__Coriobacteriales	f__Eggerthellaceae	g__Senegalimassilia	NA
35195a80f6fb69ef8bd6827d1b045aad	5.62515750536593	-1.1839827236484566	0.6501616444048388	-1.8210590148428092	0.06859788652807214	0.2520042269418876	d__Bacteria	p__Actinomycetota	c__Coriobacteriia	o__Coriobacteriales	f__Eggerthellaceae	g__Senegalimassilia	NA
1e0296c7b89d1cd0d4d0bc8bf16822fc	1.0531791811445184	0.0017551796490457537	0.466766271650045	0.0037602966530574183	0.9969997244270533	NA	d__Bacteria	p__Actinomycetota	c__Coriobacteriia	o__Coriobacteriales	f__Eggerthellaceae	g__Senegalimassilia	NA
d8f492f56455891fe640d83e99eebe43	1.0531791811445184	0.0017551796490457537	0.466766271650045	0.0037602966530574183	0.9969997244270533	NA	d__Bacteria	p__Actinomycetota	c__Coriobacteriia	o__Coriobacteriales	f__Eggerthellaceae	g__Adlercreutzia	NA
b8f3e25d11280a9e2189700e107de07c	1.2264653244344912	0.3977163894096784	0.47047558926225075	0.8453496812307191	0.39791563012509124	0.6568594364791762	d__Bacteria	p__Actinomycetota	c__Coriobacteriia	o__Coriobacteriales	f__Eggerthellaceae	g__Adlercreutzia	NA
e1f30b1b47f80404147cdeb7df90687b	1.7027499636187822	1.1290796007485602	0.5621909611871184	2.0083560190373815	0.04460547298006734	0.18665913954376612	d__Bacteria	p__Actinomycetota	c__Coriobacteriia	o__Coriobacteriales	f__Eggerthellaceae	g__Gordonibacter	NA
ca72a089674006d2e9cade617df3d5d7	1.8000705341567824	0.3663336759559341	0.5271405872805051	0.6949449251210825	0.48708981707628757	0.7061368533742548	d__Bacteria	p__Actinomycetota	c__Coriobacteriia	o__Coriobacteriales	f__Eggerthellaceae	g__Gordonibacter	NA
3a579525f44db2e200d4bb4391842139	1.1394035355022927	0.2132380337462061	0.46107137591255737	0.46248378209157553	0.6437344298549881	NA	d__Bacteria	p__Actinomycetota	c__Coriobacteriia	o__Coriobacteriales	f__Eggerthellaceae	g__Gordonibacter	NA
7fbd34fbe0bb06c8ad8108a17c73bf3f	1.0531791811445184	0.0017551796490457537	0.466766271650045	0.0037602966530574183	0.9969997244270533	NA	d__Bacteria	p__Actinomycetota	c__Coriobacteriia	o__Coriobacteriales	f__Eggerthellaceae	g__Eggerthella	NA
fc063306a5517411b5a8ff299dc4d7ab	1.0387111791071326	-0.036720293681581605	0.4680886568603225	-0.07844730510643184	0.9374722454080626	NA	d__Bacteria	p__Actinomycetota	c__Coriobacteriia	o__Coriobacteriales	f__Eggerthellaceae	g__Eggerthella	NA
2777193159876da0512cd81cdda506bc	1.1544292663324598	0.24569816643605671	0.4605751134484686	0.5334594928424127	0.5937155441668427	0.7776088993924202	d__Bacteria	p__Actinomycetota	c__Coriobacteriia	o__Coriobacteriales	f__Eggerthellaceae	g__Eggerthella	NA
42b57c0489629d2eaa592473f747682e	1.0387264241175567	-0.03671978916508494	0.4680889203215968	-0.07844618313088227	0.9374731378647613	NA	d__Bacteria	p__Actinomycetota	c__Coriobacteriia	o__Coriobacteriales	f__Eggerthellaceae	g__Eggerthella	NA
ac11726e4c3f29d2e1beb38dc31eb68e	5.264961932794773	-0.036748381220682025	0.6956932045699592	-0.052822682440024596	0.9578731887539608	0.998890072806692	d__Bacteria	p__Actinomycetota	c__Coriobacteriia	o__Coriobacteriales	f__Eggerthellaceae	g__Eggerthella	NA
629f41c0de31ba20f5d2b3f4c69e09c1	92.24441773941338	0.07410611233159128	0.7709133458348446	0.09612768118748756	0.9234191666966173	0.998890072806692	d__Bacteria	p__Actinomycetota	c__Coriobacteriia	o__Coriobacteriales	f__Eggerthellaceae	g__Eggerthella	NA
871b99772b7ead3ed8a217f566729af6	4.463015944439175	1.2386370108147662	0.6825242110841294	1.8147883850849784	0.06955643602631384	0.2526171211798749	d__Bacteria	p__Actinomycetota	c__Coriobacteriia	o__Coriobacteriales	f__Coriobacteriales_Incertae_Sedis	g__Incertae_Sedis	NA
a2b9b9deddf3af6663a2c624e9cde107	2.0503654273877068	1.2629765081344448	0.6006013110698708	2.1028533985126727	0.03547858653969027	0.15830088786122318	d__Bacteria	p__Actinomycetota	c__Coriobacteriia	o__Coriobacteriales	f__Atopobiaceae	g__Olsenella	NA
2a394342d2a01c6285efc00378091b6d	1.1967634139867829	-0.8212246754204688	0.39162983857505784	-2.096941025761695	0.03599879622598147	0.15830088786122318	d__Bacteria	p__Actinomycetota	c__Coriobacteriia	o__Coriobacteriales	f__Atopobiaceae	g__Parolsenella	NA
9a67e1965fe9ce8fed8d8fbe40c3ec36	3.5287061725278344	2.465476189941593	0.698163462249211	3.5313738447423013	4.1340700984588677e-4	0.006801394778423425	d__Bacteria	p__Actinomycetota	c__Coriobacteriia	o__Coriobacteriales	f__Coriobacteriaceae	g__Collinsella	NA
35cbb315e019e0a8768d4b73862df415	133.60086059260672	-0.8510769844072525	0.8698347586663177	-0.9784352440826513	0.327859104081665	0.5984176048663825	d__Bacteria	p__Actinomycetota	c__Coriobacteriia	o__Coriobacteriales	f__Coriobacteriaceae	g__Collinsella	NA
69659d7edd60cd37bbdc9e3bb7f77431	2.786286565427606	-1.003422543391821	0.5896370558083247	-1.7017630311857586	0.08879979924186955	0.2890204847953532	d__Bacteria	p__Actinomycetota	c__Coriobacteriia	o__Coriobacteriales	f__Coriobacteriaceae	g__Collinsella	NA
f99ab34daac23c1ed229622264a46113	1.327468089081191	0.5867942359526115	0.5011319577389022	1.1709375682209848	0.24162387291710724	0.5183124226277362	d__Bacteria	p__Actinomycetota	c__Coriobacteriia	o__Coriobacteriales	f__Atopobiaceae	g__Incertae_Sedis	NA
a8778404029555f979afd941e00ddbb2	1.1966989339274532	0.0017551964313431716	0.4722950015033852	0.003716313799121567	0.9970348174219341	0.998890072806692	d__Bacteria	p__Actinomycetota	c__Coriobacteriia	o__Coriobacteriales	f__Atopobiaceae	g__Incertae_Sedis	NA
0c786d6e45f507c4b2a45db58952b19d	1.2697230558313652	0.4817728834287991	0.466216954089015	1.0333662883843002	0.30143251650071545	0.5793513723530769	d__Bacteria	p__Actinomycetota	c__Coriobacteriia	o__Coriobacteriales	f__Atopobiaceae	g__Parolsenella	NA
5c8ab304c9598e43323adcc4607c798a	1.0531791811445184	0.0017551796490457537	0.466766271650045	0.0037602966530574183	0.9969997244270533	NA	d__Bacteria	p__Actinomycetota	c__Coriobacteriia	o__Coriobacteriales	f__Atopobiaceae	g__Lancefieldella	NA
1386a57247e2d8cf692503afab3209a5	1.1400090160052527	0.00175516828655331	0.46911195315436616	0.003741469972682094	0.9970147458389863	NA	d__Bacteria	p__Actinomycetota	c__Coriobacteriia	o__Coriobacteriales	f__Atopobiaceae	g__Lancefieldella	NA
f9612c98d79c37a803a973724113cef6	1.3862179972215465	0.0017558845623179024	0.5217657091789982	0.0033652739753265853	0.997314904920364	0.998890072806692	d__Bacteria	p__Actinomycetota	c__Coriobacteriia	o__Coriobacteriales	f__Atopobiaceae	g__Lancefieldella	NA
5ab3a059593c2ae420d4f4ee3c3b18c8	1.0531791811445184	0.0017551796490457537	0.466766271650045	0.0037602966530574183	0.9969997244270533	NA	d__Bacteria	p__Actinomycetota	c__Coriobacteriia	o__Coriobacteriales	f__Atopobiaceae	g__Atopobium	NA
5cae10424570f575a812a5a31f5f1483	3.82732538780909	-1.2621625239306886	0.636780126987724	-1.9821009959926417	0.04746793810938343	0.19523627968962157	d__Bacteria	p__Actinomycetota	c__Coriobacteriia	o__Coriobacteriales	f__Atopobiaceae	g__Atopobium	NA
d80ecd40c3ec6b9051c0011e0d666990	5.778126697275897	0.8080402779729643	0.6759233137542675	1.1954614695635843	0.23190678160828765	0.5183124226277362	d__Bacteria	p__Actinomycetota	c__Coriobacteriia	o__Coriobacteriales	f__Atopobiaceae	g__Atopobium	NA
78f1224136a594084b29c27221ef08b9	1.3724171537269934	0.6617475845084817	0.5146684744169888	1.285774469201951	0.1985217828703251	0.4778718204050305	d__Bacteria	p__Actinomycetota	c__Coriobacteriia	o__Coriobacteriales	f__Atopobiaceae	g__Lancefieldella	NA
f8a1fba13fea6294ac6a4f4071785e8a	13.637586437443476	1.3896771916352253	0.7697141421847857	1.8054458343336566	0.07100494432273081	0.2555737837367994	d__Bacteria	p__Actinomycetota	c__Coriobacteriia	o__Coriobacteriales	f__Atopobiaceae	NA	NA
5bcd2802f3d0f4991ce5bc148b25eb71	1.1682376906877614	-0.690073029389018	0.4003357900772956	-1.7237355402468035	0.08475559596204489	0.2804913925732454	d__Bacteria	p__Actinomycetota	c__Coriobacteriia	o__Coriobacteriales	f__Atopobiaceae	NA	NA
ea61f39afc44bcb7887ad9b4fb0ab3ff	1.1399192499953223	0.21326993573270248	0.46108726322386406	0.4625370352708204	0.6436962499925569	NA	d__Bacteria	p__Actinomycetota	c__Coriobacteriia	o__Coriobacteriales	f__Atopobiaceae	NA	NA
5f69e7570cbc0562106258b3252493c0	1.0387148832605266	0.0017551853915750194	0.46650456806160606	0.003762418445049892	0.996998031493957	NA	d__Bacteria	p__Actinomycetota	c__Coriobacteriia	o__Coriobacteriales	f__Atopobiaceae	g__Fannyhessea	NA
e09d949d7cec463caece6ea299532d89	1.0531791811445184	0.0017551796490457537	0.466766271650045	0.0037602966530574183	0.9969997244270533	NA	d__Bacteria	p__Actinomycetota	c__Coriobacteriia	o__Coriobacteriales	f__Atopobiaceae	g__Fannyhessea	NA
75995d3da38bc53cbe45c518f11ceae5	1.0531791811445184	0.0017551796490457537	0.466766271650045	0.0037602966530574183	0.9969997244270533	NA	d__Bacteria	p__Actinomycetota	c__Coriobacteriia	o__Coriobacteriales	f__Atopobiaceae	g__Fannyhessea	NA
0e1576434ee32820684481cac317c2c6	1.0531791811445184	0.0017551796490457537	0.466766271650045	0.0037602966530574183	0.9969997244270533	NA	d__Bacteria	p__Actinomycetota	c__Coriobacteriia	o__Coriobacteriales	f__Atopobiaceae	g__Fannyhessea	NA
80bbb02fb4e9ea0e27e3d4c776f8ad51	1.0531791811445184	0.0017551796490457537	0.466766271650045	0.0037602966530574183	0.9969997244270533	NA	d__Bacteria	p__Actinomycetota	c__Coriobacteriia	o__Coriobacteriales	f__Atopobiaceae	g__Fannyhessea	NA
a22c8ef72659b99e76dd5d4ec6b37843	36.4241991647034	-0.15614477381159889	0.889352170821128	-0.17557136411713295	0.8606307009740779	0.998890072806692	d__Bacteria	p__Actinomycetota	c__Coriobacteriia	o__Coriobacteriales	f__Atopobiaceae	g__Fannyhessea	NA
79782755a18c72d86cf07428121c811d	1.615487525362901	1.038993666067506	0.551364343648459	1.8844048913143931	0.05951022872455846	0.22762831297254216	d__Bacteria	p__Actinomycetota	c__Coriobacteriia	o__Coriobacteriales	f__Atopobiaceae	g__Fannyhessea	NA
7427cc5ba277f690df113d56e5c6b538	1.0531791811445184	0.0017551796490457537	0.466766271650045	0.0037602966530574183	0.9969997244270533	NA	d__Bacteria	p__Actinomycetota	c__Coriobacteriia	o__Coriobacteriales	f__Incertae_Sedis	g__Incertae_Sedis	NA
7ec0dd1971b9aa3f61c5b3a5c3f5d3ca	1.1828001610626064	0.1113780118500957	0.4660222304383999	0.23899720780555758	0.8111077478619837	0.9879720133694141	d__Bacteria	p__Actinomycetota	c__Coriobacteriia	o__Coriobacteriales	f__Incertae_Sedis	g__Incertae_Sedis	NA
946a5449049244c3ee2bad73b5d83547	1.0531791811445184	0.0017551796490457537	0.466766271650045	0.0037602966530574183	0.9969997244270533	NA	d__Bacteria	p__Bacillota	c__Bacilli	o__Mycoplasmatales	f__Mycoplasmataceae	g__Mycoplasmopsis	NA
3ee2737f18047cff2f0d8eb20c8385c3	1.4141608524626699	0.7312981920624655	0.5377453005697856	1.3599341384993873	0.17385076667185784	0.4414265766868949	d__Bacteria	p__Bacillota	c__Bacilli	o__Mycoplasmatales	f__Mycoplasmataceae	g__Mycoplasma	NA
58d48f7fae77eb29ab6dc15fd07b5dfc	1.1971900525376165	0.33876423492951474	0.4601472765063982	0.7362082798827656	0.4616039541114396	0.6870696622644521	d__Bacteria	p__Verrucomicrobiota	c__Lentisphaeria	o__Victivallales	f__vadinBE97	g__Incertae_Sedis	NA
dc8b0b246ab81bc82c56543dd2d18b84	1.2969322790165172	0.5347946829753221	0.4715705677129307	1.1340713767804083	0.25676460898337206	0.534513724851049	d__Bacteria	p__Verrucomicrobiota	c__Lentisphaeria	o__Victivallales	f__Victivallaceae	g__Victivallis	NA
822a0ee849989f75cc532cb3540de19a	1.6427710229360388	-1.167740592111292	0.4177327025952892	-2.7954253637705517	0.0051831468328997566	0.04214572327637929	d__Bacteria	p__Verrucomicrobiota	c__Lentisphaeria	o__Victivallales	f__Victivallaceae	g__Victivallis	NA
16d139ad0f5d3f9e3b84cb43b9528b45	3.036912607414439	0.11900449437738025	0.6388827427886486	0.1862696961541636	0.8522332705232086	0.998890072806692	d__Bacteria	p__Bacillota	c__Clostridia	o__Peptostreptococcales-Tissierellales	f__Family_XI	g__Ezakiella	NA
7960f9a6786b951809d1468b0f889a02	1.0531791811445184	0.0017551796490457537	0.466766271650045	0.0037602966530574183	0.9969997244270533	NA	d__Bacteria	p__Bacillota	c__Clostridia	o__Peptostreptococcales-Tissierellales	f__Family_XI	g__Ezakiella	NA
7172e3ecad730ff45cd546d57bf99510	1.1974084560283507	-0.8214007583995535	0.3916579900752735	-2.0972398858547145	0.03597234533038687	0.15830088786122318	d__Bacteria	p__Bacillota	c__Clostridia	o__Peptostreptococcales-Tissierellales	f__Family_XI	g__Ezakiella	NA
7fae613f7cc102eb5599d1caa6893bb9	386.61194940361634	1.1887632944119149	0.8792210078468126	1.3520642521078547	0.17635476185522486	0.4454937166585276	d__Bacteria	p__Bacillota	c__Clostridia	o__Peptostreptococcales-Tissierellales	f__Family_XI	g__Ezakiella	NA
f913d0daa2b8a949ecf86d443bce603d	1.0531791811445184	0.0017551796490457537	0.466766271650045	0.0037602966530574183	0.9969997244270533	NA	d__Bacteria	p__Bacillota	c__Clostridia	o__Peptostreptococcales-Tissierellales	f__Family_XI	g__Ezakiella	NA
c3270205a4f08b936a121ced76a19e3e	1.2402214252822914	0.42611200200197585	0.47596672245591104	0.8952558695769887	0.3706503249787046	0.6383107216596605	d__Bacteria	p__Bacillota	c__Clostridia	o__Peptostreptococcales-Tissierellales	f__Family_XI	g__Ezakiella	NA
e9622da5cb92d2ab6bf19953447a7ff5	1.2696578684174982	0.4817600325429978	0.46620986982521084	1.0333544262450234	0.30143806564419634	0.5793513723530769	d__Bacteria	p__Bacillota	c__Clostridia	o__Peptostreptococcales-Tissierellales	f__Family_XI	g__Ezakiella	NA
14d0d57ff9ee90927a8c2ea4bc946ba0	2.5502199552190845	-2.1288747847130516	0.5759498398345828	-3.6962850537895466	2.1877732163427975e-4	0.004379192721379499	d__Bacteria	p__Bacillota	c__Clostridia	o__Peptostreptococcales-Tissierellales	f__Family_XI	g__Fenollaria	NA
24765397c72c219356beaf671e3aaad8	1.1397167460748174	0.2132574305317333	0.46108102010996277	0.4625161766165819	0.6437112044909472	NA	d__Bacteria	p__Bacillota	c__Clostridia	o__Peptostreptococcales-Tissierellales	f__Family_XI	g__Fenollaria	NA
3abe55788097bd9e5b181f0fd50bedff	1.1544806551487083	0.0017551715850277344	0.4697220166419277	0.0037366176650086933	0.9970186173933001	0.998890072806692	d__Bacteria	p__Bacillota	c__Clostridia	o__Peptostreptococcales-Tissierellales	f__Family_XI	g__Fenollaria	NA
1ae9f0a22044e47d735c9f56d4eabe7c	1.2406772384935	-0.9983087678996794	0.3836533233728783	-2.602111612439777	0.009265169338016816	0.062545391376694	d__Bacteria	p__Bacillota	c__Clostridia	o__Peptostreptococcales-Tissierellales	f__Family_XI	g__Fenollaria	NA
cea8e1a84a635bb445ef1b9240ca0288	1.1396310562821548	0.2132521305370906	0.4610783801564534	0.4625073300221315	0.6437175470521589	NA	d__Bacteria	p__Bacillota	c__Clostridia	o__Peptostreptococcales-Tissierellales	f__Family_XI	g__Fenollaria	NA
4412be52a441ed1fc13bfc8f6a7262f5	1.1400090160052527	0.00175516828655331	0.46911195315436616	0.003741469972682094	0.9970147458389863	NA	d__Bacteria	p__Bacillota	c__Clostridia	o__Peptostreptococcales-Tissierellales	f__Family_XI	g__Fenollaria	NA
a0d739c6c1b016cb7e8a0eb07ffa4d88	1.2698493395415469	0.0017556190196551234	0.4993884623216018	0.0035155378069678354	0.9971950124387126	0.998890072806692	d__Bacteria	p__Bacillota	c__Clostridia	o__Peptostreptococcales-Tissierellales	f__Family_XI	g__Fenollaria	NA
052ed87a5bce8789c20b59effda065d6	1106.3020234800276	1.0809579580999635	0.948785004056136	1.139307591792426	0.25457488303001174	0.534513724851049	d__Bacteria	p__Bacillota	c__Clostridia	o__Peptostreptococcales-Tissierellales	f__Family_XI	g__Fenollaria	NA
603c708a04bad70ea8e5099a5197c62a	1.0531791811445184	0.0017551796490457537	0.466766271650045	0.0037602966530574183	0.9969997244270533	NA	d__Bacteria	p__Bacillota	c__Clostridia	o__Peptostreptococcales-Tissierellales	f__Family_XI	g__Fenollaria	NA
6f824b7c90f7e6f9f761b446247e9ec5	1.0531791811445184	0.0017551796490457537	0.466766271650045	0.0037602966530574183	0.9969997244270533	NA	d__Bacteria	p__Bacillota	c__Clostridia	o__Peptostreptococcales-Tissierellales	f__Family_XI	g__Fenollaria	NA
b79da6351eafa397e464a8aaa687a970	3.0825392044022504	2.2432467438843053	0.7030244752250296	3.1908515605609167	0.0014185414115332482	0.01654046830341195	d__Bacteria	p__Bacillota	c__Clostridia	o__Peptostreptococcales-Tissierellales	f__Family_XI	g__Fenollaria	NA
430717e69510d86450e1111e1d25744b	1.1395063707465674	0.0017551679825989132	0.4690955720216379	0.003741599979370415	0.997014642109383	NA	d__Bacteria	p__Bacillota	c__Clostridia	o__Peptostreptococcales-Tissierellales	f__Family_XI	g__Fenollaria	NA
6e40593253a55e1ea76004b6e99f2345	1.2829139536921412	-1.1553053263876922	0.38185991195824276	-3.02546900108757	0.002482478505029314	0.024044005520485533	d__Bacteria	p__Bacillota	c__Clostridia	o__Peptostreptococcales-Tissierellales	f__Family_XI	g__Fenollaria	NA
9f6ab14a559dfaa21b2cd4899b691e56	1.2408222892008858	-0.998366403755166	0.3836644457533078	-2.6021864022216565	0.009263148928563999	0.062545391376694	d__Bacteria	p__Bacillota	c__Clostridia	o__Peptostreptococcales-Tissierellales	f__Family_XI	g__Fenollaria	NA
eebdf542c58b46b9406e8329ec3c4637	2.526845377458356	1.8945194616206325	0.636349822013459	2.9771666402392154	0.0029092583486598337	0.027057634986902394	d__Bacteria	p__Bacillota	c__Clostridia	o__Peptostreptococcales-Tissierellales	f__Family_XI	g__Anaerococcus	NA
9287624e38c5245c85f53198acc6a7f3	1.0386805954253815	-0.03672130236256074	0.46808812829816354	-0.07844954858408618	0.9374704608714947	NA	d__Bacteria	p__Bacillota	c__Clostridia	o__Peptostreptococcales-Tissierellales	f__Family_XI	g__Anaerococcus	NA
788d568979c4dff8ffc0dd1a378be1d4	7.351506256378062	-0.06572772510752681	0.7682496482794623	-0.08555516459360274	0.9318200411852151	0.998890072806692	d__Bacteria	p__Bacillota	c__Clostridia	o__Peptostreptococcales-Tissierellales	f__Family_XI	g__Anaerococcus	NA
f230bdda6982543843a76e67de7a65c2	1.2412150536364093	0.42638085252948993	0.47595873305996106	0.8958357582563249	0.3703404888176285	0.6383107216596605	d__Bacteria	p__Bacillota	c__Clostridia	o__Peptostreptococcales-Tissierellales	f__Family_XI	g__Anaerococcus	NA
f42309a74e8f72143785a7207584b6f7	1.5297493974770435	0.7313190677139314	0.5377448432303953	1.3599741158291307	0.17383811507336258	0.4414265766868949	d__Bacteria	p__Bacillota	c__Clostridia	o__Peptostreptococcales-Tissierellales	f__Family_XI	g__Anaerococcus	NA
9e3e61ab8f8501e49dfd6f9a0af91d14	1.1542627647303358	0.24568679116375355	0.4605693627504669	0.5334414553685041	0.5937280272629886	0.7776088993924202	d__Bacteria	p__Bacillota	c__Clostridia	o__Peptostreptococcales-Tissierellales	f__Family_XI	g__Anaerococcus	NA
47a42cdd96afc4578f7d8f074330189c	1.2839460209586495	-1.155900670344792	0.3819787633433125	-3.026086215442032	0.002477416513002191	0.024044005520485533	d__Bacteria	p__Bacillota	c__Clostridia	o__Peptostreptococcales-Tissierellales	f__Family_XI	g__Anaerococcus	NA
c67ba62f34a05261ea7a810ff643a52c	1.6584382408889171	-0.6153329938333488	0.4096875610270197	-1.5019567406215841	0.13310828130396077	0.3899098679172119	d__Bacteria	p__Bacillota	c__Clostridia	o__Peptostreptococcales-Tissierellales	f__Family_XI	g__Anaerococcus	NA
304a8d1fb0f5543cf1c23064bfe3691c	1.3560981701725008	-0.3612152598116618	0.4042296070365125	-0.8935893203365349	0.37154166251073517	0.6383712971035664	d__Bacteria	p__Bacillota	c__Clostridia	o__Peptostreptococcales-Tissierellales	f__Family_XI	g__Anaerococcus	NA
715ccce623a963888d484f969b745fb4	1.1399871933688324	0.0017551682733437084	0.4691112412850055	0.00374147562214858	0.9970147413313958	NA	d__Bacteria	p__Bacillota	c__Clostridia	o__Peptostreptococcales-Tissierellales	f__Family_XI	g__Anaerococcus	NA
c87a2ef0523bf10d944f583fa016f47c	2.1037954922667983	-0.34128243645139134	0.5276706854278442	-0.6467716435198098	0.517779747307052	0.7239272136388468	d__Bacteria	p__Bacillota	c__Clostridia	o__Peptostreptococcales-Tissierellales	f__Family_XI	g__Anaerococcus	NA
528ab10d1f4195ae040d8149f1be1af4	1.3123128213566124	0.42613904705439726	0.4701047058294479	0.9064768800867924	0.3646834967253228	0.6383107216596605	d__Bacteria	p__Bacillota	c__Clostridia	o__Peptostreptococcales-Tissierellales	f__Family_XI	g__Anaerococcus	NA
8e851827f73a9f45b0e5eb402d1c6dd6	1.0531791811445184	0.0017551796490457537	0.466766271650045	0.0037602966530574183	0.9969997244270533	NA	d__Bacteria	p__Bacillota	c__Clostridia	o__Peptostreptococcales-Tissierellales	f__Family_XI	g__Anaerococcus	NA
9b635c4f805812ff3e6832bb0d935664	1.1679416747385407	-0.6900082421935368	0.4003270082549974	-1.7236115174972666	0.08477799792180524	0.2804913925732454	d__Bacteria	p__Bacillota	c__Clostridia	o__Peptostreptococcales-Tissierellales	f__Family_XI	g__Anaerococcus	NA
9bd1761724db49a597b265155c67be67	1.1538942356802422	0.24566156149544455	0.460556650442027	0.5334013986328647	0.5937557495389971	NA	d__Bacteria	p__Bacillota	c__Clostridia	o__Peptostreptococcales-Tissierellales	f__Family_XI	g__Anaerococcus	NA
d15c69c018176668bebdf9675ee30a97	1.2402214252822914	0.426112002001976	0.47596672245591104	0.895255869576989	0.3706503249787043	0.6383107216596605	d__Bacteria	p__Bacillota	c__Clostridia	o__Peptostreptococcales-Tissierellales	f__Family_XI	g__Anaerococcus	NA
f078b805ae7ae7d060ca5a646764a066	1.1397167460748179	-0.5457457626052541	0.4116856653760364	-1.3256370296662292	0.18495995453400405	NA	d__Bacteria	p__Bacillota	c__Clostridia	o__Peptostreptococcales-Tissierellales	f__Family_XI	g__Anaerococcus	NA
4245fe74d6dc62e222f933d3dc8502f5	4.7281247568322184	2.15044317040377	0.7132463233036588	3.0150077191330102	0.002569727155526875	0.02468993851030222	d__Bacteria	p__Bacillota	c__Clostridia	o__Peptostreptococcales-Tissierellales	f__Family_XI	g__Anaerococcus	NA
47dd73619a45151ac47a3f6b6958806a	1.0387111791071328	0.0017551853902431904	0.46650449873634303	0.003762419001312093	0.9969980310501271	NA	d__Bacteria	p__Bacillota	c__Clostridia	o__Peptostreptococcales-Tissierellales	f__Family_XI	g__Anaerococcus	NA
00250e4a9d4f542d986024e1d3f39698	2.749141943746574	-3.327039173592422	0.5166457440331097	-6.439691436574005	1.1971663192008657e-10	2.810275393270098e-8	d__Bacteria	p__Bacillota	c__Clostridia	o__Peptostreptococcales-Tissierellales	f__Family_XI	g__Anaerococcus	NA
d27e69147b6544e42209d95079709ad0	1.0531791811445184	0.0017551796490457537	0.466766271650045	0.0037602966530574183	0.9969997244270533	NA	d__Bacteria	p__Bacillota	c__Clostridia	o__Peptostreptococcales-Tissierellales	f__Family_XI	g__Anaerococcus	NA
98a53a418e0d1e1de9c6dad84fa74ea6	1.4301424098420827	0.754968728703097	0.5265725783554284	1.4337410638833241	0.1516461691208001	0.41056097317007706	d__Bacteria	p__Bacillota	c__Clostridia	o__Peptostreptococcales-Tissierellales	f__Family_XI	g__Anaerococcus	NA
ffed48f6d64de2ee1ab14eddbed19a25	1.4141919796652946	0.7313041575464937	0.5270826341737801	1.3874563685689205	0.1653026467960628	0.42843741358756987	d__Bacteria	p__Bacillota	c__Clostridia	o__Peptostreptococcales-Tissierellales	f__Family_XI	g__Anaerococcus	NA
ffd4ea9badc36f6b52beeeb679539fea	1.2416607954933006	0.4263878557570232	0.46251930065498453	0.9218812169637143	0.3565905375840511	0.6363525046633661	d__Bacteria	p__Bacillota	c__Clostridia	o__Peptostreptococcales-Tissierellales	f__Family_XI	g__Anaerococcus	NA
a63aaf1c1a9cfb4676d4db578720075d	2.6866200926894668	-1.7587252967240818	0.5491989302704375	-3.2023465447357067	0.0013631290496606595	0.01606706174694233	d__Bacteria	p__Bacillota	c__Clostridia	o__Peptostreptococcales-Tissierellales	f__Family_XI	g__Anaerococcus	NA
fba8de101f066a8890971d3249317685	2.4106582865769455	1.561479066742737	0.6367507131998356	2.4522611979433906	0.01419615721886008	0.08744350135491084	d__Bacteria	p__Bacillota	c__Clostridia	o__Peptostreptococcales-Tissierellales	f__Family_XI	g__Anaerococcus	NA
b246a8c4be47f5eaeb15c5791494436e	1.0387111791071328	-0.03672029368158158	0.4680886568603212	-0.07844730510643201	0.9374722454080625	NA	d__Bacteria	p__Bacillota	c__Clostridia	o__Peptostreptococcales-Tissierellales	f__Family_XI	g__Anaerococcus	NA
72ae78c3cce8ad073a58287a92160f34	1.0531791811445184	0.0017551796490457537	0.466766271650045	0.0037602966530574183	0.9969997244270533	NA	d__Bacteria	p__Bacillota	c__Clostridia	o__Peptostreptococcales-Tissierellales	f__Family_XI	g__Anaerococcus	NA
49558ae4f9539ab4bd70a10f555aa675	1.0387186569978308	0.0017551853929319175	0.4665046386916679	0.0037624178783182294	0.9969980319461402	NA	d__Bacteria	p__Bacillota	c__Clostridia	o__Peptostreptococcales-Tissierellales	f__Family_XI	g__Anaerococcus	NA
732cc7b3829202576424e8d3c65f0036	1.0531791811445184	0.0017551796490457537	0.466766271650045	0.0037602966530574183	0.9969997244270533	NA	d__Bacteria	p__Bacillota	c__Clostridia	o__Peptostreptococcales-Tissierellales	f__Family_XI	g__Anaerococcus	NA
9ee9d7f1e7a96963f1ee2668f858fced	538.7027549259298	-1.0979106256953477	0.7814156390518376	-1.405027709744256	0.16001303859781438	0.4219493720727833	d__Bacteria	p__Bacillota	c__Clostridia	o__Peptostreptococcales-Tissierellales	f__Family_XI	g__Anaerococcus	NA
3b033258840679f74d766028fa8e4444	1.0531791811445184	0.0017551796490457537	0.466766271650045	0.0037602966530574183	0.9969997244270533	NA	d__Bacteria	p__Bacillota	c__Clostridia	o__Peptostreptococcales-Tissierellales	f__Family_XI	g__Anaerococcus	NA
2befe06b9ecba8d514ca6df80d9063c0	1.0531791811445184	0.0017551796490457537	0.466766271650045	0.0037602966530574183	0.9969997244270533	NA	d__Bacteria	p__Bacillota	c__Clostridia	o__Peptostreptococcales-Tissierellales	f__Family_XI	g__Anaerococcus	NA
5c00c5392eb1579c10484810f2494077	1.1402440827579208	0.21328993728197668	0.4610972903658566	0.4625703549737676	0.643672361912575	NA	d__Bacteria	p__Bacillota	c__Clostridia	o__Peptostreptococcales-Tissierellales	f__Family_XI	g__Anaerococcus	NA
13c1b2a8c491cf3fba2fa50e45717450	122.45634127805815	-0.5560528715131761	0.8073023015127976	-0.6887789994791206	0.4909623531325107	0.7061368533742548	d__Bacteria	p__Bacillota	c__Clostridia	o__Peptostreptococcales-Tissierellales	f__Family_XI	g__Anaerococcus	NA
8b347740b250e572d99f77d9442388ce	2.3223621666622325	0.6309360337872572	0.5117772542887036	1.2328332853795292	0.21763797010695943	0.5076515736640196	d__Bacteria	p__Bacillota	c__Clostridia	o__Peptostreptococcales-Tissierellales	f__Family_XI	g__Anaerococcus	NA
8801f26a5b321b116087b50306effdaf	1.0531791811445184	0.0017551796490457537	0.466766271650045	0.0037602966530574183	0.9969997244270533	NA	d__Bacteria	p__Bacillota	c__Clostridia	o__Peptostreptococcales-Tissierellales	f__Family_XI	g__Anaerococcus	NA
6cf458010f9f1a3339b81aeb41dc5819	1.0531791811445184	0.0017551796490457537	0.466766271650045	0.0037602966530574183	0.9969997244270533	NA	d__Bacteria	p__Bacillota	c__Clostridia	o__Peptostreptococcales-Tissierellales	f__Family_XI	g__Anaerococcus	NA
73c6f4b96520abb5610c7fd0043dec65	1.1396310562821548	0.21325213053709055	0.4610783801564534	0.4625073300221314	0.643717547052159	NA	d__Bacteria	p__Bacillota	c__Clostridia	o__Peptostreptococcales-Tissierellales	f__Family_XI	g__Anaerococcus	NA
2ddd42722497082a323c3317657ae6c0	12.326294376158465	-0.4842111620455024	0.7822466652494074	-0.6190006088311275	0.5359159578027677	0.7336901463490294	d__Bacteria	p__Bacillota	c__Clostridia	o__Peptostreptococcales-Tissierellales	f__Family_XI	g__Anaerococcus	NA
46e9544e9c5e7ed6d90a7b50a8a9c990	33.753662747421586	0.5361658701630724	0.8786302445143591	0.6102292443386406	0.5417099600040811	0.7336901463490294	d__Bacteria	p__Bacillota	c__Clostridia	o__Peptostreptococcales-Tissierellales	f__Family_XI	g__Anaerococcus	NA
1f1ce81caa3ef7500d4a91b484de8bfd	2.348936317147033	-0.5132137453994083	0.48320072186778157	-1.0621129525957935	0.288184410624953	0.5768491286009475	d__Bacteria	p__Bacillota	c__Clostridia	o__Peptostreptococcales-Tissierellales	f__Family_XI	g__Anaerococcus	NA
665cdf4f926f0d35ee50f8a7aa7f8864	1.0386805954253813	0.0017551853792483858	0.46650392643832095	0.0037624235934066645	0.9969980273861917	NA	d__Bacteria	p__Bacillota	c__Clostridia	o__Peptostreptococcales-Tissierellales	f__Family_XI	g__Anaerococcus	NA
8142e3d90b86f98cd298120b2451382e	1.0387075420010623	-0.03672041387808644	0.4680885940035387	-0.0784475724221745	0.9374720327762345	NA	d__Bacteria	p__Bacillota	c__Clostridia	o__Peptostreptococcales-Tissierellales	f__Family_XI	g__Anaerococcus	NA
c94824cf26ea1b773e01944b5cbc567e	1.3272148034237992	-1.2979871624890862	0.3853092553373403	-3.3686892918071525	7.552651598364635e-4	0.010097982733632929	d__Bacteria	p__Bacillota	c__Clostridia	o__Peptostreptococcales-Tissierellales	f__Family_XI	g__Anaerococcus	NA
21e80ad562b3b4707c7d6dd7a922fd92	1.1395063707465674	0.21324440964412975	0.46107454075380977	0.46249443592243655	0.643726791516592	NA	d__Bacteria	p__Bacillota	c__Clostridia	o__Peptostreptococcales-Tissierellales	f__Family_XI	g__Anaerococcus	NA
e90fc6f2d0779677454c887c9ca6c93b	1.0387075420010623	-0.03672041387808644	0.4680885940035387	-0.0784475724221745	0.9374720327762345	NA	d__Bacteria	p__Bacillota	c__Clostridia	o__Peptostreptococcales-Tissierellales	f__Family_XI	g__Peptoniphilus	NA
e8f506b37852bebb7e958b1fb38be050	6.218739955078984	-0.5210053808119697	0.7072900304721446	-0.7366219773579695	0.4613522661696938	0.6870696622644521	d__Bacteria	p__Bacillota	c__Clostridia	o__Peptostreptococcales-Tissierellales	f__Family_XI	g__Peptoniphilus	NA
c2e73478ff744a3b76d4b751dcf209f7	1.1682821006139168	0.001755176727693878	0.4704188336680196	0.0037310936596822736	0.9970230248811398	0.998890072806692	d__Bacteria	p__Bacillota	c__Clostridia	o__Peptostreptococcales-Tissierellales	f__Family_XI	g__Peptoniphilus	NA
bbb8d1631aaa8c5aea559ef512d52027	1.2549002231323367	0.45422157195827145	0.46405717847324124	0.9788051839919185	0.3276762478050628	0.5984176048663825	d__Bacteria	p__Bacillota	c__Clostridia	o__Peptostreptococcales-Tissierellales	f__Family_XI	g__Peptoniphilus	NA
19a779b06d85c489c23dcd3d3817226b	447.3891853922426	1.3601695629584358	0.9808001598869159	1.3867958209909552	0.16550403177965164	0.42843741358756987	d__Bacteria	p__Bacillota	c__Clostridia	o__Peptostreptococcales-Tissierellales	f__Family_XI	g__Peptoniphilus	NA
49f8a2deb917a11a9db91dba69b14ef8	1.0531791811445184	0.0017551796490457537	0.466766271650045	0.0037602966530574183	0.9969997244270533	NA	d__Bacteria	p__Bacillota	c__Clostridia	o__Peptostreptococcales-Tissierellales	f__Family_XI	g__Peptoniphilus	NA
e595115ea036045e11142e00a5650d2e	5.4188162850982495	1.6121024536413961	0.6785627456695897	2.375760331567586	0.017512833760826386	0.10063594902752387	d__Bacteria	p__Bacillota	c__Clostridia	o__Peptostreptococcales-Tissierellales	f__Family_XI	g__Peptoniphilus	NA
625305f2606f4b51ae832a2a1ec34c06	2.17722402253264	0.5860590653106087	0.6233937475422948	0.9401105924163073	0.3471608360655445	0.6250976973234167	d__Bacteria	p__Bacillota	c__Clostridia	o__Peptostreptococcales-Tissierellales	f__Family_XI	g__Peptoniphilus	NA
bb45c5b15adb459a9c8865d055cc3170	1.2851565526507118	0.5089722350983328	0.46892695364042714	1.085397696052704	0.27774555238151954	0.5604576383852357	d__Bacteria	p__Bacillota	c__Clostridia	o__Peptostreptococcales-Tissierellales	f__Family_XI	g__Peptoniphilus	NA
f8f8263590c6b2a3b8000d05647efdae	1.0531791811445184	0.0017551796490457537	0.466766271650045	0.0037602966530574183	0.9969997244270533	NA	d__Bacteria	p__Bacillota	c__Clostridia	o__Peptostreptococcales-Tissierellales	f__Family_XI	g__Peptoniphilus	NA
90a9fb8aa0250e153dcc950cef478ff0	1.5253461983490548	0.9208643888094646	0.5619057495953119	1.638823574011615	0.10125000807518283	0.3234076055805707	d__Bacteria	p__Bacillota	c__Clostridia	o__Peptostreptococcales-Tissierellales	f__Family_XI	g__Peptoniphilus	NA
a1f9cfde6161fd628689e6a401f94f26	9.320666629883043	1.3560034630948679	0.7992765053331713	1.6965386246773635	0.08978392186761222	0.29143375719730347	d__Bacteria	p__Bacillota	c__Clostridia	o__Peptostreptococcales-Tissierellales	f__Family_XI	g__Peptoniphilus	NA
2a0ebf193a933caf68cbbc0d3b4b7fb5	1.0531791811445184	0.0017551796490457537	0.466766271650045	0.0037602966530574183	0.9969997244270533	NA	d__Bacteria	p__Bacillota	c__Clostridia	o__Peptostreptococcales-Tissierellales	f__Family_XI	g__Peptoniphilus	NA
d0b09c7277dcd988f49c2aa01c992225	1.1682821006139166	0.27736518339936356	0.46020755498367455	0.6026958497219865	0.546711043031493	0.7336901463490294	d__Bacteria	p__Bacillota	c__Clostridia	o__Peptostreptococcales-Tissierellales	f__Family_XI	g__Peptoniphilus	NA
8dcd9a05c4d622f52849288b5f39e0cf	1.1976667590277579	-0.8214712381207327	0.39166930692363855	-2.097359235455461	0.03596178681232526	0.15830088786122318	d__Bacteria	p__Bacillota	c__Clostridia	o__Peptostreptococcales-Tissierellales	f__Family_XI	g__Peptoniphilus	NA
a4bed684456f31629915b161545404c7	1.2557312096679165	0.45436301421106	0.46413734476550794	0.9789408659641767	0.32760919864009025	0.5984176048663825	d__Bacteria	p__Bacillota	c__Clostridia	o__Peptostreptococcales-Tissierellales	f__Family_XI	g__Peptoniphilus	NA
9398ad242a77ae05cc0f9215b14d0c83	1.1397836925551494	-0.5457577220424437	0.41168706576540837	-1.325661570221477	0.18495182208035882	NA	d__Bacteria	p__Bacillota	c__Clostridia	o__Peptostreptococcales-Tissierellales	f__Family_XI	g__Peptoniphilus	NA
09ded90ea9850eb8dd5be29f6ea5a490	1.0531791811445184	0.0017551796490457537	0.466766271650045	0.0037602966530574183	0.9969997244270533	NA	d__Bacteria	p__Bacillota	c__Clostridia	o__Peptostreptococcales-Tissierellales	f__Family_XI	g__Peptoniphilus	NA
f7e320ededd055705b5f95b915ce3327	1.3560606584005657	-1.3854983076947889	0.3890081647701812	-3.561617552457583	3.685770172310474e-4	0.006422363257234413	d__Bacteria	p__Bacillota	c__Clostridia	o__Peptostreptococcales-Tissierellales	f__Family_XI	g__Peptoniphilus	NA
d2fade2384e876f54ba4056ee01e09a1	1.0531791811445184	0.0017551796490457537	0.466766271650045	0.0037602966530574183	0.9969997244270533	NA	d__Bacteria	p__Bacillota	c__Clostridia	o__Peptostreptococcales-Tissierellales	f__Family_XI	g__Peptoniphilus	NA
e7654dc47ae14f609d0131e15f2bfaf2	1.0387345039180496	0.0017551853986298464	0.46650493531342463	0.0037624154982425057	0.9969980338451525	NA	d__Bacteria	p__Bacillota	c__Clostridia	o__Peptostreptococcales-Tissierellales	f__Family_XI	g__Peptoniphilus	NA
aa22fecd7d0e82e1a3dd1edc401debf1	1.212286457868426	0.0017552137768573925	0.473636874512441	0.003705821635328117	0.997043188899788	0.998890072806692	d__Bacteria	p__Bacillota	c__Clostridia	o__Peptostreptococcales-Tissierellales	f__Family_XI	g__Peptoniphilus	NA
ad00ae04ff50b034db76204ce8908655	1.1397706560537104	0.21326076234902147	0.4610826815397974	0.4625217360947752	0.6437072186392763	NA	d__Bacteria	p__Bacillota	c__Clostridia	o__Peptostreptococcales-Tissierellales	f__Family_XI	g__Peptoniphilus	NA
b407c0316dbd17ba50708ee7a6bb48e6	493.725420066743	0.5758941938859068	0.8081350659789276	0.7126212165887174	0.4760801793286228	0.7024229672895281	d__Bacteria	p__Bacillota	c__Clostridia	o__Peptostreptococcales-Tissierellales	f__Family_XI	g__Peptoniphilus	NA
e9c67e1d1c6da1b7579341310d0aa5d3	1.1836664526167522	0.308470884919562	0.4601022658586432	0.6704398300319026	0.5025774511761283	0.7061368533742548	d__Bacteria	p__Bacillota	c__Clostridia	o__Peptostreptococcales-Tissierellales	f__Family_XI	g__Peptoniphilus	NA
7fb08fa9b7b2eef6a3db57d0de769227	195.51276187797794	1.8743425585205342	0.8948012357385764	2.094702693356739	0.03619742966826323	0.15830088786122318	d__Bacteria	p__Bacillota	c__Clostridia	o__Peptostreptococcales-Tissierellales	f__Family_XI	g__Peptoniphilus	NA
b2574632cd105083065793a728d40c81	1405.061961097538	-0.6954602523305651	0.7453386277268653	-0.9330795781396446	0.3507788823918735	0.6297241222012556	d__Bacteria	p__Bacillota	c__Clostridia	o__Peptostreptococcales-Tissierellales	f__Family_XI	g__Peptoniphilus	NA
2899243bc8281851532fdb9d22e646ea	1.0531791811445184	0.0017551796490457537	0.466766271650045	0.0037602966530574183	0.9969997244270533	NA	d__Bacteria	p__Bacillota	c__Clostridia	o__Peptostreptococcales-Tissierellales	f__Family_XI	g__Peptoniphilus	NA
dddc3b9b23ab1e5901e392b65a023846	1.0387264241175567	0.0017551853957245892	0.4665047840706333	0.003762416711805548	0.9969980328768762	NA	d__Bacteria	p__Bacillota	c__Clostridia	o__Peptostreptococcales-Tissierellales	f__Family_XI	g__Peptoniphilus	NA
2e0153baf73c39ef129e2b1f30eec231	1.0531791811445184	0.0017551796490457537	0.466766271650045	0.0037602966530574183	0.9969997244270533	NA	d__Bacteria	p__Bacillota	c__Clostridia	o__Peptostreptococcales-Tissierellales	f__Family_XI	g__Peptoniphilus	NA
c1c7e161e750636f4e9fe462583252c1	2.0681111124622262	1.6544351796824288	0.6409868317824847	2.581075144838314	0.009849314016197656	0.06608394487962785	d__Bacteria	p__Bacillota	c__Clostridia	o__Peptostreptococcales-Tissierellales	f__Family_XI	g__Peptoniphilus	NA
49335daf329096054e8f188cdb2b10a8	1.0531791811445184	0.0017551796490457537	0.466766271650045	0.0037602966530574183	0.9969997244270533	NA	d__Bacteria	p__Bacillota	c__Clostridia	o__Peptostreptococcales-Tissierellales	f__Family_XI	g__Peptoniphilus	NA
9b10f503dda70720d0983a89341fcd03	1.2410650224950215	0.4263404127151697	0.47595993471807213	0.8957485317912445	0.3703870838832346	0.6383107216596605	d__Bacteria	p__Bacillota	c__Clostridia	o__Peptostreptococcales-Tissierellales	f__Family_XI	g__Peptoniphilus	NA
e432f9c3b06de686fd200475617ec5b8	1.0531791811445184	0.0017551796490457537	0.466766271650045	0.0037602966530574183	0.9969997244270533	NA	d__Bacteria	p__Bacillota	c__Clostridia	o__Peptostreptococcales-Tissierellales	f__Family_XI	g__Peptoniphilus	NA
fc8c61060b93b4670fe0b70d6bd1b57a	1.0387264241175567	0.0017551853957245892	0.4665047840706333	0.003762416711805548	0.9969980328768762	NA	d__Bacteria	p__Bacillota	c__Clostridia	o__Peptostreptococcales-Tissierellales	f__Family_XI	g__Peptoniphilus	NA
ebfa2bf5f3b4bcbc56de0128026b4ace	45.21840704228829	2.524949223627275	0.8838775887197067	2.856672978081336	0.004281066634516097	0.036565603676035154	d__Bacteria	p__Bacillota	c__Clostridia	o__Peptostreptococcales-Tissierellales	f__Family_XI	g__Peptoniphilus	NA
4983159bdb7e4d27fb39c7363c992ffb	1.0531791811445184	0.0017551796490457537	0.466766271650045	0.0037602966530574183	0.9969997244270533	NA	d__Bacteria	p__Bacillota	c__Clostridia	o__Peptostreptococcales-Tissierellales	f__Family_XI	g__Peptoniphilus	NA
b270c275c943841ada8dd7b126594834	2.3672982112899654	-1.2385329359809538	0.5253685004914066	-2.3574556427012365	0.01840065349732741	0.10375204155065833	d__Bacteria	p__Bacillota	c__Clostridia	o__Peptostreptococcales-Tissierellales	f__Family_XI	g__Peptoniphilus	NA
cc26910beda4c34d311783ea2c9c1818	1.0531791811445184	0.0017551796490457537	0.466766271650045	0.0037602966530574183	0.9969997244270533	NA	d__Bacteria	p__Bacillota	c__Clostridia	o__Peptostreptococcales-Tissierellales	f__Family_XI	g__Peptoniphilus	NA
8523b98a8304aef5a4b0a9e36c453bf5	1.6452401707185913	1.0579881467120982	0.5773611874021894	1.8324545705478887	0.0668837241850713	0.24946382840456716	d__Bacteria	p__Bacillota	c__Clostridia	o__Peptostreptococcales-Tissierellales	f__Family_XI	g__Peptoniphilus	NA
c89fca06fceb56d07eeba7d4731c3d1f	1.168325310118445	0.2773684820393203	0.46020924447741035	0.6027008048356036	0.5467077460540981	0.7336901463490294	d__Bacteria	p__Bacillota	c__Clostridia	o__Peptostreptococcales-Tissierellales	f__Family_XI	g__Peptoniphilus	NA
fd142f8d5321b7cc15800fa19096a231	109.19306380422206	0.28742072714464045	0.7545345592659711	0.3809245363449622	0.703259245288316	0.8798066183242369	d__Bacteria	p__Bacillota	c__Clostridia	o__Peptostreptococcales-Tissierellales	f__Family_XI	g__Peptoniphilus	NA
3f2d26632509e4e5fe1a7f94e66e7999	1.2536056332092114	0.4540017666008257	0.4639326784467803	0.9785940669685034	0.32778059197502124	0.5984176048663825	d__Bacteria	p__Bacillota	c__Clostridia	o__Peptostreptococcales-Tissierellales	f__Family_XI	g__Peptoniphilus	NA
ec9f24fe67810c9fed4256ecc85ebbf8	1.1392510513400353	-0.5456623317777871	0.4116759660185961	-1.3254656011498585	0.18501677132333957	NA	d__Bacteria	p__Bacillota	c__Clostridia	o__Peptostreptococcales-Tissierellales	f__Family_XI	g__Peptoniphilus	NA
2828cbbe163e824e587b01c4196e6e93	3.1904288905967517	1.4277261790700024	0.694619473766538	2.0554076483462684	0.039839647383653073	0.17079949504488356	d__Bacteria	p__Bacillota	c__Clostridia	o__Peptostreptococcales-Tissierellales	f__Family_XI	g__Peptoniphilus	NA
3e50347c5ac0537609d6f20e15a1492a	1.5589337352879733	0.58454514651885	0.5081084148020112	1.1504339024706431	0.2499652033485908	0.5304031965046953	d__Bacteria	p__Bacillota	c__Clostridia	o__Peptostreptococcales-Tissierellales	f__Family_XI	g__Peptoniphilus	NA
9557f8088b37dfccf28312167dc1e885	3.8073830224653884	-1.138138810730248	0.570191659739353	-1.9960635889527318	0.04592700168171292	0.190201134550818	d__Bacteria	p__Bacillota	c__Clostridia	o__Peptostreptococcales-Tissierellales	f__Family_XI	g__Peptoniphilus	NA
f85ab807c3a227577d26b183b82110ec	1.0531791811445184	0.0017551796490457537	0.466766271650045	0.0037602966530574183	0.9969997244270533	NA	d__Bacteria	p__Bacillota	c__Clostridia	o__Peptostreptococcales-Tissierellales	f__Family_XI	g__Peptoniphilus	NA
04caf0824c48ee5640717c87bddaec09	2.4037649405885433	-0.2540783332241969	0.5396574257161108	-0.4708141148748983	0.637773483991794	0.818339694737334	d__Bacteria	p__Bacillota	c__Clostridia	o__Peptostreptococcales-Tissierellales	f__Family_XI	g__W5053	NA
7d8914c9bc5bd0df97f29e99b0e5fa2f	1.0531791811445184	0.0017551796490457537	0.466766271650045	0.0037602966530574183	0.9969997244270533	NA	d__Bacteria	p__Bacillota	c__Clostridia	o__Peptostreptococcales-Tissierellales	f__Family_XI	g__W5053	NA
3e762f18e3ba9a63434160de80a9f74d	1.0531791811445184	0.0017551796490457537	0.466766271650045	0.0037602966530574183	0.9969997244270533	NA	d__Bacteria	p__Bacillota	c__Clostridia	o__Peptostreptococcales-Tissierellales	f__Family_XI	g__W5053	NA
4cfe5cd1b26804fdebc994caac8a28c8	1.1535481037976945	0.2456377991441344	0.4605447309031462	0.533363607618372	0.5937819043084603	NA	d__Bacteria	p__Bacillota	c__Clostridia	o__Peptostreptococcales-Tissierellales	f__Family_XI	g__W5053	NA
2659387058de95f7294a883bc6165390	1.3709620801268267	0.0017559924335891156	0.5295759880183291	0.003315846022702108	0.9973543425005819	0.998890072806692	d__Bacteria	p__Bacillota	c__Clostridia	o__Peptostreptococcales-Tissierellales	f__Family_XI	g__W5053	NA
0d818e655454d2a7b6525ac6a011c47e	1.0531791811445184	0.0017551796490457537	0.466766271650045	0.0037602966530574183	0.9969997244270533	NA	d__Bacteria	p__Bacillota	c__Clostridia	o__Peptostreptococcales-Tissierellales	f__Family_XI	g__Parvimonas	NA
59fbeb729956dc5b7c07eeb17f87596f	1.0387304233561943	0.11723604757904306	0.4805923863206676	0.24394070924964503	0.8072767399384805	NA	d__Bacteria	p__Bacillota	c__Clostridia	o__Peptostreptococcales-Tissierellales	f__Family_XI	g__Parvimonas	NA
1c15dce677ce266269d1373182cce24a	1.1398717278744621	-0.5457734358304633	0.4116889095974429	-1.3256938020607132	0.18494114122688307	NA	d__Bacteria	p__Bacillota	c__Clostridia	o__Peptostreptococcales-Tissierellales	f__Family_XI	g__Parvimonas	NA
9485b25a0c921cb845dc9c4142ae4a0f	2.396952117810618	1.0591459041680549	0.6648091620493328	1.5931578032155036	0.1111247947480153	0.3430870912400164	d__Bacteria	p__Bacillota	c__Clostridia	o__Peptostreptococcales-Tissierellales	f__Family_XI	g__Parvimonas	NA
ef4131513a1555e2eb3f175df11c7dfe	1.0531791811445184	0.0017551796490457537	0.466766271650045	0.0037602966530574183	0.9969997244270533	NA	d__Bacteria	p__Bacillota	c__Clostridia	o__Peptostreptococcales-Tissierellales	f__Family_XI	g__Parvimonas	NA
e93b313352019b8113e7fc66bf757917	1.0531791811445184	0.0017551796490457537	0.466766271650045	0.0037602966530574183	0.9969997244270533	NA	d__Bacteria	p__Bacillota	c__Clostridia	o__Peptostreptococcales-Tissierellales	f__Family_XI	g__Parvimonas	NA
ff48ea2b9d30c737b53aeb9841179d57	1.0531791811445184	0.0017551796490457537	0.466766271650045	0.0037602966530574183	0.9969997244270533	NA	d__Bacteria	p__Bacillota	c__Clostridia	o__Peptostreptococcales-Tissierellales	f__Family_XI	g__Parvimonas	NA
b48f57c20643c5e46e43c56656b38058	1.0531791811445184	0.0017551796490457537	0.466766271650045	0.0037602966530574183	0.9969997244270533	NA	d__Bacteria	p__Bacillota	c__Clostridia	o__Peptostreptococcales-Tissierellales	f__Family_XI	g__Parvimonas	NA
e617358af0b4a2029693b6d525a121d5	7.970158327108301	0.616828727397765	0.752383431704928	0.8198329487399912	0.41231134505964184	0.6642795753471423	d__Bacteria	p__Bacillota	c__Clostridia	o__Peptostreptococcales-Tissierellales	f__Family_XI	g__Parvimonas	NA
9232f4ad524ebf27e8d228b685818362	1.3418174308418247	0.6118505238272892	0.5077538896415391	1.2050139571737	0.22819791385800742	0.5182506720239989	d__Bacteria	p__Bacillota	c__Clostridia	o__Peptostreptococcales-Tissierellales	f__Family_XI	g__Parvimonas	NA
7172c7a7150b171ea8350db4e95953a5	1.0531791811445184	0.0017551796490457537	0.466766271650045	0.0037602966530574183	0.9969997244270533	NA	d__Bacteria	p__Bacillota	c__Clostridia	o__Peptostreptococcales-Tissierellales	f__Family_XI	g__Parvimonas	NA
425bd644dc8d2d7cc7fdf4669456d72e	1.1834239334356202	0.3084501710512937	0.4600913270880227	0.6704107486735613	0.5025959845106203	0.7061368533742548	d__Bacteria	p__Bacillota	c__Clostridia	o__Peptostreptococcales-Tissierellales	f__Family_XI	g__Parvimonas	NA
f5d8a80d3113182796c3d7061e260d73	3.083762523963437	-0.5236696745059921	0.6047103117992252	-0.8659843635672282	0.38649873670306734	0.6568594364791762	d__Bacteria	p__Bacillota	c__Clostridia	o__Peptostreptococcales-Tissierellales	f__Family_XI	g__Incertae_Sedis	NA
e5d144b80521b09f2b7806cb4abb5168	1.0531791811445184	0.0017551796490457537	0.466766271650045	0.0037602966530574183	0.9969997244270533	NA	d__Bacteria	p__Bacillota	c__Clostridia	o__Peptostreptococcales-Tissierellales	f__Family_XI	NA	NA
b573980ca0828fe07e1d96d6f7c44d67	1.2266122654680598	0.0017552348766375523	0.4751876927069429	0.0036937717528808946	0.9970528032491489	0.998890072806692	d__Bacteria	p__Bacillota	c__Clostridia	o__Peptostreptococcales-Tissierellales	f__Family_XI	NA	NA
1c4485eba4e4a70652a6c24f2a384601	1.1398222527895048	0.2132639493488747	0.4610842720817119	0.4625270525624885	0.6437034070228469	NA	d__Bacteria	p__Bacillota	c__Clostridia	o__Peptostreptococcales-Tissierellales	f__Family_XI	NA	NA
7c9d63ea03311fdd9765198ef24b3673	1.944897164913967	0.5000598114228187	0.5181379158275686	0.965109474036704	0.33448998215296816	0.607749574229523	d__Bacteria	p__Bacillota	c__Clostridia	o__Peptostreptococcales-Tissierellales	f__Family_XI	g__Incertae_Sedis	NA
5b7567b9ebc3e1dfa38f05c32e1b2c4e	1.2114456954149413	0.3684889513112476	0.4605187228582602	0.8001606297876019	0.4236177369614377	0.6642795753471423	d__Bacteria	p__Bacillota	c__Clostridia	o__Peptostreptococcales-Tissierellales	f__Family_XI	NA	NA
b96e703a3e336c3609f153405b9e6e06	1.196340932619299	0.33868203405375275	0.46010306754031816	0.7361003608698491	0.461669623186855	0.6870696622644521	d__Bacteria	p__Bacillota	c__Clostridia	o__Peptostreptococcales-Tissierellales	f__Family_XI	g__Finegoldia	NA
385417910070d1997abbaaeef8988822	1.225766945459383	-0.9415430491445618	0.3855896110943683	-2.4418268077096372	0.014613155242618185	0.08744350135491084	d__Bacteria	p__Bacillota	c__Clostridia	o__Peptostreptococcales-Tissierellales	f__Family_XI	g__Finegoldia	NA
58f6df1d3a50856bd9c39c67b1d5bdf0	1.198287350500189	0.3388703127962952	0.46020467417120875	0.7363469599837792	0.46151957447235786	0.6870696622644521	d__Bacteria	p__Bacillota	c__Clostridia	o__Peptostreptococcales-Tissierellales	f__Family_XI	g__Finegoldia	NA
22b3c70cdfb1714224e1bf8a6314bee9	1192.9145685067024	-0.8285091119073965	0.6727240121508518	-1.2315735679754678	0.2181084196591458	0.5076515736640196	d__Bacteria	p__Bacillota	c__Clostridia	o__Peptostreptococcales-Tissierellales	f__Family_XI	g__Finegoldia	NA
f9017efdb1860db7b2d1e9b197eb7821	1.0531791811445184	0.0017551796490457537	0.466766271650045	0.0037602966530574183	0.9969997244270533	NA	d__Bacteria	p__Bacillota	c__Clostridia	o__Peptostreptococcales-Tissierellales	f__Family_XI	g__Finegoldia	NA
35df9515d04f76cc7386dc9b7294c4b7	1.0531791811445184	0.0017551796490457537	0.466766271650045	0.0037602966530574183	0.9969997244270533	NA	d__Bacteria	p__Bacillota	c__Clostridia	o__Peptostreptococcales-Tissierellales	f__Family_XI	g__Finegoldia	NA
c81ae021e888371f432017e1aed6b90f	1.0531791811445184	0.0017551796490457537	0.466766271650045	0.0037602966530574183	0.9969997244270533	NA	d__Bacteria	p__Bacillota	c__Clostridia	o__Peptostreptococcales-Tissierellales	f__Family_XI	g__Finegoldia	NA
bbcdc339c8685d185ee0f0e5a58884db	1.0387075420010623	-0.03672041387808644	0.4680885940035387	-0.0784475724221745	0.9374720327762345	NA	d__Bacteria	p__Bacillota	c__Clostridia	o__Peptostreptococcales-Tissierellales	f__Family_XI	g__Finegoldia	NA
8e525510dffd5ffc440eb36c8541eb72	1.0531791811445184	0.0017551796490457537	0.466766271650045	0.0037602966530574183	0.9969997244270533	NA	d__Bacteria	p__Bacillota	c__Clostridia	o__Peptostreptococcales-Tissierellales	f__Family_XI	g__Finegoldia	NA
62c8ae38d024222f1c447f14b88ea9e4	1.254900223132337	0.4542215719582715	0.4640571784732399	0.9788051839919214	0.32767624780506127	0.5984176048663825	d__Bacteria	p__Bacillota	c__Clostridia	o__Peptostreptococcales-Tissierellales	f__Family_XI	g__Finegoldia	NA
17683eaef94c567c87f79b3623aaae3f	1.0531791811445184	0.0017551796490457537	0.466766271650045	0.0037602966530574183	0.9969997244270533	NA	d__Bacteria	p__Bacillota	c__Clostridia	o__Peptostreptococcales-Tissierellales	f__Family_XI	g__Finegoldia	NA
9b9def60f68957f85da86f875e31bcb2	1.0531791811445184	0.0017551796490457537	0.466766271650045	0.0037602966530574183	0.9969997244270533	NA	d__Bacteria	p__Bacillota	c__Clostridia	o__Peptostreptococcales-Tissierellales	f__Family_XI	g__Finegoldia	NA
b8e850a95bb5fb660d506a45258b451c	1.0531791811445184	0.0017551796490457537	0.466766271650045	0.0037602966530574183	0.9969997244270533	NA	d__Bacteria	p__Bacillota	c__Clostridia	o__Peptostreptococcales-Tissierellales	f__Family_XI	g__Finegoldia	NA
6264d3558651b758d260209f5a002eda	1.2973427462998097	0.21307675277724686	0.48219225951927946	0.44189169064985256	0.6585675838323879	0.8334453827004193	d__Bacteria	p__Bacillota	c__Clostridia	o__Peptostreptococcales-Tissierellales	f__Family_XI	g__Ndongobacter	NA
7576889c72e508be38f37a34f9a9fe27	1.1831812761827354	0.0017551855303137684	0.4713039140588065	0.0037241055674635598	0.9970286005332936	0.998890072806692	d__Bacteria	p__Bacillota	c__Clostridia	o__Peptostreptococcales-Tissierellales	f__Family_XI	g__Ndongobacter	NA
997697a39b4f8a14b67e210a7a0337df	1.7592229450624184	1.057107363674986	0.5667380849180053	1.86524850156828	0.06214657997291235	0.23545123832008746	d__Bacteria	p__Bacillota	c__Clostridia	o__Peptostreptococcales-Tissierellales	f__Family_XI	g__Kallipyga	NA
39ac0c75bd4fbfca568f208e37fa3f86	1.0531791811445184	0.0017551796490457537	0.466766271650045	0.0037602966530574183	0.9969997244270533	NA	d__Bacteria	p__Bacillota	c__Clostridia	o__Peptostreptococcales-Tissierellales	f__Family_XI	g__Kallipyga	NA
9bb9c1aa60db2c468b09f4a12cc4b979	1.2695230934702666	-1.1052553533761236	0.38185975633240515	-2.8944012429893493	0.0037988238607980502	0.03337134896902435	d__Bacteria	p__Bacillota	c__Clostridia	o__Peptostreptococcales-Tissierellales	f__Family_XI	g__Kallipyga	NA
382ab675b61ba6522fae0690d5a92ce7	1.0531791811445184	0.0017551796490457537	0.466766271650045	0.0037602966530574183	0.9969997244270533	NA	d__Bacteria	p__Bacillota	c__Clostridia	o__Peptostreptococcales-Tissierellales	f__Family_XI	g__Murdochiella	NA
306885bb108656641ce13c5a740ef46c	162.922788347316	1.8686380902494668	0.8823516927586827	2.1177928320250037	0.034192616667398375	0.15830088786122318	d__Bacteria	p__Bacillota	c__Clostridia	o__Peptostreptococcales-Tissierellales	f__Family_XI	g__Murdochiella	NA
d8dac293df1e2ec3d5e828987d7b65e6	1.0387264241175567	-0.03671978916508494	0.4680889203215968	-0.07844618313088227	0.9374731378647613	NA	d__Bacteria	p__Bacillota	c__Clostridia	o__Peptostreptococcales-Tissierellales	f__Family_XI	g__Murdochiella	NA
8efd091a825529424f6f216717ea9e44	1.7272415322903174	1.160408447447369	0.5667612992965242	2.047437693589333	0.040615128588651475	0.17297435969847666	d__Bacteria	p__Bacillota	c__Clostridia	o__Peptostreptococcales-Tissierellales	f__Family_XI	g__Murdochiella	NA
9fcec8cede65c4ee615159628e314a35	5.653717407882271	3.12024525329692	0.7703059509077074	4.05065707933336	5.107401044860025e-5	0.001277914303099352	d__Bacteria	p__Bacillota	c__Clostridia	o__Peptostreptococcales-Tissierellales	f__Family_XI	g__Murdochiella	NA
0e5d008bd33e01f7c84a20a650ff453d	1.0531791811445184	0.0017551796490457537	0.466766271650045	0.0037602966530574183	0.9969997244270533	NA	d__Bacteria	p__Bacillota	c__Clostridia	o__Peptostreptococcales-Tissierellales	f__Family_XI	g__Murdochiella	NA
d8c6bc9d4a4133c982803f10d71f7b02	1.168562601051584	-0.6901440335777561	0.40034546215581873	-1.7238712532456397	0.08473108790489407	0.2804913925732454	d__Bacteria	p__Bacillota	c__Clostridia	o__Peptostreptococcales-Tissierellales	f__Family_XI	g__Kallipyga	NA
97c1c1cbbde7a962d7465cda98f910f9	1.1394730633019505	-0.5457021581867929	0.4116805808292659	-1.325547484138216	0.1849896311210702	NA	d__Bacteria	p__Bacillota	c__Negativicutes	o__Acidaminococcales	f__Acidaminococcaceae	NA	NA
b94662c0492f0e33c6157eead05bc2a8	1.139895723306289	0.0017551682179888053	0.4691082581341641	0.0037414992969209897	0.9970147224417927	NA	d__Bacteria	p__Bacteroidota	c__Bacteroidia	o__Bacteroidales	f__Bacteroidaceae	g__Bacteroides	NA
a81eeef79efbeed60fe844aa4e71619b	1.0531791811445184	0.0017551796490457537	0.466766271650045	0.0037602966530574183	0.9969997244270533	NA	d__Bacteria	p__Bacteroidota	c__Bacteroidia	o__Bacteroidales	f__Bacteroidaceae	g__Bacteroides	NA
8879b282a2181421e9c4262d14f60409	1.0387345039180496	0.0017551853986298477	0.46650493531342463	0.0037624154982425083	0.9969980338451525	NA	d__Bacteria	p__Bacteroidota	c__Bacteroidia	o__Bacteroidales	f__Bacteroidaceae	g__Bacteroides	NA
6616dc3bd6aeb3e26b9b2218290ea574	103.45049984278872	1.7665976126482108	1.0368422186390949	1.7038249223367417	0.08841380046709717	0.288546125980934	d__Bacteria	p__Bacteroidota	c__Bacteroidia	o__Bacteroidales	f__Bacteroidaceae	g__Bacteroides	NA
74e77588223f5f0899c3d9a9cfff7972	1.1684483479947	-0.6901190779858078	0.40034205708066245	-1.7238235798113013	0.08473969647301521	0.2804913925732454	d__Bacteria	p__Bacteroidota	c__Bacteroidia	o__Bacteroidales	f__Bacteroidaceae	g__Bacteroides	NA
d98862c324045e346d03d4bceca3ade4	1.0531791811445184	0.0017551796490457537	0.466766271650045	0.0037602966530574183	0.9969997244270533	NA	d__Bacteria	p__Bacteroidota	c__Bacteroidia	o__Bacteroidales	f__Bacteroidaceae	g__Bacteroides	NA
0c04b680785e304610a465f9b596adb2	1.168703276671167	0.2773973046484454	0.4602240377749611	0.6027440591533949	0.5466789664039873	0.7336901463490294	d__Bacteria	p__Bacteroidota	c__Bacteroidia	o__Bacteroidales	f__Bacteroidaceae	g__Bacteroides	NA
df37b62e507e32409df4885c1ad2ce14	1.0531791811445184	0.0017551796490457537	0.466766271650045	0.0037602966530574183	0.9969997244270533	NA	d__Bacteria	p__Bacteroidota	c__Bacteroidia	o__Bacteroidales	f__Bacteroidaceae	g__Bacteroides	NA
9db6065dfa5f306778c1a370f3267d73	1.0387386692036873	-0.03671938309544485	0.4680891319336553	-0.07844528016226036	0.9374738561161168	NA	d__Bacteria	p__Bacteroidota	c__Bacteroidia	o__Bacteroidales	f__Bacteroidaceae	g__Bacteroides	NA
2acb338202e6fbb14e43e93e96d5d258	1.0387386692036873	-0.03671938309544485	0.4680891319336553	-0.07844528016226036	0.9374738561161168	NA	d__Bacteria	p__Bacteroidota	c__Bacteroidia	o__Bacteroidales	f__Bacteroidaceae	g__Bacteroides	NA
47c305878bfc73bfeda34b2ae1a82ee1	2.205870849646336	-2.836819794084187	0.4888739497453879	-5.802763259448864	6.523086176543478e-9	6.528522081690597e-7	d__Bacteria	p__Bacteroidota	c__Bacteroidia	o__Bacteroidales	f__Bacteroidaceae	g__Bacteroides	NA
71e2f677a92258de3ffebd9814e0db39	1.0531791811445184	0.0017551796490457537	0.466766271650045	0.0037602966530574183	0.9969997244270533	NA	d__Bacteria	p__Bacteroidota	c__Bacteroidia	o__Bacteroidales	f__Bacteroidaceae	g__Bacteroides	NA
cbd78efd85b15ef4ac0450160a74dda3	13.072820703092265	-0.0367914429266272	0.8251776402864565	-0.04458608804990793	0.9644372317604742	0.998890072806692	d__Bacteria	p__Bacteroidota	c__Bacteroidia	o__Bacteroidales	f__Bacteroidaceae	g__Bacteroides	NA
feacfc64492b1439abc8e93c3c82cf83	1.0531791811445184	0.0017551796490457537	0.466766271650045	0.0037602966530574183	0.9969997244270533	NA	d__Bacteria	p__Bacteroidota	c__Bacteroidia	o__Bacteroidales	f__Bacteroidaceae	g__Bacteroides	NA
1c2839401c960dd49de918c7e785ddaf	1.0387345039180496	0.0017551853986298464	0.46650493531342463	0.0037624154982425057	0.9969980338451525	NA	d__Bacteria	p__Bacteroidota	c__Bacteroidia	o__Bacteroidales	f__Bacteroidaceae	g__Bacteroides	NA
710852c7b0ca73b4a35db29d089e81e0	1.0387225030027176	-0.036719919039636374	0.4680888525583302	-0.07844647194425673	0.9374729081329821	NA	d__Bacteria	p__Bacteroidota	c__Bacteroidia	o__Bacteroidales	f__Bacteroidaceae	g__Bacteroides	NA
6c2d943bfa600161d41df3bee4830389	1.0531791811445184	0.0017551796490457537	0.466766271650045	0.0037602966530574183	0.9969997244270533	NA	d__Bacteria	p__Bacteroidota	c__Bacteroidia	o__Bacteroidales	f__Bacteroidaceae	g__Bacteroides	NA
5159e647eea3c9a159beb76d8c87d094	1.0387304233561943	-0.0367196566245974	0.46808898943448524	-0.07844588839604988	0.9374733723066706	NA	d__Bacteria	p__Bacteroidota	c__Bacteroidia	o__Bacteroidales	f__Bacteroidaceae	g__Bacteroides	NA
9cece8cf135e366f9aef51e461bf9888	1.0387304233561943	-0.0367196566245974	0.46808898943448524	-0.07844588839604988	0.9374733723066706	NA	d__Bacteria	p__Bacteroidota	c__Bacteroidia	o__Bacteroidales	f__Bacteroidaceae	g__Bacteroides	NA
8001826dafd338cf078dd28c2eae05ed	1.0242508638592618	-0.07624953062724425	0.46951062424895385	-0.16240214105743775	0.870989184901755	NA	d__Bacteria	p__Bacteroidota	c__Bacteroidia	o__Bacteroidales	f__Bacteroidaceae	g__Bacteroides	NA
93f681a036a868c818c9a238350bf070	1.0531791811445184	0.0017551796490457537	0.466766271650045	0.0037602966530574183	0.9969997244270533	NA	d__Bacteria	p__Bacteroidota	c__Bacteroidia	o__Bacteroidales	f__Bacteroidaceae	g__Bacteroides	NA
99deb3c5ecb022ec05609ebd1112a557	4635.421325363211	-0.9118064708090493	0.7650139608376328	-1.1918821322040838	0.23330746517333023	0.5183124226277362	d__Bacteria	p__Bacteroidota	c__Bacteroidia	o__Bacteroidales	f__Bacteroidaceae	g__Bacteroides	NA
fd44d4cb468fd7dc9b3227867714ed87	1261.860505477868	2.299263549920477	1.2373386704745495	1.858233000217033	0.0631359336230339	0.23844734679642673	d__Bacteria	p__Bacteroidota	c__Bacteroidia	o__Bacteroidales	f__Bacteroidaceae	g__Bacteroides	NA
d4dd050cdba11363174e698bb4d13eb5	2.541941313317254	1.8967217573345898	0.6676789844948455	2.8407689943538017	0.0045004899715498205	0.03779782136944989	d__Bacteria	p__Bacteroidota	c__Bacteroidia	o__Bacteroidales	f__Bacteroidaceae	g__Bacteroides	NA
e8491108aacbe1ca3c8953a1999c4e28	1.0387304233561943	0.11723604757904306	0.4805923863206676	0.24394070924964503	0.8072767399384805	NA	d__Bacteria	p__Bacteroidota	c__Bacteroidia	o__Bacteroidales	f__Bacteroidaceae	g__Bacteroides	NA
2847364b36e7de803924acf1d159afa9	1.0387225030027176	-0.036719919039636374	0.4680888525583302	-0.07844647194425673	0.9374729081329821	NA	d__Bacteria	p__Bacteroidota	c__Bacteroidia	o__Bacteroidales	f__Bacteroidaceae	g__Bacteroides	NA
cd0866c5fffa3da0653f75faee220193	1.0531791811445184	0.0017551796490457537	0.466766271650045	0.0037602966530574183	0.9969997244270533	NA	d__Bacteria	p__Bacteroidota	c__Bacteroidia	o__Bacteroidales	f__Bacteroidaceae	g__Bacteroides	NA
0b1f6cb9c07f848ba25971a32b3cc49d	107.25554452548609	-1.6383157256143221	0.966666156759058	-1.694810265321695	0.09011141951033567	0.2917083957733508	d__Bacteria	p__Bacteroidota	c__Bacteroidia	o__Bacteroidales	f__Bacteroidaceae	g__Bacteroides	NA
410f8b6fd50ded3f5de25fb5610f49a8	31.85923128796652	2.172086412122921	0.9510103909650739	2.2839775808534686	0.022372848557495564	0.11764833233393761	d__Bacteria	p__Bacteroidota	c__Bacteroidia	o__Bacteroidales	f__Bacteroidaceae	g__Bacteroides	NA
b2062ae94fb00a931014b67b499295a8	19.38336083307515	-0.7073161621632758	0.8651316713604722	-0.817582092505038	0.4135958562742964	0.6642795753471423	d__Bacteria	p__Bacteroidota	c__Bacteroidia	o__Bacteroidales	f__Bacteroidaceae	g__Bacteroides	NA
58834aafe2154b533d198cc974ec0e09	1.139859485324462	0.0017551681960645805	0.4691070765869257	0.003741508673956973	0.9970147149600528	NA	d__Bacteria	p__Bacteroidota	c__Bacteroidia	o__Bacteroidales	f__Bacteroidaceae	g__Bacteroides	NA
fcf7529125e1549e9e1ebc3df87cc784	1.2266122654680596	0.001755234876637197	0.4751876927069449	0.0036937717528801313	0.9970528032491495	0.998890072806692	d__Bacteria	p__Bacteroidota	c__Bacteroidia	o__Bacteroidales	f__Bacteroidaceae	g__Bacteroides	NA
243a590b7a6c17e5a16dff4bc7033ac1	1.0387264241175567	-0.03671978916508494	0.4680889203215968	-0.07844618313088227	0.9374731378647613	NA	d__Bacteria	p__Bacteroidota	c__Bacteroidia	o__Bacteroidales	f__Bacteroidaceae	g__Bacteroides	NA
12cc4c8a5d46fec0b6738bfe7c6c8a08	1.3251865089466015	0.5856853324865701	0.5011599696459994	1.1686594460053867	0.24254086720798312	0.5183124226277362	d__Bacteria	p__Bacteroidota	c__Bacteroidia	o__Bacteroidales	f__Bacteroidaceae	g__Bacteroides	NA
9d88acce7b2f13b58bf95d2f17ec8c2f	1.038742922832062	-0.03671924186339007	0.468089205441176	-0.0784449661230321	0.9374741059134039	NA	d__Bacteria	p__Bacteroidota	c__Bacteroidia	o__Bacteroidales	f__Bacteroidaceae	g__Bacteroides	NA
824b9c5e131ccef5ab3286cfde31640c	64.81439955032536	1.0871883761052148	0.9244722246953112	1.1760097784046804	0.23959096858339482	0.5183124226277362	d__Bacteria	p__Bacteroidota	c__Bacteroidia	o__Bacteroidales	f__Bacteroidaceae	g__Bacteroides	NA
6d49d954693bdf104f81c580fa552ddf	1.0531791811445184	0.0017551796490457537	0.466766271650045	0.0037602966530574183	0.9969997244270533	NA	d__Bacteria	p__Bacteroidota	c__Bacteroidia	o__Bacteroidales	f__Bacteroidaceae	g__Bacteroides	NA
9d5054752ed33d6a22bd0f96b5618b1c	779.3714965729972	-0.5656870895837137	1.0190937527425852	-0.5550883695060799	0.578834217577296	0.7695126254570229	d__Bacteria	p__Bacteroidota	c__Bacteroidia	o__Bacteroidales	f__Bacteroidaceae	g__Bacteroides	NA
6aa92e9b0cb6b82cbf81068cb87268c9	1.0387324637811943	0.0017551853978961742	0.46650489712377025	0.003762415804673748	0.9969980336006574	NA	d__Bacteria	p__Bacteroidota	c__Bacteroidia	o__Bacteroidales	f__Bacteroidaceae	g__Bacteroides	NA
27af6946079ffdcc29ae6f9f6640a637	1.0387304233561943	-0.0367196566245974	0.46808898943448524	-0.07844588839604988	0.9374733723066706	NA	d__Bacteria	p__Bacteroidota	c__Bacteroidia	o__Bacteroidales	f__Bacteroidaceae	g__Bacteroides	NA
836cd5ea357ad392c00a7e48d921be1d	327.6382321847713	-1.1224622061964664	0.8303169227835022	-1.3518479214341372	0.17642397038741625	0.4454937166585276	d__Bacteria	p__Bacteroidota	c__Bacteroidia	o__Bacteroidales	f__Bacteroidaceae	g__Bacteroides	NA
2c982937754e6321f861027032db80f7	2201.998253706398	-0.546642512799019	1.0883395225407733	-0.5022720405511505	0.6154761737953152	0.7982579748684379	d__Bacteria	p__Bacteroidota	c__Bacteroidia	o__Bacteroidales	f__Bacteroidaceae	g__Bacteroides	NA
5d5f9ea96902c7e15830ff9763324c68	1.0386683642089511	-0.03672170447604546	0.4680879169045738	-0.0784504430682232	0.9374697493692195	NA	d__Bacteria	p__Bacteroidota	c__Bacteroidia	o__Bacteroidales	f__Bacteroidaceae	g__Bacteroides	NA
3a4f402fbd24224f50514f9e42f0789d	0.9664521589613444	0.16476496272601346	0.49876052100015156	0.33034884636742007	0.7411363885083018	NA	d__Bacteria	p__Bacteroidota	c__Bacteroidia	o__Bacteroidales	f__Bacteroidaceae	g__Bacteroides	NA
b7e5e417da183df1d5cb33a51a10991d	6.512845811326009	1.0559563448082643	0.7576949664963694	1.3936430773601083	0.16342541335731703	0.42722750661089226	d__Bacteria	p__Bacteroidota	c__Bacteroidia	o__Bacteroidales	f__Bacteroidaceae	g__Bacteroides	NA
f8bcef2b701bb3b9bdf3187f149c62fb	1.0531791811445184	0.0017551796490457537	0.466766271650045	0.0037602966530574183	0.9969997244270533	NA	d__Bacteria	p__Bacteroidota	c__Bacteroidia	o__Bacteroidales	f__Bacteroidaceae	g__Bacteroides	NA
7ee3e4343242684ba3ce459672348ff7	5.0247392120852155	1.0280320771550313	0.7320211377647182	1.4043748521992203	0.16020725534153973	0.4219493720727833	d__Bacteria	p__Bacteroidota	c__Bacteroidia	o__Bacteroidales	f__Bacteroidaceae	g__Bacteroides	NA
ef6a209f17415ca40777d4f3e0459647	57.64205298192083	-1.8759046669370183	0.9380361163610296	-1.9998213653161983	0.045519556660869966	0.1891660468847918	d__Bacteria	p__Bacteroidota	c__Bacteroidia	o__Bacteroidales	f__Bacteroidaceae	g__Bacteroides	NA
47ce6ddf2afd00851f37b91f117b6ba4	1.038742922832062	-0.03671924186339007	0.468089205441176	-0.0784449661230321	0.9374741059134039	NA	d__Bacteria	p__Bacteroidota	c__Bacteroidia	o__Bacteroidales	f__Bacteroidaceae	g__Bacteroides	NA
1b40855f894139ee825ba676916e6644	1.0531791811445184	0.0017551796490457537	0.466766271650045	0.0037602966530574183	0.9969997244270533	NA	d__Bacteria	p__Bacteroidota	c__Bacteroidia	o__Bacteroidales	f__Bacteroidaceae	g__Bacteroides	NA
76b39e86c95e0c7dd8b9c57b974f6532	258.7901720686822	0.8646768903579093	0.9434839551525254	0.9164722787661228	0.35941924062823705	0.6383107216596605	d__Bacteria	p__Bacteroidota	c__Bacteroidia	o__Bacteroidales	f__Bacteroidaceae	g__Bacteroides	NA
fbd67349783ebeacc69814257b694d56	48.361512440144914	-0.5838279234489101	0.9553071399909254	-0.6111415889286204	0.5411058489501467	0.7336901463490294	d__Bacteria	p__Bacteroidota	c__Bacteroidia	o__Bacteroidales	f__Bacteroidaceae	g__Bacteroides	NA
cb010e13784d2ca5a95c3a0604801748	1.0531791811445184	0.0017551796490457537	0.466766271650045	0.0037602966530574183	0.9969997244270533	NA	d__Bacteria	p__Bacteroidota	c__Bacteroidia	o__Bacteroidales	f__Bacteroidaceae	g__Bacteroides	NA
1b8dec58597978264025b9eba656ffb5	253.37990055449083	0.5714040813150131	0.9301327419194391	0.6143253060158415	0.5390003832997194	0.7336901463490294	d__Bacteria	p__Bacteroidota	c__Bacteroidia	o__Bacteroidales	f__Bacteroidaceae	g__Bacteroides	NA
b78e348dfb22815a4db4373d02d70631	1.0531791811445184	0.0017551796490457537	0.466766271650045	0.0037602966530574183	0.9969997244270533	NA	d__Bacteria	p__Bacteroidota	c__Bacteroidia	o__Bacteroidales	f__Bacteroidaceae	g__Bacteroides	NA
2f5aec7a7b202c2d8d6be290faa11c61	1.0531791811445184	0.0017551796490457537	0.466766271650045	0.0037602966530574183	0.9969997244270533	NA	d__Bacteria	p__Bacteroidota	c__Bacteroidia	o__Bacteroidales	f__Bacteroidaceae	g__Bacteroides	NA
dc12ae575885d88f0eec0fc21dd707a0	1.0387304233561943	-0.0367196566245974	0.46808898943448524	-0.07844588839604988	0.9374733723066706	NA	d__Bacteria	p__Bacteroidota	c__Bacteroidia	o__Bacteroidales	f__Bacteroidaceae	g__Bacteroides	NA
bf611493002f5918a68778bde2def567	169.6369512666622	0.726216313402996	0.8924064124181081	0.8137730783838775	0.4157749604813232	0.6642795753471423	d__Bacteria	p__Bacteroidota	c__Bacteroidia	o__Bacteroidales	f__Bacteroidaceae	g__Bacteroides	NA
938fbbe51af86d1d7ebd6817a0f0bd24	1.0531791811445184	0.0017551796490457537	0.466766271650045	0.0037602966530574183	0.9969997244270533	NA	d__Bacteria	p__Bacteroidota	c__Bacteroidia	o__Bacteroidales	f__Bacteroidaceae	g__Bacteroides	NA
8be9dac75adfd36649c004c8b72de91d	1.0387386692036873	-0.03671938309544485	0.4680891319336553	-0.07844528016226036	0.9374738561161168	NA	d__Bacteria	p__Bacteroidota	c__Bacteroidia	o__Bacteroidales	f__Bacteroidaceae	g__Bacteroides	NA
3b2009fcb7b8c2a75c6da4d5d143344e	1.1536881441341034	-0.619661054155688	0.4056592043496411	-1.5275409691470894	0.1266265477963845	NA	d__Bacteria	p__Bacteroidota	c__Bacteroidia	o__Bacteroidales	f__Bacteroidaceae	g__Bacteroides	NA
547ed9d63f007845c48db64ef3e5aab6	3.0286787688556394	2.2055194010715424	0.6976274223670076	3.161457434669567	0.0015698175987336508	0.017786329585652027	d__Bacteria	p__Bacteroidota	c__Bacteroidia	o__Bacteroidales	f__Bacteroidaceae	g__Bacteroides	NA
d67fd254ea025aba997ebf891445a640	1.182224938841459	0.30834753383881575	0.4600374334053219	0.670266181506891	0.502688121458928	0.7061368533742548	d__Bacteria	p__Bacteroidota	c__Bacteroidia	o__Bacteroidales	f__Bacteroidaceae	g__Bacteroides	NA
d900eb33f6b4bc449aab64df16ae18b2	697.7298888293649	-0.9813825565329264	1.0346210968451475	-0.9485429588913656	0.3428531139613016	0.6201304064269928	d__Bacteria	p__Bacteroidota	c__Bacteroidia	o__Bacteroidales	f__Bacteroidaceae	g__Bacteroides	NA
47e24d74765fbb7c836987830e14e8e7	1.038742922832062	0.1172348361979989	0.48059246176945103	0.2439381503537577	0.807278721789559	NA	d__Bacteria	p__Bacteroidota	c__Bacteroidia	o__Bacteroidales	f__Bacteroidaceae	g__Bacteroides	NA
b15193fce14759d1c06728933e044af6	421.33246429970757	0.6821410343444803	0.9384392164084475	0.7268888836030742	0.46729402753045673	0.6931103005316703	d__Bacteria	p__Bacteroidota	c__Bacteroidia	o__Bacteroidales	f__Bacteroidaceae	g__Bacteroides	NA
7ea6aefb9b9611299846da49e41ff0ea	1.0531791811445184	0.0017551796490457537	0.466766271650045	0.0037602966530574183	0.9969997244270533	NA	d__Bacteria	p__Bacteroidota	c__Bacteroidia	o__Bacteroidales	f__Bacteroidaceae	g__Bacteroides	NA
45b057ccd4087e284416c188ea39bc4b	1.2412632076305312	0.4263938204755437	0.4759583477274529	0.8958637294869104	0.37032554777793686	0.6383107216596605	d__Bacteria	p__Bacteroidota	c__Bacteroidia	o__Bacteroidales	f__Bacteroidaceae	g__Bacteroides	NA
1fae9fa505264a550b5fb89b9b8eed35	1.038742922832062	-0.03671924186339007	0.468089205441176	-0.0784449661230321	0.9374741059134039	NA	d__Bacteria	p__Bacteroidota	c__Bacteroidia	o__Bacteroidales	f__Bacteroidaceae	g__Bacteroides	NA
afb1399a4ff5e4f489139363ac0c14eb	1.0386805954253813	-0.036721302362560666	0.46808812829817364	-0.07844954858408432	0.9374704608714961	NA	d__Bacteria	p__Bacteroidota	c__Bacteroidia	o__Bacteroidales	f__Bacteroidaceae	g__Bacteroides	NA
333bbf9224442fc10cd497377d2b1d01	148.1717985592086	-0.025366102850653334	0.9432275058775731	-0.02689287864548953	0.9785451734824089	0.998890072806692	d__Bacteria	p__Bacteroidota	c__Bacteroidia	o__Bacteroidales	f__Bacteroidaceae	g__Bacteroides	NA
2bf1d5def7e2ecd3ae61454204501a78	1.0531791811445184	0.0017551796490457537	0.466766271650045	0.0037602966530574183	0.9969997244270533	NA	d__Bacteria	p__Bacteroidota	c__Bacteroidia	o__Bacteroidales	f__Bacteroidaceae	g__Bacteroides	NA
6928971040e6116b9a3f5c9c9bf41adb	112.05420223291705	0.273076002801218	1.0703132619590963	0.2551365217145689	0.7986176570854996	0.9747355753655335	d__Bacteria	p__Bacteroidota	c__Bacteroidia	o__Bacteroidales	f__Bacteroidaceae	g__Bacteroides	NA
de2f5fd021d78ba4e7e754be5cba3884	1.1826200043806667	-0.7571746968894361	0.3956691134839547	-1.9136563130297033	0.05566408458128209	0.21783458531208347	d__Bacteria	p__Bacteroidota	c__Bacteroidia	o__Bacteroidales	f__Bacteroidaceae	g__Bacteroides	NA
6f90f540055767af8c91c7943ed89a2b	1.1544551954062179	0.24569993658506983	0.46057600940434934	0.5334622984441308	0.5937136025201649	0.7776088993924202	d__Bacteria	p__Bacteroidota	c__Bacteroidia	o__Bacteroidales	f__Bacteroidaceae	g__Bacteroides	NA
897aa38e05b3be367011ece83deb000b	1.1397967310192572	0.2132623731597513	0.46108348528800375	0.4625244233732261	0.6437052920065054	NA	d__Bacteria	p__Bacteroidota	c__Bacteroidia	o__Bacteroidales	f__Bacteroidaceae	g__Bacteroides	NA
db538dee7edac34eb15f4629ec783d08	1.1399192499953223	-0.5457819121309053	0.41168990599893035	-1.3257111825625458	0.18493538193752443	NA	d__Bacteria	p__Bacteroidota	c__Bacteroidia	o__Bacteroidales	f__Bacteroidaceae	g__Bacteroides	NA
11cd7f77a506682c6a060eab4a454850	1.1395387778749633	0.21324641741390424	0.46107553843497034	0.46249778970649147	0.6437243870054941	NA	d__Bacteria	p__Bacteroidota	c__Bacteroidia	o__Bacteroidales	f__Bacteroidaceae	g__Bacteroides	NA
05fda2f1af60d701b56463f1a87a0847	1.1832180012394335	0.30843257005102276	0.4600820485469546	0.670386012723435	0.5026117488329934	0.7061368533742548	d__Bacteria	p__Bacteroidota	c__Bacteroidia	o__Bacteroidales	f__Bacteroidaceae	g__Bacteroides	NA
f707b0354d6d6b5f71cf1a6598e32e2d	1.1396010783031918	0.21325027518588044	0.46107745684374773	0.46250423225125875	0.6437197680034821	NA	d__Bacteria	p__Bacteroidota	c__Bacteroidia	o__Bacteroidales	f__Bacteroidaceae	g__Bacteroides	NA
7dff12c0121539665c61154d97b824ea	1.1976259534092044	0.0017551973362748363	0.47234512823695635	0.0037159213281741	0.9970351305662815	0.998890072806692	d__Bacteria	p__Bacteroidota	c__Bacteroidia	o__Bacteroidales	f__Bacteroidaceae	g__Bacteroides	NA
b70edcc5bc6602ef90ed9f35c94a2a5c	1.1538942356802422	0.0017551711919104455	0.4697007067603753	0.003736786354902957	0.9970184827991776	NA	d__Bacteria	p__Bacteroidota	c__Bacteroidia	o__Bacteroidales	f__Bacteroidaceae	g__Bacteroides	NA
7eaadc4f26cca3d30cf3cf3a740b3768	1.2121155168160815	0.3685628250993857	0.46055970731423784	0.8002498248243781	0.4235660673490364	0.6642795753471423	d__Bacteria	p__Bacteroidota	c__Bacteroidia	o__Bacteroidales	f__Bacteroidaceae	g__Bacteroides	NA
a3f5ce2036b498d6db19a9d20a90b08f	1.1390762320293868	0.21321769183909975	0.46106131329657	0.4624497560088088	0.6437588253445647	NA	d__Bacteria	p__Bacillota	c__Clostridia	o__Oscillospirales	f__[Eubacterium]_coprostanoligenes_group	g__Incertae_Sedis	NA
448c4ece61c454fdc451219740de1022	1.1537742612285886	0.2456533323964191	0.4605525167389863	0.533388318309073	0.5937648022358696	NA	d__Bacteria	p__Bacteroidota	c__Bacteroidia	o__Bacteroidales	f__Tannerellaceae	g__Parabacteroides	NA
d81297656b72cc55f30c6f4455ae2743	1.1542919217297987	0.0017551714584003555	0.46971515261188124	0.0037366719992757568	0.9970185740411299	0.998890072806692	d__Bacteria	p__Bacteroidota	c__Bacteroidia	o__Bacteroidales	f__Tannerellaceae	g__Parabacteroides	NA
e4ef1c7b616eb842c0ff7a327e83bd76	8.868964949334046	3.9355096806820993	0.803901539337878	4.895512059752399	9.805007833736844e-7	3.798649809134823e-5	d__Bacteria	p__Bacteroidota	c__Bacteroidia	o__Bacteroidales	f__Tannerellaceae	NA	NA
18812bd61aeb2cea2081498cfa9ee3c8	3.1479531988264786	0.0017566276915870036	0.690026102731491	0.0025457409286885452	0.9979687948111671	0.998890072806692	d__Bacteria	p__Bacteroidota	c__Bacteroidia	o__Bacteroidales	f__Tannerellaceae	g__Parabacteroides	NA
8d1761da3df16fe43e34eea0112ba8fd	1.0387111791071328	-0.03672029368158158	0.4680886568603212	-0.07844730510643201	0.9374722454080625	NA	d__Bacteria	p__Bacteroidota	c__Bacteroidia	o__Bacteroidales	f__Tannerellaceae	g__Parabacteroides	NA
87d44f46d4af08ce6fe9dc62606d3c95	1.1547548996934875	0.24572037165748783	0.4605863733848155	0.5334946621449237	0.5936912050849785	0.7776088993924202	d__Bacteria	p__Bacteroidota	c__Bacteroidia	o__Bacteroidales	f__Tannerellaceae	g__Parabacteroides	NA
dd3e5c36d5f5e1661966858526a1d39e	1.4410609157616614	0.7971579579842986	0.5363729383600992	1.4862009265820169	0.13722598253988505	0.3920147236724744	d__Bacteria	p__Bacteroidota	c__Bacteroidia	o__Bacteroidales	f__Tannerellaceae	NA	NA
fea7f04af92d6da8eef36144b3589ad9	1.0531791811445184	0.0017551796490457537	0.466766271650045	0.0037602966530574183	0.9969997244270533	NA	d__Bacteria	p__Bacteroidota	c__Bacteroidia	o__Bacteroidales	f__Tannerellaceae	g__Parabacteroides	NA
c8ae7d9258e5bf2f1f1451873429c5c4	1.1398717278744623	0.21326700360272005	0.4610857975909213	0.46253214633154266	0.643699755077962	NA	d__Bacteria	p__Bacteroidota	c__Bacteroidia	o__Bacteroidales	f__Tannerellaceae	g__Parabacteroides	NA
8b029d14d4e0eb5aa5617fcb9471a4be	1.139329720849877	-0.545676455126347	0.4116775993476483	-1.3254946491891608	0.18500714298314277	NA	d__Bacteria	p__Bacteroidota	c__Bacteroidia	o__Bacteroidales	f__Tannerellaceae	g__Parabacteroides	NA
5f327f4172c4f4382ee6a71953879205	1.1976259534092044	0.0017551973362748363	0.47234512823695635	0.0037159213281741	0.9970351305662815	0.998890072806692	d__Bacteria	p__Bacteroidota	c__Bacteroidia	o__Bacteroidales	f__Tannerellaceae	g__Parabacteroides	NA
f8c35d57c4b483c5a13d0d52d796940c	1.1536430080925728	0.0017551710237933595	0.46969159322994725	0.0037368585026687482	0.9970184252339911	NA	d__Bacteria	p__Bacteroidota	c__Bacteroidia	o__Bacteroidales	f__Tannerellaceae	g__Parabacteroides	NA
d8e7f9181e4d5a4a6453e9ca9996a43f	660.5760774709531	-0.10807668168663206	0.7901452117246757	-0.1367807841937428	0.8912040728647201	0.998890072806692	d__Bacteria	p__Bacteroidota	c__Bacteroidia	o__Bacteroidales	f__Tannerellaceae	g__Parabacteroides	NA
928eea08226b8f0007d70a0b289f0795	1.0531791811445184	0.0017551796490457537	0.466766271650045	0.0037602966530574183	0.9969997244270533	NA	d__Bacteria	p__Bacteroidota	c__Bacteroidia	o__Bacteroidales	f__Tannerellaceae	g__Parabacteroides	NA
ee1783274bd16e3b9950d77594f27f9a	1.0387111791071326	-0.0367202936815816	0.4680886568603225	-0.07844730510643183	0.9374722454080626	NA	d__Bacteria	p__Bacteroidota	c__Bacteroidia	o__Bacteroidales	f__Dysgonomonadaceae	g__Dysgonomonas	NA
9a7134ae7c756e51b6471bd792f9ef10	1.154004727829637	-0.6197235641466992	0.40566704383265345	-1.5276655414048095	0.12659559978556487	NA	d__Bacteria	p__Bacteroidota	c__Bacteroidia	o__Bacteroidales	f__Dysgonomonadaceae	g__Dysgonomonas	NA
e4f195476bffa394e3048063f99360ea	1.0531791811445184	0.0017551796490457537	0.466766271650045	0.0037602966530574183	0.9969997244270533	NA	d__Bacteria	p__Bacteroidota	c__Bacteroidia	o__Bacteroidales	f__Barnesiellaceae	g__Incertae_Sedis	NA
ecdb383d9a60d84b305e2e08b57cccea	1.1975843005528293	0.33880236627625954	0.46016786416641886	0.7362582063177977	0.4615735754761191	0.6870696622644521	d__Bacteria	p__Bacteroidota	c__Bacteroidia	o__Bacteroidales	f__Barnesiellaceae	g__Coprobacter	NA
605cc047d6200f294e043f8ce6cb5af7	1.628111812884423	1.0561119792166807	0.558868626512066	1.8897320928675876	0.058793799637474255	0.2274077109574823	d__Bacteria	p__Bacteroidota	c__Bacteroidia	o__Bacteroidales	f__Barnesiellaceae	g__Coprobacter	NA
b5d7cdf2e8f895c8e801d67d082b7bc1	1.1832892844207243	0.30843866387836455	0.46008525926556115	0.6703945794106257	0.5026062892185535	0.7061368533742548	d__Bacteria	p__Bacteroidota	c__Bacteroidia	o__Bacteroidales	f__Barnesiellaceae	g__Coprobacter	NA
8d441a32339fbd015b03fe3089cdec76	1.615394866841303	0.0017559415727971441	0.5334918213189915	0.003291412356530226	0.9973738376391987	0.998890072806692	d__Bacteria	p__Bacteroidota	c__Bacteroidia	o__Bacteroidales	f__Porphyromonadaceae	g__Porphyromonas	NA
43ea6b69b7696d2674fafdaa3538e9ec	1.0531791811445184	0.0017551796490457537	0.466766271650045	0.0037602966530574183	0.9969997244270533	NA	d__Bacteria	p__Bacteroidota	c__Bacteroidia	o__Bacteroidales	f__Porphyromonadaceae	g__Porphyromonas	NA
6d860023f7cb5928a25af41e9f53ed30	20.045010155070003	0.6353665191371292	0.8330737185605825	0.7626774257564389	0.4456557966257838	0.6870696622644521	d__Bacteria	p__Bacteroidota	c__Bacteroidia	o__Bacteroidales	f__Porphyromonadaceae	g__Porphyromonas	NA
9639ca37e5214345658dd3d1087b4404	5.876177774788718	3.298070078865042	0.7794852349884714	4.2310873007284355	2.3256438057505982e-5	6.071952631970584e-4	d__Bacteria	p__Bacteroidota	c__Bacteroidia	o__Bacteroidales	f__Porphyromonadaceae	g__Porphyromonas	NA
8af94e431832ea5ca7e2d2ddc5769fb8	1.1397806570175042	0.21326154149921714	0.4614990872771151	0.46210609593505125	0.644005238892637	NA	d__Bacteria	p__Bacteroidota	c__Bacteroidia	o__Bacteroidales	f__Porphyromonadaceae	g__Porphyromonas	NA
e4fb0081d4b0d27e8f5f9c663cb660d5	13.05193758989131	4.17699578582385	0.8850120317200393	4.719705084354358	2.3618681736088217e-6	8.104581932869129e-5	d__Bacteria	p__Bacteroidota	c__Bacteroidia	o__Bacteroidales	f__Porphyromonadaceae	g__Porphyromonas	NA
a42f951cf87f6accbe16633b2e4a44bb	1.0387345039180496	0.0017551853986298477	0.46650493531342463	0.0037624154982425083	0.9969980338451525	NA	d__Bacteria	p__Bacteroidota	c__Bacteroidia	o__Bacteroidales	f__Porphyromonadaceae	g__Porphyromonas	NA
d639e9434c8f50838a4a89f78f19998f	27.36036663715212	0.7054906595702617	0.8621966062689478	0.8182480126234639	0.41321558463192787	0.6642795753471423	d__Bacteria	p__Bacteroidota	c__Bacteroidia	o__Bacteroidales	f__Porphyromonadaceae	g__Porphyromonas	NA
19e44bff8b7f93dd15c0ee9c43a48bdd	1.2116193259354193	-0.8827441815386724	0.38829131064336625	-2.2734069945475706	0.023001665032297888	0.11764833233393761	d__Bacteria	p__Bacteroidota	c__Bacteroidia	o__Bacteroidales	f__Porphyromonadaceae	g__Porphyromonas	NA
520093e54d88f4374f2935d53e12bf99	1.3271264862269398	0.0017558570269145472	0.5176971855568127	0.0033916680945947648	0.9972938455802912	0.998890072806692	d__Bacteria	p__Bacteroidota	c__Bacteroidia	o__Bacteroidales	f__Porphyromonadaceae	g__Porphyromonas	NA
004eaff35d1b108351c9510c9ef5b049	1.2833850200833152	0.508569965391414	0.46871444919418415	1.0850315501596965	0.2779076818376447	0.5604576383852357	d__Bacteria	p__Bacteroidota	c__Bacteroidia	o__Bacteroidales	f__Porphyromonadaceae	g__Porphyromonas	NA
b0074af6b9640c09199843a3114c6a6c	1.0387472686596528	-0.03671909747733622	0.4680892805414256	-0.07844464507895647	0.9374743612825869	NA	d__Bacteria	p__Bacteroidota	c__Bacteroidia	o__Bacteroidales	f__Porphyromonadaceae	g__Porphyromonas	NA
e4ce01b9d7d504c2ad6b4d1c76737625	1.1392096862758123	0.21322599500949538	0.46106541429755415	0.46246365135487566	0.6437488628299141	NA	d__Bacteria	p__Bacteroidota	c__Bacteroidia	o__Bacteroidales	f__Porphyromonadaceae	g__Porphyromonas	NA
24be3b615a7d6602acf47581a35b6fd4	1.1392096862758123	0.21322599500949538	0.46106541429755415	0.46246365135487566	0.6437488628299141	NA	d__Bacteria	p__Bacteroidota	c__Bacteroidia	o__Bacteroidales	f__Porphyromonadaceae	g__Porphyromonas	NA
19da890972569b6859c360e9b4c8751e	14.7991200325231	2.0362909174860615	0.8183373001579076	2.488327144678772	0.012834561111741487	0.08423119068416135	d__Bacteria	p__Bacteroidota	c__Bacteroidia	o__Bacteroidales	f__Porphyromonadaceae	g__Porphyromonas	NA
6753f0818072f28125cfa5e4f4e20f78	1.140009016005253	0.21327547016053708	0.46109003261566794	0.4625462601103512	0.6436896363401821	NA	d__Bacteria	p__Bacteroidota	c__Bacteroidia	o__Bacteroidales	f__Porphyromonadaceae	g__Porphyromonas	NA
ad507e5af33142b0fa3228bd0eb25923	21.67844079677148	0.4011413726803963	0.8675504447996091	0.4623839167912061	0.6438060308088622	0.8225649393632378	d__Bacteria	p__Bacteroidota	c__Bacteroidia	o__Bacteroidales	f__Porphyromonadaceae	g__Porphyromonas	NA
f53ea68023da65982627683eb0994946	1.0531791811445184	0.0017551796490457537	0.466766271650045	0.0037602966530574183	0.9969997244270533	NA	d__Bacteria	p__Bacteroidota	c__Bacteroidia	o__Bacteroidales	f__Porphyromonadaceae	g__Porphyromonas	NA
6addbdcf8cdad8201770ae689f90e870	6.07013525891971	2.384029565280885	0.7915117633371982	3.011995115813896	0.0025953677336824944	0.024738386096449808	d__Bacteria	p__Bacteroidota	c__Bacteroidia	o__Bacteroidales	f__Porphyromonadaceae	g__Porphyromonas	NA
d59960696140503b13cf4c28ed81e779	1.0531791811445184	0.0017551796490457537	0.466766271650045	0.0037602966530574183	0.9969997244270533	NA	d__Bacteria	p__Bacteroidota	c__Bacteroidia	o__Bacteroidales	f__Porphyromonadaceae	g__Porphyromonas	NA
31f567f59096ed2d57feecc6c3621a58	142.01747357742747	1.3550543576742164	0.9735649708633108	1.3918478973957116	0.163968462235987	0.42722750661089226	d__Bacteria	p__Bacteroidota	c__Bacteroidia	o__Bacteroidales	f__Porphyromonadaceae	g__Porphyromonas	NA
156e43349c357d6da97b4eefd07ae797	1.1395063707465674	0.21324440964412975	0.46107454075380977	0.46249443592243655	0.643726791516592	NA	d__Bacteria	p__Bacteroidota	c__Bacteroidia	o__Bacteroidales	f__Porphyromonadaceae	g__Porphyromonas	NA
eb0bdbe44aca952fbf5e6e2529f0f0f6	1.0531791811445184	0.0017551796490457537	0.466766271650045	0.0037602966530574183	0.9969997244270533	NA	d__Bacteria	p__Bacteroidota	c__Bacteroidia	o__Bacteroidales	f__Porphyromonadaceae	g__Porphyromonas	NA
c532c2c02cdb1cec71b6500c5d6c2edf	43.52332811792843	0.862864865372457	0.8749733394527431	0.9861613222548479	0.32405395571243906	0.5984176048663825	d__Bacteria	p__Bacteroidota	c__Bacteroidia	o__Bacteroidales	f__Porphyromonadaceae	g__Porphyromonas	NA
2f495ea1cc6e09ccccbbe1681c62cb36	1.038745095909413	0.1172346253640524	0.48059247486034684	0.2439377050132112	0.8072790667035393	NA	d__Bacteria	p__Bacteroidota	c__Bacteroidia	o__Bacteroidales	f__Porphyromonadaceae	g__Porphyromonas	NA
a08df493c68ca1b0549dc0404dd5cb28	1.0387345039180496	0.0017551853986298464	0.46650493531342463	0.0037624154982425057	0.9969980338451525	NA	d__Bacteria	p__Bacteroidota	c__Bacteroidia	o__Bacteroidales	f__Porphyromonadaceae	g__Porphyromonas	NA
5817fa27f240dd7e7f0822f50b8fc948	1.0531791811445184	0.0017551796490457537	0.466766271650045	0.0037602966530574183	0.9969997244270533	NA	d__Bacteria	p__Bacteroidota	c__Bacteroidia	o__Bacteroidales	f__Porphyromonadaceae	g__Porphyromonas	NA
8d679f22fe2b8832b2aff8060af8b611	1.1538942356802422	0.24566156149544455	0.460556650442027	0.5334013986328647	0.5937557495389971	NA	d__Bacteria	p__Bacteroidota	c__Bacteroidia	o__Bacteroidales	f__Porphyromonadaceae	g__Porphyromonas	NA
136d7660236f555e2218c16aa08cfabd	1.7725724278282589	1.2117983473602945	0.5899300803393707	2.0541389356907853	0.0399622465508845	0.17079949504488356	d__Bacteria	p__Bacteroidota	c__Bacteroidia	o__Bacteroidales	f__Porphyromonadaceae	g__Porphyromonas	NA
0232b56c81bb04fb94bdcfdf8b073ae1	1.0531791811445184	0.0017551796490457537	0.466766271650045	0.0037602966530574183	0.9969997244270533	NA	d__Bacteria	p__Bacteroidota	c__Bacteroidia	o__Bacteroidales	f__Porphyromonadaceae	g__Porphyromonas	NA
598d37aa0ecec87f152ac33f00540309	38.99978917547548	0.5761491058655591	0.9309039515078762	0.6189135892401295	0.5359732857350384	0.7336901463490294	d__Bacteria	p__Bacteroidota	c__Bacteroidia	o__Bacteroidales	f__Porphyromonadaceae	g__Porphyromonas	NA
03944aebf367f55f359e4ea3e47d9406	1.0387304233561945	-0.036719656624597447	0.4680889894344872	-0.07844588839604966	0.9374733723066708	NA	d__Bacteria	p__Bacteroidota	c__Bacteroidia	o__Bacteroidales	f__Porphyromonadaceae	g__Porphyromonas	NA
195a6faf067d7e7afcefd42a76f1e1dc	44.85214480609111	0.08471703870438653	0.8886017839117455	0.09533746188472708	0.9240467878743691	0.998890072806692	d__Bacteria	p__Bacteroidota	c__Bacteroidia	o__Bacteroidales	f__Porphyromonadaceae	g__Porphyromonas	NA
ad1171e25c458f68ef7a3b40b45dc9e5	1.7270848046729845	1.160143737934336	0.5835986059564321	1.9879138265469833	0.046821221304764925	0.19323809892447658	d__Bacteria	p__Bacteroidota	c__Bacteroidia	o__Bacteroidales	f__Porphyromonadaceae	g__Porphyromonas	NA
cbcefeed7dff9e69afd0188cc0243db5	1.2832962002310042	-1.1555256015451463	0.3819038879760779	-3.0256974016916196	0.0024806042093834784	0.024044005520485533	d__Bacteria	p__Bacteroidota	c__Bacteroidia	o__Bacteroidales	f__Porphyromonadaceae	g__Porphyromonas	NA
db6fbb8818ad578ef5c3961480fd6dd9	1.0531791811445184	0.0017551796490457537	0.466766271650045	0.0037602966530574183	0.9969997244270533	NA	d__Bacteria	p__Bacteroidota	c__Bacteroidia	o__Bacteroidales	f__Marinifilaceae	g__Odoribacter	NA
4e7592405ffecb210854f136ba3b73e3	1.0531791811445184	0.0017551796490457537	0.466766271650045	0.0037602966530574183	0.9969997244270533	NA	d__Bacteria	p__Bacteroidota	c__Bacteroidia	o__Bacteroidales	f__Marinifilaceae	g__Odoribacter	NA
5cbba1ec821d0d64b7e66f992ea80a4e	1.0531791811445184	0.0017551796490457537	0.466766271650045	0.0037602966530574183	0.9969997244270533	NA	d__Bacteria	p__Bacteroidota	c__Bacteroidia	o__Bacteroidales	f__Marinifilaceae	g__Odoribacter	NA
a730ef0685ea600be854be1842a6b362	60.22539872945174	-0.37035978135033437	0.7975092670148386	-0.4643955834351996	0.6423643537800559	0.8215970062724676	d__Bacteria	p__Bacteroidota	c__Bacteroidia	o__Bacteroidales	f__Marinifilaceae	g__Odoribacter	NA
64c0631565683135b90bd037417fb657	1.0387304233561943	-0.0367196566245974	0.46808898943448524	-0.07844588839604988	0.9374733723066706	NA	d__Bacteria	p__Bacteroidota	c__Bacteroidia	o__Bacteroidales	f__Marinifilaceae	g__Odoribacter	NA
0c4b245c4b7c443e975c79c61b5d6281	2.0020631254527514	0.0017564709904293824	0.6025455638833233	0.0029150840960626588	0.9976741027004457	0.998890072806692	d__Bacteria	p__Bacteroidota	c__Bacteroidia	o__Bacteroidales	f__Marinifilaceae	g__Gabonibacter	NA
7261cbb86534c4057d6fe54bc4232846	1.1251185058128925	0.18008116432184806	0.46173320815611474	0.3900112903747689	0.696528198218184	NA	d__Bacteria	p__Bacteroidota	c__Bacteroidia	o__Bacteroidales	f__Marinifilaceae	g__Gabonibacter	NA
52a06dea9ff641c7303c8ca21fa7aca5	1.1537742612285886	0.2456533323964191	0.4605525167389863	0.533388318309073	0.5937648022358696	NA	d__Bacteria	p__Bacteroidota	c__Bacteroidia	o__Bacteroidales	f__Marinifilaceae	g__Butyricimonas	NA
4a4e713347ac65f04c521b08f128763a	1.1547548996934878	0.24572037165748803	0.4605863733848153	0.5334946621449244	0.5936912050849781	0.7776088993924202	d__Bacteria	p__Bacteroidota	c__Bacteroidia	o__Bacteroidales	f__Marinifilaceae	g__Butyricimonas	NA
57c101de11f975d263664eef27b61ec9	1.0531791811445184	0.0017551796490457537	0.466766271650045	0.0037602966530574183	0.9969997244270533	NA	d__Bacteria	p__Bacteroidota	c__Bacteroidia	o__Bacteroidales	f__Marinifilaceae	g__Butyricimonas	NA
1c2edba6f16fd68a4972f9933d463941	1.0531791811445184	0.0017551796490457537	0.466766271650045	0.0037602966530574183	0.9969997244270533	NA	d__Bacteria	p__Bacteroidota	c__Bacteroidia	o__Bacteroidales	f__Marinifilaceae	g__Butyricimonas	NA
bea2245c01baedd6d4a6d6e4e857f9f6	1.0531791811445184	0.0017551796490457537	0.466766271650045	0.0037602966530574183	0.9969997244270533	NA	d__Bacteria	p__Bacteroidota	c__Bacteroidia	o__Bacteroidales	f__Marinifilaceae	g__Butyricimonas	NA
6d914a702d3c71527cfb3484a6317810	1.0531791811445184	0.0017551796490457537	0.466766271650045	0.0037602966530574183	0.9969997244270533	NA	d__Bacteria	p__Bacteroidota	c__Bacteroidia	o__Bacteroidales	f__Marinifilaceae	g__Butyricimonas	NA
1473d0e067e22f5b3e209940fd4d0645	1.0531791811445184	0.0017551796490457537	0.466766271650045	0.0037602966530574183	0.9969997244270533	NA	d__Bacteria	p__Bacteroidota	c__Bacteroidia	o__Bacteroidales	f__Marinifilaceae	g__Butyricimonas	NA
bbcae7ddf438f68fca7bb7ccb1107474	1.1397167460748179	-0.5457457626052541	0.4116856653760364	-1.3256370296662292	0.18495995453400405	NA	d__Bacteria	p__Bacteroidota	c__Bacteroidia	o__Bacteroidales	f__Marinifilaceae	g__Butyricimonas	NA
fade5298f44c620ea4d263bedbeeb182	1.0531791811445184	0.0017551796490457537	0.466766271650045	0.0037602966530574183	0.9969997244270533	NA	d__Bacteria	p__Bacteroidota	c__Bacteroidia	o__Bacteroidales	f__Marinifilaceae	g__Butyricimonas	NA
9e7451ccee2525615343fd4e5ca8f995	1.1539688576006497	0.0017551712418806538	0.46970341557083023	0.003736764910997284	0.9970184999088193	NA	d__Bacteria	p__Bacteroidota	c__Bacteroidia	o__Bacteroidales	f__Marinifilaceae	g__Butyricimonas	NA
3eb7d15a2507bc677303e1cf8ef8a555	1.0531791811445184	0.0017551796490457537	0.466766271650045	0.0037602966530574183	0.9969997244270533	NA	d__Bacteria	p__Bacteroidota	c__Bacteroidia	o__Bacteroidales	f__Marinifilaceae	g__Butyricimonas	NA
4533bf5ce3fb980fcb1a62e29b3b304b	3.0359317549055875	2.2091995104858726	0.669248137520073	3.3010170467894824	9.633502923127224e-4	0.012308337245399783	d__Bacteria	p__Bacteroidota	c__Bacteroidia	o__Bacteroidales	f__Marinifilaceae	g__Butyricimonas	NA
d611e03044e800bf023cfc92bec2106a	7.851494280155139	-0.235349211418324	0.7567551279643185	-0.31099784160223204	0.755802262481581	0.9309933510157732	d__Bacteria	p__Bacteroidota	c__Bacteroidia	o__Bacteroidales	f__Marinifilaceae	g__Butyricimonas	NA
10a2fdc6e17ace008fccaa36aa011a14	1.0531791811445184	0.0017551796490457537	0.466766271650045	0.0037602966530574183	0.9969997244270533	NA	d__Bacteria	p__Bacteroidota	c__Bacteroidia	o__Bacteroidales	f__Marinifilaceae	g__Butyricimonas	NA
b452284fca181520c11d087351ff43df	8.56240624823786	0.9346242303276718	0.7174163396437012	1.302764069733685	0.19265532091129695	0.47316777180872727	d__Bacteria	p__Bacteroidota	c__Bacteroidia	o__Bacteroidales	f__Marinifilaceae	g__Butyricimonas	NA
275a7bf0c5f28f800faa652f086cbd0c	1.0531791811445184	0.0017551796490457537	0.466766271650045	0.0037602966530574183	0.9969997244270533	NA	d__Bacteria	p__Bacteroidota	c__Bacteroidia	o__Bacteroidales	f__Marinifilaceae	g__Butyricimonas	NA
2fd468572f88260f297c459f41b0b437	1.1966989339274532	0.0017551964313431716	0.4722950015033852	0.003716313799121567	0.9970348174219341	0.998890072806692	d__Bacteria	p__Bacteroidota	c__Bacteroidia	o__Bacteroidales	f__Marinifilaceae	g__Butyricimonas	NA
7470286d51334c6100cbc907f07c363b	1.3848766838387527	0.7079476546745099	0.5275938272932353	1.3418421862639314	0.1796471704971064	0.4523191860943916	d__Bacteria	p__Bacteroidota	c__Bacteroidia	o__Bacteroidales	f__Marinifilaceae	g__Butyricimonas	NA
f1f42e784bfc3a636da813e55ad0c16d	1.0531791811445184	0.0017551796490457537	0.466766271650045	0.0037602966530574183	0.9969997244270533	NA	d__Bacteria	p__Bacteroidota	c__Bacteroidia	o__Bacteroidales	f__Marinifilaceae	g__Butyricimonas	NA
22f96e4d8b02d8c55ab78d71a7f12c4f	1.1539320439967042	0.2456641531902271	0.4605579536090881	0.5334055166458849	0.5937528995367196	NA	d__Bacteria	p__Bacteroidota	c__Bacteroidia	o__Bacteroidales	f__Marinifilaceae	g__Butyricimonas	NA
412b0b2c43975195a230e493a7a2b763	1.0531791811445184	0.0017551796490457537	0.466766271650045	0.0037602966530574183	0.9969997244270533	NA	d__Bacteria	p__Bacteroidota	c__Bacteroidia	o__Bacteroidales	f__Barnesiellaceae	g__Barnesiella	NA
e74a5cb3fbe028ec4c07f35adf4ecdc5	1.0531791811445184	0.0017551796490457537	0.466766271650045	0.0037602966530574183	0.9969997244270533	NA	d__Bacteria	p__Bacteroidota	c__Bacteroidia	o__Bacteroidales	f__Barnesiellaceae	g__Barnesiella	NA
43a39fa4815bda79d6470002c8172dcb	1.9740025368997063	-2.5630895494485175	0.46979901665001184	-5.455715015593473	4.877616875260064e-8	3.2544543706596318e-6	d__Bacteria	p__Bacteroidota	c__Bacteroidia	o__Bacteroidales	f__Barnesiellaceae	g__Barnesiella	NA
452d18b2725260f5f93490c7f6517f87	4.851537204275422	-4.409446077637298	0.5455883549039442	-8.082001820610012	6.37121538813275e-16	7.651829681147433e-13	d__Bacteria	p__Bacteroidota	c__Bacteroidia	o__Bacteroidales	f__Barnesiellaceae	g__Barnesiella	NA
948a960b3f069d6eaabc5f61d6e74516	1.0531791811445184	0.0017551796490457537	0.466766271650045	0.0037602966530574183	0.9969997244270533	NA	d__Bacteria	p__Bacteroidota	c__Bacteroidia	o__Bacteroidales	f__Barnesiellaceae	g__Barnesiella	NA
a12a086985ef700cc8f5a0bd3c7b45c1	1.0531791811445184	0.0017551796490457537	0.466766271650045	0.0037602966530574183	0.9969997244270533	NA	d__Bacteria	p__Bacteroidota	c__Bacteroidia	o__Bacteroidales	f__Barnesiellaceae	g__Barnesiella	NA
9ea77e95fbfd1a99c9c28db3b03a01a8	1.038742922832062	-0.03671924186339007	0.468089205441176	-0.0784449661230321	0.9374741059134039	NA	d__Bacteria	p__Bacteroidota	c__Bacteroidia	o__Bacteroidales	f__Barnesiellaceae	g__Barnesiella	NA
64047158420a8a9df9d35d8719329c5b	1.241788983890492	0.16213954779234005	0.4387065252754726	0.3695854482459074	0.7116913951985433	0.8885045380805099	d__Bacteria	p__Bacteroidota	c__Bacteroidia	o__Bacteroidales	f__Barnesiellaceae	g__Barnesiella	NA
c25f86904b550e2f97731ac7daa8c01f	1.0531791811445184	0.0017551796490457537	0.466766271650045	0.0037602966530574183	0.9969997244270533	NA	d__Bacteria	p__Bacteroidota	c__Bacteroidia	o__Bacteroidales	f__Barnesiellaceae	g__Barnesiella	NA
602afda45b90dc10dd817f1e9d6bf744	1.599835560693411	1.0006912523881195	0.5438640449993323	1.8399658179083123	0.06577325587294262	0.24685525094813776	d__Bacteria	p__Bacteroidota	c__Bacteroidia	o__Bacteroidales	f__Muribaculaceae	g__Incertae_Sedis	NA
3dd992dfe490d2df50af8ec7cf927d04	1.154004727829637	0.001755171265906433	0.4697047179747392	0.0037367546007933145	0.9970185081351145	NA	d__Bacteria	p__Bacteroidota	c__Bacteroidia	o__Bacteroidales	f__Muribaculaceae	g__Incertae_Sedis	NA
2e2fe8e7ea489f2500a00c81eec820f6	1.0531791811445184	0.0017551796490457537	0.466766271650045	0.0037602966530574183	0.9969997244270533	NA	d__Bacteria	p__Bacteroidota	c__Bacteroidia	o__Bacteroidales	f__Muribaculaceae	g__Incertae_Sedis	NA
462e1ea12a2848b8df881511cb2d6645	1.0531791811445184	0.0017551796490457537	0.466766271650045	0.0037602966530574183	0.9969997244270533	NA	d__Bacteria	p__Bacteroidota	c__Bacteroidia	o__Bacteroidales	f__Muribaculaceae	g__Incertae_Sedis	NA
506ee17cb5d882636086031fa2232f11	1.0531791811445184	0.0017551796490457537	0.466766271650045	0.0037602966530574183	0.9969997244270533	NA	d__Bacteria	p__Bacteroidota	c__Bacteroidia	o__Bacteroidales	f__Muribaculaceae	g__Incertae_Sedis	NA
1a1be9635915664dbad6cd5ad85e4447	1.2260229754618648	0.0017552341145991757	0.47514455384843995	0.0036941055103812777	0.9970525369510091	0.998890072806692	d__Bacteria	p__Bacteroidota	c__Bacteroidia	o__Bacteroidales	f__Muribaculaceae	g__Incertae_Sedis	NA
cb8b8a6ee6bcfa115f8b24a45fa1c12a	1.2404266249883102	0.0017554619566332859	0.4886768501410207	0.003592275664637481	0.9971337848735249	0.998890072806692	d__Bacteria	p__Bacteroidota	c__Bacteroidia	o__Bacteroidales	f__Muribaculaceae	g__Incertae_Sedis	NA
53e26245d4d0dcc5983dd13a037d610a	1.2548302745147557	0.0017555438448957855	0.49414559961507154	0.0035526853750459685	0.9971653731527704	0.998890072806692	d__Bacteria	p__Bacteroidota	c__Bacteroidia	o__Bacteroidales	f__Muribaculaceae	g__Incertae_Sedis	NA
fc1ce1f5305ec60f3b83e8546c566b51	1.0531791811445184	0.0017551796490457537	0.466766271650045	0.0037602966530574183	0.9969997244270533	NA	d__Bacteria	p__Bacteroidota	c__Bacteroidia	o__Bacteroidales	f__Muribaculaceae	g__Incertae_Sedis	NA
2ed5efe0bd082f8f23971ed1b2eacbb4	1.2551001659818832	-1.0527710437467723	0.3824096605427954	-2.7529928042415572	0.0059053194200750225	0.046068782425454945	d__Bacteria	p__Bacteroidota	c__Bacteroidia	o__Bacteroidales	f__Muribaculaceae	g__Incertae_Sedis	NA
4ddcfae7911092976b66d0799c96d4d7	6.323095514468639	0.13668161086639613	0.6672842896339161	0.20483265227386377	0.8377028750294216	0.998890072806692	d__Bacteria	p__Bacteroidota	c__Bacteroidia	o__Bacteroidales	f__Muribaculaceae	g__Incertae_Sedis	NA
429bec9801227761ba42ccc30c1c0e32	1.1251718071846122	0.0017551666268459858	0.46857593898768196	0.0037457463792056256	0.9970113337841549	NA	d__Bacteria	p__Bacteroidota	c__Bacteroidia	o__Bacteroidales	f__Muribaculaceae	g__Incertae_Sedis	NA
1636df577567be4aadea8383b4af2b86	1.038745095909413	0.1172346253640524	0.48059247486034684	0.2439377050132112	0.8072790667035393	NA	d__Bacteria	p__Bacteroidota	c__Bacteroidia	o__Bacteroidales	f__Muribaculaceae	g__Incertae_Sedis	NA
e51fc3bc6d08ae82b3299bff3739b1f6	1.183143788611998	0.3084262243659306	0.4600787070475615	0.6703770890532573	0.5026174359887284	0.7061368533742548	d__Bacteria	p__Bacteroidota	c__Bacteroidia	o__Bacteroidales	f__Muribaculaceae	g__Incertae_Sedis	NA
771226f70739413b0fdc6079b144d549	1.1544292663324598	0.0017551715505392759	0.4697201471542856	0.003736632463335168	0.9970186055860263	0.998890072806692	d__Bacteria	p__Bacteroidota	c__Bacteroidia	o__Bacteroidales	f__Muribaculaceae	g__Incertae_Sedis	NA
d3880084f8d19b70530996fc5b0b4f15	1.3261679444476138	-0.5756471676821278	0.4121236049453605	-1.39678281169662	0.1624788925772933	0.42606364625617743	d__Bacteria	p__Bacteroidota	c__Bacteroidia	o__Bacteroidales	f__Muribaculaceae	g__Incertae_Sedis	NA
a72d0917f05f256c74fbb5a0757ed9b5	1.456149891436808	0.0017559844721035606	0.5320206168503483	0.003300594782396375	0.9973665111631657	0.998890072806692	d__Bacteria	p__Bacteroidota	c__Bacteroidia	o__Bacteroidales	f__Muribaculaceae	g__Incertae_Sedis	NA
d6cddd7a253f44374c0657089afeb24c	1.49997270363966	-1.2523406646555946	0.4502204274116974	-2.781616711296865	0.005408887840297936	0.04359781406844175	d__Bacteria	p__Bacteroidota	c__Bacteroidia	o__Bacteroidales	f__Muribaculaceae	g__Incertae_Sedis	NA
42ab378bf5e9c168eeb2ff71cdffb5fa	1.3276280484474212	0.0017558577969270703	0.5177590896103873	0.0033912640688710067	0.9972941679443245	0.998890072806692	d__Bacteria	p__Bacteroidota	c__Bacteroidia	o__Bacteroidales	f__Muribaculaceae	g__Incertae_Sedis	NA
7759604db6eb1f89e430cab74dcbc5df	1.0531791811445184	0.0017551796490457537	0.466766271650045	0.0037602966530574183	0.9969997244270533	NA	d__Bacteria	p__Bacteroidota	c__Bacteroidia	o__Bacteroidales	f__Rikenellaceae	g__Rikenellaceae_RC9_gut_group	NA
b457f87b78c4aed33270ae43607b7094	3.588388336734951	-1.026642309079935	0.6368923909156733	-1.6119556831318242	0.10697158374301155	0.3369646282417787	d__Bacteria	p__Bacteroidota	c__Bacteroidia	o__Bacteroidales	f__Rikenellaceae	g__Rikenellaceae_RC9_gut_group	NA
f422c51f7c7baf6e61938deec2ea6af7	1.0531791811445184	0.0017551796490457537	0.466766271650045	0.0037602966530574183	0.9969997244270533	NA	d__Bacteria	p__Bacteroidota	c__Bacteroidia	o__Bacteroidales	f__Rikenellaceae	g__Rikenellaceae_RC9_gut_group	NA
f9aa9842131b4b26d9715d04aa7bfda2	1.3416377309121823	-1.3424053334091204	0.38706795729471766	-3.4681386255566453	5.240768654281998e-4	0.007791031972363404	d__Bacteria	p__Bacteroidota	c__Bacteroidia	o__Bacteroidales	f__Porphyromonadaceae	g__Porphyromonas	NA
84d5a713b1d46f0e0e0f7ba784e9925d	1.0531791811445184	0.0017551796490457537	0.466766271650045	0.0037602966530574183	0.9969997244270533	NA	d__Bacteria	p__Bacteroidota	c__Bacteroidia	o__Bacteroidales	f__Prevotellaceae	g__Prevotellaceae_NK3B31_group	NA
f8094a37afb3d454a2bc9654445d7a64	1.1828569938509732	0.30840168768779586	0.46006580500270733	0.6703425560740839	0.5026394445667401	0.7061368533742548	d__Bacteria	p__Bacteroidota	c__Bacteroidia	o__Bacteroidales	f__Prevotellaceae	g__Prevotellaceae_UCG-001	NA
c53e42b981a64c89c69a5e6032bf49a2	205.9510388685951	-1.1504376315720952	0.9604903757635402	-1.197760707032131	0.23101018817677496	0.5183124226277362	d__Bacteria	p__Bacteroidota	c__Bacteroidia	o__Bacteroidales	f__Prevotellaceae	g__Prevotellaceae_UCG-001	NA
4b22253d83c9bcba6868b5cabb766c62	1.3409364798180148	0.0017559044438232876	0.5217186862296079	0.0033656153980471297	0.9973146325059893	0.998890072806692	d__Bacteria	p__Bacteroidota	c__Bacteroidia	o__Bacteroidales	f__Prevotellaceae	NA	NA
91af70c75e266c12086c731dfc474d5a	1.0531791811445184	0.0017551796490457537	0.466766271650045	0.0037602966530574183	0.9969997244270533	NA	d__Bacteria	p__Bacteroidota	c__Bacteroidia	o__Bacteroidales	f__Prevotellaceae	NA	NA
737a2f585b9b9a2c98bdd893ec89a80d	1.0531791811445184	0.0017551796490457537	0.466766271650045	0.0037602966530574183	0.9969997244270533	NA	d__Bacteria	p__Bacteroidota	c__Bacteroidia	o__Bacteroidales	f__Prevotellaceae	NA	NA
a868201429067d69e423117dcd041d33	1.0387075420010623	-0.03672041387808644	0.4680885940035387	-0.0784475724221745	0.9374720327762345	NA	d__Bacteria	p__Bacteroidota	c__Bacteroidia	o__Bacteroidales	f__Prevotellaceae	g__Leyella	NA
34b016bc5ceae1b15ba6cae2e54069d2	1.2842273721978155	0.5087610317114607	0.4688154262885256	1.0852053989331638	0.2778306935425157	0.5604576383852357	d__Bacteria	p__Bacteroidota	c__Bacteroidia	o__Bacteroidales	f__Prevotellaceae	g__Leyella	NA
27a18663c7f9d9f7bd1ddd023670a3d0	1.0531791811445184	0.0017551796490457537	0.466766271650045	0.0037602966530574183	0.9969997244270533	NA	d__Bacteria	p__Bacteroidota	c__Bacteroidia	o__Bacteroidales	f__Prevotellaceae	g__Leyella	NA
1595757c017000381cfdfdf769029685	1.0531791811445184	0.0017551796490457537	0.466766271650045	0.0037602966530574183	0.9969997244270533	NA	d__Bacteria	p__Bacteroidota	c__Bacteroidia	o__Bacteroidales	f__Prevotellaceae	g__Leyella	NA
f5abea898fb49a4770e0a5d036c9f2e9	1.0531791811445184	0.0017551796490457537	0.466766271650045	0.0037602966530574183	0.9969997244270533	NA	d__Bacteria	p__Bacteroidota	c__Bacteroidia	o__Bacteroidales	f__Prevotellaceae	g__Leyella	NA
10e6cf56141c30d43420492f5d54c5cb	1.0531791811445184	0.0017551796490457537	0.466766271650045	0.0037602966530574183	0.9969997244270533	NA	d__Bacteria	p__Bacteroidota	c__Bacteroidia	o__Bacteroidales	f__Prevotellaceae	g__Incertae_Sedis	NA
523abb162e15669ce6b4361df6650302	1.0387472686596528	-0.03671909747733622	0.4680892805414256	-0.07844464507895647	0.9374743612825869	NA	d__Bacteria	p__Bacteroidota	c__Bacteroidia	o__Bacteroidales	f__Prevotellaceae	g__Prevotella	NA
77f4e2bdc7150f5b04bccc568607fc15	1.1828569938509732	0.30840168768779586	0.46006580500270733	0.6703425560740839	0.5026394445667401	0.7061368533742548	d__Bacteria	p__Bacteroidota	c__Bacteroidia	o__Bacteroidales	f__Prevotellaceae	g__Prevotella	NA
49f7701312ac7878e8c245d65760c2cf	28.97744172383148	3.054339890906097	0.8474014097374498	3.6043601719430964	3.1292286205142133e-4	0.005645459751471591	d__Bacteria	p__Bacteroidota	c__Bacteroidia	o__Bacteroidales	f__Prevotellaceae	g__Prevotella	NA
b59663fd23553a90c237e6b94095cfc3	2.074814789005591	-0.882570510021079	0.5716574712095143	-1.543879953416395	0.12261741734800663	0.36908149933572926	d__Bacteria	p__Bacteroidota	c__Bacteroidia	o__Bacteroidales	f__Prevotellaceae	g__Prevotella	NA
45ddc69a3fbf19ff4953211c157cb9ac	5.6085270736738835	-2.5558597373515872	0.6720041615490993	-3.8033391511442987	1.4275869917715497e-4	0.003061664244852913	d__Bacteria	p__Bacteroidota	c__Bacteroidia	o__Bacteroidales	f__Prevotellaceae	g__Massiliprevotella	NA
0a0bb0370ec6d980fe832afcdd8e4446	1.0531791811445184	0.0017551796490457537	0.466766271650045	0.0037602966530574183	0.9969997244270533	NA	d__Bacteria	p__Bacteroidota	c__Bacteroidia	o__Bacteroidales	f__Prevotellaceae	g__Prevotella	NA
263257c66de6df1543395b4bc6b298f1	1.0531791811445184	0.0017551796490457537	0.466766271650045	0.0037602966530574183	0.9969997244270533	NA	d__Bacteria	p__Bacteroidota	c__Bacteroidia	o__Bacteroidales	f__Prevotellaceae	g__Prevotella	NA
ddc2bf49cf7fed29c5d6f8df1222ce4a	1.0387205801281543	0.0017551853936233408	0.4665046746863504	0.003762417589498801	0.9969980321765832	NA	d__Bacteria	p__Bacteroidota	c__Bacteroidia	o__Bacteroidales	f__Prevotellaceae	g__Prevotella	NA
833d3daf41b01f59f4e0133fbe87fac3	1.3701693899825187	0.6604774225623165	0.5146981359311431	1.283232591016564	0.19941060105038075	0.4778718204050305	d__Bacteria	p__Bacteroidota	c__Bacteroidia	o__Bacteroidales	f__Prevotellaceae	g__Prevotella	NA
2cb97f7a5774ba36b0efe6ac27085be3	12.656539274459815	4.101048308655279	0.8432721816527208	4.86325577658411	1.1547047624382248e-6	4.333751311525963e-5	d__Bacteria	p__Bacteroidota	c__Bacteroidia	o__Bacteroidales	f__Prevotellaceae	g__Prevotella	NA
809eb18e709bf0b62ccb9cecd25ef6d9	5.103909271909761	-0.7648694349681096	0.6811211315045568	-1.1229565485342639	0.26145594904134073	0.5413941289631901	d__Bacteria	p__Bacteroidota	c__Bacteroidia	o__Bacteroidales	f__Prevotellaceae	g__Prevotella	NA
8946f8fccc1ae5a37d1023b04359b337	1.2693088689886096	0.4816912668151113	0.4661719582855291	1.0332909525203073	0.30146775999423847	0.5793513723530769	d__Bacteria	p__Bacteroidota	c__Bacteroidia	o__Bacteroidales	f__Prevotellaceae	g__Prevotella	NA
361325881ec737990902e94fdc8c0e84	1.1822869864377934	-0.7570934864602247	0.39565717127155303	-1.913508818826907	0.05568294562099053	0.21783458531208347	d__Bacteria	p__Bacteroidota	c__Bacteroidia	o__Bacteroidales	f__Prevotellaceae	g__Prevotella	NA
73b2174095c5979c36846f4950fc96d1	1.3570836031570888	0.0017559516942669963	0.5258637274841383	0.0033391762969997986	0.9973357277379755	0.998890072806692	d__Bacteria	p__Bacteroidota	c__Bacteroidia	o__Bacteroidales	f__Prevotellaceae	g__Prevotella	NA
a2d98287c4262a993620dc6a06fbf271	1.168282100613917	-0.6900827410700396	0.40033711005277295	-1.7237541155729281	0.08475224115358067	0.2804913925732454	d__Bacteria	p__Bacteroidota	c__Bacteroidia	o__Bacteroidales	f__Prevotellaceae	g__Prevotella	NA
b7b4ecb07e1719860260746a5443092a	1.0531791811445184	0.0017551796490457537	0.466766271650045	0.0037602966530574183	0.9969997244270533	NA	d__Bacteria	p__Bacteroidota	c__Bacteroidia	o__Bacteroidales	f__Prevotellaceae	g__Prevotella	NA
9bca75ec3830a37d53e0ebbf443358f1	1.0386683642089511	-0.03672170447604546	0.4680879169045738	-0.0784504430682232	0.9374697493692195	NA	d__Bacteria	p__Bacteroidota	c__Bacteroidia	o__Bacteroidales	f__Prevotellaceae	g__Prevotella	NA
785d67b0c0232c96a21b7bf1c46f0a79	1.0386683642089511	-0.03672170447604546	0.4680879169045738	-0.0784504430682232	0.9374697493692195	NA	d__Bacteria	p__Bacteroidota	c__Bacteroidia	o__Bacteroidales	f__Prevotellaceae	g__Prevotella	NA
32f8fd11d2bee278d609a1d4ab767554	1.3999762221251209	0.03991088681767415	0.4803524653929465	0.08308667008719427	0.9337826249254594	0.998890072806692	d__Bacteria	p__Bacteroidota	c__Bacteroidia	o__Bacteroidales	f__Prevotellaceae	g__Prevotella	NA
a87fa561fa8f1bfa32714adf2c4140b1	1.1685626010515837	0.27738658374183234	0.4602185287466528	0.6027279790260939	0.546689665373969	0.7336901463490294	d__Bacteria	p__Bacteroidota	c__Bacteroidia	o__Bacteroidales	f__Prevotellaceae	g__Prevotella	NA
f0232e28323111f209fbb997f84dd4a7	1.1965400922701794	-0.03672742502212445	0.4744450950605927	-0.07741132831699712	0.9382963291326482	0.998890072806692	d__Bacteria	p__Bacteroidota	c__Bacteroidia	o__Bacteroidales	f__Prevotellaceae	NA	NA
1fbddceb7a9e3c6571e78e92dd7408f0	1.1543484803332507	0.24569264900987645	0.46057232266451786	0.5334507457775305	0.5937215976853065	0.7776088993924202	d__Bacteria	p__Bacteroidota	c__Bacteroidia	o__Bacteroidales	f__Prevotellaceae	g__Prevotella	NA
f221a73064348e4d09fb258ad02f3c2d	1.1544292663324598	0.0017551715505392759	0.4697201471542856	0.003736632463335168	0.9970186055860263	0.998890072806692	d__Bacteria	p__Bacteroidota	c__Bacteroidia	o__Bacteroidales	f__Prevotellaceae	g__Prevotella	NA
4dcad7cbd350a077868c3e954b098edb	1.269910547969378	0.481809856691821	0.46623733512408716	1.0334004173294902	0.30141655125962624	0.5793513723530769	d__Bacteria	p__Bacteroidota	c__Bacteroidia	o__Bacteroidales	f__Prevotellaceae	g__Prevotella	NA
f4c2587bbaa6e03cd0452af030d28bb5	1117.0641033926279	0.8046865703084256	1.0316438305293196	0.7800042480703384	0.4353883747186739	0.6773334689600096	d__Bacteria	p__Bacteroidota	c__Bacteroidia	o__Bacteroidales	f__Prevotellaceae	g__Prevotella	NA
5dc4a87514f65e55bd373c1283e95fc4	560.4727435495153	1.728974541572245	1.1115971952473505	1.5553966391463565	0.11985163405337802	0.3639397813174856	d__Bacteria	p__Bacteroidota	c__Bacteroidia	o__Bacteroidales	f__Prevotellaceae	g__Prevotella	NA
3900a2bd2208989e959860d9c729484d	1.0531791811445184	0.0017551796490457537	0.466766271650045	0.0037602966530574183	0.9969997244270533	NA	d__Bacteria	p__Bacteroidota	c__Bacteroidia	o__Bacteroidales	f__Prevotellaceae	g__Prevotella	NA
1e5108b91db80489fd5d9ddd294ca72a	1.0531791811445184	0.0017551796490457537	0.466766271650045	0.0037602966530574183	0.9969997244270533	NA	d__Bacteria	p__Bacteroidota	c__Bacteroidia	o__Bacteroidales	f__Prevotellaceae	g__Prevotella	NA
9ede43375463ada2290cf867b37e0e83	1.0531791811445184	0.0017551796490457537	0.466766271650045	0.0037602966530574183	0.9969997244270533	NA	d__Bacteria	p__Bacteroidota	c__Bacteroidia	o__Bacteroidales	f__Prevotellaceae	g__Prevotella	NA
cbba35c0152682628245fca0d2efa51e	1.7322400315109863	0.8834308652030172	0.5824418529887028	1.5167709199980044	0.12932453147179748	0.38107222995377926	d__Bacteria	p__Bacteroidota	c__Bacteroidia	o__Bacteroidales	f__Prevotellaceae	g__Prevotella	NA
0a31b6c7f2925ff1b5938b225c4bb98f	1.0387148832605266	0.0017551853915750194	0.46650456806160606	0.003762418445049892	0.996998031493957	NA	d__Bacteria	p__Bacteroidota	c__Bacteroidia	o__Bacteroidales	f__Prevotellaceae	g__Prevotella	NA
2e8606b18df22328b95715fbed4b4e60	1.0387148832605266	0.0017551853915750194	0.46650456806160606	0.003762418445049892	0.996998031493957	NA	d__Bacteria	p__Bacteroidota	c__Bacteroidia	o__Bacteroidales	f__Prevotellaceae	g__Prevotella	NA
fbba667fc7f1f9165f613562cfef0fe4	1.0531791811445184	0.0017551796490457537	0.466766271650045	0.0037602966530574183	0.9969997244270533	NA	d__Bacteria	p__Bacteroidota	c__Bacteroidia	o__Bacteroidales	f__Prevotellaceae	g__Prevotella	NA
0af4a44e29127d48ac9bb9add5543850	1.0531791811445184	0.0017551796490457537	0.466766271650045	0.0037602966530574183	0.9969997244270533	NA	d__Bacteria	p__Bacteroidota	c__Bacteroidia	o__Bacteroidales	f__Prevotellaceae	g__Prevotella	NA
5b6a78a51c1c9c045d0051cd4b9c9e1a	1.3997514677244636	0.7081996884965861	0.518013475530678	1.3671453001701783	0.17157976662519522	0.43906914828774096	d__Bacteria	p__Bacteroidota	c__Bacteroidia	o__Bacteroidales	f__Prevotellaceae	g__Prevotella	NA
f4da0157d94638fb359a0a9585b21ec4	1.0531791811445184	0.0017551796490457537	0.466766271650045	0.0037602966530574183	0.9969997244270533	NA	d__Bacteria	p__Bacteroidota	c__Bacteroidia	o__Bacteroidales	f__Prevotellaceae	g__Prevotella	NA
4240dd950d33cae53348c2548bf06523	1.2402214252822914	0.42611200200197585	0.47596672245591104	0.8952558695769887	0.3706503249787046	0.6383107216596605	d__Bacteria	p__Bacteroidota	c__Bacteroidia	o__Bacteroidales	f__Prevotellaceae	g__Prevotella	NA
fff33805657551184a8385be1e8fbaf9	1.0531791811445184	0.0017551796490457537	0.466766271650045	0.0037602966530574183	0.9969997244270533	NA	d__Bacteria	p__Bacteroidota	c__Bacteroidia	o__Bacteroidales	f__Prevotellaceae	g__Prevotella	NA
ffe47aadb8d1f95a24458b12fbb70f3b	1.0531791811445184	0.0017551796490457537	0.466766271650045	0.0037602966530574183	0.9969997244270533	NA	d__Bacteria	p__Bacteroidota	c__Bacteroidia	o__Bacteroidales	f__Prevotellaceae	g__Prevotella	NA
e03eac73262a87e4d1329af92d687341	1.1547548996934878	0.24572037165748803	0.4605863733848153	0.5334946621449244	0.5936912050849781	0.7776088993924202	d__Bacteria	p__Bacteroidota	c__Bacteroidia	o__Bacteroidales	f__Prevotellaceae	g__Prevotella	NA
da926fb16ba77a381b6e12ad17c285a1	1.0531791811445184	0.0017551796490457537	0.466766271650045	0.0037602966530574183	0.9969997244270533	NA	d__Bacteria	p__Bacteroidota	c__Bacteroidia	o__Bacteroidales	f__Prevotellaceae	g__Prevotella	NA
6a40f8a61f9fc0f87ea4ffed17131e1d	1.7452162616565035	0.0017565530210862487	0.6016780455948026	0.0029194234922594988	0.9976706403779498	0.998890072806692	d__Bacteria	p__Bacteroidota	c__Bacteroidia	o__Bacteroidales	f__Prevotellaceae	g__Prevotella	NA
21b96a7ce1bf7e23ef31fccda1a532b0	1.1970578304812665	0.0017551967812339518	0.47231438180946356	0.0037161620497552753	0.9970349384995746	0.998890072806692	d__Bacteria	p__Bacteroidota	c__Bacteroidia	o__Bacteroidales	f__Prevotellaceae	NA	NA
47de6669d150eae81191e27ea71734bb	1.2258335603486163	0.0017552338700026601	0.47513070959675924	0.003694212633597852	0.9970524514796317	0.998890072806692	d__Bacteria	p__Bacteroidota	c__Bacteroidia	o__Bacteroidales	f__Prevotellaceae	NA	NA
e27187272ef155063f49a1dc5a62f592	1.2109776098362992	-0.8825466118388225	0.3882571953506483	-2.273097890798301	0.023020281514134336	0.11764833233393761	d__Bacteria	p__Bacteroidota	c__Bacteroidia	o__Bacteroidales	f__Prevotellaceae	NA	NA
8f6122e60e66b6f7505a14c0b0ee8ac1	1.0531791811445184	0.0017551796490457537	0.466766271650045	0.0037602966530574183	0.9969997244270533	NA	d__Bacteria	p__Bacteroidota	c__Bacteroidia	o__Bacteroidales	f__Prevotellaceae	NA	NA
c5ca263ea23e8186e2052c5c645fba5f	1.2258335603486163	0.3975809737171504	0.470411252948075	0.8451774298031859	0.39801178196477083	0.6568594364791762	d__Bacteria	p__Bacteroidota	c__Bacteroidia	o__Bacteroidales	f__Prevotellaceae	g__Segatella	NA
f969bac3b2b35c7f9336be34c94db3b7	1.139895723306289	0.001755168217988802	0.4691082581341641	0.0037414992969209827	0.9970147224417927	NA	d__Bacteria	p__Bacteroidota	c__Bacteroidia	o__Bacteroidales	f__Prevotellaceae	g__Hoylesella	NA
fd0735e70b2bbc107c3e0ae09d8fc2df	1.0531791811445184	0.0017551796490457537	0.466766271650045	0.0037602966530574183	0.9969997244270533	NA	d__Bacteria	p__Bacteroidota	c__Bacteroidia	o__Bacteroidales	f__Prevotellaceae	g__Hoylesella	NA
7c1a172d5e47e2c61f8bdb715ea0850f	1.0531791811445184	0.0017551796490457537	0.466766271650045	0.0037602966530574183	0.9969997244270533	NA	d__Bacteria	p__Bacteroidota	c__Bacteroidia	o__Bacteroidales	f__Prevotellaceae	g__Hoylesella	NA
a754e414789fe804b750276776d70618	1.0387386692036873	-0.036719383095444855	0.4680891319336553	-0.07844528016226038	0.9374738561161167	NA	d__Bacteria	p__Bacteroidota	c__Bacteroidia	o__Bacteroidales	f__Prevotellaceae	g__Hoylesella	NA
ef5eb562fe991ed96648e6c579255545	1.0531791811445184	0.0017551796490457537	0.466766271650045	0.0037602966530574183	0.9969997244270533	NA	d__Bacteria	p__Bacteroidota	c__Bacteroidia	o__Bacteroidales	f__Prevotellaceae	g__Hoylesella	NA
b5b19790d1246cbef7be61f374975229	1.0531791811445184	0.0017551796490457537	0.466766271650045	0.0037602966530574183	0.9969997244270533	NA	d__Bacteria	p__Bacteroidota	c__Bacteroidia	o__Bacteroidales	f__Prevotellaceae	g__Hoylesella	NA
d70b5e40ddbf19c6a2f8db736721c348	1.0531791811445184	0.0017551796490457537	0.466766271650045	0.0037602966530574183	0.9969997244270533	NA	d__Bacteria	p__Bacteroidota	c__Bacteroidia	o__Bacteroidales	f__Prevotellaceae	g__Hoylesella	NA
ed2705c46014388e410c33059f14abbf	2.646136114429391	0.0017566832710530962	0.6729024292592544	0.00261060622561118	0.9979170399642366	0.998890072806692	d__Bacteria	p__Bacteroidota	c__Bacteroidia	o__Bacteroidales	f__Prevotellaceae	g__Hoylesella	NA
66b2998f05c3d93576ca9b71b2421176	1.0531791811445184	0.0017551796490457537	0.466766271650045	0.0037602966530574183	0.9969997244270533	NA	d__Bacteria	p__Bacteroidota	c__Bacteroidia	o__Bacteroidales	f__Prevotellaceae	g__Hoylesella	NA
9419ea5aca20e7558640dfdf7f434837	2.9709511509042175	-2.5245263549530996	0.5991519285111154	-4.213499506254639	2.5144413717565725e-5	6.425200186126901e-4	d__Bacteria	p__Bacteroidota	c__Bacteroidia	o__Bacteroidales	f__Prevotellaceae	g__Hoylesella	NA
e8b0d2ee81a0369a16d23ff943574408	1.2258335603486166	0.3975809737171508	0.47041125294808395	0.8451774298031707	0.3980117819647792	0.6568594364791762	d__Bacteria	p__Bacteroidota	c__Bacteroidia	o__Bacteroidales	f__Prevotellaceae	g__Hoylesella	NA
67d7906c8ecae909a52e05d0dc5e72c5	1.0531791811445184	0.0017551796490457537	0.466766271650045	0.0037602966530574183	0.9969997244270533	NA	d__Bacteria	p__Bacteroidota	c__Bacteroidia	o__Bacteroidales	f__Prevotellaceae	g__Hoylesella	NA
707d94241e0071e2f7f28c8eaab5b87a	1.038745095909413	0.1172346253640524	0.48059247486034684	0.2439377050132112	0.8072790667035393	NA	d__Bacteria	p__Bacteroidota	c__Bacteroidia	o__Bacteroidales	f__Prevotellaceae	g__Hoylesella	NA
31ae90207edd94c7ec56db3a9778c2e7	315.4315021402606	1.12027856332898	0.9138935259005359	1.2258305060483667	0.22026246473444805	0.5116735399343755	d__Bacteria	p__Bacteroidota	c__Bacteroidia	o__Bacteroidales	f__Prevotellaceae	g__Hoylesella	NA
cec5a19c0bc75874dbf4cba133b10815	1.542286451785751	-0.03675377166247857	0.5718226322692412	-0.06427477610780041	0.9487514376650992	0.998890072806692	d__Bacteria	p__Bacteroidota	c__Bacteroidia	o__Bacteroidales	f__Prevotellaceae	g__Hoylesella	NA
f2bd534dbad5deb2a00ac61ea5a7cab0	1.2985216933872286	0.5352050403819433	0.4717765308795405	1.1344460890925454	0.25660747548120055	0.534513724851049	d__Bacteria	p__Bacteroidota	c__Bacteroidia	o__Bacteroidales	f__Prevotellaceae	g__Hoylesella	NA
c7b23cc9d5432b282aa969eb64643edf	1.0387304233561945	-0.036719656624597447	0.4680889894344872	-0.07844588839604966	0.9374733723066708	NA	d__Bacteria	p__Bacteroidota	c__Bacteroidia	o__Bacteroidales	f__Prevotellaceae	g__Hoylesella	NA
549118d496a8b0a2f64e99d8ee90fa88	1.44464099556122	0.7774625675197756	0.5367771609488777	1.4483898050830455	0.14750806439478867	0.4072578973290602	d__Bacteria	p__Bacteroidota	c__Bacteroidia	o__Bacteroidales	f__Prevotellaceae	g__Hoylesella	NA
50580a45889411b3866db7fcfe157cc2	1.0531791811445184	0.0017551796490457537	0.466766271650045	0.0037602966530574183	0.9969997244270533	NA	d__Bacteria	p__Bacteroidota	c__Bacteroidia	o__Bacteroidales	f__Prevotellaceae	g__Hoylesella	NA
5c1dd48ef0a674513626f5c85ea126ee	144.55888909285366	1.3411548172602985	0.9924143327743473	1.3514061344831936	0.17656536979971618	0.4454937166585276	d__Bacteria	p__Bacteroidota	c__Bacteroidia	o__Bacteroidales	f__Prevotellaceae	g__Hoylesella	NA
2959329bf2fece574ffd26f40e874459	1.0387386692036873	-0.036719383095444855	0.4680891319336553	-0.07844528016226038	0.9374738561161167	NA	d__Bacteria	p__Bacteroidota	c__Bacteroidia	o__Bacteroidales	f__Prevotellaceae	g__Hoylesella	NA
958d54f6c2724fdc04ad01d39d59aaca	462.1212317435112	1.3267953680772888	0.9367939780186885	1.4163150054438332	0.15668329640324424	0.41631999774401846	d__Bacteria	p__Bacteroidota	c__Bacteroidia	o__Bacteroidales	f__Prevotellaceae	g__Hoylesella	NA
c56875638ccefe8ec7d11e6e66435aae	1.0531791811445184	0.0017551796490457537	0.466766271650045	0.0037602966530574183	0.9969997244270533	NA	d__Bacteria	p__Bacteroidota	c__Bacteroidia	o__Bacteroidales	f__Prevotellaceae	g__Hoylesella	NA
09c0bc88b7a6392f7bae86bdf5a3eca4	1.0531791811445184	0.0017551796490457537	0.466766271650045	0.0037602966530574183	0.9969997244270533	NA	d__Bacteria	p__Bacteroidota	c__Bacteroidia	o__Bacteroidales	f__Prevotellaceae	g__Hoylesella	NA
ce3c8bd32d691f6f790e7bbb60ba6256	1.0531791811445184	0.0017551796490457537	0.466766271650045	0.0037602966530574183	0.9969997244270533	NA	d__Bacteria	p__Bacteroidota	c__Bacteroidia	o__Bacteroidales	f__Prevotellaceae	g__Hoylesella	NA
1ece5d2a382b61fd5e48c29e2abb8a60	1.0531791811445184	0.0017551796490457537	0.466766271650045	0.0037602966530574183	0.9969997244270533	NA	d__Bacteria	p__Bacteroidota	c__Bacteroidia	o__Bacteroidales	f__Prevotellaceae	g__Hoylesella	NA
1ac9411edb59c9cb468f62d3e10616b0	1.2546092902159656	0.45417211729815554	0.46402915812509943	0.9787577124102048	0.3276997086612451	0.5984176048663825	d__Bacteria	p__Bacteroidota	c__Bacteroidia	o__Bacteroidales	f__Prevotellaceae	g__Hoylesella	NA
c1cba1160c61989a01435fec69815e0b	1.0531791811445184	0.0017551796490457537	0.466766271650045	0.0037602966530574183	0.9969997244270533	NA	d__Bacteria	p__Bacteroidota	c__Bacteroidia	o__Bacteroidales	f__Prevotellaceae	g__Prevotella	NA
385197fd9f310da44597d7a6a8ad6916	358.19857019860035	0.08068997505190478	0.9774346946597104	0.0825528042873459	0.9342071298376349	0.998890072806692	d__Bacteria	p__Bacteroidota	c__Bacteroidia	o__Bacteroidales	f__Prevotellaceae	g__Prevotella	NA
2516fcdef52f115c169203708028018a	1.0242359028576067	-0.036720288231528585	0.46784335684538325	-0.07848842501287073	0.9374395373199508	NA	d__Bacteria	p__Bacteroidota	c__Bacteroidia	o__Bacteroidales	f__Prevotellaceae	g__Prevotella	NA
3ed2531ca906208a8911d7adc090819c	1.1977067514141362	0.001755197415329364	0.47234950774687934	0.003715887042418454	0.9970351579221677	0.998890072806692	d__Bacteria	p__Bacteroidota	c__Bacteroidia	o__Bacteroidales	f__Prevotellaceae	g__Prevotella	NA
38ab0ab19cccf140111a9850ad20e21b	1.1401516305087267	-0.5458232992901744	0.4116947893007838	-1.3257959864325521	0.1849072828095533	NA	d__Bacteria	p__Bacteroidota	c__Bacteroidia	o__Bacteroidales	f__Prevotellaceae	g__Prevotella	NA
c4941c9a5b39e21e398b143696dcecb6	1.0531791811445184	0.0017551796490457537	0.466766271650045	0.0037602966530574183	0.9969997244270533	NA	d__Bacteria	p__Bacteroidota	c__Bacteroidia	o__Bacteroidales	f__Prevotellaceae	g__Prevotella	NA
a9601f8bae67758ed2e01e9484eb5b3c	1.0387148832605266	0.0017551853915750194	0.46650456806160606	0.003762418445049892	0.996998031493957	NA	d__Bacteria	p__Bacteroidota	c__Bacteroidia	o__Bacteroidales	f__Prevotellaceae	g__Prevotella	NA
fabd3c5448b6d9a19bd777a629e35a64	1.1684083773560827	-0.6901103442093761	0.40034086684710457	-1.723806888975285	0.08474271056612903	0.2804913925732454	d__Bacteria	p__Bacteroidota	c__Bacteroidia	o__Bacteroidales	f__Prevotellaceae	g__Prevotella	NA
cbef40f459197faa8de7bba6a4764a34	1.0386683642089511	-0.03672170447604546	0.4680879169045738	-0.0784504430682232	0.9374697493692195	NA	d__Bacteria	p__Bacteroidota	c__Bacteroidia	o__Bacteroidales	f__Prevotellaceae	g__Prevotella	NA
66a9ece5a3664b5fd81ad0244ed3b5d3	1.0386683642089511	-0.03672170447604546	0.4680879169045738	-0.0784504430682232	0.9374697493692195	NA	d__Bacteria	p__Bacteroidota	c__Bacteroidia	o__Bacteroidales	f__Prevotellaceae	g__Prevotella	NA
be0f17ccabbe709007e9b9f2260f2654	3.9031902604488935	-0.6764390321972018	0.6392211514073689	-1.058223794234422	0.2899534258295393	0.5793513723530769	d__Bacteria	p__Bacteroidota	c__Bacteroidia	o__Bacteroidales	f__Prevotellaceae	g__Prevotella	NA
edb02840fe91e2472e2935917600da98	1325.6062475491208	-3.0363403766966033	1.0189831155094835	-2.979774964355967	0.0028846021111418973	0.027057634986902394	d__Bacteria	p__Bacteroidota	c__Bacteroidia	o__Bacteroidales	f__Prevotellaceae	g__Prevotella	NA
174b92af2be8de6574c205ce68f97bb7	3.3551849235253317	2.3802554158231715	0.7135654062508197	3.335721427877779	8.507836982995374e-4	0.011106426322366787	d__Bacteria	p__Bacteroidota	c__Bacteroidia	o__Bacteroidales	f__Prevotellaceae	g__Prevotella	NA
67c4934e16f2290a941e0aa78d87569c	1.0243004186829445	0.1172344428080377	0.48035408993496986	0.24405838373086164	0.8071856030234901	NA	d__Bacteria	p__Bacteroidota	c__Bacteroidia	o__Bacteroidales	f__Prevotellaceae	g__Prevotella	NA
1e9e1e8baf424a9835801cb3acf67c63	1.1686518630253597	-0.6901635210190844	0.40034812539342823	-1.723908461768992	0.08472436951595576	0.2804913925732454	d__Bacteria	p__Bacteroidota	c__Bacteroidia	o__Bacteroidales	f__Prevotellaceae	g__Prevotella	NA
0d398b9529cb273f36013d706d7a8261	2.7966718476052552	-1.7470503135653588	0.542160188832956	-3.2223876808919276	0.0012712699741477163	0.015267952389514072	d__Bacteria	p__Bacteroidota	c__Bacteroidia	o__Bacteroidales	f__Prevotellaceae	g__Prevotella	NA
aba41a8d90400448d2ad3403942c2360	1.0531791811445184	0.0017551796490457537	0.466766271650045	0.0037602966530574183	0.9969997244270533	NA	d__Bacteria	p__Bacteroidota	c__Bacteroidia	o__Bacteroidales	f__Prevotellaceae	g__Prevotella	NA
deb90060cd7e33d6b3e583a968e4a11e	1.1834239334356202	0.3084501710512937	0.4600913270880227	0.6704107486735613	0.5025959845106203	0.7061368533742548	d__Bacteria	p__Bacteroidota	c__Bacteroidia	o__Bacteroidales	f__Prevotellaceae	g__Segatella	NA
c994a2772a648316e21e664e3a878e80	1.2121155168160818	-0.8828969863948085	0.38831779274086653	-2.273645459722692	0.022987311857070893	0.11764833233393761	d__Bacteria	p__Bacteroidota	c__Bacteroidia	o__Bacteroidales	f__Prevotellaceae	g__Segatella	NA
f8350ae87f8cc90f4535d72e404cb893	1.182224938841459	0.30834753383881575	0.4600374334053219	0.670266181506891	0.502688121458928	0.7061368533742548	d__Bacteria	p__Bacteroidota	c__Bacteroidia	o__Bacteroidales	f__Prevotellaceae	g__Segatella	NA
a471645f99a79630b8b3299997bf7a33	1.0531791811445184	0.0017551796490457537	0.466766271650045	0.0037602966530574183	0.9969997244270533	NA	d__Bacteria	p__Bacteroidota	c__Bacteroidia	o__Bacteroidales	f__Prevotellaceae	g__Segatella	NA
675c847bccbc53942ebb7b8cbb4efc4d	49.66687752800321	-2.3457900135938217	0.975630798297624	-2.4043829055898867	0.01619979510803244	0.09537232316052432	d__Bacteria	p__Bacteroidota	c__Bacteroidia	o__Bacteroidales	f__Prevotellaceae	g__Segatella	NA
3f33a2dc6cb3f0ffa1987719f06af323	1.038742922832062	-0.03671924186339007	0.468089205441176	-0.0784449661230321	0.9374741059134039	NA	d__Bacteria	p__Bacteroidota	c__Bacteroidia	o__Bacteroidales	f__Prevotellaceae	g__Segatella	NA
47282dc0e0f0aba75eace38dd3a9915d	1.0531791811445184	0.0017551796490457537	0.466766271650045	0.0037602966530574183	0.9969997244270533	NA	d__Bacteria	p__Bacteroidota	c__Bacteroidia	o__Bacteroidales	f__Prevotellaceae	g__Segatella	NA
f8a0f81a9c727efd3cdf8c8ee1af699a	1.0531791811445184	0.0017551796490457537	0.466766271650045	0.0037602966530574183	0.9969997244270533	NA	d__Bacteria	p__Bacteroidota	c__Bacteroidia	o__Bacteroidales	f__Prevotellaceae	g__Segatella	NA
d5e95cf12a309c54ce0a6a504fdc2e92	1.0531791811445184	0.0017551796490457537	0.466766271650045	0.0037602966530574183	0.9969997244270533	NA	d__Bacteria	p__Bacteroidota	c__Bacteroidia	o__Bacteroidales	f__Prevotellaceae	g__Segatella	NA
da6a7cba87e0895b9cbe6037b9bd8b3b	18.380950026933515	-0.052953318576930496	0.8565428858079993	-0.06182214510716325	0.9507044679715906	0.998890072806692	d__Bacteria	p__Bacteroidota	c__Bacteroidia	o__Bacteroidales	f__Prevotellaceae	g__Segatella	NA
4fba6fef450158c1bd1cbcb5a0e8f5e5	26.769234187710516	5.497574736980517	0.9542721144111742	5.761013712920607	8.36102460483908e-9	6.930310633996549e-7	d__Bacteria	p__Bacteroidota	c__Bacteroidia	o__Bacteroidales	f__Prevotellaceae	g__Segatella	NA
04645342dcaccc29b2078b063aec6f81	1.7432372825121738	-2.226735100174621	0.4247726189594582	-5.242181347821641	1.5868928884400913e-7	8.286340691376303e-6	d__Bacteria	p__Bacteroidota	c__Bacteroidia	o__Bacteroidales	f__Prevotellaceae	g__Segatella	NA
abca34d3f46ee1af5c154ab909fd55c9	1.0531791811445184	0.0017551796490457537	0.466766271650045	0.0037602966530574183	0.9969997244270533	NA	d__Bacteria	p__Bacteroidota	c__Bacteroidia	o__Bacteroidales	f__Prevotellaceae	g__Segatella	NA
baabfbb252def48a72b6fe6bbf907801	1.0531791811445184	0.0017551796490457537	0.466766271650045	0.0037602966530574183	0.9969997244270533	NA	d__Bacteria	p__Bacteroidota	c__Bacteroidia	o__Bacteroidales	f__Prevotellaceae	g__Prevotellaceae_NK3B31_group	NA
f1eb372635240322c36cc8d43ad0b70f	1.0531791811445184	0.0017551796490457537	0.466766271650045	0.0037602966530574183	0.9969997244270533	NA	d__Bacteria	p__Bacteroidota	c__Bacteroidia	o__Bacteroidales	f__Prevotellaceae	g__Prevotellaceae_NK3B31_group	NA
08fd372208987d3a3d226095e0f54ad6	1.1971644332247062	0.0017551968852722072	0.4723201447242195	0.0037161169280574297	0.997034974501232	0.998890072806692	d__Bacteria	p__Bacteroidota	c__Bacteroidia	o__Bacteroidales	f__Prevotellaceae	g__Prevotellaceae_NK3B31_group	NA
564b04caae509e17ecafe2aeb2331180	1.4263305383801481	0.001756129309759119	0.5430856393029411	0.003233613969268527	0.9974199538345969	0.998890072806692	d__Bacteria	p__Bacteroidota	c__Bacteroidia	o__Bacteroidales	f__Incertae_Sedis	g__Incertae_Sedis	NA
ff5ec9cf8912a9f97ee4eae8b668d921	1.0531791811445184	0.0017551796490457537	0.466766271650045	0.0037602966530574183	0.9969997244270533	NA	d__Bacteria	p__Bacteroidota	c__Bacteroidia	o__Bacteroidales	f__Incertae_Sedis	g__Incertae_Sedis	NA
0a21726cd4952a96635576553da67787	1.0387225030027176	0.11723681400589792	0.4805923383798283	0.24394232833824686	0.8072754859637203	NA	d__Bacteria	p__Bacteroidota	c__Bacteroidia	o__Bacteroidales	f__Prevotellaceae	g__Incertae_Sedis	NA
48c9ff09bf991e271a7e3893984c991e	1.0386683642089511	-0.03672170447604546	0.4680879169045738	-0.0784504430682232	0.9374697493692195	NA	d__Bacteria	p__Bacteroidota	c__Bacteroidia	o__Bacteroidales	f__Prevotellaceae	g__Incertae_Sedis	NA
0a857f235b897d7c44e86f0c1b75c69b	1.0386683642089511	-0.03672170447604546	0.4680879169045738	-0.0784504430682232	0.9374697493692195	NA	d__Bacteria	p__Bacteroidota	c__Bacteroidia	o__Bacteroidales	f__Prevotellaceae	g__Incertae_Sedis	NA
e3636afe5d4480c631ca01339a4d54b3	1.2825367229164035	0.0017556838592158433	0.504109028524901	0.0034827463105615046	0.9972211761072451	0.998890072806692	d__Bacteria	p__Bacteroidota	c__Bacteroidia	o__Bacteroidales	f__Prevotellaceae	g__Incertae_Sedis	NA
58529dd65c9373ab07909325cc829705	1.096481436849834	-0.2978146099622134	0.4344498304503752	-0.6854982764142915	0.4930295478959843	NA	d__Bacteria	p__Bacteroidota	c__Bacteroidia	o__Bacteroidales	f__Prevotellaceae	g__Incertae_Sedis	NA
185ef6bb79a2ba1a7599caa613caabda	1.0531791811445184	0.0017551796490457537	0.466766271650045	0.0037602966530574183	0.9969997244270533	NA	d__Bacteria	p__Bacteroidota	c__Bacteroidia	o__Bacteroidales	f__Prevotellaceae	g__Incertae_Sedis	NA
baa3ee92750f65a79400a3496948666f	1.0531791811445184	0.0017551796490457537	0.466766271650045	0.0037602966530574183	0.9969997244270533	NA	d__Bacteria	p__Bacteroidota	c__Bacteroidia	o__Bacteroidales	f__Prevotellaceae	g__Incertae_Sedis	NA
726bca3c3011eef90e5b866db0fd5329	1.0531791811445184	0.0017551796490457537	0.466766271650045	0.0037602966530574183	0.9969997244270533	NA	d__Bacteria	p__Bacteroidota	c__Bacteroidia	o__Bacteroidales	f__Prevotellaceae	g__Incertae_Sedis	NA
fa3d2114cfb8f1e6185bb490a3548733	1.0531791811445184	0.0017551796490457537	0.466766271650045	0.0037602966530574183	0.9969997244270533	NA	d__Bacteria	p__Bacteroidota	c__Bacteroidia	o__Bacteroidales	f__Prevotellaceae	g__Paraprevotella	NA
bc7f3f3f3af5b386336ef880486cf17d	1.0242743713196956	-0.03671934257544535	0.46784399113712283	-0.07848629729367004	0.9374412297732331	NA	d__Bacteria	p__Bacteroidota	c__Bacteroidia	o__Bacteroidales	f__Prevotellaceae	g__Paraprevotella	NA
3b4cabf8962f05db11ca9e79fa492351	1.0531791811445184	0.0017551796490457537	0.466766271650045	0.0037602966530574183	0.9969997244270533	NA	d__Bacteria	p__Bacteroidota	c__Bacteroidia	o__Bacteroidales	f__Prevotellaceae	g__Paraprevotella	NA
acf339d6620e975d91dc57db41e28cae	1.0531791811445184	0.0017551796490457537	0.466766271650045	0.0037602966530574183	0.9969997244270533	NA	d__Bacteria	p__Bacteroidota	c__Bacteroidia	o__Bacteroidales	f__Prevotellaceae	g__Paraprevotella	NA
d9e50a5a9a9080e7465190853575ecb0	1.0387386692036873	-0.03671938309544485	0.4680891319336553	-0.07844528016226036	0.9374738561161168	NA	d__Bacteria	p__Bacteroidota	c__Bacteroidia	o__Bacteroidales	f__Prevotellaceae	g__Paraprevotella	NA
edf42f357f8934fc004c334c5c7b5e6e	33.28156689676535	-2.37144557736026	0.833265621020875	-2.845965941154376	0.004427693031637377	0.037448305147862605	d__Bacteria	p__Bacteroidota	c__Bacteroidia	o__Bacteroidales	f__Prevotellaceae	g__Paraprevotella	NA
888f55ac51312b80cd969798719e9df0	1.0531791811445184	0.0017551796490457537	0.466766271650045	0.0037602966530574183	0.9969997244270533	NA	d__Bacteria	p__Bacteroidota	c__Bacteroidia	o__Bacteroidales	f__Prevotellaceae	g__Paraprevotella	NA
dffd48b1005574979781e104156691c1	1.8180610681876468	-2.166926596551475	0.4550417424984496	-4.762039158547873	1.916464815767978e-6	6.769630128639238e-5	d__Bacteria	p__Bacteroidota	c__Bacteroidia	o__Bacteroidales	f__Prevotellaceae	g__Paraprevotella	NA
a5e25e35cdf15e0df8ba3600468301e3	1.0531791811445184	0.0017551796490457537	0.466766271650045	0.0037602966530574183	0.9969997244270533	NA	d__Bacteria	p__Bacteroidota	c__Bacteroidia	o__Bacteroidales	f__Prevotellaceae	g__Paraprevotella	NA
aae09ffc07d0857218ee68a7f4b6e5c7	1.0531791811445184	0.0017551796490457537	0.466766271650045	0.0037602966530574183	0.9969997244270533	NA	d__Bacteria	p__Bacteroidota	c__Bacteroidia	o__Cytophagales	f__Hymenobacteraceae	g__Adhaeribacter	NA
2a071af67ec43b7126e8c362bec6e8ae	1.0531791811445184	0.0017551796490457537	0.466766271650045	0.0037602966530574183	0.9969997244270533	NA	d__Bacteria	p__Bacteroidota	c__Bacteroidia	o__Cytophagales	f__Microscillaceae	NA	NA
0229e2937d0ebaf5ca5064ccfaffe79c	1.0531791811445184	0.0017551796490457537	0.466766271650045	0.0037602966530574183	0.9969997244270533	NA	d__Bacteria	p__Bacteroidota	c__Bacteroidia	o__Cytophagales	f__Microscillaceae	g__Chryseotalea	NA
c44496298b508813f8e3dc2a9e49f2b9	1.0531791811445184	0.0017551796490457537	0.466766271650045	0.0037602966530574183	0.9969997244270533	NA	d__Bacteria	p__Bacteroidota	c__Bacteroidia	o__Chitinophagales	f__Saprospiraceae	g__Incertae_Sedis	NA
9c5dea86b3bcf2ec74b8ff184afe028b	1.1542919217297982	0.0017551714584004379	0.46971515261188074	0.0037366719992759363	0.9970185740411298	0.998890072806692	d__Bacteria	p__Bacteroidota	c__Bacteroidia	o__Flavobacteriales	f__Weeksellaceae	g__Weeksella	NA
00de882bb7123d629bc28faac3ac648d	1.0531791811445184	0.0017551796490457537	0.466766271650045	0.0037602966530574183	0.9969997244270533	NA	d__Bacteria	p__Bacteroidota	c__Bacteroidia	o__Chitinophagales	f__Incertae_Sedis	g__Incertae_Sedis	NA
f7203e351744bd85e85ea4c72a2a60ca	1.0531791811445184	0.0017551796490457537	0.466766271650045	0.0037602966530574183	0.9969997244270533	NA	d__Bacteria	p__Bacteroidota	c__Bacteroidia	o__Chitinophagales	f__Incertae_Sedis	g__Incertae_Sedis	NA
62b46641e67a285ee4c91b8ea6bd3e39	1.0531791811445184	0.0017551796490457537	0.466766271650045	0.0037602966530574183	0.9969997244270533	NA	d__Bacteria	p__Bacteroidota	c__Bacteroidia	o__Chitinophagales	f__Chitinophagaceae	g__Niastella	NA
5b824059f35b2d1a22e2ce26ab79ede0	1.0531791811445184	0.0017551796490457537	0.466766271650045	0.0037602966530574183	0.9969997244270533	NA	d__Bacteria	p__Bacteroidota	c__Bacteroidia	o__Chitinophagales	f__Chitinophagaceae	g__Terrimonas	NA
47f2617de53ce85d035fd4d1cc587272	1.0531791811445184	0.0017551796490457537	0.466766271650045	0.0037602966530574183	0.9969997244270533	NA	d__Bacteria	p__Bacteroidota	c__Bacteroidia	o__Chitinophagales	f__Chitinophagaceae	NA	NA
93e38d6ea36cb5181b003fc13ef4a734	1.0531791811445184	0.0017551796490457537	0.466766271650045	0.0037602966530574183	0.9969997244270533	NA	d__Bacteria	p__Bacteroidota	c__Bacteroidia	o__Chitinophagales	f__Chitinophagaceae	g__Terrimonas	NA
e0d717a776c68b2749792e569e051a0a	1.0531791811445184	0.0017551796490457537	0.466766271650045	0.0037602966530574183	0.9969997244270533	NA	d__Bacteria	p__Bacteroidota	c__Bacteroidia	o__Chitinophagales	f__Chitinophagaceae	NA	NA
8a6bc0ea3e3a1eb5cec5f392bc8a7480	1.0531791811445184	0.0017551796490457537	0.466766271650045	0.0037602966530574183	0.9969997244270533	NA	d__Bacteria	p__Bacteroidota	c__Bacteroidia	o__Chitinophagales	f__Chitinophagaceae	g__Parafilimonas	NA
9bc8a76f719e8b3f68db4dd510134880	1.0531791811445184	0.0017551796490457537	0.466766271650045	0.0037602966530574183	0.9969997244270533	NA	d__Bacteria	p__Bacteroidota	c__Bacteroidia	o__Chitinophagales	f__Chitinophagaceae	g__Ferruginibacter	NA
e4ee05bbf4ea42bb7404e560a5998628	1.0531791811445184	0.0017551796490457537	0.466766271650045	0.0037602966530574183	0.9969997244270533	NA	d__Bacteria	p__Bacteroidota	c__Bacteroidia	o__Chitinophagales	f__Chitinophagaceae	g__Puia	NA
5e50a007ea9a7f83275157c158916fcc	1.3724171537269936	0.6617475845084819	0.5146684744169888	1.2857744692019515	0.19852178287032493	0.4778718204050305	d__Bacteria	p__Bacteroidota	c__Bacteroidia	o__Bacteroidales	f__Rikenellaceae	g__Alistipes	NA
145c42bf0a4150acfd81694dd78a1be3	1.182224938841459	0.30834753383881575	0.4600374334053219	0.670266181506891	0.502688121458928	0.7061368533742548	d__Bacteria	p__Bacteroidota	c__Bacteroidia	o__Bacteroidales	f__Rikenellaceae	g__Alistipes	NA
9b88337492ccd1c0319669daaad2e94d	1.1542329893317134	-0.6197685439650584	0.4056727163920911	-1.5277550570249325	0.12657336467925373	NA	d__Bacteria	p__Bacteroidota	c__Bacteroidia	o__Bacteroidales	f__Rikenellaceae	g__Alistipes	NA
742e1f191223f58590661de80b9d6e3b	234.53107865209162	1.4074426132827174	0.9686387299523866	1.4530108798683903	0.14622073323895693	0.4072578973290602	d__Bacteria	p__Bacteroidota	c__Bacteroidia	o__Bacteroidales	f__Rikenellaceae	g__Alistipes	NA
9d583502f595e3a521989b645d50e327	1.6300962806798454	1.0390817732498603	0.5683538390108717	1.8282304119880932	0.06751497857788992	0.25103866647692197	d__Bacteria	p__Bacteroidota	c__Bacteroidia	o__Bacteroidales	f__Rikenellaceae	g__Alistipes	NA
04160ba54c21aeed9435ec51e581ac46	1.0531791811445184	0.0017551796490457537	0.466766271650045	0.0037602966530574183	0.9969997244270533	NA	d__Bacteria	p__Bacteroidota	c__Bacteroidia	o__Bacteroidales	f__Rikenellaceae	g__Alistipes	NA
7a6a394fe7285b50ee54b56f316a3944	1.3700030982093336	0.6603829968707505	0.5147003419860908	1.2830436333547193	0.1994767897613613	0.4778718204050305	d__Bacteria	p__Bacteroidota	c__Bacteroidia	o__Bacteroidales	f__Rikenellaceae	g__Alistipes	NA
506efac48dc5d5be2c0122c381639a3f	54.638923593765384	-0.37069134462306363	0.8890727032712227	-0.4169415428672537	0.6767211663020172	0.851038869873008	d__Bacteria	p__Bacteroidota	c__Bacteroidia	o__Bacteroidales	f__Rikenellaceae	g__Alistipes	NA
91f0bfa8c51f250c466cda365f249c87	1.0531791811445184	0.0017551796490457537	0.466766271650045	0.0037602966530574183	0.9969997244270533	NA	d__Bacteria	p__Bacteroidota	c__Bacteroidia	o__Bacteroidales	f__Rikenellaceae	g__Alistipes	NA
b23dee3dd2e0c370f4de6668a7c64ffa	1.2976785139239095	-1.204387105550083	0.3825723327894849	-3.14812913095002	0.001643190871340034	0.01796600505187546	d__Bacteria	p__Bacteroidota	c__Bacteroidia	o__Bacteroidales	f__Rikenellaceae	g__Alistipes	NA
b5a69fb7a66fdb2bf437bd286b439706	2.3102211087287006	1.7207372195869093	0.6428329877262322	2.6768029215074005	0.007432834139490547	0.054765851543117465	d__Bacteria	p__Bacteroidota	c__Bacteroidia	o__Bacteroidales	f__Rikenellaceae	g__Alistipes	NA
8a745e9dff13ee4ea8316990590ef779	1.18342393343562	0.0017551857377203078	0.47131531012281824	0.0037240159613379223	0.997028672028142	0.998890072806692	d__Bacteria	p__Bacteroidota	c__Bacteroidia	o__Bacteroidales	f__Rikenellaceae	g__Alistipes	NA
8795c5a86013864dc11f24b89e8cdd8c	52.393773984000624	0.22435502386659534	0.8619862540648914	0.2602768000169358	0.7946502669558727	0.9708799294140418	d__Bacteria	p__Bacteroidota	c__Bacteroidia	o__Bacteroidales	f__Rikenellaceae	g__Alistipes	NA
332a6411ff00b4010ac2397f504c4695	175.00545189303702	-0.43818801435033544	0.9771702459335463	-0.4484254572566416	0.6538461726423888	0.8300943481432441	d__Bacteria	p__Bacteroidota	c__Bacteroidia	o__Bacteroidales	f__Rikenellaceae	g__Alistipes	NA
c48430d07ea1d17ff7f39b5e84ab7e56	1.1398222527895048	0.21326394934887472	0.461084272081712	0.46252705256248844	0.6437034070228469	NA	d__Bacteria	p__Bacteroidota	c__Bacteroidia	o__Bacteroidales	f__Rikenellaceae	g__Alistipes	NA
5669f9055e393154386d3ad1196d3f03	3.898780594758827	0.0017565454216417497	0.714254430979518	0.0024592712980903027	0.9980377873783437	0.998890072806692	d__Bacteria	p__Bacteroidota	c__Bacteroidia	o__Bacteroidales	f__Rikenellaceae	g__Alistipes	NA
51d4f17b8dda9f7d972bf3dd0ecc4e59	3.4813671509142043	-0.882553965265202	0.6218174200396736	-1.4193136712202319	0.15580758813848256	0.41631999774401846	d__Bacteria	p__Bacteroidota	c__Bacteroidia	o__Bacteroidales	f__Rikenellaceae	g__Alistipes	NA
a1dac377f5b64afa4ec9861fda5a05a8	1.0531791811445184	0.0017551796490457537	0.466766271650045	0.0037602966530574183	0.9969997244270533	NA	d__Bacteria	p__Bacteroidota	c__Bacteroidia	o__Bacteroidales	f__Rikenellaceae	g__Alistipes	NA
87f6edb6a35369636f7b947cf37be91b	1.0531791811445184	0.0017551796490457537	0.466766271650045	0.0037602966530574183	0.9969997244270533	NA	d__Bacteria	p__Bacteroidota	c__Bacteroidia	o__Bacteroidales	f__Rikenellaceae	g__Alistipes	NA
09872e510cd71d99b2bb087c1700faea	1.1687365989562668	0.001755177069408492	0.4704374751931276	0.0037309465379813615	0.9970231422664565	0.998890072806692	d__Bacteria	p__Bacteroidota	c__Bacteroidia	o__Bacteroidales	f__Rikenellaceae	g__Alistipes	NA
fee421dd182111e1d718ac10decab1e9	5.985527952375236	-0.9185670626958701	0.7076288317522476	-1.2980916286597484	0.19425585059946318	0.47515534942964416	d__Bacteria	p__Bacteroidota	c__Bacteroidia	o__Bacteroidales	f__Rikenellaceae	g__Alistipes	NA
1eaa3cb7baaac3220b0606e3621afd16	1.713759126554381	0.5595258125760783	0.5666461939439114	0.9874341671329784	0.3234298414360173	0.5984176048663825	d__Bacteria	p__Bacteroidota	c__Bacteroidia	o__Bacteroidales	f__Rikenellaceae	g__Alistipes	NA
efa231614a5eb97a385a5cae7b440348	4.187201810016617	-0.565216701160726	0.6106886709155881	-0.9255398504663803	0.3546851647397441	0.6348388716131634	d__Bacteria	p__Bacteroidota	c__Bacteroidia	o__Bacteroidales	f__Rikenellaceae	g__Alistipes	NA
ed588d050497ce5fda6cf12d1ec02398	1.1683878782589967	0.27737325721060047	0.460211691509411	0.602707976194317	0.546702974474071	0.7336901463490294	d__Bacteria	p__Bacteroidota	c__Bacteroidia	o__Bacteroidales	f__Paludibacteraceae	g__H1	NA
39affe4f24aab02b897ece4e7d11f23d	1.0387225030027176	0.11723681400589792	0.4805923383798283	0.24394232833824686	0.8072754859637203	NA	d__Bacteria	p__Bacteroidota	c__Bacteroidia	o__Bacteroidales	f__Porphyromonadaceae	g__Porphyromonas	NA
443cd0556d78e022458f972d92efa850	1.3108703337991232	0.5605983483461241	0.4747683024651801	1.180783016547822	0.23768893254405307	0.5183124226277362	d__Bacteria	p__Bacteroidota	c__Bacteroidia	o__Bacteroidales	f__Tannerellaceae	g__Parabacteroides	NA
8c1695768f19ab2a2417ecebfdc87973	1.2536056332092114	0.4540017666008257	0.4639326784467803	0.9785940669685034	0.32778059197502124	0.5984176048663825	d__Bacteria	p__Bacteroidota	c__Bacteroidia	o__Bacteroidales	f__Tannerellaceae	g__Parabacteroides	NA
8b61bc858039d91fb9cf6fdce510d523	1.1831055059566264	-0.7572929589903445	0.39568659251249283	-1.913870657536709	0.05563668444793454	0.21783458531208347	d__Bacteria	p__Bacteroidota	c__Bacteroidia	o__Bacteroidales	f__Tannerellaceae	g__Parabacteroides	NA
a1c6580ba32c468041ba2008ee6df6ab	1.212159508441098	0.36856767688152986	0.46056240294468664	0.8002556755067883	0.42356267824794624	0.6642795753471423	d__Bacteria	p__Bacteroidota	c__Bacteroidia	o__Bacteroidales	f__Tannerellaceae	g__Parabacteroides	NA
38fb37d1d1ca08cbd4c3ffa52485efd7	1.1682821006139168	0.2773651833993632	0.4602075549836724	0.6026958497219886	0.5467110430314917	0.7336901463490294	d__Bacteria	p__Bacteroidota	c__Bacteroidia	o__Bacteroidales	f__Tannerellaceae	g__Parabacteroides	NA
8343cf4c26bb977e05e4d9c5125441ef	91.79339901684807	-0.3563330890607541	0.9530239460348751	-0.37389730923688086	0.7084807184218709	0.8854165898279573	d__Bacteria	p__Bacteroidota	c__Bacteroidia	o__Bacteroidales	f__Tannerellaceae	g__Parabacteroides	NA
93ffcf9781cf84717a401e9ebaa48be6	1.0386774672947785	0.0017551853781239354	0.4665038679123682	0.0037624240630168655	0.9969980270114996	NA	d__Bacteria	p__Bacteroidota	c__Bacteroidia	o__Bacteroidales	f__Tannerellaceae	g__Parabacteroides	NA
2b16eb77298603505ec51fc70e43b1ea	1.0531791811445184	0.0017551796490457537	0.466766271650045	0.0037602966530574183	0.9969997244270533	NA	d__Bacteria	p__Bacteroidota	c__Bacteroidia	o__Bacteroidales	f__Tannerellaceae	g__Parabacteroides	NA
173c825a18291f2ba18b5e46d9db8408	63.42978369572783	1.6291754690532207	1.0435676155679343	1.561159473281072	0.11848612845142563	0.36117218342680757	d__Bacteria	p__Bacteroidota	c__Bacteroidia	o__Bacteroidales	f__Tannerellaceae	g__Parabacteroides	NA
376365347b1a4473ab806ea391141257	1.0531791811445184	0.0017551796490457537	0.466766271650045	0.0037602966530574183	0.9969997244270533	NA	d__Bacteria	p__Bacteroidota	c__Bacteroidia	o__Bacteroidales	f__Tannerellaceae	g__Parabacteroides	NA
7536bf8021eb12334150b97a2a42a302	1.0387345039180496	0.0017551853986298464	0.46650493531342463	0.0037624154982425057	0.9969980338451525	NA	d__Bacteria	p__Bacteroidota	c__Bacteroidia	o__Bacteroidales	f__Tannerellaceae	g__Parabacteroides	NA
7a92103382087dd073eb53bb2e9ec830	1.0531791811445184	0.0017551796490457537	0.466766271650045	0.0037602966530574183	0.9969997244270533	NA	d__Bacteria	p__Bacteroidota	c__Bacteroidia	o__Bacteroidales	f__Tannerellaceae	g__Parabacteroides	NA
e8997e4ec742548b2c0908a8630ef419	1.0387386692036873	-0.036719383095444855	0.4680891319336553	-0.07844528016226038	0.9374738561161167	NA	d__Bacteria	p__Bacteroidota	c__Bacteroidia	o__Bacteroidales	f__Tannerellaceae	g__Parabacteroides	NA
535c0035c8256175cc840f4170bb074c	1.0531791811445184	0.0017551796490457537	0.466766271650045	0.0037602966530574183	0.9969997244270533	NA	d__Bacteria	p__Bacteroidota	c__Bacteroidia	o__Bacteroidales	f__Tannerellaceae	g__Parabacteroides	NA
9a76c2c2904fcae623e236b6818a712e	13.828909358819626	4.606321961800752	0.8714517639640736	5.285802556469037	1.251548285712971e-7	7.1576642435298954e-6	d__Bacteria	p__Bacteroidota	c__Bacteroidia	o__Bacteroidales	f__Tannerellaceae	g__Parabacteroides	NA
878fc53ff6f6333a92673b700951fa1b	137.17264005054494	0.08515933495299799	0.9997141982659097	0.0851836805966287	0.9321153644174345	0.998890072806692	d__Bacteria	p__Bacteroidota	c__Bacteroidia	o__Bacteroidales	f__Tannerellaceae	g__Parabacteroides	NA
4eb8b5f93f0e959308bef61d3babbe34	1.0242749207946762	-0.0762487990391948	0.46951101257508676	-0.162400448545391	0.8709905176396588	NA	d__Bacteria	p__Bacteroidota	c__Bacteroidia	o__Bacteroidales	f__Tannerellaceae	g__Parabacteroides	NA
182b9fa9fb5099a93fd36de478d40ebb	1.0387225030027176	-0.036719919039636374	0.4680888525583302	-0.07844647194425673	0.9374729081329821	NA	d__Bacteria	p__Bacteroidota	c__Bacteroidia	o__Bacteroidales	f__Tannerellaceae	g__Parabacteroides	NA
beac131eb0e7b729d01e68c9c5bee91b	1.0387111791071326	0.0017551853902432872	0.4665044987363378	0.0037624190013123425	0.996998031050127	NA	d__Bacteria	p__Bacteroidota	c__Bacteroidia	o__Bacteroidales	f__Tannerellaceae	g__Parabacteroides	NA
501345d9336cb02e0afb2890cd3e0a78	1.0387111791071326	-0.0367202936815816	0.4680886568603225	-0.07844730510643183	0.9374722454080626	NA	d__Bacteria	p__Bacteroidota	c__Bacteroidia	o__Bacteroidales	f__Tannerellaceae	g__Parabacteroides	NA
3edf5034a84bf32a642483a02e8af657	1.0387111791071326	-0.0367202936815816	0.4680886568603225	-0.07844730510643183	0.9374722454080626	NA	d__Bacteria	p__Bacteroidota	c__Bacteroidia	o__Bacteroidales	f__Tannerellaceae	g__Parabacteroides	NA
50d86b5415d2bd509518bc51c71e3364	1.1394035355022927	0.2132380337462061	0.46107137591255737	0.46248378209157553	0.6437344298549881	NA	d__Bacteria	p__Bacteroidota	c__Bacteroidia	o__Bacteroidales	f__Tannerellaceae	g__Parabacteroides	NA
c24228d0f7620bd04c044d27df14b5ee	1.0531791811445184	0.0017551796490457537	0.466766271650045	0.0037602966530574183	0.9969997244270533	NA	d__Bacteria	p__Bacillota	c__Clostridia	o__Peptostreptococcales-Tissierellales	f__Peptostreptococcaceae	g__Peptostreptococcus	NA
ca647fe90e501808421954e5fbf9faa6	169.04747045098307	-1.6572470894744067	0.9103973681879444	-1.820355756050781	0.06870484556755893	0.2520042269418876	d__Bacteria	p__Bacillota	c__Clostridia	o__Peptostreptococcales-Tissierellales	f__Peptostreptococcaceae	g__Peptostreptococcus	NA
d6a0db7938b5bf40df8ea7f9f97e9d64	1.0531791811445184	0.0017551796490457537	0.466766271650045	0.0037602966530574183	0.9969997244270533	NA	d__Bacteria	p__Bacillota	c__Clostridia	o__Peptostreptococcales-Tissierellales	f__Peptostreptococcaceae	g__Peptostreptococcus	NA
1f0532e025d966a685fd0d1f3144bc8a	8.97075398094394	-0.7897940582846465	0.828412761965782	-0.9533822926755798	0.34039640984980396	0.6166155176917263	d__Bacteria	p__Bacillota	c__Clostridia	o__Peptostreptococcales-Tissierellales	f__Peptostreptococcaceae	g__Peptostreptococcus	NA
b9ac436ea8771f1bffd49d16712766bf	1.0531791811445184	0.0017551796490457537	0.466766271650045	0.0037602966530574183	0.9969997244270533	NA	d__Bacteria	p__Bacillota	c__Clostridia	o__Peptostreptococcales-Tissierellales	f__Peptostreptococcaceae	g__Peptostreptococcus	NA
4e2f5dcd22bb762784fec4363445371d	1.1398717278744621	-0.5457734358304633	0.4116889095974429	-1.3256938020607132	0.18494114122688307	NA	d__Bacteria	p__Bacillota	c__Clostridia	o__Peptostreptococcales-Tissierellales	f__Peptostreptococcaceae	g__Peptostreptococcus	NA
8d703908c09c7cb0da2a4398dd74f9f8	1.5863271463422781	0.7082432467204905	0.5500711005783283	1.2875485477711242	0.1979031597308382	0.4778718204050305	d__Bacteria	p__Bacillota	c__Clostridia	o__Peptostreptococcales-Tissierellales	f__Peptostreptococcaceae	g__Terrisporobacter	NA
6420671c26eef32065e0275c8cd6701e	15.430920566245224	0.9111798463744849	0.774066271517367	1.1771341549197596	0.23914196457125692	0.5183124226277362	d__Bacteria	p__Bacillota	c__Clostridia	o__Peptostreptococcales-Tissierellales	f__Peptostreptococcaceae	g__Intestinibacter	NA
a731d3f2438a4bb63e315fac2c1bf3d1	1.2258335603486163	-0.9415662887880563	0.3855938625045046	-2.4418601548074603	0.01461180554632264	0.08744350135491084	d__Bacteria	p__Bacillota	c__Clostridia	o__Peptostreptococcales-Tissierellales	f__Peptostreptococcaceae	g__Intestinibacter	NA
04edaa963304c466674c30f9f9bb087e	1.3413520982699727	-1.342167842722963	0.3870272271872563	-3.46788997889696	5.245620043107836e-4	0.007791031972363404	d__Bacteria	p__Bacillota	c__Clostridia	o__Peptostreptococcales-Tissierellales	f__Peptostreptococcaceae	g__Paeniclostridium	NA
99bccd58aaeb00f98e22add40be6e36b	2.5611399976438936	-0.07629303577128664	0.6772026140778497	-0.11265909815657647	0.9103008296783578	0.998890072806692	d__Bacteria	p__Bacillota	c__Clostridia	o__Peptostreptococcales-Tissierellales	f__Peptostreptococcaceae	g__Clostridioides	NA
b15cec5e7b89958acf29a46cf98efbec	1.197541764269083	0.3387982532277459	0.4601656410445875	0.7362528250885169	0.46157684972794905	0.6870696622644521	d__Bacteria	p__Bacillota	c__Clostridia	o__Peptostreptococcales-Tissierellales	f__Peptostreptococcaceae	g__Clostridioides	NA
b9173492cd6bac5ad72d1b87d6e9b89f	1.1966989339274532	0.0017551964313431716	0.4722950015033852	0.003716313799121567	0.9970348174219341	0.998890072806692	d__Bacteria	p__Bacillota	c__Clostridia	o__Peptostreptococcales-Tissierellales	f__Peptostreptococcaceae	g__Incertae_Sedis	NA
e335f74033bc634af43ee6baa84fa247	24.13408042566765	0.14356195833645444	0.8054431051540272	0.17823972595680818	0.8585347124003904	0.998890072806692	d__Bacteria	p__Bacillota	c__Clostridia	o__Peptostreptococcales-Tissierellales	f__Peptostreptococcaceae	g__Romboutsia	NA
d20b46e3c9d79a8e49a48f112fc03d4f	1.3115147361538007	0.0017558025626318505	0.5132564542523295	0.003420906932752676	0.9972705164980917	0.998890072806692	d__Bacteria	p__Bacillota	c__Clostridia	o__Peptostreptococcales-Tissierellales	f__Peptostreptococcaceae	g__Romboutsia	NA
300568e1ddcb6356519af1a75ab2df4b	1.24101303239273	0.4263263863581031	0.47596035151462507	0.8957182777965134	0.37040324596253027	0.6383107216596605	d__Bacteria	p__Bacillota	c__Clostridia	o__Peptostreptococcales-Tissierellales	f__Anaerovoracaceae	g__Mogibacterium	NA
c756328d1c902696cf731b0daba497f8	1.1981963196419185	0.0017551978949572394	0.47237608006486265	0.0037156790299716926	0.9970353238909416	0.998890072806692	d__Bacteria	p__Bacillota	c__Clostridia	o__Peptostreptococcales-Tissierellales	f__Anaerovoracaceae	g__Mogibacterium	NA
11e8caead10bcfc055d7804c1293d355	1.1395063707465674	0.0017551679825989132	0.4690955720216379	0.003741599979370415	0.997014642109383	NA	d__Bacteria	p__Bacillota	c__Clostridia	o__Peptostreptococcales-Tissierellales	f__Anaerovoracaceae	g__Mogibacterium	NA
5c68ef2fd4b94cf4e302d4c8e2ef1fe1	1.5283735614851472	-0.8456294252260819	0.4418398827105984	-1.9138820607101292	0.055635227069869744	0.21783458531208347	d__Bacteria	p__Bacillota	c__Clostridia	o__Peptostreptococcales-Tissierellales	f__Anaerovoracaceae	g__Mogibacterium	NA
a944f458e4b3383afef986e4fe16f3f2	1.2406772384935	-0.9983087678996794	0.3836533233728783	-2.602111612439777	0.009265169338016816	0.062545391376694	d__Bacteria	p__Bacillota	c__Clostridia	o__Peptostreptococcales-Tissierellales	f__Anaerovoracaceae	NA	NA
efa1af4386010f7d05e16a663f32f792	8.900289757868043	3.3220031902765137	0.8393216996130181	3.9579617586536524	7.559205619519982e-5	0.001763175865238478	d__Bacteria	p__Bacillota	c__Clostridia	o__Peptostreptococcales-Tissierellales	f__Anaerovoracaceae	g__Mogibacterium	NA
cc7231cc6b5f4d5717e1ce0b1fb78d11	12.4452115535613	2.8259082005107277	0.8119831258725685	3.4802548359289696	5.009370572505743e-4	0.007791031972363404	d__Bacteria	p__Bacillota	c__Clostridia	o__Peptostreptococcales-Tissierellales	f__Anaerovoracaceae	g__Mogibacterium	NA
262b9d101f07bcd41ee68f140e9820c2	1.1395387778749633	0.21324641741390424	0.46107553843497034	0.46249778970649147	0.6437243870054941	NA	d__Bacteria	p__Bacillota	c__Clostridia	o__Peptostreptococcales-Tissierellales	f__Anaerovoracaceae	g__Mogibacterium	NA
9048d6f1c8112875d0a3c2f5402343af	1.7418033316794062	-0.47981826178096554	0.49107074550685115	-0.9770858194489441	0.3285266675027412	0.5987261421408075	d__Bacteria	p__Bacillota	c__Clostridia	o__Peptostreptococcales-Tissierellales	f__Anaerovoracaceae	NA	NA
6e9ac49ab03e8cf905432ad62df55c30	1.154004727829637	0.2456691334020251	0.4605604595115973	0.5334134277669986	0.5937474244105491	NA	d__Bacteria	p__Bacillota	c__Clostridia	o__Peptostreptococcales-Tissierellales	f__Anaerovoracaceae	g__Family_XIII_UCG-001	NA
74d519816d4cfb9cf4ec9605f76301d6	4.560393191286121	-0.26902217489649616	0.602860531177582	-0.4462428057298902	0.6554218653821768	0.8308723432123605	d__Bacteria	p__Bacillota	c__Clostridia	o__Peptostreptococcales-Tissierellales	f__Anaerovoracaceae	g__Family_XIII_UCG-001	NA
2102f51f3591341a5e15fb5958ee321c	1.0531791811445184	0.0017551796490457537	0.466766271650045	0.0037602966530574183	0.9969997244270533	NA	d__Bacteria	p__Bacillota	c__Clostridia	o__Peptostreptococcales-Tissierellales	f__Anaerovoracaceae	g__Family_XIII_UCG-001	NA
08f685988f6c3b24f935b5d61ca08717	2.004282484414032	1.009750332655249	0.5594200345555785	1.804994941694263	0.0710754735787602	0.2555737837367994	d__Bacteria	p__Bacillota	c__Clostridia	o__Peptostreptococcales-Tissierellales	f__Anaerovoracaceae	NA	NA
e1743677edc7ce66e8757d9ac5182154	1.4837554471452132	0.8399412444128135	0.5216869384509294	1.6100484457343176	0.10738728054311453	0.3369646282417787	d__Bacteria	p__Bacillota	c__Clostridia	o__Peptostreptococcales-Tissierellales	f__Anaerovoracaceae	g__Family_XIII_AD3011_group	NA
68b2b967ae2bcb1e7286f0a143e28f44	1.2837175148448823	0.5086453378531992	0.46875429243723776	1.085100117608635	0.27787731525853376	0.5604576383852357	d__Bacteria	p__Bacillota	c__Clostridia	o__Peptostreptococcales-Tissierellales	f__Anaerovoracaceae	g__Family_XIII_AD3011_group	NA
9b6acfb0708fe91f75081d6801659932	1.973838460981393	1.4244864822545367	0.5778921076736437	2.4649696082352364	0.013702487343324162	0.08707241957318687	d__Bacteria	p__Bacillota	c__Clostridia	o__Peptostreptococcales-Tissierellales	f__Anaerovoracaceae	g__Family_XIII_AD3011_group	NA
4d34418916362764b94c026bdab4127f	1.0387264241175567	0.0017551853957245892	0.4665047840706333	0.003762416711805548	0.9969980328768762	NA	d__Bacteria	p__Bacillota	c__Clostridia	o__Peptostreptococcales-Tissierellales	f__Anaerovoracaceae	g__Family_XIII_AD3011_group	NA
0b6eb991173d34102892489e05ecb868	1.0531791811445184	0.0017551796490457537	0.466766271650045	0.0037602966530574183	0.9969997244270533	NA	d__Bacteria	p__Bacillota	c__Clostridia	o__Peptostreptococcales-Tissierellales	f__Anaerovoracaceae	g__Incertae_Sedis	NA
42db27ef41cfff2f80f61b712609076f	1.0531791811445184	0.0017551796490457537	0.466766271650045	0.0037602966530574183	0.9969997244270533	NA	d__Bacteria	p__Bacillota	c__Clostridia	o__Peptostreptococcales-Tissierellales	f__Anaerovoracaceae	g__Incertae_Sedis	NA
dd34f847a77fc00f9ac84240b88959ac	1.3988667697792108	0.0017560658924938857	0.5366080380291673	0.0032725299809959886	0.9973889035139686	0.998890072806692	d__Bacteria	p__Bacillota	c__Clostridia	o__Peptostreptococcales-Tissierellales	f__Anaerovoracaceae	g__Incertae_Sedis	NA
6901d6f3e7e967139a132d6179e8afd9	1.4253997349789473	0.7520076822413938	0.526635969334691	1.4279459171606128	0.1533074258155954	0.41098709465296895	d__Bacteria	p__Bacillota	c__Clostridia	o__Peptostreptococcales-Tissierellales	f__Anaerovoracaceae	NA	NA
24cccadb274fef1f88113e8f019e2a63	1.4412297022992253	0.4255553676444805	0.5206244000583128	0.8173942051060533	0.4137031862583556	0.6642795753471423	d__Bacteria	p__Bacillota	c__Clostridia	o__Peptostreptococcales-Tissierellales	f__Anaerovoracaceae	NA	NA
2a7d4838e7b35d2e8b436422db160e39	1.2408505392064524	0.4262825049443318	0.4759616554851389	0.8956236285669481	0.3704538116461501	0.6383107216596605	d__Bacteria	p__Bacillota	c__Clostridia	o__Peptostreptococcales-Tissierellales	f__Anaerovoracaceae	NA	NA
20124fb64bdb55bb93fa69f62b75ad6f	1.1974084560283502	0.3387853613805849	0.4601586767422686	0.7362359518656562	0.4615871164589418	0.6870696622644521	d__Bacteria	p__Bacillota	c__Clostridia	o__Peptostreptococcales-Tissierellales	f__Anaerovoracaceae	g__S5-A14a	NA
6f8c47d73aa0314f2a331192ba432b32	1.0387111791071328	-0.03672029368158158	0.4680886568603212	-0.07844730510643201	0.9374722454080625	NA	d__Bacteria	p__Bacillota	c__Clostridia	o__Peptostreptococcales-Tissierellales	f__Anaerovoracaceae	g__S5-A14a	NA
347be72bb849d1b4f2564f920dbafb57	1.0387264241175567	-0.03671978916508494	0.4680889203215968	-0.07844618313088227	0.9374731378647613	NA	d__Bacteria	p__Bacillota	c__Clostridia	o__Peptostreptococcales-Tissierellales	f__Anaerovoracaceae	g__S5-A14a	NA
644fd07dc284e48b3f9bdbf76078fd2e	177.2086597302176	0.4500495983948119	0.8776972816636377	0.5127617548749406	0.6081179856124737	0.7921363348379402	d__Bacteria	p__Bacillota	c__Clostridia	o__Peptostreptococcales-Tissierellales	f__Anaerovoracaceae	g__S5-A14a	NA
0be2b2840d439b1b8548e8010f8310e5	1.2690781729706306	0.4816458437284573	0.46614691286411397	1.0332490260830312	0.3014873751358888	0.5793513723530769	d__Bacteria	p__Bacillota	c__Clostridia	o__Peptostreptococcales-Tissierellales	f__Anaerovoracaceae	g__Family_XIII_AD3011_group	NA
4a1c5fb315646700069f4c358a196b9f	1.9859649293701405	1.1941319343735104	0.5959358346139244	2.0037927995169578	0.04509226048456204	0.18804098903457991	d__Bacteria	p__Bacillota	c__Clostridia	o__Peptostreptococcales-Tissierellales	f__Anaerovoracaceae	g__Family_XIII_AD3011_group	NA
4f8d733bde10afc7196a01856bd62c44	1.1976667590277579	-0.8214712381207327	0.39166930692363855	-2.097359235455461	0.03596178681232526	0.15830088786122318	d__Bacteria	p__Bacillota	c__Clostridia	o__Peptostreptococcales-Tissierellales	f__Anaerovoracaceae	g__Family_XIII_AD3011_group	NA
bb520a25037fe6c24024c4f8fc40b5b7	1.2977728850169903	-1.2044477869446968	0.38258407239597914	-3.148191139797578	0.0016428423202266707	0.01796600505187546	d__Bacteria	p__Bacillota	c__Clostridia	o__Peptostreptococcales-Tissierellales	f__Anaerovoracaceae	g__Family_XIII_AD3011_group	NA
39f94c50ed5ba9ec7085c9c0e312c16a	1.1537742612285886	0.2456533323964191	0.4605525167389863	0.533388318309073	0.5937648022358696	NA	d__Bacteria	p__Bacillota	c__Clostridia	o__Peptostreptococcales-Tissierellales	f__Anaerovoracaceae	g__Family_XIII_AD3011_group	NA
c3337d877a02fb500fc37be8aa4fd234	7.214586155355135	-2.060842680926535	0.6710021716475543	-3.0712906276687857	0.0021313558372674343	0.021878276585967426	d__Bacteria	p__Bacillota	c__Clostridia	o__Peptostreptococcales-Tissierellales	f__Anaerovoracaceae	g__Family_XIII_AD3011_group	NA
9b12ea14bff8a37dc1d39b36b5b904d6	3.713591669695598	-0.6350188059319088	0.5802398001024587	-1.0944075291280904	0.27377628326847736	0.5604576383852357	d__Bacteria	p__Bacillota	c__Clostridia	o__Peptostreptococcales-Tissierellales	f__Anaerovoracaceae	g__Family_XIII_AD3011_group	NA
a76a1b1642c79341b17f7d619145ddf4	1.1682376906877614	-0.690073029389018	0.4003357900772956	-1.7237355402468035	0.08475559596204489	0.2804913925732454	d__Bacteria	p__Bacillota	c__Clostridia	o__Peptostreptococcales-Tissierellales	f__Anaerovoracaceae	NA	NA
c2214f5c48ce111caeeb8f928ca5b648	1.3402186867103876	0.0017559033766793985	0.5216298263996397	0.0033661866860621894	0.9973141766866843	0.998890072806692	d__Bacteria	p__Bacillota	c__Clostridia	o__Peptostreptococcales-Tissierellales	f__Anaerovoracaceae	g__Family_XIII_AD3011_group	NA
b4f28264f150902936030ef29ce2a10a	1.916039713325909	0.5870100387194971	0.5676242167075167	1.0341525633356996	0.3010648464568452	0.5793513723530769	d__Bacteria	p__Bacillota	c__Clostridia	o__Peptostreptococcales-Tissierellales	f__Anaerovoracaceae	g__[Eubacterium]_brachy_group	NA
963eff531673e1aa3a6b54db94920693	1.3855925927646389	0.0017560313517417387	0.5332408849197583	0.0032931296181574394	0.9973724674700852	0.998890072806692	d__Bacteria	p__Bacillota	c__Clostridia	o__Peptostreptococcales-Tissierellales	f__Anaerovoracaceae	g__[Eubacterium]_brachy_group	NA
9790ca08d8b4d951df2ae0f839e95641	1.2258335603486163	0.3975809737171504	0.470411252948075	0.8451774298031859	0.39801178196477083	0.6568594364791762	d__Bacteria	p__Bacillota	c__Clostridia	o__Peptostreptococcales-Tissierellales	f__Anaerovoracaceae	g__[Eubacterium]_brachy_group	NA
b4cf81c7acfe279300da8fd8a8ee9ab2	1.7005154826148554	1.1275453677728247	0.5606167747454227	2.011258703924522	0.044298137994765445	0.18665913954376612	d__Bacteria	p__Bacillota	c__Clostridia	o__Peptostreptococcales-Tissierellales	f__Anaerovoracaceae	g__[Eubacterium]_brachy_group	NA
3dff953eea05c3889f10c95963478721	1.1395063707465674	0.21324440964412975	0.4610745407538119	0.46249443592243444	0.6437267915165934	NA	d__Bacteria	p__Bacillota	c__Clostridia	o__Clostridia_vadinBB60_group	f__Incertae_Sedis	g__Incertae_Sedis	NA
d531f7abbe719c575cfb72bf14d38575	1.1535231056697182	0.0017551709436200225	0.46968724698905256	0.0037368929109138273	0.9970183977803753	NA	d__Bacteria	p__Bacillota	c__Clostridia	o__Peptostreptococcales-Tissierellales	f__Peptostreptococcaceae	g__[Eubacterium]_yurii_group	NA
238be985a1630b73b15fc6494a601674	1.4269294678314075	-1.4262999462478783	0.4215735237861934	-3.3832768562838997	7.162638718506351e-4	0.010097982733632929	d__Bacteria	p__Bacillota	c__Clostridia	o__Clostridia_vadinBB60_group	f__Incertae_Sedis	g__Incertae_Sedis	NA
cf0e29b1acfd7c9cc92b326cbfc88908	3.0707351085130363	2.075384514620109	0.6622399162857737	3.133886169622742	0.0017250776199027582	0.018498376977707256	d__Bacteria	p__Bacillota	c__Clostridia	o__Eubacteriales	f__Eubacteriaceae	g__Eubacterium	NA
a71ff29e74af135619b45332bfb02047	1.1396010783031918	0.21325027518588044	0.46107745684374773	0.46250423225125875	0.6437197680034821	NA	d__Bacteria	p__Bacillota	c__Clostridia	o__Eubacteriales	f__Anaerofustaceae	g__Anaerofustis	NA
4ebdcaa777667a819d5ae7a040f5f11d	1.1395063707465674	0.0017551679825989132	0.4690955720216379	0.003741599979370415	0.997014642109383	NA	d__Bacteria	p__Patescibacteria	c__Saccharimonadia	o__Saccharimonadales	f__Incertae_Sedis	g__Incertae_Sedis	NA
f5b0e6f68e9a3ab6bf02184b1afaeb87	1.1541071356485686	0.0017551713345194248	0.4697084373415624	0.003736725157532352	0.9970185316272738	NA	d__Bacteria	p__Bacillota	c__Clostridia	o__Peptococcales	f__Peptococcaceae	g__Incertae_Sedis	NA
16abb37658f0d89cf9462696b61b312c	1.1111860365434785	0.001755167010439732	0.4681336779763376	0.003749285926248718	0.9970085096540479	NA	d__Bacteria	p__Bacillota	c__Clostridia	o__Peptococcales	f__Peptococcaceae	g__Incertae_Sedis	NA
acf09e78b337fd51b09606fabf09493e	1.038745095909413	0.1172346253640524	0.48059247486034684	0.2439377050132112	0.8072790667035393	NA	d__Bacteria	p__Bacillota	c__Clostridia	o__Peptococcales	f__Peptococcaceae	g__Incertae_Sedis	NA
11401ee29264e6f60b65371a2601cd07	1.5287449188367879	0.9031839093978141	0.5503407316218396	1.6411358591179595	0.10076921651640146	0.3231312135020625	d__Bacteria	p__Bacillota	c__Clostridia	o__Peptococcales	f__Peptococcaceae	g__Incertae_Sedis	NA
821d785df00a89f3baa17682275dc4b9	1.1397706560537104	0.21326076234902147	0.4610826815397974	0.4625217360947752	0.6437072186392763	NA	d__Bacteria	p__Bacillota	c__Clostridia	o__Peptococcales	f__Peptococcaceae	g__Incertae_Sedis	NA
27335f508429bf2100f5dded19cea135	31.128670309590152	1.0362517478972	0.8208512479664116	1.262411125602141	0.20680088791403617	0.4927933856840425	d__Bacteria	p__Bacillota	c__Clostridia	o__Peptococcales	f__Peptococcaceae	g__Peptococcus	NA
621492842a9298d79db8d956f546cd46	1.0531791811445184	0.0017551796490457537	0.466766271650045	0.0037602966530574183	0.9969997244270533	NA	d__Bacteria	p__Bacillota	c__Clostridia	o__Peptococcales	f__Peptococcaceae	g__Peptococcus	NA
a4eac9fcad4c5f9555c01a06d10b6fc6	1.1828569938509732	0.30840168768779586	0.46006580500270733	0.6703425560740839	0.5026394445667401	0.7061368533742548	d__Bacteria	p__Bacillota	c__Clostridia	o__Peptococcales	f__Peptococcaceae	g__Peptococcus	NA
a295f1a36f5c6b35c15d0d0dee118b08	1.2109017738852237	0.3684289617517424	0.46048552382349495	0.8000880433604293	0.42365978812769706	0.6642795753471423	d__Bacteria	p__Bacillota	c__Clostridia	o__Peptococcales	f__Peptococcaceae	g__Peptococcus	NA
886c310521057db30453f2097b621418	1.154056761867121	0.24567269698863323	0.46056225400581435	0.5334190868918488	0.5937435078594075	NA	d__Bacteria	p__Bacillota	c__Clostridia	o__Peptococcales	f__Peptococcaceae	g__Peptococcus	NA
a78f5a615f91a760ffc238c7c4ce3056	3.4877523734192715	2.445709586744853	0.6719563087876219	3.6396854300803096	2.729713075192795e-4	0.005122477192666479	d__Bacteria	p__Bacillota	c__Clostridia	o__Peptococcales	f__Peptococcaceae	g__Peptococcus	NA
d03ef7025d83fe8e206aa4208c5bea2c	1.1533924071768649	0.2456270893121927	0.4605393756450858	0.5333465547177989	0.59379370661683	NA	d__Bacteria	p__Bacillota	c__Clostridia	o__Peptococcales	f__Peptococcaceae	g__Peptococcus	NA
3723ea6e099f53017ca85c153c80969f	1.5698770324885096	0.9616251947865111	0.5280494050148381	1.8210894390828631	0.06859326237775779	0.2520042269418876	d__Bacteria	p__Bacillota	c__Incertae_Sedis	o__Incertae_Sedis	f__Incertae_Sedis	g__Incertae_Sedis	NA
dfbcf643d39da3d96679e19c7ab6b3a1	3.414862214346759	1.7419015557018103	0.7012530734087007	2.4839842016444242	0.012992157178369523	0.08434367984444215	d__Bacteria	p__Bacillota	c__Clostridia	o__Oscillospirales	f__Oscillospiraceae	g__Fastidiosipila	NA
47dd8e993c6e41bfd89085fc987e18da	1.0531791811445184	0.0017551796490457537	0.466766271650045	0.0037602966530574183	0.9969997244270533	NA	d__Bacteria	p__Bacillota	c__Clostridia	o__Oscillospirales	f__Oscillospiraceae	g__Fastidiosipila	NA
8e22ba1c20e8aef2d81a1d6b45e10de8	1.4275183177615316	0.7534139555884388	0.5070506563129489	1.4858751215646506	0.13731215522456552	0.3920147236724744	d__Bacteria	p__Bacillota	c__Clostridia	o__Oscillospirales	f__Oscillospiraceae	g__Mageeibacillus	NA
b7da565550a8cdc7e3b6cf032e7882bf	1.0531791811445184	0.0017551796490457537	0.466766271650045	0.0037602966530574183	0.9969997244270533	NA	d__Bacteria	p__Acidobacteriota	c__Holophagae	o__Holophagales	f__Holophagaceae	g__Geothrix	NA
ac0821f073278ac326242b0ea49d4ea7	1.283360656781034	-0.8212430163316415	0.3966299528193525	-2.070552187231512	0.03840066427653065	0.16589639495004788	d__Bacteria	p__Bacillota	c__Clostridia	o__Oscillospirales	f__Oscillospiraceae	g__Fastidiosipila	NA
9f3a6dbe84e2191c461ea8459f61a3b9	1.1541396735632008	-0.6197501648681104	0.4056703953491237	-1.527718492582501	0.1265824466850492	NA	d__Bacteria	p__Bacillota	c__Clostridia	o__Oscillospirales	f__Oscillospiraceae	g__Fastidiosipila	NA
0231f20221e42ee58dbe12f6e5aad34c	1.0531791811445184	0.0017551796490457537	0.466766271650045	0.0037602966530574183	0.9969997244270533	NA	d__Bacteria	p__Bacillota	c__Clostridia	o__Clostridia_vadinBB60_group	f__Incertae_Sedis	g__Incertae_Sedis	NA
f104663b133a5b624aac139870172e59	1.5135908590221123	0.001756282602549263	0.560727676901932	0.003132148946620351	0.9975009107995169	0.998890072806692	d__Bacteria	p__Bacillota	c__Clostridia	o__Oscillospirales	f__Oscillospiraceae	g__Fastidiosipila	NA
57bdfe55b7ec734c1328d67ac14d1fcf	1.1395063707465674	0.0017551679825989132	0.4690955720216379	0.003741599979370415	0.997014642109383	NA	d__Bacteria	p__Bacillota	c__Clostridia	o__Oscillospirales	f__Oscillospiraceae	g__Fastidiosipila	NA
efd90b9656ce4a8030584e0beea0390c	1.240360406035111	-0.4716398582369513	0.4132579995135322	-1.1412721805558355	0.2537566751755936	0.534513724851049	d__Bacteria	p__Bacillota	c__Clostridia	o__Oscillospirales	f__Oscillospiraceae	g__Fastidiosipila	NA
304565505f7e8a2abfe0959351b86574	1.0961277065869528	0.1113639082313152	0.46341556789446536	0.24031110723642402	0.8100890849441935	NA	d__Bacteria	p__Bacillota	c__Clostridia	o__Oscillospirales	f__Oscillospiraceae	g__Fastidiosipila	NA
496d9baadb2e81714fb04a5253200b00	1.0387386692036873	-0.03671938309544484	0.4680891319336553	-0.07844528016226035	0.9374738561161168	NA	d__Bacteria	p__Bacillota	c__Clostridia	o__Oscillospirales	f__Oscillospiraceae	g__Fastidiosipila	NA
6fa81995625aa288080691902b74d732	1.2112571641337717	0.3684681582317007	0.4605072067785104	0.8001354871497643	0.4236323024555313	0.6642795753471423	d__Bacteria	p__Bacillota	c__Clostridia	o__Clostridia_vadinBB60_group	f__Incertae_Sedis	g__Incertae_Sedis	NA
787ab1672520289680427986b59e3417	1.411639619191575	0.7296982707456648	0.5271175327861931	1.3843179658409153	0.16626111526838624	0.42849699450071216	d__Bacteria	p__Bacillota	c__Clostridia	o__Clostridia_vadinBB60_group	f__Incertae_Sedis	g__Incertae_Sedis	NA
35ba68ca1928f943c985a13652a96dfa	1.6279414401631012	-0.0645711678196955	0.47842410593048945	-0.13496637610705403	0.8926384590171011	0.998890072806692	d__Bacteria	p__Bacillota	c__Clostridia	o__Clostridia_vadinBB60_group	f__Incertae_Sedis	g__Incertae_Sedis	NA
591d280ab767b490aae6fdc420ee4698	1.2256278898600672	0.3975367962958517	0.4704023613581548	0.845099491312237	0.39805529232502684	0.6568594364791762	d__Bacteria	p__Bacillota	c__Clostridia	o__Clostridia_vadinBB60_group	f__Incertae_Sedis	g__Incertae_Sedis	NA
9e18b43f389956ba5ac3ddf810f39cb6	1.0531791811445184	0.0017551796490457537	0.466766271650045	0.0037602966530574183	0.9969997244270533	NA	d__Bacteria	p__Bacillota	c__Clostridia	o__Clostridia_vadinBB60_group	f__Incertae_Sedis	g__Incertae_Sedis	NA
8ba6fc7732bb1d70eb0b2a19416e4fbc	1.1542025685385755	0.24568267501595725	0.46056728478454717	0.5334349249988247	0.5937325467299143	NA	d__Bacteria	p__Bacillota	c__Clostridia	o__Clostridia_vadinBB60_group	f__Incertae_Sedis	g__Incertae_Sedis	NA
b2088770a003be218487d86b1d646231	1.1968864384074758	0.3387348548368245	0.4601314482831441	0.7361697534491977	0.4616273969745848	0.6870696622644521	d__Bacteria	p__Bacillota	c__Clostridia	o__Clostridia_vadinBB60_group	f__Incertae_Sedis	g__Incertae_Sedis	NA
3704e8efdf08f0e95a1dbc4611310d30	1.2974482239172123	0.07575415079120171	0.47643967373567303	0.15900050933464	0.8736684725456813	0.998890072806692	d__Bacteria	p__Bacillota	c__Clostridia	o__Clostridia_vadinBB60_group	f__Incertae_Sedis	g__Incertae_Sedis	NA
70ddad189efe9ddcc2c47c9920ece35a	1.167708582324343	0.27732132954604644	0.46018516322795155	0.6026298796788371	0.5467549383700094	0.7336901463490294	d__Bacteria	p__Bacillota	c__Clostridia	o__Clostridia_vadinBB60_group	f__Incertae_Sedis	g__Incertae_Sedis	NA
4876553b9fed8291dbf1c63b0ac0886a	1.3405939127988609	-1.0944001216382209	0.3832204187642066	-2.8557980422008757	0.0042928810310749015	0.036565603676035154	d__Bacteria	p__Bacillota	c__Clostridia	o__Clostridia_vadinBB60_group	f__Incertae_Sedis	g__Incertae_Sedis	NA
fbb2ccdf9eee6835b98ab9fad97f117a	1.3406036299595472	-0.8405195086746783	0.4032929232817431	-2.0841414767089423	0.03714730023322062	0.16106103819529952	d__Bacteria	p__Bacillota	c__Clostridia	o__Clostridia_vadinBB60_group	f__Incertae_Sedis	g__Incertae_Sedis	NA
982629840b81e393c6557db91ae1fbf2	1.9412116418579413	1.2092111708371545	0.5874168736658403	2.0585230439346045	0.03953995152550823	0.17020602789295838	d__Bacteria	p__Bacillota	c__Clostridia	o__Clostridia_vadinBB60_group	f__Incertae_Sedis	g__Incertae_Sedis	NA
6f367ff90d4b2f61c62dd529f04ed066	1.2684588103189203	0.0017556165490473557	0.49921916765817903	0.0035167250433970638	0.9971940651669513	0.998890072806692	d__Bacteria	p__Bacillota	c__Clostridia	o__Clostridia_vadinBB60_group	f__Incertae_Sedis	g__Incertae_Sedis	NA
e5d5579394f57557a5a7d9c83314c541	1.2256278898600672	0.3975367962958517	0.4704023613581548	0.845099491312237	0.39805529232502684	0.6568594364791762	d__Bacteria	p__Bacillota	c__Clostridia	o__Clostridia_vadinBB60_group	f__Incertae_Sedis	g__Incertae_Sedis	NA
6ea7ac3c41a98c51511fa7bc7c2a6419	1.470427264221088	0.8191503591207724	0.5359276896075116	1.528471797605158	0.12639544053298704	0.3743950632040652	d__Bacteria	p__Bacillota	c__Clostridia	o__Clostridia_vadinBB60_group	f__Incertae_Sedis	g__Incertae_Sedis	NA
73c80ed30771e7bcfbc9af53fe9dabc0	1.4553266751970293	-0.6011001107956406	0.4361464198707803	-1.3782071419358026	0.16813934283422305	0.43148579218782457	d__Bacteria	p__Bacillota	c__Clostridia	o__Clostridia_vadinBB60_group	f__Incertae_Sedis	g__Incertae_Sedis	NA
a8ac01afffd265cc3a0552d5bc56e029	1.0531791811445184	0.0017551796490457537	0.466766271650045	0.0037602966530574183	0.9969997244270533	NA	d__Bacteria	p__Bacillota	c__Clostridia	o__Clostridia_vadinBB60_group	f__Incertae_Sedis	g__Incertae_Sedis	NA
2d6f13426a55dd91c947edf4853bb3e9	1.0531791811445184	0.0017551796490457537	0.466766271650045	0.0037602966530574183	0.9969997244270533	NA	d__Bacteria	p__Bacillota	c__Clostridia	o__Clostridia_vadinBB60_group	f__Incertae_Sedis	g__Incertae_Sedis	NA
ca164e68ce5db67ae0182d9c3bafc5fa	1.2829139536921412	-1.1553053263876922	0.38185991195824276	-3.02546900108757	0.002482478505029314	0.024044005520485533	d__Bacteria	p__Bacillota	c__Clostridia	o__Christensenellales	f__Christensenellaceae	g__Christensenellaceae_R-7_group	NA
5b846d1ab66d3631a31c9678f4e4b8d5	1.0531791811445184	0.0017551796490457537	0.466766271650045	0.0037602966530574183	0.9969997244270533	NA	d__Bacteria	p__Bacillota	c__Clostridia	o__Christensenellales	f__Christensenellaceae	g__Christensenellaceae_R-7_group	NA
08c53fdf2c7b879ac5e38d5730b65fd9	1.669562315364013	0.6346415581284715	0.558791241837913	1.1357399876939378	0.25606539977231857	0.534513724851049	d__Bacteria	p__Bacillota	c__Clostridia	o__Christensenellales	f__Christensenellaceae	g__Christensenellaceae_R-7_group	NA
e9f7d02e967c2cafc57e9734d62b40f9	1.4848767301575767	0.84060083056755	0.5235069956044927	1.6057107882520454	0.10833746980666265	0.33708109128964203	d__Bacteria	p__Bacillota	c__Clostridia	o__Christensenellales	f__Christensenellaceae	g__Christensenellaceae_R-7_group	NA
a59281c2e5b485694bad1587ee5e4e6a	1.1395063707465674	0.21324440964412975	0.4610745407538117	0.4624944359224346	0.6437267915165934	NA	d__Bacteria	p__Bacillota	c__Clostridia	o__Christensenellales	f__Christensenellaceae	g__Christensenellaceae_R-7_group	NA
43119e5f1eb41e9ee1776d7a6504126f	1.0531791811445184	0.0017551796490457537	0.466766271650045	0.0037602966530574183	0.9969997244270533	NA	d__Bacteria	p__Bacillota	c__Clostridia	o__Christensenellales	f__Christensenellaceae	g__Christensenellaceae_R-7_group	NA
98733e7d335f309921890faeea796c8c	10.03050613674059	1.6135160812014113	0.8154311848019136	1.9787274650200806	0.04784669896266417	0.19612247595276336	d__Bacteria	p__Bacillota	c__Clostridia	o__Christensenellales	f__Christensenellaceae	g__Christensenellaceae_R-7_group	NA
088e71a0b399b4a88aaea45af78dbe72	1.0531791811445184	0.0017551796490457537	0.466766271650045	0.0037602966530574183	0.9969997244270533	NA	d__Bacteria	p__Bacillota	c__Clostridia	o__Christensenellales	f__Christensenellaceae	g__Christensenellaceae_R-7_group	NA
b621d4b3cca1ec89ceca12efca8a94fb	30.32088016745303	0.512821935364793	0.8322798167388529	0.6161652908683989	0.5377854338019081	0.7336901463490294	d__Bacteria	p__Bacillota	c__Clostridia	o__Christensenellales	f__Christensenellaceae	g__Christensenellaceae_R-7_group	NA
77dfd5e696dade82fcb74c36f15e5a7f	1.2121155168160818	-0.8828969863948085	0.38831779274086653	-2.273645459722692	0.022987311857070893	0.11764833233393761	d__Bacteria	p__Bacillota	c__Clostridia	o__Christensenellales	f__Christensenellaceae	g__Christensenellaceae_R-7_group	NA
94928715987dcb9638dd5c0e8f9b20f4	4.34216956511159	2.759844616892553	0.706951926404279	3.9038646247556903	9.466874743082716e-5	0.002105503067859693	d__Bacteria	p__Bacillota	c__Clostridia	o__Christensenellales	f__Christensenellaceae	g__Christensenellaceae_R-7_group	NA
f9e4ec270767279a3abdbcbb013a0399	1.0531791811445184	0.0017551796490457537	0.466766271650045	0.0037602966530574183	0.9969997244270533	NA	d__Bacteria	p__Bacillota	c__Clostridia	o__Christensenellales	f__Christensenellaceae	g__Christensenellaceae_R-7_group	NA
914cceeab4eb1f150d34967b4804f7d2	1.0531791811445184	0.0017551796490457537	0.466766271650045	0.0037602966530574183	0.9969997244270533	NA	d__Bacteria	p__Bacillota	c__Clostridia	o__Christensenellales	f__Christensenellaceae	g__Christensenellaceae_R-7_group	NA
7f68cdb24a46c3c6121ad93e2bfcbe57	2.6279584473671003	1.9563428274708188	0.6681543648035668	2.9279803149171544	0.003411716448356379	0.0312784080494352	d__Bacteria	p__Bacillota	c__Clostridia	o__Christensenellales	f__Christensenellaceae	g__Christensenellaceae_R-7_group	NA
7c104699e795bbf45f90fceac906e6b4	1.0531791811445184	0.0017551796490457537	0.466766271650045	0.0037602966530574183	0.9969997244270533	NA	d__Bacteria	p__Bacillota	c__Clostridia	o__Christensenellales	f__Christensenellaceae	g__Christensenellaceae_R-7_group	NA
ec3fb46d480986fb53bc5007d802776a	1.1826699655475919	0.3083856746205165	0.4600574007221026	0.6703199951494677	0.5026538233832583	0.7061368533742548	d__Bacteria	p__Bacillota	c__Clostridia	o__Christensenellales	f__Christensenellaceae	g__Christensenellaceae_R-7_group	NA
39f302cd1e558fa137dcd120a4b3a1a1	1.0531791811445184	0.0017551796490457537	0.466766271650045	0.0037602966530574183	0.9969997244270533	NA	d__Bacteria	p__Bacillota	c__Clostridia	o__Christensenellales	f__Christensenellaceae	g__Christensenellaceae_R-7_group	NA
2ec15f85a70bac9db588d177c5c10e4c	2.0473053565951305	0.0017563979312787688	0.5945973264515868	0.002953928403547536	0.9976431095606766	0.998890072806692	d__Bacteria	p__Bacillota	c__Clostridia	o__Christensenellales	f__Christensenellaceae	g__Christensenellaceae_R-7_group	NA
fec259b8c538eb738b2f1fcd7bdde7c4	1.168562601051584	-0.6901440335777561	0.40034546215581873	-1.7238712532456397	0.08473108790489407	0.2804913925732454	d__Bacteria	p__Bacillota	c__Clostridia	o__Christensenellales	f__Christensenellaceae	g__Christensenellaceae_R-7_group	NA
c66ec67719e54d2cb0afc3154b3c23af	1.813960471211839	0.22624371052947326	0.5473235374739455	0.41336375112543605	0.6793401284798497	0.853438801573535	d__Bacteria	p__Bacillota	c__Clostridia	o__Christensenellales	f__Christensenellaceae	g__Christensenellaceae_R-7_group	NA
4bd994177ca1ba1f35094e6772a672eb	1.0531791811445184	0.0017551796490457537	0.466766271650045	0.0037602966530574183	0.9969997244270533	NA	d__Bacteria	p__Bacillota	c__Clostridia	o__Christensenellales	f__Christensenellaceae	g__Christensenellaceae_R-7_group	NA
d2d6552fd2bead3dc0a0e8074d0c1bea	1.2406772384935	-0.9983087678996794	0.3836533233728783	-2.602111612439777	0.009265169338016816	0.062545391376694	d__Bacteria	p__Bacillota	c__Clostridia	o__Christensenellales	f__Christensenellaceae	g__Christensenellaceae_R-7_group	NA
35ea9460c84f1e75f939a7fa94bdb441	2.9135987979641347	0.21297890000690647	0.6345984036398256	0.33561209543758225	0.7371634017095228	0.9146004601788604	d__Bacteria	p__Bacillota	c__Clostridia	o__Christensenellales	f__Christensenellaceae	g__Christensenellaceae_R-7_group	NA
53b2e8677ee8134bbcb5396218d5b4dc	2.2044990126905546	0.0017565986322841194	0.6310973399009573	0.0027834036387473847	0.9977791680777498	0.998890072806692	d__Bacteria	p__Bacillota	c__Clostridia	o__Christensenellales	f__Christensenellaceae	g__Christensenellaceae_R-7_group	NA
333dee9a5c3360c82d92e4d5cafb2b6e	1.1540397021384277	0.24567152879985493	0.4605616656194482	0.5334172319127571	0.5937447916467951	NA	d__Bacteria	p__Bacillota	c__Clostridia	o__Christensenellales	f__Christensenellaceae	g__Christensenellaceae_R-7_group	NA
adb33442e0d50f08eac8ecd41cafd4ab	1.0531791811445184	0.0017551796490457537	0.466766271650045	0.0037602966530574183	0.9969997244270533	NA	d__Bacteria	p__Bacillota	c__Clostridia	o__Christensenellales	f__Christensenellaceae	g__Christensenellaceae_R-7_group	NA
5d81ab62df71143d6feca29e59419248	1.2536056332092114	0.45400176660082536	0.46393267844678054	0.9785940669685023	0.32778059197502196	0.5984176048663825	d__Bacteria	p__Bacillota	c__Clostridia	o__Christensenellales	f__Christensenellaceae	g__Christensenellaceae_R-7_group	NA
7056e30597f229b4acf906de9a4c432d	1.1828569938509732	0.30840168768779586	0.46006580500270733	0.6703425560740839	0.5026394445667401	0.7061368533742548	d__Bacteria	p__Bacillota	c__Clostridia	o__Christensenellales	f__Christensenellaceae	g__Christensenellaceae_R-7_group	NA
143370e10dab7fdbcbdeda0f8b19658a	1.5280473530950294	-1.8206474811426248	0.3966406954490386	-4.590168134617306	4.42889106916406e-6	1.4375941010989285e-4	d__Bacteria	p__Bacillota	c__Clostridia	o__Christensenellales	f__Christensenellaceae	g__Christensenellaceae_R-7_group	NA
45aea834beb1b1b53d8db337520b771e	1.5983304639471398	0.9998385265091699	0.5304928799157774	1.8847350536880103	0.059465617243754466	0.22762831297254216	d__Bacteria	p__Bacillota	c__Clostridia	o__Christensenellales	f__Christensenellaceae	g__Christensenellaceae_R-7_group	NA
4bdbaae586dedec92168f93266de0979	1.0531791811445184	0.0017551796490457537	0.466766271650045	0.0037602966530574183	0.9969997244270533	NA	d__Bacteria	p__Bacillota	c__Clostridia	o__Christensenellales	f__Christensenellaceae	g__Christensenellaceae_R-7_group	NA
2b7ca3f17ad95fffabe88f1bb4fcd736	1.3538188592415574	0.6351263730517509	0.5152952787945395	1.2325484031942604	0.21774429729291303	0.5076515736640196	d__Bacteria	p__Bacillota	c__Clostridia	o__Christensenellales	f__Christensenellaceae	g__Christensenellaceae_R-7_group	NA
32946a13151283c45561a1d0ca4223a0	2.1603159042541624	-1.336493697675297	0.49717790584165433	-2.6881598759156353	0.007184698811426545	0.053264341188415304	d__Bacteria	p__Bacillota	c__Clostridia	o__Christensenellales	f__Christensenellaceae	g__Christensenellaceae_R-7_group	NA
ae718fc0d3c7bb18fbba060616d5e2cc	1.22540288448404	0.0017552333144847186	0.475099271258718	0.003694455918306169	0.9970522573678436	0.998890072806692	d__Bacteria	p__Bacillota	c__Clostridia	o__Christensenellales	f__Christensenellaceae	g__Christensenellaceae_R-7_group	NA
b7bd3c9381627856472384813fe3b213	1.9418886593669045	1.1427005776951815	0.5892711556310348	1.9391761615609606	0.05247989128540044	0.21293361295191193	d__Bacteria	p__Bacillota	c__Clostridia	o__Christensenellales	f__Christensenellaceae	g__Christensenellaceae_R-7_group	NA
355cd350f78139a0d706e9bc4cdc831f	1.1394035355022927	0.2132380337462061	0.46107137591255737	0.46248378209157553	0.6437344298549881	NA	d__Bacteria	p__Bacillota	c__Clostridia	o__Christensenellales	f__Christensenellaceae	g__Christensenellaceae_R-7_group	NA
b1162bcb5e03ffb9e3911aec18b6f761	1.2402214252822912	0.308373754536345	0.46327820861559066	0.6656340591927581	0.50564503090501	0.7094388809777067	d__Bacteria	p__Bacillota	c__Clostridia	o__Christensenellales	f__Christensenellaceae	g__Christensenellaceae_R-7_group	NA
3971f12074ab43063f75c7cf8030f49d	1.3700862662921267	-1.1076496479805926	0.40721125124356933	-2.7200860599946024	0.006526492807740959	0.04960960672213222	d__Bacteria	p__Bacillota	c__Clostridia	o__Christensenellales	f__Christensenellaceae	g__Christensenellaceae_R-7_group	NA
f9e98849a5f849f9d9a8dfb3ec13c2aa	1.2112571641337717	0.3684681582317007	0.4605072067785104	0.8001354871497643	0.4236323024555313	0.6642795753471423	d__Bacteria	p__Bacillota	c__Clostridia	o__Christensenellales	f__Christensenellaceae	g__Incertae_Sedis	NA
9e0326554068ca2dfdaf5f8ab043fea8	1.8571016884503682	-0.2237633226687992	0.4954148845563642	-0.4516685502277057	0.6515077780080285	0.8280008903572934	d__Bacteria	p__Bacillota	c__Clostridia	o__Christensenellales	f__Christensenellaceae	g__Incertae_Sedis	NA
301bd335294fbc78395b5ae14ca4382d	1.1827185762401857	0.30838983750009946	0.46005958435993	0.6703258620927438	0.5026500841671429	0.7061368533742548	d__Bacteria	p__Bacillota	c__Clostridia	o__Christensenellales	f__Christensenellaceae	g__Incertae_Sedis	NA
c3f21101b8845fd1c974cb14578fb119	1.8017811157336352	-1.0061842938364312	0.42662443633271335	-2.3584778745578796	0.01835005363582769	0.10375204155065833	d__Bacteria	p__Bacillota	c__Clostridia	o__Christensenellales	f__Christensenellaceae	g__Incertae_Sedis	NA
51f5ecce966bb67afae2da7419008535	1.0387324637811943	0.0017551853978961742	0.46650489712377025	0.003762415804673748	0.9969980336006574	NA	d__Bacteria	p__Bacillota	c__Clostridia	o__Christensenellales	f__Christensenellaceae	g__Incertae_Sedis	NA
74a750b1f79b91c619bec39d4337123d	1.1682821006139168	0.2773651833993632	0.4602075549836724	0.6026958497219886	0.5467110430314917	0.7336901463490294	d__Bacteria	p__Bacillota	c__Clostridia	o__Christensenellales	f__Christensenellaceae	g__Incertae_Sedis	NA
6e129c93672f058c66c7090dbf93dbdf	1.456045885346691	0.39774946035778785	0.5303256920227305	0.7500097889670783	0.4532488091265597	0.6870696622644521	d__Bacteria	p__Bacillota	c__Clostridia	o__Christensenellales	f__Christensenellaceae	g__Incertae_Sedis	NA
839a9ecc3aa835396a25f5bb0be485ef	1.0531791811445184	0.0017551796490457537	0.466766271650045	0.0037602966530574183	0.9969997244270533	NA	d__Bacteria	p__Bacillota	c__Clostridia	o__Christensenellales	f__Christensenellaceae	g__Incertae_Sedis	NA
2dbaf07cdc2dece27cda9675d3850efe	1.2112571641337717	0.3684681582317007	0.4605072067785104	0.8001354871497643	0.4236323024555313	0.6642795753471423	d__Bacteria	p__Bacillota	c__Clostridia	o__Christensenellales	f__Christensenellaceae	g__Incertae_Sedis	NA
d23bbe506e4ded19e9dd017b65275bab	1.2986678841386465	0.5352428542324275	0.47179549539168025	1.1344806371838583	0.25659299129582147	0.534513724851049	d__Bacteria	p__Bacillota	c__Clostridia	o__Christensenellales	f__Christensenellaceae	g__Incertae_Sedis	NA
d8537902e4dcfa178669c3174fe5a107	1.167708582324343	0.27732132954604644	0.46018516322795155	0.6026298796788371	0.5467549383700094	0.7336901463490294	d__Bacteria	p__Bacillota	c__Clostridia	o__Christensenellales	f__Christensenellaceae	g__Incertae_Sedis	NA
003e253932cf83d92de80661474011ca	1.3263724947574789	-0.3231558332549752	0.40320832250578875	-0.8014612179795365	0.4228646870939992	0.6642795753471423	d__Bacteria	p__Bacillota	c__Clostridia	o__Christensenellales	f__Christensenellaceae	g__Christensenella	NA
5e581b06024ab980e25ee550e0b97247	1.326727656628101	0.14607365125502245	0.47683024510289557	0.3063430911843713	0.7593434332412667	0.9343969911093866	d__Bacteria	p__Bacillota	c__Clostridia	o__Christensenellales	f__Christensenellaceae	g__Christensenella	NA
a7e28b3f4879359a929a0da8c8557757	1.4546235591883812	-0.6000230415205636	0.4172706621128472	-1.4379708328458822	0.15044233006983485	0.41056097317007706	d__Bacteria	p__Bacillota	c__Clostridia	o__Clostridia_vadinBB60_group	f__Incertae_Sedis	g__Incertae_Sedis	NA
c25c731bb559a287c1b02eed7d618c72	1.1396310562821548	0.2132521305370906	0.4610783801564534	0.4625073300221315	0.6437175470521589	NA	d__Bacteria	p__Bacillota	c__Clostridia	o__Clostridia_vadinBB60_group	f__Incertae_Sedis	g__Incertae_Sedis	NA
4cdc5b820b31c7b2c0720f917d9cd3f7	1.311653624435343	-0.44126893199208983	0.40895518069894	-1.079015385592922	0.28058086899789025	0.5640396191308289	d__Bacteria	p__Bacillota	c__Clostridia	o__Christensenellales	f__Christensenellaceae	g__Christensenellaceae_R-7_group	NA
8f8ff8009eb606b59b707de95a57cd2a	1.527223397374021	0.26063953748186347	0.47001962773247946	0.5545290496468616	0.5792168304855526	0.7695126254570229	d__Bacteria	p__Bacillota	c__Clostridia	o__Christensenellales	f__Christensenellaceae	g__Christensenellaceae_R-7_group	NA
77a2b14a88861f23bf02740d28c0b2c4	1.1966989339274532	0.001755196431343038	0.47229500150338505	0.0037163137991212854	0.9970348174219343	0.998890072806692	d__Bacteria	p__Bacillota	c__Clostridia	o__Peptococcales	f__Peptococcaceae	g__Incertae_Sedis	NA
b6ed1fda48450bc73938e1aad922a581	1.4690322743864495	0.4254761401474611	0.5172862856129633	0.8225157944082919	0.4107834012395016	0.6642795753471423	d__Bacteria	p__Bacillota	c__Clostridia	o__Peptococcales	f__Peptococcaceae	g__Incertae_Sedis	NA
1c6f08b1cce4b4cf896a955ae9a58959	1.2543693413126589	0.4541313545208809	0.4640060662404395	0.9787185719368554	0.3277190530333044	0.5984176048663825	d__Bacteria	p__Bacillota	c__Clostridia	o__Peptococcales	f__Peptococcaceae	g__Incertae_Sedis	NA
26736c7ee02864e6bbab37424d69a4ed	3.423483019919308	0.7908498318267143	0.6838512554022098	1.1564646925471722	0.24749113343324086	0.5270156937115643	d__Bacteria	p__Bacillota	c__Clostridia	o__Christensenellales	f__Christensenellaceae	g__Christensenellaceae_R-7_group	NA
0b4aeb45916a24fd10e3655fe6481966	1.239289458061733	0.4258576227361183	0.47597428305868517	0.89470720980867	0.3709436235738711	0.6383107216596605	d__Bacteria	p__Bacillota	c__Clostridia	o__Christensenellales	f__Christensenellaceae	g__Christensenellaceae_R-7_group	NA
90af3675c266d09bb7986147ac5885ec	5.491575398517704	-3.288294346797192	0.6696077841649162	-4.910776762994328	9.071631775248426e-7	3.6316765873577864e-5	d__Bacteria	p__Bacillota	c__Clostridia	o__Christensenellales	f__Christensenellaceae	g__Incertae_Sedis	NA
84aaf0e8aaafa4138e3a8dd837359272	1.0531791811445184	0.0017551796490457537	0.466766271650045	0.0037602966530574183	0.9969997244270533	NA	d__Bacteria	p__Bacillota	c__Clostridia	o__Christensenellales	f__Christensenellaceae	g__Incertae_Sedis	NA
76fd82a7ab8e38456debb345f1c5e0ce	1.0531791811445184	0.0017551796490457537	0.466766271650045	0.0037602966530574183	0.9969997244270533	NA	d__Bacteria	p__Bacillota	c__Clostridia	o__Christensenellales	f__Christensenellaceae	g__Incertae_Sedis	NA
d1b9cd324ba837bb9f2e780dc1116882	1.0531791811445184	0.0017551796490457537	0.466766271650045	0.0037602966530574183	0.9969997244270533	NA	d__Bacteria	p__Bacillota	c__Clostridia	o__Christensenellales	f__Christensenellaceae	g__Incertae_Sedis	NA
9683ad489dfae3d20fb1af327c5d694e	1.2965541586516454	0.5346973267935872	0.47151783685482757	1.1339917284151682	0.25679801768447563	0.534513724851049	d__Bacteria	p__Bacillota	c__Clostridia	o__Oscillospirales	f__Oscillospiraceae	g__Ruminiclostridium	NA
eb2c67615eb41fa15a21c4d3a12528c6	1.8140874802064837	-0.183401422274179	0.5119764925581394	-0.3582223499321156	0.7201769227463994	0.8963030924543272	d__Bacteria	p__Bacillota	c__Clostridia	o__Oscillospirales	f__Oscillospiraceae	g__Ruminiclostridium	NA
04f97d9d8bc8c5cb78917285aa69db66	1.2549343425897237	0.4542273740097604	0.46406046616268304	0.9788107523266687	0.3276734959584836	0.5984176048663825	d__Bacteria	p__Bacillota	c__Clostridia	o__Oscillospirales	f__Oscillospiraceae	g__Ruminiclostridium	NA
75bf5a0b24ffb76d3ba75ad1d75b7d23	1.0531791811445184	0.0017551796490457537	0.466766271650045	0.0037602966530574183	0.9969997244270533	NA	d__Bacteria	p__Bacillota	c__Clostridia	o__Oscillospirales	f__Oscillospiraceae	g__Ruminiclostridium	NA
b566a93d1c03d8c54a5e167b00ae9cc5	1.038742922832062	-0.03671924186339007	0.468089205441176	-0.0784449661230321	0.9374741059134039	NA	d__Bacteria	p__Bacillota	c__Clostridia	o__Monoglobales	f__Monoglobaceae	g__Monoglobus	NA
f0015c3b64e80303ed3d858f0618bc43	3.0541069670354255	1.8609203593033836	0.687747077230174	2.7058208183130876	0.006813579891702918	0.051466097169403806	d__Bacteria	p__Bacillota	c__Clostridia	o__Monoglobales	f__Monoglobaceae	g__Monoglobus	NA
7bb805601c05eea7d625e549b1f02ae7	1.2404266249883105	-0.9982092518351083	0.3836249028464511	-2.6020449778638315	0.00926696976981235	0.062545391376694	d__Bacteria	p__Bacillota	c__Clostridia	o__Monoglobales	f__Monoglobaceae	g__Monoglobus	NA
5437b935fd51797a030ebe750c7d9093	1.0531791811445184	0.0017551796490457537	0.466766271650045	0.0037602966530574183	0.9969997244270533	NA	d__Bacteria	p__Bacillota	c__Clostridia	o__Monoglobales	f__Monoglobaceae	g__Monoglobus	NA
0c410683e68edf42337559941e5d3018	1.1968864384074758	0.3387348548368245	0.4601314482831441	0.7361697534491977	0.4616273969745848	0.6870696622644521	d__Bacteria	p__Bacillota	c__Clostridia	o__Monoglobales	f__Monoglobaceae	g__Monoglobus	NA
75c1eab5044adfefdb466e06f90d0775	1.38370587284932	0.6837589291761751	0.5232205622919132	1.3068273276207654	0.19127136180394894	0.47251936633983255	d__Bacteria	p__Bacillota	c__Clostridia	o__Incertae_Sedis	f__Incertae_Sedis	g__Incertae_Sedis	NA
41bc79030d183e5861667959389e58d8	1.1826699655475916	0.3083856746205167	0.46005740072210194	0.670319995149469	0.5026538233832575	0.7061368533742548	d__Bacteria	p__Bacillota	c__Clostridia	o__Monoglobales	f__Monoglobaceae	g__Monoglobus	NA
81d8bf5f800f7da13be5d9afa704b5f2	1.8869972811675728	0.9815847768351749	0.5731693197092712	1.7125563826986838	0.0867941834310124	0.28480823579411446	d__Bacteria	p__Bacillota	c__Clostridia	o__Oscillospirales	f__Ruminococcaceae	g__Incertae_Sedis	NA
7a80eb794179e899066579742bc71f18	1.370385558586429	-0.6044911396214221	0.41640209126709804	-1.4517005372907115	0.14658488986495202	0.4072578973290602	d__Bacteria	p__Bacillota	c__Clostridia	o__Oscillospirales	f__Ruminococcaceae	g__Incertae_Sedis	NA
8fb058cd7793ecee9379e212a686a522	1.1398472445033296	0.001755168188659466	0.4691066775103724	0.0037415118411326764	0.9970147124330299	NA	d__Bacteria	p__Bacillota	c__Clostridia	o__Oscillospirales	f__Ruminococcaceae	g__Ruminococcus	NA
d4454a4ebd63a8e375dadd2632588f59	4.675276346792239	0.3198906571943257	0.6294105263062821	0.5082384927236843	0.6112860990393267	0.7953645426975336	d__Bacteria	p__Bacillota	c__Clostridia	o__Oscillospirales	f__Ruminococcaceae	g__Ruminococcus	NA
41c54ddeccb5d2627a87232277c53792	1.1543062026877857	0.001755171467978424	0.46971567180710416	0.003736667889376303	0.9970185773203324	0.998890072806692	d__Bacteria	p__Bacillota	c__Clostridia	o__Oscillospirales	f__Ruminococcaceae	g__Ruminococcus	NA
cd1eb48c9d9038445e1f624891354a9a	1.1826699655475919	0.0017551850940219422	0.47127994278902174	0.0037242940652954695	0.9970284501348268	0.998890072806692	d__Bacteria	p__Bacillota	c__Clostridia	o__Oscillospirales	f__Ruminococcaceae	g__Ruminococcus	NA
8626bb49cf8e427a0238c25c571dc841	1.0531791811445184	0.0017551796490457537	0.466766271650045	0.0037602966530574183	0.9969997244270533	NA	d__Bacteria	p__Bacillota	c__Clostridia	o__Oscillospirales	f__Ruminococcaceae	g__Ruminococcus	NA
4b86d0750adaa67a8d6abcbf640c4a69	1.2404266249883102	0.0017554619566332859	0.4886768501410207	0.003592275664637481	0.9971337848735249	0.998890072806692	d__Bacteria	p__Bacillota	c__Clostridia	o__Oscillospirales	f__Ruminococcaceae	g__Ruminococcus	NA
a6d3beca765c1e2453b658614facf89f	1.628892798918246	-1.2030709500068117	0.4869206477677768	-2.4707741508234062	0.01348209351350621	0.08613305578284064	d__Bacteria	p__Bacillota	c__Clostridia	o__Oscillospirales	f__Ruminococcaceae	g__Ruminococcus	NA
a62fa6e25e8805dafe5b628529c90023	2.5764555716258206	-0.7778440432888482	0.5310743897308378	-1.464661181803701	0.14301338070150896	0.4039576431433453	d__Bacteria	p__Bacillota	c__Clostridia	o__Oscillospirales	f__Ruminococcaceae	g__Ruminococcus	NA
45d4edd0897f2ac111575c3cf577c229	1.1976667590277577	0.338810338905201	0.4601721750783106	0.7362686343378831	0.4615672305011419	0.6870696622644521	d__Bacteria	p__Bacillota	c__Clostridia	o__Oscillospirales	f__Ruminococcaceae	g__Ruminococcus	NA
91587a85e342f8dba27f54e15ac0ea77	2.1489321661031	1.0229594610341248	0.5929688567481181	1.725148714629137	0.08450067532382524	0.2804913925732454	d__Bacteria	p__Bacillota	c__Clostridia	o__Lachnospirales	f__Lachnospiraceae	g__Tyzzerella	NA
0c0ac1c8923f1a5be22bf2e2d6ed5db5	1.1396010783031916	0.21325027518588052	0.46107745684374785	0.4625042322512588	0.6437197680034821	NA	d__Bacteria	p__Bacillota	c__Clostridia	o__Lachnospirales	f__Lachnospiraceae	g__Tyzzerella	NA
1d49df56b83a383d8b998af9d148f52c	1.1255191913314466	-0.03672128284036571	0.4702858215480968	-0.07808290439096338	0.9377621059905514	NA	d__Bacteria	p__Bacillota	c__Clostridia	o__Clostridiales	f__Clostridiaceae	g__Clostridium	NA
821130ba72e86c335c55c269f31db0d0	1.0386805954253813	0.0017551853792483858	0.46650392643832095	0.0037624235934066645	0.9969980273861917	NA	d__Bacteria	p__Bacillota	c__Clostridia	o__Clostridiales	f__Clostridiaceae	g__Clostridium	NA
454ff5fa8a3c6b293cea935aeb9cfb8e	3.2908254980903116	2.3478067858661906	0.679569297823373	3.454845287134219	5.506086794465888e-4	0.007967241253197026	d__Bacteria	p__Bacillota	c__Clostridia	o__Clostridiales	f__Clostridiaceae	g__Clostridium	NA
6a1f9223fe78243056d2ddb2ad7a01dc	1.0531791811445184	0.0017551796490457537	0.466766271650045	0.0037602966530574183	0.9969997244270533	NA	d__Bacteria	p__Bacillota	c__Clostridia	o__Clostridiales	f__Clostridiaceae	g__Clostridium	NA
e6de6480d9bff89bb2db6e6d1867433a	1.0531791811445184	0.0017551796490457537	0.466766271650045	0.0037602966530574183	0.9969997244270533	NA	d__Bacteria	p__Bacillota	c__Clostridia	o__Clostridiales	f__Clostridiaceae	g__Clostridium	NA
e0a1469cfaca31e7abb494be5eb651de	1.0531791811445184	0.0017551796490457537	0.466766271650045	0.0037602966530574183	0.9969997244270533	NA	d__Bacteria	p__Bacillota	c__Clostridia	o__Clostridiales	f__Clostridiaceae	g__Clostridium	NA
9580aa8a52ec18a4e92e701cdb595faa	2.5545500456399854	-3.1701886687171514	0.5085200893016637	-6.234146369852727	4.5424821247930245e-10	7.793601474109176e-8	d__Bacteria	p__Bacillota	c__Clostridia	o__Clostridiales	f__Clostridiaceae	g__Clostridium	NA
cad9a0184a1685d8a9ce0fd386af09d1	1.0531791811445184	0.0017551796490457537	0.466766271650045	0.0037602966530574183	0.9969997244270533	NA	d__Bacteria	p__Bacillota	c__Clostridia	o__Clostridiales	f__Clostridiaceae	g__Clostridium	NA
cb2884bdcf809b269d220f1191cc9c22	1.0531791811445184	0.0017551796490457537	0.466766271650045	0.0037602966530574183	0.9969997244270533	NA	d__Bacteria	p__Bacillota	c__Clostridia	o__Clostridiales	f__Clostridiaceae	g__Clostridium	NA
4ebcf74b2783b601ceaf1ca7a994420a	1.0531791811445184	0.0017551796490457537	0.466766271650045	0.0037602966530574183	0.9969997244270533	NA	d__Bacteria	p__Bacillota	c__Clostridia	o__Clostridiales	f__Clostridiaceae	g__Clostridium	NA
9acb555d3c5dd77e9035a661e7ad1bb6	3.0941996690516547	1.162527461084294	0.6606964304235742	1.7595485726160116	0.07848437772871361	0.2772345225064266	d__Bacteria	p__Bacillota	c__Clostridia	o__Clostridiales	f__Clostridiaceae	g__Clostridium	NA
dd918c333e5c4fef9c92068fddda1c3e	1.1254314254222975	0.0017551692470689877	0.4687127386541493	0.00374465872659817	0.9970122015992916	NA	d__Bacteria	p__Bacillota	c__Clostridia	o__Clostridiales	f__Clostridiaceae	g__Clostridium	NA
15f9f1362adc49cd842b7237b2e311a7	1.4555595014807985	0.7971579424156936	0.5363729367495205	1.4862009020189557	0.1372259890350354	0.3920147236724744	d__Bacteria	p__Bacillota	c__Clostridia	o__Clostridiales	f__Clostridiaceae	g__Clostridium	NA
40874d61006874f7c87d904707d320d9	3.8285681925427673	0.22275476357579838	0.655079537318482	0.34004231682709546	0.7338246604412596	0.9113996041261146	d__Bacteria	p__Bacillota	c__Clostridia	o__Clostridiales	f__Clostridiaceae	g__Clostridium	NA
971fe800f49e285bf9231540771af7ef	1.0531791811445184	0.0017551796490457537	0.466766271650045	0.0037602966530574183	0.9969997244270533	NA	d__Bacteria	p__Bacillota	c__Clostridia	o__Clostridiales	f__Clostridiaceae	g__Clostridium	NA
78500a9f64f33ec04e40892a3f534176	1.4275878769296255	-0.48837341293954006	0.4107708658640996	-1.188919306417205	0.234471422088657	0.5183124226277362	d__Bacteria	p__Bacillota	c__Clostridia	o__Lachnospirales	f__Lachnospiraceae	g__Lachnospiraceae_UCG-010	NA
94a78de372f84ee85becee23876e82c9	1.2970494800318157	-1.203983049192501	0.3824941304768206	-3.147716404671635	0.0016455125359752711	0.01796600505187546	d__Bacteria	p__Bacillota	c__Clostridia	o__Lachnospirales	f__Lachnospiraceae	g__Lachnospiraceae_UCG-010	NA
b5c5a71372eea1709c1bff19a2f24272	1.4582832381913151	0.7989624868039625	0.5363361607284379	1.4896673864369545	0.136311713972628	0.3920147236724744	d__Bacteria	p__Bacillota	c__Clostridia	o__Lachnospirales	f__Lachnospiraceae	g__Anaerotignum	NA
77b224861626fb57ceb1db2cd5d23f90	1.1399871933688324	0.0017551682733437084	0.4691112412850055	0.00374147562214858	0.9970147413313958	NA	d__Bacteria	p__Bacillota	c__Clostridia	o__Lachnospirales	f__Lachnospiraceae	g__Anaerotignum	NA
56bd657709951a35509cede761b83f67	1.1533924071768649	0.24562708931219268	0.4605393756450858	0.5333465547177989	0.59379370661683	NA	d__Bacteria	p__Bacillota	c__Clostridia	o__Lachnospirales	f__Lachnospiraceae	g__Lachnospiraceae_UCG-010	NA
f46deaf5851879b6a8d849043a70f8f5	1.0531791811445184	0.0017551796490457537	0.466766271650045	0.0037602966530574183	0.9969997244270533	NA	d__Bacteria	p__Bacillota	c__Clostridia	o__Lachnospirales	f__Lachnospiraceae	g__Lachnospiraceae_UCG-010	NA
30d449cb741107dea4fc03415f875c43	1.1536430080925726	0.001755171023793253	0.4696915932299468	0.0037368585026685253	0.9970184252339912	NA	d__Bacteria	p__Bacillota	c__Clostridia	o__Lachnospirales	f__Lachnospiraceae	g__Lachnospiraceae_UCG-010	NA
52573485a4521e007e4c5217fc5d7c68	10.236868708269196	0.3040446420858194	0.7259861593218772	0.41880225701522844	0.6753606552122338	0.8510240694137489	d__Bacteria	p__Bacillota	c__Clostridia	o__Lachnospirales	f__Lachnospiraceae	g__Lachnospiraceae_UCG-010	NA
13afc120695e6644b50964b83fb1cb2b	1.0531791811445184	0.0017551796490457537	0.466766271650045	0.0037602966530574183	0.9969997244270533	NA	d__Bacteria	p__Bacillota	c__Clostridia	o__Lachnospirales	f__Lachnospiraceae	g__Lachnospiraceae_UCG-010	NA
8fb773e61e6ee7f5e0fde91cb4d2df09	1.6875949349548804	1.1111292743068844	0.5304384190872307	2.094737549777968	0.03619432930332289	0.15830088786122318	d__Bacteria	p__Bacillota	c__Clostridia	o__Lachnospirales	f__Lachnospiraceae	g__Lachnospiraceae_UCG-010	NA
6d23b1a911e94074b127424a8fb2d5ad	1.6024157914806436	0.21303433718365064	0.5574317484425729	0.3821711586734239	0.7023344131511015	0.8795658291913168	d__Bacteria	p__Bacillota	c__Clostridia	o__Lachnospirales	f__Lachnospiraceae	g__Lachnospiraceae_UCG-010	NA
75c5626f1cc9cc471664aeca0515774e	1.3410445035793346	0.6114433183862649	0.5077638648255552	1.2041883259974184	0.22851679704826822	0.5182506720239989	d__Bacteria	p__Bacillota	c__Clostridia	o__Lachnospirales	f__Lachnospiraceae	g__Lachnospiraceae_UCG-010	NA
66063c3a2e5cc0fd8b0b301cdbb7c0ce	124.30432096352656	1.1471372442000702	0.9600221414274226	1.1949070700540645	0.23212334027673096	0.5183124226277362	d__Bacteria	p__Bacillota	c__Clostridia	o__Lachnospirales	f__Lachnospiraceae	NA	NA
506c6364b6df4bf91da329528686d7c0	1.0531791811445184	0.0017551796490457537	0.466766271650045	0.0037602966530574183	0.9969997244270533	NA	d__Bacteria	p__Bacillota	c__Clostridia	o__Lachnospirales	f__Lachnospiraceae	g__Anaerotignum	NA
ab149525cad479f6599c7923acc49691	3.9323784991725783	2.6461840359776154	0.7178209779785985	3.6864122353032016	2.2743782780607858e-4	0.004477915265493448	d__Bacteria	p__Bacillota	c__Clostridia	o__Lachnospirales	f__Lachnospiraceae	g__Lachnospiraceae_UCG-010	NA
f9768fa5169a0e035e781f124204216b	1.0531791811445184	0.0017551796490457537	0.466766271650045	0.0037602966530574183	0.9969997244270533	NA	d__Bacteria	p__Bacillota	c__Clostridia	o__Lachnospirales	f__Lachnospiraceae	g__Lachnospiraceae_UCG-010	NA
1b92901eaf73176b86069084ac8c13e3	51.732402814164956	-1.3091513687778442	0.9098425683567934	-1.4388768060635106	0.15018543007443258	0.41056097317007706	d__Bacteria	p__Bacillota	c__Clostridia	o__Lachnospirales	f__Lachnospiraceae	g__Lachnospiraceae_UCG-010	NA
32e2024b5af8e3db1d2f1f465d7d0112	1.0531791811445184	0.0017551796490457537	0.466766271650045	0.0037602966530574183	0.9969997244270533	NA	d__Bacteria	p__Bacillota	c__Clostridia	o__Lachnospirales	f__Lachnospiraceae	g__Lachnospiraceae_UCG-010	NA
8e9544b1135bb91ed6449c15a8cdb370	1.1399871933688321	0.0017551682733437306	0.46911124128500487	0.003741475622148632	0.9970147413313958	NA	d__Bacteria	p__Bacillota	c__Clostridia	o__Lachnospirales	f__Lachnospiraceae	g__Eisenbergiella	NA
07699fa14cb8970eee5e8dda19dd5dbe	8.193341336453418	3.207834562251032	0.8024112899391765	3.997743554298929	6.394917825588574e-5	0.0015674074099044648	d__Bacteria	p__Bacillota	c__Clostridia	o__Lachnospirales	f__Lachnospiraceae	g__Eisenbergiella	NA
65a80de0631a0b02eedb8c80c61c7df7	1.2555177795219832	0.4543266599271943	0.46411673620811306	0.9789060046381761	0.3276264250071483	0.5984176048663825	d__Bacteria	p__Bacillota	c__Clostridia	o__Lachnospirales	f__Lachnospiraceae	g__Eisenbergiella	NA
d807cf3088ea1a4377f3fb48e67d1b34	1.0531791811445184	0.0017551796490457537	0.466766271650045	0.0037602966530574183	0.9969997244270533	NA	d__Bacteria	p__Bacillota	c__Clostridia	o__Lachnospirales	f__Lachnospiraceae	g__Eisenbergiella	NA
d717f870c356942c914036e4b4ebbd13	1.2260829314197914	0.39763441894315427	0.47044399630269174	0.8452322105675454	0.3979812014764109	0.6568594364791762	d__Bacteria	p__Bacillota	c__Clostridia	o__Lachnospirales	f__Lachnospiraceae	g__Eisenbergiella	NA
57d6c04665e8056d41287c6ba7b500a3	1.212070630635673	0.0017552135329532484	0.473623229684876	0.003705927883058175	0.9970431041269466	0.998890072806692	d__Bacteria	p__Bacillota	c__Clostridia	o__Lachnospirales	f__Lachnospiraceae	NA	NA
5fdb5d1b4d6545c3408461a45434e7d3	1.1978592015183742	0.3388289419596159	0.4601822425620797	0.7362929522729401	0.4615524343351835	0.6870696622644521	d__Bacteria	p__Bacillota	c__Clostridia	o__Lachnospirales	f__Lachnospiraceae	g__Eisenbergiella	NA
b0e56c25ca193e27096e8fb4eb560eee	101.95933298977636	-0.8225814270448197	0.934649771402897	-0.880095894968375	0.37880736276134747	0.6456986643460175	d__Bacteria	p__Bacillota	c__Clostridia	o__Lachnospirales	f__Lachnospiraceae	g__Eisenbergiella	NA
c26c9025a60b790f46779b669d716170	1.2259614836407438	0.0017552340351749398	0.47514005827861516	0.003694140295250998	0.9970525091968879	0.998890072806692	d__Bacteria	p__Bacillota	c__Clostridia	o__Lachnospirales	f__Lachnospiraceae	g__Eisenbergiella	NA
cd5b7f7211526a4109099a6fd4b01aab	1.398157019316128	0.0017558013400385368	0.5160318490199071	0.003402505762722415	0.9972851984221123	0.998890072806692	d__Bacteria	p__Bacillota	c__Clostridia	o__Lachnospirales	f__Defluviitaleaceae	g__Defluviitaleaceae_UCG-011	NA
2fea67e2ef146b654e84d4ccd727bed7	1.2110509092057467	0.001755212383324661	0.4735589285544696	0.003706428656476642	0.9970427045703117	0.998890072806692	d__Bacteria	p__Bacillota	c__Clostridia	o__Lachnospirales	f__Defluviitaleaceae	g__Defluviitaleaceae_UCG-011	NA
b78ebf1bcece3137a70ebe7310d29bea	1.167994983370866	0.0017551765121734308	0.47040707648112384	0.003731186455150747	0.9970229508415835	0.998890072806692	d__Bacteria	p__Bacillota	c__Clostridia	o__Lachnospirales	f__Defluviitaleaceae	g__Defluviitaleaceae_UCG-011	NA
e34528ad14c087b5097669c01925644b	1.1966833909374064	-0.4012960462248549	0.40780516952968143	-0.984038644452856	0.32509651240959575	0.5984176048663825	d__Bacteria	p__Bacillota	c__Clostridia	o__Lachnospirales	f__Defluviitaleaceae	g__Defluviitaleaceae_UCG-011	NA
973ca62579b1246f54829278d51475ea	8.206095103386005	1.448222886215067	0.6909913231950221	2.0958626217167815	0.036094379323437245	0.15830088786122318	d__Bacteria	p__Bacillota	c__Clostridia	o__Lachnospirales	f__Lachnospiraceae	g__[Eubacterium]_xylanophilum_group	NA
08e99f06801c5a0f0d4f663b4597898d	1.0531791811445184	0.0017551796490457537	0.466766271650045	0.0037602966530574183	0.9969997244270533	NA	d__Bacteria	p__Bacillota	c__Clostridia	o__Lachnospirales	f__Lachnospiraceae	g__[Eubacterium]_xylanophilum_group	NA
28d3fdbc5bae89573ddc23f0b18d8e04	1.2708414351780242	0.4819936801419878	0.4663386410838198	1.0335701090987959	0.3013371791992085	0.5793513723530769	d__Bacteria	p__Bacillota	c__Clostridia	o__Lachnospirales	f__Lachnospiraceae	g__[Eubacterium]_xylanophilum_group	NA
4fab82ca37b1bc0169b4d245adefd462	1.2689971551496408	0.48162989779490234	0.46613812001697374	1.0332343078428439	0.3014942612162139	0.5793513723530769	d__Bacteria	p__Bacillota	c__Clostridia	o__Lachnospirales	f__Lachnospiraceae	g__[Eubacterium]_xylanophilum_group	NA
bee040b0942c767b368519c4706f8cdb	1.0387205801281543	0.0017551853936233408	0.4665046746863504	0.003762417589498801	0.9969980321765832	NA	d__Bacteria	p__Bacillota	c__Clostridia	o__Lachnospirales	f__Lachnospiraceae	g__[Eubacterium]_xylanophilum_group	NA
afe1dc97376cf249b67fa422dfa32477	1.0531791811445184	0.0017551796490457537	0.466766271650045	0.0037602966530574183	0.9969997244270533	NA	d__Bacteria	p__Bacillota	c__Clostridia	o__Lachnospirales	f__Lachnospiraceae	g__[Eubacterium]_xylanophilum_group	NA
cf4a3714646f3c97bb3489da222228b7	1.1971644332247062	0.0017551968852722072	0.4723201447242195	0.0037161169280574297	0.997034974501232	0.998890072806692	d__Bacteria	p__Bacillota	c__Clostridia	o__Oscillospirales	f__UCG-010	g__Incertae_Sedis	NA
f336ad2c9bce4637fb7f5c639ea1c065	1.0531791811445184	0.0017551796490457537	0.466766271650045	0.0037602966530574183	0.9969997244270533	NA	d__Bacteria	p__Bacillota	c__Clostridia	o__Monoglobales	f__Monoglobaceae	g__Monoglobus	NA
0c7a2fbd4729c27d93e5a6a71b4d4684	1.1967634139867829	-0.8212246754204695	0.39162983857506	-2.096941025761685	0.03599879622598236	0.15830088786122318	d__Bacteria	p__Bacillota	c__Clostridia	o__Monoglobales	f__Monoglobaceae	g__Monoglobus	NA
c7c722294abd25b88fa3db4209c910dd	1.1977651913081566	0.0017551974725263562	0.472352676428679	0.0037158622362360536	0.997035177714501	0.998890072806692	d__Bacteria	p__Bacillota	c__Clostridia	o__Monoglobales	f__Monoglobaceae	g__Monoglobus	NA
1a9df3fbbc7fc8cecec4239cf801d2fc	25.163767392356327	-0.7628641980066412	0.7850703027546833	-0.971714501656572	0.33119260033574877	0.6026701712170216	d__Bacteria	p__Bacillota	c__Clostridia	o__Monoglobales	f__Monoglobaceae	g__Monoglobus	NA
f8d7d660ef4336007263541c286b045b	1.0531791811445184	0.0017551796490457537	0.466766271650045	0.0037602966530574183	0.9969997244270533	NA	d__Bacteria	p__Bacillota	c__Clostridia	o__Monoglobales	f__Monoglobaceae	g__Monoglobus	NA
a7db077ae09ab481473ac2445474128f	1.0531791811445184	0.0017551796490457537	0.466766271650045	0.0037602966530574183	0.9969997244270533	NA	d__Bacteria	p__Bacillota	c__Clostridia	o__Oscillospirales	f__UCG-010	g__Incertae_Sedis	NA
52ca86ec48d4b050235dcfdea9cd5d39	1.527565596376329	0.775400320496848	0.526138486073888	1.4737570830124658	0.1405470073341288	0.39904717685174634	d__Bacteria	p__Bacillota	c__Clostridia	o__Oscillospirales	f__UCG-010	g__Incertae_Sedis	NA
d5c34a5c01d28b731f12b218bbd43d75	1.0531791811445184	0.0017551796490457537	0.466766271650045	0.0037602966530574183	0.9969997244270533	NA	d__Bacteria	p__Bacillota	c__Clostridia	o__Oscillospirales	f__UCG-010	g__Incertae_Sedis	NA
71f4d7830594809728704c5814777de2	1.0531791811445184	0.0017551796490457537	0.466766271650045	0.0037602966530574183	0.9969997244270533	NA	d__Bacteria	p__Bacillota	c__Clostridia	o__Oscillospirales	f__UCG-010	g__Incertae_Sedis	NA
34b791a0a48d68bbf6278d510ee36430	1.0531791811445184	0.0017551796490457537	0.466766271650045	0.0037602966530574183	0.9969997244270533	NA	d__Bacteria	p__Bacillota	c__Clostridia	o__Oscillospirales	f__UCG-010	g__Incertae_Sedis	NA
abee0e7fcc28204ca55bc2b16e140d5b	1.3251865089466015	0.5856853324865701	0.5011599696459994	1.1686594460053867	0.24254086720798312	0.5183124226277362	d__Bacteria	p__Bacillota	c__Clostridia	o__Oscillospirales	f__UCG-010	g__Incertae_Sedis	NA
5d17e341c7040504890ecc5340dc7f34	1.3980765985756158	0.7072204624930534	0.5180354733552346	1.3651969775592727	0.1721911480795387	0.43906914828774096	d__Bacteria	p__Bacillota	c__Clostridia	o__Oscillospirales	f__UCG-010	g__Incertae_Sedis	NA
25036ba135607cb2eb9f45c9b50bb4d5	1.0531791811445184	0.0017551796490457537	0.466766271650045	0.0037602966530574183	0.9969997244270533	NA	d__Bacteria	p__Bacillota	c__Clostridia	o__Oscillospirales	f__UCG-010	g__Incertae_Sedis	NA
5d58a0b3d0710b4c7563519c80cf242b	1.3118522442178417	0.5608833423400317	0.4749022788781547	1.181050012362516	0.23758285612970778	0.5183124226277362	d__Bacteria	p__Bacillota	c__Clostridia	o__Oscillospirales	f__UCG-010	g__Incertae_Sedis	NA
a1642ee93cbc5a4d6b2816c0a116cf42	1.2538204339941035	0.27727463232096344	0.4652277119225461	0.595997669990746	0.5511767832713076	0.7387983445411166	d__Bacteria	p__Bacillota	c__Clostridia	o__Oscillospirales	f__UCG-010	g__Incertae_Sedis	NA
5443a3f15cad4117ecbc72bfd4de8f25	1.0531791811445184	0.0017551796490457537	0.466766271650045	0.0037602966530574183	0.9969997244270533	NA	d__Bacteria	p__Bacillota	c__Clostridia	o__Oscillospirales	f__UCG-010	g__Incertae_Sedis	NA
88d09c1f988b369414b16b8edafaaa2e	1.0531791811445184	0.0017551796490457537	0.466766271650045	0.0037602966530574183	0.9969997244270533	NA	d__Bacteria	p__Bacillota	c__Clostridia	o__Oscillospirales	f__UCG-010	g__Incertae_Sedis	NA
d084475ce17d67557615ecfb105797ab	1.0531791811445184	0.0017551796490457537	0.466766271650045	0.0037602966530574183	0.9969997244270533	NA	d__Bacteria	p__Bacillota	c__Clostridia	o__Oscillospirales	f__UCG-010	g__Incertae_Sedis	NA
9c36b4bb50f4b2871115cfcac30ff6c7	1.2542709217761043	-0.4785099796644126	0.39675135544335155	-1.2060701824942717	0.22779043068417593	0.5182506720239989	d__Bacteria	p__Bacillota	c__Clostridia	o__Oscillospirales	f__UCG-010	g__Incertae_Sedis	NA
e14f743e40eb38976db9d9d544548a13	1.2541068350406268	0.00175554257228703	0.4940619749647369	0.0035532841247544497	0.9971648954226375	0.998890072806692	d__Bacteria	p__Bacillota	c__Clostridia	o__Oscillospirales	f__Oscillospiraceae	g__NK4A214_group	NA
39c746e6698d4935484f50bf45508965	2.3483742123879106	-0.7439891111109502	0.5640061634958227	-1.3191152140954585	0.1871305976040369	0.46839824083771125	d__Bacteria	p__Bacillota	c__Clostridia	o__Oscillospirales	f__Oscillospiraceae	g__NK4A214_group	NA
88ce384d23279002f61f6cc668c4d259	1.0531791811445184	0.0017551796490457537	0.466766271650045	0.0037602966530574183	0.9969997244270533	NA	d__Bacteria	p__Bacillota	c__Clostridia	o__Oscillospirales	f__Oscillospiraceae	g__NK4A214_group	NA
e5bd5a5c7c1fe29892ebff584483a1c4	1.2548192579463051	0.21324443810498933	0.4674703852512019	0.4561667323383478	0.6482700860892403	0.8247588701198916	d__Bacteria	p__Bacillota	c__Clostridia	o__Oscillospirales	f__Oscillospiraceae	g__NK4A214_group	NA
ce23dc3713e3748ce378d3dbcc8d8918	1.326222969944137	0.586190692822728	0.501147201309555	1.169697628343418	0.24212267291131856	0.5183124226277362	d__Bacteria	p__Bacillota	c__Clostridia	o__Oscillospirales	f__Oscillospiraceae	g__NK4A214_group	NA
854f0c18024f70b4196c742ce31008cb	1.2395786089289882	0.42593677698629295	0.47597193032403673	0.8948779326048064	0.37085234437396164	0.6383107216596605	d__Bacteria	p__Bacillota	c__Clostridia	o__Oscillospirales	f__Oscillospiraceae	g__NK4A214_group	NA
a2217cc8df6a4c209aee7f31a304c2b0	1.0531791811445184	0.0017551796490457537	0.466766271650045	0.0037602966530574183	0.9969997244270533	NA	d__Bacteria	p__Bacillota	c__Clostridia	o__Oscillospirales	f__Oscillospiraceae	g__NK4A214_group	NA
31654b0fabcee256ee93ddfc89c8b048	3.2228701171771945	-0.937941622044062	0.581533563734849	-1.6128761614724576	0.1067714152211651	0.3369646282417787	d__Bacteria	p__Bacillota	c__Clostridia	o__Oscillospirales	f__Oscillospiraceae	g__NK4A214_group	NA
e2cfe099d4a73a03ac5f80d4f8369dbc	24.277584911145432	1.6186427229086866	0.8947276017608202	1.809089961819893	0.07043702832492324	0.2548038283681711	d__Bacteria	p__Bacillota	c__Clostridia	o__Oscillospirales	f__Oscillospiraceae	g__NK4A214_group	NA
d4e2f6974db486bb6d34a00f7334d33b	1.0531791811445184	0.0017551796490457537	0.466766271650045	0.0037602966530574183	0.9969997244270533	NA	d__Bacteria	p__Bacillota	c__Clostridia	o__Oscillospirales	f__Oscillospiraceae	g__NK4A214_group	NA
1926679bf52691b7a4a3844bf10e6d38	1.2266593188461263	-0.9418545640011147	0.38564670777722565	-2.442273057197186	0.014595102765045838	0.08744350135491084	d__Bacteria	p__Bacillota	c__Clostridia	o__Oscillospirales	f__Oscillospiraceae	g__NK4A214_group	NA
274d44a105684512d6df0a983a5b6663	1.0531791811445184	0.0017551796490457537	0.466766271650045	0.0037602966530574183	0.9969997244270533	NA	d__Bacteria	p__Bacillota	c__Clostridia	o__Oscillospirales	f__Oscillospiraceae	g__NK4A214_group	NA
c0a8f5074b73b0648d1a21b1f3d8ffaf	2.0034818448737566	0.0017565775401991168	0.6178541759522792	0.0028430293240176924	0.9977315938523084	0.998890072806692	d__Bacteria	p__Bacillota	c__Clostridia	o__Oscillospirales	f__Oscillospiraceae	g__NK4A214_group	NA
c460ff4b7369e5f55e9f45dfb0b96d4d	1.167708582324343	0.27732132954604644	0.46018516322795155	0.6026298796788371	0.5467549383700094	0.7336901463490294	d__Bacteria	p__Bacillota	c__Clostridia	o__Oscillospirales	f__Oscillospiraceae	g__NK4A214_group	NA
5d0e047aec9ad659e06c6f00ff178cc8	1.0387264241175567	0.0017551853957245857	0.4665047840706333	0.0037624167118055405	0.9969980328768762	NA	d__Bacteria	p__Bacillota	c__Clostridia	o__Oscillospirales	f__Oscillospiraceae	g__NK4A214_group	NA
5a995ef0ef454381562fe4d6909fa8d4	1.3839115433378693	0.684060954812769	0.495321442836368	1.3810445009116072	0.1672652783030619	0.43016188274513345	d__Bacteria	p__Bacillota	c__Clostridia	o__Oscillospirales	f__Oscillospiraceae	g__Colidextribacter	NA
7e7d68f511a7019ad4a8d6b9b8138e34	1.3268485221469832	-1.297704125795658	0.38525856585785256	-3.3683978522477998	7.560640741559776e-4	0.010097982733632929	d__Bacteria	p__Bacillota	c__Clostridia	o__Oscillospirales	f__Oscillospiraceae	g__Colidextribacter	NA
c5ec23b5e73a33133aa0fcf9acd58650	1.4416515343537386	0.7755866658458345	0.514113265052096	1.5085910412508865	0.1314033250014459	0.3858567074003338	d__Bacteria	p__Bacillota	c__Clostridia	o__Oscillospirales	f__Oscillospiraceae	g__Colidextribacter	NA
c072b53a13bb032cf7ebd84b996bb18f	1.2118142244650352	0.36853070160351836	0.45894046376993736	0.8030032884358164	0.42197283387837187	0.6642795753471423	d__Bacteria	p__Bacillota	c__Clostridia	o__Oscillospirales	f__Oscillospiraceae	g__Colidextribacter	NA
82d09389ab523a0e6dbd8576b5de67fc	1.1395063707465674	-0.5457081249334662	0.4116812746148772	-1.3255597438673146	0.18498556787455053	NA	d__Bacteria	p__Bacillota	c__Clostridia	o__Oscillospirales	f__Oscillospiraceae	g__Incertae_Sedis	NA
bdb6ddef008a6d31c019642fb28d7c1d	11.409353521214864	1.6669052703323883	0.7509105022360675	2.2198454614347036	0.02642925972785657	0.1320078960632974	d__Bacteria	p__Bacillota	c__Clostridia	o__Oscillospirales	f__Oscillospiraceae	g__Colidextribacter	NA
a091accf580f0c2f428ea1d2a1528fba	1.0531791811445184	0.0017551796490457537	0.466766271650045	0.0037602966530574183	0.9969997244270533	NA	d__Bacteria	p__Bacillota	c__Clostridia	o__Oscillospirales	f__Oscillospiraceae	g__Colidextribacter	NA
c03544ba31df43e38072acbbeaf5a654	1.6113774292553158	1.0172800344992685	0.5720828625453657	1.7782039999819066	0.07537035623609951	0.26860474136366624	d__Bacteria	p__Bacillota	c__Clostridia	o__Oscillospirales	f__Oscillospiraceae	g__Colidextribacter	NA
da1d26d90a7443d34675778207d2c227	4.60668460219218	-0.19619435881067013	0.6044142949689449	-0.32460244644073266	0.745481975426372	0.9211150745751777	d__Bacteria	p__Bacillota	c__Clostridia	o__Oscillospirales	f__Oscillospiraceae	g__Colidextribacter	NA
9904009a0e14e24b0a6e25eeeeff3e95	23.016166830479204	-0.22209290385421077	0.890428557568068	-0.24942248534884065	0.8030339938567495	0.9791307884486864	d__Bacteria	p__Bacillota	c__Clostridia	o__Oscillospirales	f__Oscillospiraceae	g__Colidextribacter	NA
350cd8e890b27c7fa7ec3a0d77dbaa9b	1.355701387945133	0.6362057687979448	0.5152696534476209	1.2347045174136526	0.21694049403533072	0.5076515736640196	d__Bacteria	p__Bacillota	c__Clostridia	o__Oscillospirales	f__Oscillospiraceae	g__Colidextribacter	NA
c445246b69fd71bc2b919d023f44b3e5	1.0531791811445184	0.0017551796490457537	0.466766271650045	0.0037602966530574183	0.9969997244270533	NA	d__Bacteria	p__Bacillota	c__Clostridia	o__Oscillospirales	f__Oscillospiraceae	g__Colidextribacter	NA
1a7a9d14747af9f14fcdabdef2549a77	9.951394340724447	-0.8008566674934589	0.666599939476696	-1.2014052508347945	0.22959404029053648	0.5183124226277362	d__Bacteria	p__Bacillota	c__Clostridia	o__Oscillospirales	f__Oscillospiraceae	g__Colidextribacter	NA
0d3fd1719bb852948dec1e4162facdba	1.0387386692036873	-0.036719383095444855	0.4680891319336553	-0.07844528016226038	0.9374738561161167	NA	d__Bacteria	p__Bacillota	c__Clostridia	o__Oscillospirales	f__Oscillospiraceae	g__Incertae_Sedis	NA
61b3f9c4a322ffd5403d7b8eab09e168	1.239998615586363	0.4260513822794396	0.4759685240714508	0.8951251201129472	0.3707202070160678	0.6383107216596605	d__Bacteria	p__Bacillota	c__Clostridia	o__Oscillospirales	f__Oscillospiraceae	g__Incertae_Sedis	NA
6d094d7fbdf26fbf995a8b7950c286ec	1.1684483479947	-0.6901190779858078	0.40034205708066245	-1.7238235798113013	0.08473969647301521	0.2804913925732454	d__Bacteria	p__Bacillota	c__Clostridia	o__Oscillospirales	f__Oscillospiraceae	g__Colidextribacter	NA
8ce62d0f068f4ee5d2c4b90068804af0	1.0387264241175567	0.0017551853957245857	0.4665047840706333	0.0037624167118055405	0.9969980328768762	NA	d__Bacteria	p__Bacillota	c__Clostridia	o__Oscillospirales	f__Oscillospiraceae	g__Colidextribacter	NA
11b7d5a0dd0446562be236a4a9144c75	56.15931532849397	-1.5200058048244742	0.8376825999137587	-1.8145366812930843	0.06959514074668023	0.2526171211798749	d__Bacteria	p__Bacillota	c__Clostridia	o__Oscillospirales	f__Oscillospiraceae	g__Colidextribacter	NA
b184d05472a45b518f4e3f0ae1dcc49e	1.2268388508659873	0.3977963506361377	0.4704998889351722	0.8454759713895449	0.3978451430521122	0.6568594364791762	d__Bacteria	p__Bacillota	c__Clostridia	o__Oscillospirales	f__Oscillospiraceae	g__Colidextribacter	NA
5c0eb2cc0831a4b7304ec1fa20756159	2.849023212521469	0.6148406106743182	0.5993752654281387	1.025802441539079	0.30498471501264085	0.5841892228551542	d__Bacteria	p__Bacillota	c__Clostridia	o__Oscillospirales	f__Butyricicoccaceae	g__UCG-009	NA
40ac3979c05fe30df6ecfaaa78ae3e9f	1.4704272642210883	0.8191503591207719	0.535927689607511	1.5284717976051587	0.12639544053298687	0.3743950632040652	d__Bacteria	p__Bacillota	c__Clostridia	o__Oscillospirales	f__Butyricicoccaceae	g__UCG-009	NA
6839e66a1cfeb373e15a58f9f801e863	1.341544765441804	0.001755905347165463	0.5217939503499414	0.0033651316692879713	0.9973150184635122	0.998890072806692	d__Bacteria	p__Bacillota	c__Clostridia	o__Oscillospirales	f__Butyricicoccaceae	g__UCG-009	NA
73cd1c10175eb846badd2f34bd86dd08	3.7685261381010426	0.527491684473098	0.5965580867049813	0.8842251848208722	0.3765746656439296	0.6442538083167514	d__Bacteria	p__Bacillota	c__Clostridia	o__Oscillospirales	f__Oscillospiraceae	g__Intestinimonas	NA
50c2e92f3b001c0f07a654b597605f95	11.055717476715103	-0.757722941227666	0.7573306818415745	-1.0005179499464325	0.3170599153293111	0.5984176048663825	d__Bacteria	p__Bacillota	c__Clostridia	o__Oscillospirales	f__Oscillospiraceae	g__Flavonifractor	NA
cf5031364fd6f4fdbfccfb2fd88bd4f8	1.412601939459627	-0.8827376663683735	0.4483053092587689	-1.9690546780003522	0.04894681255252934	0.19994939413465218	d__Bacteria	p__Bacillota	c__Clostridia	o__Oscillospirales	f__Oscillospiraceae	NA	NA
3443b73db214fbccce540ddb43380a8d	1.6281879952757616	0.28088026711862374	0.4884689218196944	0.5750217763542864	0.5652765695222728	0.7539231512090272	d__Bacteria	p__Bacillota	c__Clostridia	o__Oscillospirales	f__Oscillospiraceae	g__Pseudoflavonifractor	NA
e9b3f1732c022e94dae08db1e30ec878	1.1683878782589967	0.27737325721060047	0.460211691509411	0.602707976194317	0.546702974474071	0.7336901463490294	d__Bacteria	p__Bacillota	c__Clostridia	o__Oscillospirales	f__Oscillospiraceae	NA	NA
6a303070cc5a7983fba732836e1713af	1.1396010783031916	0.001755168039821119	0.4690986560512773	0.0037415755026790377	0.9970146616388205	NA	d__Bacteria	p__Bacillota	c__Clostridia	o__Oscillospirales	f__Oscillospiraceae	g__Flavonifractor	NA
5fbc483f79cd97d3a7253931f37c33e8	347.4758632251303	0.3132487460497787	0.7256405757855137	0.43168581871360157	0.6659697757537295	0.8410406947215868	d__Bacteria	p__Bacillota	c__Clostridia	o__Oscillospirales	f__Oscillospiraceae	g__Flavonifractor	NA
ea85a25eeb4e3cfa0a98bcf029e38264	1.1398717278744617	0.21326700360272005	0.4610857975909192	0.4625321463315447	0.6436997550779605	NA	d__Bacteria	p__Bacillota	c__Clostridia	o__Oscillospirales	f__Oscillospiraceae	g__Flavonifractor	NA
5c4fd1d0cbe7b43a93c2ed9286af0847	1.7144785095784816	-0.5882319391092887	0.490876418812182	-1.198330000313901	0.2307885717559039	0.5183124226277362	d__Bacteria	p__Bacillota	c__Clostridia	o__Oscillospirales	f__Oscillospiraceae	g__Flavonifractor	NA
382b4e37e1cad72fc403170422eb8c23	1.0531791811445184	0.0017551796490457537	0.466766271650045	0.0037602966530574183	0.9969997244270533	NA	d__Bacteria	p__Bacillota	c__Clostridia	o__Oscillospirales	f__Oscillospiraceae	g__Intestinimonas	NA
f98dab4619ff896a9cee45a9b9ddc792	18.593836165446668	-1.087520020315939	0.7739846703811329	-1.4050924545836443	0.15999378754545782	0.4219493720727833	d__Bacteria	p__Bacillota	c__Clostridia	o__Oscillospirales	f__Oscillospiraceae	g__Intestinimonas	NA
ea52488235f530227f65a4c6e3b27aab	1.5423387997626283	-0.441713591123937	0.44017188822613934	-1.0035025019521593	0.3156184703675462	0.5984176048663825	d__Bacteria	p__Bacillota	c__Clostridia	o__Oscillospirales	f__Oscillospiraceae	g__Intestinimonas	NA
151dc3710be852488064098205bb884f	1.0531791811445184	0.0017551796490457537	0.466766271650045	0.0037602966530574183	0.9969997244270533	NA	d__Bacteria	p__Bacillota	c__Clostridia	o__Oscillospirales	f__Oscillospiraceae	g__Intestinimonas	NA
e28a36175f75412c90d02ed7de4b2379	1.2549002231323363	-1.0526806379152436	0.38239159097059744	-2.7528864723287954	0.0059072377131724075	0.046068782425454945	d__Bacteria	p__Bacillota	c__Clostridia	o__Oscillospirales	f__Oscillospiraceae	g__Incertae_Sedis	NA
aa8fd37503453e0ae9e54d4ab1aa8a3f	1.57234910657984	0.3971414472612825	0.5549839006418633	0.7155909330017878	0.4742439738751726	0.701437207665126	d__Bacteria	p__Bacillota	c__Clostridia	o__Oscillospirales	f__Oscillospiraceae	g__Intestinimonas	NA
3a4a246cdaf2ee7e109536faef354a46	2.996731264321292	0.5328064317890517	0.6800857926573252	0.7834400270401133	0.4333687587472649	0.6759427003317728	d__Bacteria	p__Bacillota	c__Clostridia	o__Oscillospirales	f__Oscillospiraceae	g__Intestinimonas	NA
7b25fe2a8e4d57a05ef403d1d0e831e2	2.681539563734183	1.9911553571726064	0.629495938529759	3.1630948435078357	0.0015610146675284836	0.017786329585652027	d__Bacteria	p__Bacillota	c__Clostridia	o__Oscillospirales	f__Oscillospiraceae	g__Intestinimonas	NA
e657205bc51c1db7e6a38c33a084749d	9.087648557760621	1.1835844948004866	0.7926089528799161	1.493276716721373	0.13536476766994657	0.3920147236724744	d__Bacteria	p__Bacillota	c__Clostridia	o__Oscillospirales	f__Oscillospiraceae	NA	NA
cc7b0c4fe7613151aee46e9be3ea14a9	1.7159768905330637	-2.1803432915826977	0.4415810024099131	-4.937583998594933	7.909634144769335e-7	3.275679519954473e-5	d__Bacteria	p__Bacillota	c__Clostridia	o__Oscillospirales	f__Oscillospiraceae	g__Intestinimonas	NA
0fdad431f3566933a70b7b07d74580de	1.2262543110051172	-0.9417131285855657	0.38562075540509816	-2.4420706494293527	0.014603288486010321	0.08744350135491084	d__Bacteria	p__Bacillota	c__Clostridia	o__Oscillospirales	f__Oscillospiraceae	g__Intestinimonas	NA
48120f2d28136884787660eb4953652a	1.2549002231323363	-1.0526806379152436	0.38239159097059744	-2.7528864723287954	0.0059072377131724075	0.046068782425454945	d__Bacteria	p__Bacillota	c__Clostridia	o__Oscillospirales	f__Oscillospiraceae	g__Intestinimonas	NA
174a1fe3543cf9fa6ca92528087d0ca5	1.110966050597814	0.001755166899288052	0.4681277512172824	0.0037493331568659513	0.9970084719697325	NA	d__Bacteria	p__Bacillota	c__Clostridia	o__Oscillospirales	f__Oscillospiraceae	g__Intestinimonas	NA
7ff0c8d6b1f2ab6ae6c70229e507bc18	1.1972656397072454	-0.8213617824001576	0.39165174370489464	-2.097173817306032	0.03597819136260758	0.15830088786122318	d__Bacteria	p__Bacillota	c__Clostridia	o__Oscillospirales	f__Oscillospiraceae	g__Intestinimonas	NA
1df4ea697ddf438a11fa5348fdf26879	2.219571735190647	1.144569502582962	0.6269238659433699	1.8256913873595477	0.06789676123742498	0.25167904396959073	d__Bacteria	p__Bacillota	c__Clostridia	o__Oscillospirales	f__Oscillospiraceae	NA	NA
8d5153b41e59c5ffb5a1fc080eb784cf	48.38401348490026	-0.7738029118118621	0.7773409605463573	-0.9954485239887418	0.319518168391273	0.5984176048663825	d__Bacteria	p__Bacillota	c__Clostridia	o__Oscillospirales	f__Oscillospiraceae	g__Incertae_Sedis	NA
d6fea6a5905d16326d192d115ef42b0d	1.1688012373602126	0.27740476565249267	0.46022787620698863	0.6027552436387603	0.546671524827953	0.7336901463490294	d__Bacteria	p__Bacillota	c__Clostridia	o__Oscillospirales	f__Oscillospiraceae	NA	NA
3c8673e7ff6a0ecd8c60c97168a7287b	1.0531791811445184	0.0017551796490457537	0.466766271650045	0.0037602966530574183	0.9969997244270533	NA	d__Bacteria	p__Bacillota	c__Clostridia	o__Oscillospirales	f__UCG-010	g__Incertae_Sedis	NA
361d26273fd1ca689807b797c15e1cc6	1.182224938841459	0.30834753383881575	0.4600374334053219	0.670266181506891	0.502688121458928	0.7061368533742548	d__Bacteria	p__Bacillota	c__Clostridia	o__Oscillospirales	f__Butyricicoccaceae	g__UCG-009	NA
ba48e64682c81794d37a37a3ba34bdef	1.2828107855972137	0.0017556843432580997	0.5041435381479672	0.003482508869810809	0.9972213655564054	0.998890072806692	d__Bacteria	p__Bacillota	c__Clostridia	o__Oscillospirales	f__Butyricicoccaceae	g__UCG-009	NA
bc979a8588f5a2b031514a23cf3971cb	1.2983173572085047	-0.6712391039805264	0.38759701425338733	-1.7317963743180724	0.0833098239340409	0.2804913925732454	d__Bacteria	p__Bacillota	c__Clostridia	o__Oscillospirales	f__[Eubacterium]_coprostanoligenes_group	g__Incertae_Sedis	NA
794cc1c6386320420a2c2ea76eedaaf8	1.0531791811445184	0.0017551796490457537	0.466766271650045	0.0037602966530574183	0.9969997244270533	NA	d__Bacteria	p__Bacillota	c__Clostridia	o__Oscillospirales	f__[Eubacterium]_coprostanoligenes_group	g__Incertae_Sedis	NA
410e1eaa1468a3d40595898f671ba0b3	2.3919340067031083	-1.2965966605008	0.5840573536503764	-2.219981740486668	0.02642000712327041	0.1320078960632974	d__Bacteria	p__Bacillota	c__Clostridia	o__Oscillospirales	f__[Eubacterium]_coprostanoligenes_group	g__Incertae_Sedis	NA
09262615d1066243f95018aa1b53ab0c	1.1825157126811798	0.30837246059920664	0.46005047491546497	0.6703013634664122	0.5026656981293225	0.7061368533742548	d__Bacteria	p__Bacillota	c__Clostridia	o__Oscillospirales	f__[Eubacterium]_coprostanoligenes_group	g__Incertae_Sedis	NA
d969ff7a11c25dc9b04c6eb48a6ec8c3	1.5861371474545458	-1.385201670231191	0.46559626836949136	-2.975113342471878	0.002928803120980276	0.027057634986902394	d__Bacteria	p__Bacillota	c__Clostridia	o__Oscillospirales	f__[Eubacterium]_coprostanoligenes_group	g__Incertae_Sedis	NA
d861309f5630e701205bb0151c3cea16	1.0531791811445184	0.0017551796490457537	0.466766271650045	0.0037602966530574183	0.9969997244270533	NA	d__Bacteria	p__Bacillota	c__Clostridia	o__Oscillospirales	f__[Eubacterium]_coprostanoligenes_group	g__Incertae_Sedis	NA
cc6c06bae0a74dec62abdcb93c1414ab	1.1539867911196868	0.24566790466078037	0.46055984103195224	0.5334114761511234	0.5937487750820931	NA	d__Bacteria	p__Bacillota	c__Clostridia	o__Oscillospirales	f__[Eubacterium]_coprostanoligenes_group	g__Incertae_Sedis	NA
12f2e666955c86b54abd97c942fc2a10	1.1396010783031916	-0.5457250793156192	0.4116832494073199	-1.3255945684000328	0.18497402632705445	NA	d__Bacteria	p__Bacillota	c__Clostridia	o__Oscillospirales	f__[Eubacterium]_coprostanoligenes_group	g__Incertae_Sedis	NA
3460c6d209a9458ad9f55812e064b2db	1.3824512095365133	0.682986986143078	0.5232380231854438	1.3053083986234246	0.19178785537541382	0.47251936633983255	d__Bacteria	p__Bacillota	c__Clostridia	o__Oscillospirales	f__[Eubacterium]_coprostanoligenes_group	g__Incertae_Sedis	NA
3f49f2e33639f81618c76b5807f6498c	4.424548929651018	2.839657660471322	0.717881702120742	3.9556066857290006	7.634067026844367e-5	0.001763175865238478	d__Bacteria	p__Bacillota	c__Clostridia	o__Oscillospirales	f__[Eubacterium]_coprostanoligenes_group	g__Incertae_Sedis	NA
05ff375f501b831cdc28113494f487b1	1.0531791811445184	0.0017551796490457537	0.466766271650045	0.0037602966530574183	0.9969997244270533	NA	d__Bacteria	p__Bacillota	c__Clostridia	o__Oscillospirales	f__[Eubacterium]_coprostanoligenes_group	g__Incertae_Sedis	NA
21dcfff18d552ae0ca669d213652bda3	2.0196826890670216	-2.620708000290827	0.4564954956475745	-5.74092849826075	9.415884427841519e-9	7.06779824864854e-7	d__Bacteria	p__Bacillota	c__Clostridia	o__Oscillospirales	f__[Eubacterium]_coprostanoligenes_group	g__Incertae_Sedis	NA
b1f0b65b560701f74c4f43db4234d6c9	1.0531791811445184	0.0017551796490457537	0.466766271650045	0.0037602966530574183	0.9969997244270533	NA	d__Bacteria	p__Bacillota	c__Clostridia	o__Oscillospirales	f__[Eubacterium]_coprostanoligenes_group	g__Incertae_Sedis	NA
7e7a4855c881caf14f15c80f6012f231	1.0531791811445184	0.0017551796490457537	0.466766271650045	0.0037602966530574183	0.9969997244270533	NA	d__Bacteria	p__Bacillota	c__Clostridia	o__Oscillospirales	f__[Eubacterium]_coprostanoligenes_group	g__Incertae_Sedis	NA
77a52ece0d9da550158abfebf9162d14	1.0531791811445184	0.0017551796490457537	0.466766271650045	0.0037602966530574183	0.9969997244270533	NA	d__Bacteria	p__Bacillota	c__Clostridia	o__Oscillospirales	f__[Eubacterium]_coprostanoligenes_group	g__Incertae_Sedis	NA
4f8b522332dcfcc95d7acb01a7b8b94f	1.2411159969879269	-0.9984831696967672	0.3836869943762898	-2.6023378022491275	0.0092590601341964	0.062545391376694	d__Bacteria	p__Bacillota	c__Clostridia	o__Oscillospirales	f__[Eubacterium]_coprostanoligenes_group	g__Incertae_Sedis	NA
caee94af7a4562c61da6712807157dc9	1.2549002231323363	-1.0526806379152436	0.38239159097059744	-2.7528864723287954	0.0059072377131724075	0.046068782425454945	d__Bacteria	p__Bacillota	c__Clostridia	o__Oscillospirales	f__[Eubacterium]_coprostanoligenes_group	g__Incertae_Sedis	NA
8538d07b8c1e8676f9b9c8c242aab14a	48.98178993194395	6.316051589686691	0.9701709831928604	6.51024582172143	7.502792227444696e-11	2.2527133662902698e-8	d__Bacteria	p__Bacillota	c__Clostridia	o__Oscillospirales	f__[Eubacterium]_coprostanoligenes_group	g__Incertae_Sedis	NA
1af612d90153f4aa10245d1e813d3dc3	1.0531791811445184	0.0017551796490457537	0.466766271650045	0.0037602966530574183	0.9969997244270533	NA	d__Bacteria	p__Bacillota	c__Clostridia	o__Oscillospirales	f__[Eubacterium]_coprostanoligenes_group	g__Incertae_Sedis	NA
929e0c2c4994379c0c7e4b28f08c94ac	1.0531791811445184	0.0017551796490457537	0.466766271650045	0.0037602966530574183	0.9969997244270533	NA	d__Bacteria	p__Bacillota	c__Clostridia	o__Oscillospirales	f__[Eubacterium]_coprostanoligenes_group	g__Incertae_Sedis	NA
0dcf5023e96fb8175d7bf02d900c9dd1	25.277758508728816	-0.47885747821322727	0.9438710037931118	-0.5073336041565576	0.6119207639071783	0.7953645426975336	d__Bacteria	p__Bacillota	c__Clostridia	o__Oscillospirales	f__[Eubacterium]_coprostanoligenes_group	g__Incertae_Sedis	NA
5984dadcdcc48d5e3ae04a0be106722a	1.0531791811445184	0.0017551796490457537	0.466766271650045	0.0037602966530574183	0.9969997244270533	NA	d__Bacteria	p__Bacillota	c__Clostridia	o__Oscillospirales	f__[Eubacterium]_coprostanoligenes_group	g__Incertae_Sedis	NA
04ddc282eeaf358f2a174596a1c95a6f	1.1535231056697182	0.0017551709436200225	0.46968724698905256	0.0037368929109138273	0.9970183977803753	NA	d__Bacteria	p__Bacillota	c__Clostridia	o__Oscillospirales	f__[Eubacterium]_coprostanoligenes_group	g__Incertae_Sedis	NA
6896ebe2cc3802a0374e249cc0d11938	4.234265634292399	-1.2419512813946723	0.6605568394927545	-1.8801580835168916	0.060086536374524095	0.2287768152654913	d__Bacteria	p__Bacillota	c__Clostridia	o__Oscillospirales	f__[Eubacterium]_coprostanoligenes_group	g__Incertae_Sedis	NA
6250949ec4f5147dc4eb85883b6b062a	1.426818050028207	0.7528977942303462	0.5266169006714191	1.42968786848737	0.1528066236528097	0.41056097317007706	d__Bacteria	p__Bacillota	c__Clostridia	o__Oscillospirales	f__[Eubacterium]_coprostanoligenes_group	g__Incertae_Sedis	NA
0c570ae08ebbe801fa6a3e8a24678138	1.239289458061733	0.4258576227361183	0.47597428305868517	0.89470720980867	0.3709436235738711	0.6383107216596605	d__Bacteria	p__Bacillota	c__Clostridia	o__Oscillospirales	f__Ruminococcaceae	NA	NA
ec03b628dfa2f625b2cc44812c823e5e	1.1394035355022927	0.2132380337462061	0.46107137591255737	0.46248378209157553	0.6437344298549881	NA	d__Bacteria	p__Bacillota	c__Clostridia	o__Oscillospirales	f__Ruminococcaceae	g__Ruminococcus	NA
93b489e06301f5b6b413aa6876eb1635	1.2543693413126589	0.4541313545208809	0.4640060662404395	0.9787185719368554	0.3277190530333044	0.5984176048663825	d__Bacteria	p__Bacillota	c__Clostridia	o__Oscillospirales	f__Ruminococcaceae	g__Ruminococcus	NA
f663dd604f793f22ce20452b09494608	1.6284703413824548	-2.0244822100626982	0.4087642923801357	-4.952688499953427	7.319509494857202e-7	3.1395467511869644e-5	d__Bacteria	p__Bacillota	c__Clostridia	o__Oscillospirales	f__UCG-010	g__Incertae_Sedis	NA
eb1964e12f75d8ddc59ed5560e421b91	1.167708582324343	0.27732132954604644	0.46018516322795155	0.6026298796788371	0.5467549383700094	0.7336901463490294	d__Bacteria	p__Bacillota	c__Clostridia	o__Oscillospirales	f__UCG-010	g__Incertae_Sedis	NA
09bfa8d8f5a34bea0e9dd7dc07f1e7a3	1.0531791811445184	0.0017551796490457537	0.466766271650045	0.0037602966530574183	0.9969997244270533	NA	d__Bacteria	p__Bacillota	c__Clostridia	o__Oscillospirales	f__Ruminococcaceae	g__[Eubacterium]_siraeum_group	NA
df14354ec277348c54d0c9dd49eb4da0	8.091646206214133	0.23281914589142919	0.7449926112763383	0.31251202007568657	0.7546514294875558	0.9305301507336289	d__Bacteria	p__Bacillota	c__Clostridia	o__Oscillospirales	f__Ruminococcaceae	g__[Eubacterium]_siraeum_group	NA
c52e9039dbf456b84bf06deddbec791d	1.1396310562821548	0.21325213053709055	0.4610783801564534	0.4625073300221314	0.643717547052159	NA	d__Bacteria	p__Bacillota	c__Clostridia	o__Oscillospirales	f__Ruminococcaceae	g__[Eubacterium]_siraeum_group	NA
44fb9f7290289c1abf92d5eaf64f21c3	1.1832892844207243	0.30843866387836455	0.46008525926556115	0.6703945794106257	0.5026062892185535	0.7061368533742548	d__Bacteria	p__Bacillota	c__Clostridia	o__Oscillospirales	f__Ruminococcaceae	g__[Eubacterium]_siraeum_group	NA
ea7823427b5854bc784da136aa27d777	1.239289458061733	0.4258576227361183	0.47597428305868517	0.89470720980867	0.3709436235738711	0.6383107216596605	d__Bacteria	p__Bacillota	c__Clostridia	o__Oscillospirales	f__Ruminococcaceae	g__Angelakisella	NA
6e7dcdec78c483cd8d6666e4eedccd4f	1.4982140458525868	0.8609980215055797	0.524411037799221	1.641838099211074	0.10062356100986507	0.3231312135020625	d__Bacteria	p__Bacillota	c__Clostridia	o__Oscillospirales	f__Ruminococcaceae	g__Angelakisella	NA
97a604f0b7677461325e10432ce78290	1.0531791811445184	0.0017551796490457537	0.466766271650045	0.0037602966530574183	0.9969997244270533	NA	d__Bacteria	p__Bacillota	c__Clostridia	o__Oscillospirales	f__Ruminococcaceae	g__Angelakisella	NA
d9eea834805833ac21a86fdabedd8556	46.38292946039552	0.8574149546981571	0.8606833145357197	0.9962025988161213	0.3191517169657595	0.5984176048663825	d__Bacteria	p__Bacillota	c__Clostridia	o__Oscillospirales	f__Ruminococcaceae	g__Ruminococcus	NA
3d675bc2e3ca7ae2dbd80044122f82b0	1.0531791811445184	0.0017551796490457537	0.466766271650045	0.0037602966530574183	0.9969997244270533	NA	d__Bacteria	p__Bacillota	c__Clostridia	o__Oscillospirales	f__Ruminococcaceae	g__Ruminococcus	NA
9a91e2e1c9d7c179afb558a3fd4664fd	3.2812844761435023	-2.0284185392767893	0.5430181415882153	-3.735452619214685	1.8737785864743117e-4	0.0038800139350959454	d__Bacteria	p__Bacillota	c__Clostridia	o__Oscillospirales	f__Ruminococcaceae	g__Ruminococcus	NA
7814c2b485cc601b885f117c70bbdf5d	2.735347187702526	0.5065906915516094	0.6045318556856838	0.8379884149810671	0.40203721001567655	0.6623411374881036	d__Bacteria	p__Bacillota	c__Clostridia	o__Oscillospirales	f__Ruminococcaceae	g__Ruminococcus	NA
45c80843dac191f771b11018ff90d94c	3.0768456441042904	1.1600453082127866	0.6994145003576634	1.6585948784584363	0.09719745450950179	0.3138014593169668	d__Bacteria	p__Bacillota	c__Clostridia	o__Oscillospirales	f__Ruminococcaceae	g__Ruminococcus	NA
41a4c7e6cc5a80ba83637525e13a12e6	1.0531791811445184	0.0017551796490457537	0.466766271650045	0.0037602966530574183	0.9969997244270533	NA	d__Bacteria	p__Bacillota	c__Clostridia	o__Oscillospirales	f__Ruminococcaceae	g__Ruminococcus	NA
ad03570a6623c3fe543fb52f514b234f	2.2162929202758415	1.6451176815812283	0.6212021660466082	2.6482806588568732	0.008090232945834672	0.05888708950271176	d__Bacteria	p__Bacillota	c__Clostridia	o__Oscillospirales	f__Ruminococcaceae	g__Ruminococcus	NA
4d3f1d8f02b45e845e419a273f5b2386	1.2985586301413063	-1.2049537011150342	0.38268737800130914	-3.148663296417663	0.0016401905630413808	0.01796600505187546	d__Bacteria	p__Bacillota	c__Clostridia	o__Oscillospirales	f__Ruminococcaceae	g__Ruminococcus	NA
d5278c84ceca328330b2b932c3e705bd	1.4276074467665727	0.7533914995031924	0.5266063289113677	1.4306540923286064	0.15252937640526046	0.41056097317007706	d__Bacteria	p__Bacillota	c__Clostridia	o__Oscillospirales	f__Ruminococcaceae	NA	NA
cb7c9a82654d3ef267e1738cb0fe5569	2.159408437269704	-1.140601799664046	0.5166529645440413	-2.207674934509772	0.02726694134490582	0.13532064692244583	d__Bacteria	p__Bacillota	c__Clostridia	o__Oscillospirales	f__Ruminococcaceae	g__Acutalibacter	NA
5050bcdda95dede0595dc33c6d1ba0fc	1.0531791811445184	0.0017551796490457537	0.466766271650045	0.0037602966530574183	0.9969997244270533	NA	d__Bacteria	p__Bacillota	c__Clostridia	o__Oscillospirales	f__Ruminococcaceae	g__Acutalibacter	NA
36cf028766d84a7ade67b0a052181df7	1.2550350901526184	0.0017555442033032737	0.49416916486933204	0.0035525166847823735	0.997165507747278	0.998890072806692	d__Bacteria	p__Bacillota	c__Clostridia	o__Oscillospirales	f__Ruminococcaceae	g__Acutalibacter	NA
149465e40c1bdbc6230588a58a4d6eb0	172.61035293974464	0.845536913072116	0.7700479589881787	1.0980314968734255	0.2721907359877885	0.5604576383852357	d__Bacteria	p__Bacillota	c__Clostridia	o__Oscillospirales	f__Ruminococcaceae	g__Acutalibacter	NA
aa0d22e3cae06a85b97c6181d08c648a	1.9935993135745822	1.4421182488891802	0.612985940232924	2.3526122774385336	0.018642060827792246	0.10462203296345086	d__Bacteria	p__Bacillota	c__Clostridia	o__Oscillospirales	f__Ruminococcaceae	g__Acutalibacter	NA
d11290f5a8d806b455f66a2c7ca1cad1	1.1543759281371229	-0.6197966722285406	0.4056762771699922	-1.5278109840492957	0.12655947430815817	0.3743950632040652	d__Bacteria	p__Bacillota	c__Clostridia	o__Oscillospirales	f__Ruminococcaceae	NA	NA
525d027b7e21f60ddd1537854b79419c	1.0531791811445184	0.0017551796490457537	0.466766271650045	0.0037602966530574183	0.9969997244270533	NA	d__Bacteria	p__Bacillota	c__Clostridia	o__Oscillospirales	f__Ruminococcaceae	NA	NA
aff3962bbd7607a2971161d9840ca409	1.8749294088811506	-1.4844865644558694	0.4767364899794587	-3.113851353228346	0.0018466249778339616	0.01962651856972202	d__Bacteria	p__Bacillota	c__Clostridia	o__Oscillospirales	f__Ruminococcaceae	g__Acutalibacter	NA
756e9c33696716a5484135c832f18f12	1.6164257914071298	0.684789196754108	0.5616831067478032	1.2191735669586012	0.22277832230709205	0.5155236321595714	d__Bacteria	p__Bacillota	c__Clostridia	o__Oscillospirales	f__Ruminococcaceae	g__Acutalibacter	NA
ad139328ba8ac39c2e5ccef543df2deb	30.77560324269426	0.17660411643907453	0.7983719663931342	0.22120530764241683	0.8249325767235982	0.998890072806692	d__Bacteria	p__Bacillota	c__Clostridia	o__Oscillospirales	f__Ruminococcaceae	g__Acutalibacter	NA
c3ad47b312abd6a13153cc5416a8d35a	1.1830663935083063	0.3084196050017816	0.4600752235214157	0.6703677773411443	0.5026233704842424	0.7061368533742548	d__Bacteria	p__Bacillota	c__Clostridia	o__Oscillospirales	f__Ruminococcaceae	g__Acutalibacter	NA
8b414a059be1b8812e888b7c4d47bb2f	1.4415679770542729	-0.2884734309028755	0.4454974962603135	-0.6475309812612605	0.5172883500474298	0.7239272136388468	d__Bacteria	p__Bacillota	c__Clostridia	o__Oscillospirales	f__Ruminococcaceae	g__Acutalibacter	NA
8d7e1465fbc2323c5155ea4c76dd520c	1.312257971335853	0.5610012491489742	0.4749576678785326	1.1811605266944478	0.23753895899576144	0.5183124226277362	d__Bacteria	p__Bacillota	c__Clostridia	o__Oscillospirales	f__Ruminococcaceae	NA	NA
7f9c14ef4eb251a43b71add4c10a821f	1.759129216639344	-0.4458302249463131	0.5007905977678706	-0.8902527861614665	0.3733301665997439	0.6405279001232749	d__Bacteria	p__Bacillota	c__Clostridia	o__Oscillospirales	f__Ruminococcaceae	g__DTU089	NA
e367dacc4cf58de7164775e5899d4ab2	7.818135373731653	-0.9798666110771436	0.6908603528923254	-1.4183280412240729	0.15609501355450944	0.41631999774401846	d__Bacteria	p__Bacillota	c__Clostridia	o__Oscillospirales	f__Ruminococcaceae	g__DTU089	NA
5be3209e582e95344bf276752e68b3b5	1.1395703323926312	0.0017551680212420488	0.469097654724441	0.0037415834497682063	0.997014655298005	NA	d__Bacteria	p__Bacillota	c__Clostridia	o__Oscillospirales	f__Ruminococcaceae	g__DTU089	NA
28085233f3e0a490f80b7ccad8d67936	1.1826699655475916	0.30838567462051675	0.46005740072210194	0.6703199951494692	0.5026538233832575	0.7061368533742548	d__Bacteria	p__Bacillota	c__Clostridia	o__Oscillospirales	f__Ruminococcaceae	g__DTU089	NA
6d6ab7315b399f8c54b50467972c07aa	1.1399192499953223	-0.5457819121309053	0.41168990599893035	-1.3257111825625458	0.18493538193752443	NA	d__Bacteria	p__Bacillota	c__Clostridia	o__Oscillospirales	f__Ruminococcaceae	g__Acutalibacter	NA
d153a93d6748038f00edb714615c0737	1.426461791516164	0.2454373104132145	0.5240462389025781	0.4683504854976015	0.6395339706852607	0.8188489326151366	d__Bacteria	p__Bacillota	c__Clostridia	o__Oscillospirales	f__Ruminococcaceae	g__Acutalibacter	NA
ee72ee97db064e5d745356f479b9e576	4.206455140006171	-2.028224346175457	0.666396216529151	-3.043571220645929	0.002337880949735188	0.023794873056203057	d__Bacteria	p__Bacillota	c__Clostridia	o__Oscillospirales	f__Ruminococcaceae	NA	NA
8135beec331a8d558070c38b580e4b8e	112.41829147860066	1.6243305360226739	1.0185994086705903	1.5946706057316924	0.11078591452203536	0.3429223797447538	d__Bacteria	p__Bacillota	c__Clostridia	o__Oscillospirales	f__Ruminococcaceae	NA	NA
9df65efefe9b34d0194b9c1b5211240e	1.2409058363753223	0.426297445229322	0.4759612115188385	0.8956558536964921	0.37043659511659127	0.6383107216596605	d__Bacteria	p__Bacillota	c__Clostridia	o__Oscillospirales	f__Ruminococcaceae	NA	NA
d91307995a09d4534d9db5c59ac392df	1.1687692434511097	0.2774023293059986	0.4602266223809804	0.6027515919675809	0.5466739544549011	0.7336901463490294	d__Bacteria	p__Bacillota	c__Clostridia	o__Oscillospirales	f__Ruminococcaceae	NA	NA
22f2e2ecaec907a93025a13d5775627a	1.1968864384074758	0.3387348548368245	0.4601314482831441	0.7361697534491977	0.4616273969745848	0.6870696622644521	d__Bacteria	p__Bacillota	c__Clostridia	o__Oscillospirales	f__Ruminococcaceae	g__CAG-352	NA
49a2ea7eebe52a4aed8f3126b7f72570	1.2536056332092114	0.4540017666008257	0.4639326784467803	0.9785940669685034	0.32778059197502124	0.5984176048663825	d__Bacteria	p__Bacillota	c__Clostridia	o__Oscillospirales	f__Ruminococcaceae	NA	NA
6acfe69f470ceebec0cce442b1190fa9	1.2839460209586493	0.5086971718467365	0.46878168565609635	1.0851472815854042	0.27785642898190194	0.5604576383852357	d__Bacteria	p__Bacillota	c__Clostridia	o__Oscillospirales	f__Ruminococcaceae	g__CAG-352	NA
c5ed5baac8c4ff452a1e65a58e880bfa	1.6281071579157698	-0.7302699051037119	0.4639720600381732	-1.5739523303270226	0.11549847044990835	0.35476640156097167	d__Bacteria	p__Bacillota	c__Clostridia	o__Oscillospirales	f__Ruminococcaceae	g__Acutalibacter	NA
79bff3f007caa131bbddfff793705030	1.2108624911126895	0.00175521217139879	0.4735470774626076	0.003706520966835416	0.9970426309178076	0.998890072806692	d__Bacteria	p__Bacillota	c__Clostridia	o__Oscillospirales	f__Ruminococcaceae	NA	NA
596db8ce20ae5cbfdc338a62f1bed1d9	23.23328662229067	0.033292547295545385	0.8244266458446607	0.04038266771622323	0.9677880481360215	0.998890072806692	d__Bacteria	p__Bacillota	c__Clostridia	o__Oscillospirales	f__Ruminococcaceae	g__Acutalibacter	NA
c3879fe68eb4e540708a773da0cb2e89	1.1831055059566264	0.30842295036754336	0.46007698379710094	0.6703724838005835	0.5026203709815513	0.7061368533742548	d__Bacteria	p__Bacillota	c__Clostridia	o__Oscillospirales	f__Ruminococcaceae	g__Acutalibacter	NA
0684128cfd2dfbb736f87e8b724d3fc0	1.1966989339274532	0.001755196431343038	0.47229500150338505	0.0037163137991212854	0.9970348174219343	0.998890072806692	d__Bacteria	p__Bacillota	c__Clostridia	o__Oscillospirales	f__Ruminococcaceae	g__Incertae_Sedis	NA
8df31d859e0a5446b30ca0cd81ce907f	1.312444872620538	-1.25191355172944	0.3837654327577498	-3.2621842533683973	0.0011055725852740328	0.013412047221354681	d__Bacteria	p__Bacillota	c__Clostridia	o__Oscillospirales	f__Ruminococcaceae	NA	NA
db74729dd7ab527fba7a5a66a59f207a	1.2693088689886092	-1.1051455207658325	0.38183765540141007	-2.894281130036897	0.0038002774499429205	0.03337134896902435	d__Bacteria	p__Bacillota	c__Clostridia	o__Oscillospirales	f__Ruminococcaceae	g__Caproiciproducens	NA
0266b37dda69c8fd306c9e0ee679e583	1.4120817311967824	-1.1547032871375174	0.42945579282530266	-2.6887593704137935	0.007171809634452395	0.053264341188415304	d__Bacteria	p__Bacillota	c__Clostridia	o__Oscillospirales	f__Ruminococcaceae	NA	NA
f47be61fae5b53aa6a1a37e7ebf1675e	1.2112571641337717	0.3684681582317007	0.4605072067785104	0.8001354871497643	0.4236323024555313	0.6642795753471423	d__Bacteria	p__Bacillota	c__Clostridia	o__Oscillospirales	f__Ruminococcaceae	g__Incertae_Sedis	NA
2d88bef5acdb787ea01151589d421283	1.3693351471230242	0.6600030734987902	0.5147092194493599	1.2822833719684812	0.19974325882042074	0.4778718204050305	d__Bacteria	p__Bacillota	c__Clostridia	o__Oscillospirales	f__Ruminococcaceae	NA	NA
06efa8e923453e1a7c2c1c40d7cdc42a	1.1970578304812667	-0.821305059281221	0.39164266839875905	-2.097077580027599	0.03598670830449468	0.15830088786122318	d__Bacteria	p__Bacillota	c__Clostridia	o__Oscillospirales	f__Ethanoligenenaceae	g__Acetanaerobacterium	NA
1343255900d1b3ffeae9b0bb79cb2ace	1.1392510513400353	-0.5456623317777871	0.4116759660185961	-1.3254656011498585	0.18501677132333957	NA	d__Bacteria	p__Bacillota	c__Clostridia	o__Oscillospirales	f__Ethanoligenenaceae	g__Acetanaerobacterium	NA
ff376ce6067337dd934fdebe0a3cf2eb	1.3996319973331084	0.7080966361059027	0.4867196226120331	1.454834782098626	0.14571500645547023	0.4072578973290602	d__Bacteria	p__Bacillota	c__Clostridia	o__Oscillospirales	f__Ethanoligenenaceae	g__Acetanaerobacterium	NA
1a9e209eaacb9ca8ab8920e8ff62e839	1.1536430080925728	0.0017551710237933595	0.46969159322994725	0.0037368585026687482	0.9970184252339911	NA	d__Bacteria	p__Bacillota	c__Clostridia	o__Oscillospirales	f__Ethanoligenenaceae	g__Acetanaerobacterium	NA
4ac43ecbe6347d46a2ab5a31ffd64c25	1.789548778162883	1.0207733208946668	0.5431474119784682	1.8793669975824776	0.06019439935378455	0.2287768152654913	d__Bacteria	p__Bacillota	c__Clostridia	o__Oscillospirales	f__Ruminococcaceae	NA	NA
f94b14e11dfe405e48976839ca380380	2.3035613922735965	-0.644270758082955	0.49990151984024367	-1.2887953577113511	0.1974692403664041	0.4778718204050305	d__Bacteria	p__Bacillota	c__Clostridia	o__Oscillospirales	f__Ruminococcaceae	g__Candidatus_Soleaferrea	NA
0a77223390bdcb60a93ae6d93fdbbef5	1.2402214252822912	0.4261120020019758	0.47596672245591093	0.8952558695769888	0.3706503249787044	0.6383107216596605	d__Bacteria	p__Bacillota	c__Clostridia	o__Oscillospirales	f__Ruminococcaceae	g__Candidatus_Soleaferrea	NA
9cbf794b9c89435874fce22eba240120	1.5551726711461502	0.9417396130549412	0.5350050919560702	1.76024420554911	0.07836640975649735	0.2772345225064266	d__Bacteria	p__Bacillota	c__Clostridia	o__Oscillospirales	f__[Eubacterium]_coprostanoligenes_group	g__Incertae_Sedis	NA
b42c103a8a466983c20bd46171c9f925	1.3115147361538007	0.0017558025626316824	0.5132564542523275	0.003420906932752362	0.997270516498092	0.998890072806692	d__Bacteria	p__Bacillota	c__Clostridia	o__Oscillospirales	f__Ruminococcaceae	g__Candidatus_Soleaferrea	NA
034061db75629f2f71b16186302a7e44	1.3255412619986322	0.0017558545882187452	0.51750131271058	0.0033929471193452454	0.9972928250720619	0.998890072806692	d__Bacteria	p__Bacillota	c__Clostridia	o__Oscillospirales	f__Ruminococcaceae	g__Anaerotruncus	NA
60a73a2ed26650bb42cc578d666c1bf0	1.0531791811445184	0.0017551796490457537	0.466766271650045	0.0037602966530574183	0.9969997244270533	NA	d__Bacteria	p__Bacillota	c__Clostridia	o__Oscillospirales	f__Ruminococcaceae	g__[Clostridium]_methylpentosum_group	NA
12acef5e0eba782d45fe9f038a99bf7b	1.1966989339274532	0.001755196431343038	0.47229500150338505	0.0037163137991212854	0.9970348174219343	0.998890072806692	d__Bacteria	p__Bacillota	c__Clostridia	o__Oscillospirales	f__Ruminococcaceae	g__Candidatus_Soleaferrea	NA
76ec16cef4c7230bd9bcad23c56fba9f	1.341200923930714	0.6115258450515365	0.5077618429840564	1.2043556511802294	0.22845214548676124	0.5182506720239989	d__Bacteria	p__Bacillota	c__Clostridia	o__Oscillospirales	f__Ruminococcaceae	NA	NA
a9c65f22ab35a2635324961ee4e44023	2.4449297140601343	1.2094105767922514	0.6007340492756663	2.0132212886059904	0.04409135460193703	0.18645674956664215	d__Bacteria	p__Bacillota	c__Clostridia	o__Oscillospirales	f__Ruminococcaceae	g__Negativibacillus	NA
504efe2f63f610a0f92e8cd040e2f916	3.9233366239654783	2.6488120955658916	0.7113416296478565	3.723684914767554	1.9633593657640599e-4	0.003996601014038366	d__Bacteria	p__Bacillota	c__Clostridia	o__Oscillospirales	f__Ruminococcaceae	g__Negativibacillus	NA
c6c26f8994aec46b428288c75e4a7883	1.2406168109377542	0.001755460689175298	0.4886014428618331	0.0035928274769170252	0.9971333445938678	0.998890072806692	d__Bacteria	p__Bacillota	c__Clostridia	o__Oscillospirales	f__Ruminococcaceae	g__Negativibacillus	NA
9477f7ab72d5823d887edda3cb867545	2.034114754893744	1.2931378317604618	0.6011329677268238	2.1511677136099276	0.03146296440910683	0.14946035842977734	d__Bacteria	p__Bacillota	c__Clostridia	o__Oscillospirales	f__Ruminococcaceae	g__Negativibacillus	NA
2489471b3729e885a2c1ddaa10774d8e	23.25130099359907	-0.12314213858673477	0.853538393793348	-0.14427252421470918	0.8852852737991443	0.998890072806692	d__Bacteria	p__Bacillota	c__Clostridia	o__Oscillospirales	f__Ruminococcaceae	g__Negativibacillus	NA
5c1532e4bbf41707f13a26609ad68f6a	1.0531791811445184	0.0017551796490457537	0.466766271650045	0.0037602966530574183	0.9969997244270533	NA	d__Bacteria	p__Bacillota	c__Clostridia	o__Oscillospirales	f__Ruminococcaceae	g__Negativibacillus	NA
fe1d758f268d0c3fe3c677aed90ffd1e	1.3413520982699727	-1.342167842722963	0.3870272271872563	-3.46788997889696	5.245620043107836e-4	0.007791031972363404	d__Bacteria	p__Bacillota	c__Clostridia	o__Oscillospirales	f__Ruminococcaceae	g__Paludicola	NA
dc8b29549096e6017f7319d3f86e32cc	1.4699302272070942	0.8188222295695087	0.535934285692338	1.527840728666438	0.1265520872401649	0.3743950632040652	d__Bacteria	p__Bacillota	c__Clostridia	o__Oscillospirales	f__Ruminococcaceae	g__Paludicola	NA
57a2b7f3845e9dc1a8bf96b2539bde57	1.3255412619986322	0.0017558545882187452	0.51750131271058	0.0033929471193452454	0.9972928250720619	0.998890072806692	d__Bacteria	p__Bacillota	c__Clostridia	o__Oscillospirales	f__Ruminococcaceae	g__Paludicola	NA
519641cb7dd8366ae2f6c6e2cd03f5a6	1.0531791811445184	0.0017551796490457537	0.466766271650045	0.0037602966530574183	0.9969997244270533	NA	d__Bacteria	p__Bacillota	c__Clostridia	o__Oscillospirales	f__Ruminococcaceae	g__Hydrogenoanaerobacterium	NA
edd418053a744b62aa296a5a85039b3a	1.182812026882528	0.0017551852151395664	0.471286597237793	0.0037242417361891744	0.9970284918871232	0.998890072806692	d__Bacteria	p__Bacillota	c__Clostridia	o__Oscillospirales	f__Ruminococcaceae	g__Hydrogenoanaerobacterium	NA
c064bcc15c3e7e32c36069f6da6f5d7a	1.3123526348888561	0.0017558038569624975	0.513356832151654	0.003420240555878692	0.9972710481868007	0.998890072806692	d__Bacteria	p__Bacillota	c__Clostridia	o__Oscillospirales	f__Ruminococcaceae	g__Hydrogenoanaerobacterium	NA
ef1243f7818d1e35c1e968e8539173cf	2.206210154047795	0.5379210986210622	0.542791568836834	0.9910269972943594	0.32167239775166434	0.5984176048663825	d__Bacteria	p__Bacillota	c__Clostridia	o__Oscillospirales	f__Ruminococcaceae	g__Anaerotruncus	NA
7c3d7711fd15460714ece118b35c0576	5.911834839212873	1.6903206342557335	0.680027402468519	2.4856654718910165	0.012930945566501192	0.08434367984444215	d__Bacteria	p__Bacillota	c__Clostridia	o__Oscillospirales	f__Ruminococcaceae	g__Anaerotruncus	NA
b204a17b1a7f29074d81303d5ca68464	2.3948042799835387	-0.59840308852316	0.5473803826194046	-1.0932125219022175	0.27430050040658394	0.5604576383852357	d__Bacteria	p__Bacillota	c__Clostridia	o__Oscillospirales	f__Ruminococcaceae	g__Phocea	NA
d5d82ae2c80b564a14faa14bd6f52c6d	1.2116193259354193	0.3685081008726827	0.4605293364915685	0.8001837704413635	0.4236043315046606	0.6642795753471423	d__Bacteria	p__Bacillota	c__Clostridia	o__Oscillospirales	f__Ruminococcaceae	g__Phocea	NA
55beed6d1a19ce34788b66488ffe3917	1.9022870779925551	1.000483857774299	0.60985298907242	1.6405328426708612	0.10089442553145164	0.3231312135020625	d__Bacteria	p__Bacillota	c__Clostridia	o__Oscillospirales	f__Ruminococcaceae	g__Incertae_Sedis	NA
f51b08aede2218e99b6d9967bf1ed6bb	1.2110509092057467	0.001755212383324103	0.473558928554471	0.003706428656475453	0.9970427045703127	0.998890072806692	d__Bacteria	p__Bacillota	c__Clostridia	o__Oscillospirales	f__Ruminococcaceae	NA	NA
3be0720e638655202a9850a2fa4f4409	1.182024757471821	0.30833035958043775	0.46002846565814687	0.6702419145722214	0.5027035883721798	0.7061368533742548	d__Bacteria	p__Bacillota	c__Clostridia	o__Oscillospirales	f__Ruminococcaceae	g__Harryflintia	NA
cd1d1806410700bcff8e512cb325a25c	1.0531791811445184	0.0017551796490457537	0.466766271650045	0.0037602966530574183	0.9969997244270533	NA	d__Bacteria	p__Bacillota	c__Clostridia	o__Oscillospirales	f__Incertae_Sedis	g__Incertae_Sedis	NA
6842fc2d1bb1ae8775684934ffe0f810	1.16866924764417	0.2773947120062041	0.46022270481967664	0.6027401714456748	0.5466815530946634	0.7336901463490294	d__Bacteria	p__Bacillota	c__Clostridia	o__Oscillospirales	f__Ruminococcaceae	g__[Clostridium]_methylpentosum_group	NA
ecdb9d1fd7f883ccc8873ec7f9119f77	1.2974815184915458	0.5349363284903164	0.4716416945524353	1.13420067536214	0.25671038080325764	0.534513724851049	d__Bacteria	p__Bacillota	c__Clostridia	o__Oscillospirales	f__Ruminococcaceae	NA	NA
b0938aed5be8f42ed0791fe5c571fc34	1.355602011070024	0.6361489134204803	0.5152710027736915	1.2345909433989217	0.21698278129602586	0.5076515736640196	d__Bacteria	p__Bacillota	c__Clostridia	o__Oscillospirales	f__Ruminococcaceae	NA	NA
de641e423b4a00fd0c6ae6fa5d27e866	1.3556399077440653	0.6362613950224443	0.4876319435122353	1.3047984314556695	0.19196149339648222	0.47251936633983255	d__Bacteria	p__Bacillota	c__Clostridia	o__Oscillospirales	f__Ruminococcaceae	g__Paludicola	NA
3a3b61faf9a3f7bce28f17bfe73ee637	1.038742922832062	-0.03671924186339007	0.468089205441176	-0.0784449661230321	0.9374741059134039	NA	d__Bacteria	p__Bacillota	c__Clostridia	o__Oscillospirales	f__Ruminococcaceae	g__Incertae_Sedis	NA
d6aca1ce3a8896b5a4ac550a4108ddd9	2.7093105173671828	1.775370487683807	0.6458100542626931	2.7490598450200774	0.0059766473065233534	0.04630937687183579	d__Bacteria	p__Bacillota	c__Clostridia	o__Oscillospirales	f__Ruminococcaceae	g__Incertae_Sedis	NA
7010fa8b36b09d14da1362ae66ab0856	1.2402214252822914	-0.9981278396847479	0.38360928065886957	-2.601938717359522	0.009269841519609934	0.062545391376694	d__Bacteria	p__Bacillota	c__Clostridia	o__Oscillospirales	f__Ruminococcaceae	NA	NA
dc635fb545065d72aa1f3969ed1ce9c9	1.1686518630253597	-0.6901635210190844	0.40034812539342823	-1.723908461768992	0.08472436951595576	0.2804913925732454	d__Bacteria	p__Bacillota	c__Clostridia	o__Oscillospirales	f__Ruminococcaceae	g__Incertae_Sedis	NA
d56fd4c21346f6d694c7e638f6bdcb70	2.404284044433574	-0.21609919488563722	0.5318815677396683	-0.4062919416515819	0.6845281056492756	0.859057737601651	d__Bacteria	p__Bacillota	c__Clostridia	o__Oscillospirales	f__Ruminococcaceae	g__Incertae_Sedis	NA
a8bab35fbc3fab1ef2a8c34cc63f6e20	1.7874443203272763	1.2285527721356568	0.5536617618685635	2.2189590409664395	0.026489511200045526	0.1320078960632974	d__Bacteria	p__Bacillota	c__Clostridia	o__Oscillospirales	f__Ruminococcaceae	g__Incertae_Sedis	NA
6a8750db6564385810f7a61b78b11cab	1.1827659080166872	0.0017551851758112861	0.47128443645598805	0.003724258727935307	0.9970284783297654	0.998890072806692	d__Bacteria	p__Bacillota	c__Clostridia	o__Oscillospirales	f__Ruminococcaceae	g__Faecalibacterium	NA
c646376e2fdc054668e507b4ea460c84	1.1974983059931716	0.3387940507728505	0.46016337020386694	0.7362473258633212	0.46158019578873566	0.6870696622644521	d__Bacteria	p__Bacillota	c__Clostridia	o__Oscillospirales	f__Ruminococcaceae	g__Faecalibacterium	NA
5cbbf20522c735d0eae7a8e5ad7481c6	1.168282100613917	0.2773651833993635	0.4602075549836722	0.6026958497219894	0.5467110430314911	0.7336901463490294	d__Bacteria	p__Bacillota	c__Clostridia	o__Oscillospirales	f__Ruminococcaceae	g__Faecalibacterium	NA
e8943632190a323238c1856db7740504	1.1684083773560827	0.2773748213533863	0.4602124933846433	0.6027103247750335	0.546701411812219	0.7336901463490294	d__Bacteria	p__Bacillota	c__Clostridia	o__Oscillospirales	f__Ruminococcaceae	g__Faecalibacterium	NA
a383bbf0dc0a9f5c17cf3303b55af028	2.366680937539086	-3.0000233719555545	0.49898188846350966	-6.012289105709585	1.8292172112362766e-9	2.196889870694768e-7	d__Bacteria	p__Bacillota	c__Clostridia	o__Oscillospirales	f__Ruminococcaceae	g__Faecalibacterium	NA
f5f5e0da89730462abaf6301a9557193	1483.368444428102	0.4196690118249422	0.8429341650375078	0.4978668907153245	0.6185778652074632	0.801415335613984	d__Bacteria	p__Bacillota	c__Clostridia	o__Oscillospirales	f__Ruminococcaceae	g__Faecalibacterium	NA
18a9e0a4cf1b97c0168ef4742ed1cca6	1.2562031750408782	0.0017555479661843887	0.4944111299436636	0.0035507856920300868	0.997166888870959	0.998890072806692	d__Bacteria	p__Bacillota	c__Clostridia	o__Oscillospirales	f__Ruminococcaceae	g__Faecalibacterium	NA
78d4f442773fc72402c01693d81a45e6	1.0531791811445184	0.0017551796490457537	0.466766271650045	0.0037602966530574183	0.9969997244270533	NA	d__Bacteria	p__Bacillota	c__Clostridia	o__Oscillospirales	f__Ruminococcaceae	g__Faecalibacterium	NA
3005b313290526b615bfe9befcc0133e	1.0531791811445184	0.0017551796490457537	0.466766271650045	0.0037602966530574183	0.9969997244270533	NA	d__Bacteria	p__Bacillota	c__Clostridia	o__Oscillospirales	f__Ruminococcaceae	g__Faecalibacterium	NA
6b501a5fb3c6d6832444d498d5d04dad	1.0531791811445184	0.0017551796490457537	0.466766271650045	0.0037602966530574183	0.9969997244270533	NA	d__Bacteria	p__Bacillota	c__Clostridia	o__Oscillospirales	f__Ruminococcaceae	g__Faecalibacterium	NA
49f22c49ecc8f7c7906b86b1076b9e7f	1.0531791811445184	0.0017551796490457537	0.466766271650045	0.0037602966530574183	0.9969997244270533	NA	d__Bacteria	p__Bacillota	c__Clostridia	o__Oscillospirales	f__Ruminococcaceae	g__Faecalibacterium	NA
29aae8b625298e07e7aee01534951d17	2.129978838804895	-2.808296342201059	0.48796097192516374	-5.755165891897916	8.655675229804183e-9	6.930310633996549e-7	d__Bacteria	p__Bacillota	c__Clostridia	o__Oscillospirales	f__Ruminococcaceae	g__Faecalibacterium	NA
3b4cfb5c1817cb306fe3ab275bb4b008	1.0531791811445184	0.0017551796490457537	0.466766271650045	0.0037602966530574183	0.9969997244270533	NA	d__Bacteria	p__Bacillota	c__Clostridia	o__Oscillospirales	f__Ruminococcaceae	g__Faecalibacterium	NA
22ca7d870ab8e58df51a2ec1fb54c8d2	1.0387264241175567	0.0017551853957245857	0.4665047840706333	0.0037624167118055405	0.9969980328768762	NA	d__Bacteria	p__Bacillota	c__Clostridia	o__Oscillospirales	f__Ruminococcaceae	g__Faecalibacterium	NA
c3726591d58a1266fa84775969018cd7	2.07973985330635	0.0017566058613089949	0.6260012392297302	0.002806074095748483	0.9977610797407629	0.998890072806692	d__Bacteria	p__Bacillota	c__Clostridia	o__Oscillospirales	f__Ruminococcaceae	g__Faecalibacterium	NA
f794d24c79f7cc5ff6a50778953c671c	1.0242837059928704	-0.03671959359840142	0.46784416502599313	-0.07848680467429	0.9374408261870597	NA	d__Bacteria	p__Bacillota	c__Clostridia	o__Oscillospirales	f__Ruminococcaceae	g__Faecalibacterium	NA
b205bfbb7b12662505532cfa0b3d5258	1.0531791811445184	0.0017551796490457537	0.466766271650045	0.0037602966530574183	0.9969997244270533	NA	d__Bacteria	p__Bacillota	c__Clostridia	o__Oscillospirales	f__Ruminococcaceae	g__Faecalibacterium	NA
c7f4c7d7e11af5c1d2a576b085288a41	1.0531791811445184	0.0017551796490457537	0.466766271650045	0.0037602966530574183	0.9969997244270533	NA	d__Bacteria	p__Bacillota	c__Clostridia	o__Oscillospirales	f__Ruminococcaceae	g__Faecalibacterium	NA
59777186ad2e0947e97615b5d6225136	684.3210914008337	0.4677215610828901	0.9596491562834709	0.48738808138411965	0.6259833382075775	0.8075252300615472	d__Bacteria	p__Bacillota	c__Clostridia	o__Oscillospirales	f__Ruminococcaceae	g__Faecalibacterium	NA
69fa8c8a51c800c951e9d463f8c80059	1.0531791811445184	0.0017551796490457537	0.466766271650045	0.0037602966530574183	0.9969997244270533	NA	d__Bacteria	p__Bacillota	c__Clostridia	o__Oscillospirales	f__Ruminococcaceae	g__Faecalibacterium	NA
9d550bab71b8b21528e0f0a59d4903c9	1.0531791811445184	0.0017551796490457537	0.466766271650045	0.0037602966530574183	0.9969997244270533	NA	d__Bacteria	p__Bacillota	c__Clostridia	o__Oscillospirales	f__Ruminococcaceae	g__Faecalibacterium	NA
3a657bf3d3e1de20be04c65f10805494	1.0531791811445184	0.0017551796490457537	0.466766271650045	0.0037602966530574183	0.9969997244270533	NA	d__Bacteria	p__Bacillota	c__Clostridia	o__Oscillospirales	f__Ruminococcaceae	g__Faecalibacterium	NA
d9b1b7e177fd2cde69dc86ec0c0ec098	1.0531791811445184	0.0017551796490457537	0.466766271650045	0.0037602966530574183	0.9969997244270533	NA	d__Bacteria	p__Bacillota	c__Clostridia	o__Oscillospirales	f__Ruminococcaceae	g__Faecalibacterium	NA
12792e17be6f75e36fd57c86fd77d836	1.0387304233561943	-0.0367196566245974	0.46808898943448524	-0.07844588839604988	0.9374733723066706	NA	d__Bacteria	p__Bacillota	c__Clostridia	o__Oscillospirales	f__Ruminococcaceae	g__Faecalibacterium	NA
3c77299a572864be87ed7657838a3434	1.0531791811445184	0.0017551796490457537	0.466766271650045	0.0037602966530574183	0.9969997244270533	NA	d__Bacteria	p__Bacillota	c__Clostridia	o__Oscillospirales	f__Ruminococcaceae	g__Faecalibacterium	NA
8e175abe6a746b8f33bae9cd7c8192bb	664.9160993953748	0.05127430265018293	0.9036269699008455	0.056742775899892885	0.9547500986469512	0.998890072806692	d__Bacteria	p__Bacillota	c__Clostridia	o__Oscillospirales	f__Ruminococcaceae	g__Faecalibacterium	NA
dd46e2d5cd81a8add2304556257a92f7	2.5938213784025246	0.0017566635878016425	0.6648657086638591	0.0026421329373895737	0.9978918853744129	0.998890072806692	d__Bacteria	p__Bacillota	c__Clostridia	o__Oscillospirales	f__Ruminococcaceae	g__Faecalibacterium	NA
a6162510c606a443e3cce1e7d6f598b6	1.0531791811445184	0.0017551796490457537	0.466766271650045	0.0037602966530574183	0.9969997244270533	NA	d__Bacteria	p__Bacillota	c__Clostridia	o__Oscillospirales	f__Ruminococcaceae	g__Faecalibacterium	NA
927402c8e9f62efcd0170b7c487e24a9	1.0531791811445184	0.0017551796490457537	0.466766271650045	0.0037602966530574183	0.9969997244270533	NA	d__Bacteria	p__Bacillota	c__Clostridia	o__Oscillospirales	f__Ruminococcaceae	g__Faecalibacterium	NA
96f95f5116bde81398404e036b47f03e	1.0531791811445184	0.0017551796490457537	0.466766271650045	0.0037602966530574183	0.9969997244270533	NA	d__Bacteria	p__Bacillota	c__Clostridia	o__Oscillospirales	f__Ruminococcaceae	g__Faecalibacterium	NA
623ed2fd811bd95c8519e7926bf65072	1.0531791811445184	0.0017551796490457537	0.466766271650045	0.0037602966530574183	0.9969997244270533	NA	d__Bacteria	p__Bacillota	c__Clostridia	o__Oscillospirales	f__Ruminococcaceae	g__Faecalibacterium	NA
86ff0efd7fd88b82809500c90c4a7832	115.9196305630743	1.496108515836955	0.9867176111436408	1.516247910182643	0.12945667761960195	0.38107222995377926	d__Bacteria	p__Bacillota	c__Clostridia	o__Oscillospirales	f__Ruminococcaceae	g__Faecalibacterium	NA
cdf0ab59552ae9876bfb33a445df485f	1.0531791811445184	0.0017551796490457537	0.466766271650045	0.0037602966530574183	0.9969997244270533	NA	d__Bacteria	p__Bacillota	c__Clostridia	o__Oscillospirales	f__Ruminococcaceae	g__Faecalibacterium	NA
d6d857679e85f77b060f4b6651217212	1.0387386692036873	-0.03671938309544485	0.4680891319336553	-0.07844528016226036	0.9374738561161168	NA	d__Bacteria	p__Bacillota	c__Clostridia	o__Oscillospirales	f__Ruminococcaceae	NA	NA
c48070f3061b086b60ff32f77e0002fa	242.95160857420612	0.16885388520688552	0.8707093970112532	0.19392679783459743	0.8462332003639502	0.998890072806692	d__Bacteria	p__Bacillota	c__Clostridia	o__Oscillospirales	f__Ruminococcaceae	g__Gemmiger	NA
d2225401f14ec41f51e04588454969b7	1.0531791811445184	0.0017551796490457537	0.466766271650045	0.0037602966530574183	0.9969997244270533	NA	d__Bacteria	p__Bacillota	c__Clostridia	o__Oscillospirales	f__Ruminococcaceae	NA	NA
b892a377de283ef34540e60931454d35	1.3413520982699727	-1.342167842722963	0.3870272271872563	-3.46788997889696	5.245620043107836e-4	0.007791031972363404	d__Bacteria	p__Bacillota	c__Clostridia	o__Oscillospirales	f__Ruminococcaceae	g__Gemmiger	NA
2117b7ad8596640d6b70046a1b9806fe	1.0531791811445184	0.0017551796490457537	0.466766271650045	0.0037602966530574183	0.9969997244270533	NA	d__Bacteria	p__Bacillota	c__Clostridia	o__Oscillospirales	f__Ruminococcaceae	g__Gemmiger	NA
b726627e18f29e0da5289f81ca294f92	13.235490072611372	-1.46848410033393	0.8070480016910225	-1.819574668739639	0.0688238021956196	0.2520042269418876	d__Bacteria	p__Bacillota	c__Clostridia	o__Oscillospirales	f__Ruminococcaceae	g__Gemmiger	NA
7c44d9beb734b1b9609dee8705b886aa	1.0531791811445184	0.0017551796490457537	0.466766271650045	0.0037602966530574183	0.9969997244270533	NA	d__Bacteria	p__Bacillota	c__Clostridia	o__Oscillospirales	f__Ruminococcaceae	g__Gemmiger	NA
c08c41c826072dc8bb892e9305ac1a7b	1.0531791811445184	0.0017551796490457537	0.466766271650045	0.0037602966530574183	0.9969997244270533	NA	d__Bacteria	p__Bacillota	c__Clostridia	o__Oscillospirales	f__Ruminococcaceae	g__Gemmiger	NA
54239c6454a6a3d3a48e90a79744afb7	1.6568512337204442	-1.3833680212789619	0.48299820331079313	-2.864126640216115	0.004181607933715646	0.03613029588771576	d__Bacteria	p__Bacillota	c__Clostridia	o__Oscillospirales	f__Ruminococcaceae	g__Gemmiger	NA
e0fc7e9a421580cbfcfa30cfa0917791	1.0387111791071328	0.0017551853902431904	0.46650449873634303	0.003762419001312093	0.9969980310501271	NA	d__Bacteria	p__Bacillota	c__Clostridia	o__Oscillospirales	f__Ruminococcaceae	NA	NA
9639a3291729a3758207b47715d9205f	298.804393949248	-1.0228875481761845	0.8684467090685051	-1.1778357123067833	0.23886210835072103	0.5183124226277362	d__Bacteria	p__Bacillota	c__Clostridia	o__Oscillospirales	f__Ruminococcaceae	g__Gemmiger	NA
75250c9f20196e6590a231523f1b63be	1.0531791811445184	0.0017551796490457537	0.466766271650045	0.0037602966530574183	0.9969997244270533	NA	d__Bacteria	p__Bacillota	c__Clostridia	o__Oscillospirales	f__Ruminococcaceae	NA	NA
95bf2227469960757c08b536edf1db8d	1.0531791811445184	0.0017551796490457537	0.466766271650045	0.0037602966530574183	0.9969997244270533	NA	d__Bacteria	p__Bacillota	c__Clostridia	o__Oscillospirales	f__Ruminococcaceae	NA	NA
8969bc2e58173c5b645d59c167584d71	1.0531791811445184	0.0017551796490457537	0.466766271650045	0.0037602966530574183	0.9969997244270533	NA	d__Bacteria	p__Bacillota	c__Clostridia	o__Oscillospirales	f__Ruminococcaceae	NA	NA
f5995594664cfbee76fa31c02d71bea5	1.0531791811445184	0.0017551796490457537	0.466766271650045	0.0037602966530574183	0.9969997244270533	NA	d__Bacteria	p__Bacillota	c__Clostridia	o__Oscillospirales	f__Ruminococcaceae	g__Gemmiger	NA
ba1163413c312007563596b45c43e474	1.0387324637811943	0.0017551853978961742	0.46650489712377025	0.003762415804673748	0.9969980336006574	NA	d__Bacteria	p__Bacillota	c__Clostridia	o__Oscillospirales	f__Ruminococcaceae	g__Gemmiger	NA
ea00763b3eff28e6e109d14cb2cff8d5	1.484701578896815	0.8405006699750392	0.5225565100816015	1.6084397644262207	0.10773889862185097	0.3369646282417787	d__Bacteria	p__Bacillota	c__Clostridia	o__Oscillospirales	f__Ruminococcaceae	g__Anaerofilum	NA
8a2eb905be3e14870030cc54aa710e04	1.1826699655475919	0.3083856746205165	0.4600574007221026	0.6703199951494677	0.5026538233832583	0.7061368533742548	d__Bacteria	p__Bacillota	c__Clostridia	o__Oscillospirales	f__Ruminococcaceae	g__Incertae_Sedis	NA
f9a235cb9fc7d750401a46923262099c	1.2251973374734324	0.0017552330496607852	0.4750842861592177	0.0036945718913391798	0.9970521648353827	0.998890072806692	d__Bacteria	p__Bacillota	c__Clostridia	o__Oscillospirales	f__Ruminococcaceae	NA	NA
698c0199aff19d7bce2003b370afef5b	1.0531791811445184	0.0017551796490457537	0.466766271650045	0.0037602966530574183	0.9969997244270533	NA	d__Bacteria	p__Bacillota	c__Clostridia	o__Oscillospirales	f__Ruminococcaceae	g__Fournierella	NA
64b75473aff451e76e946c655fcbb361	1.038742922832062	-0.03671924186339007	0.468089205441176	-0.0784449661230321	0.9374741059134039	NA	d__Bacteria	p__Bacillota	c__Clostridia	o__Oscillospirales	f__Ruminococcaceae	g__Fournierella	NA
08e78f74d2109bad6845fd1a904cb7a8	1.1533924071768649	0.24562708931219268	0.4605393756450858	0.5333465547177989	0.59379370661683	NA	d__Bacteria	p__Bacillota	c__Clostridia	o__Oscillospirales	f__Ruminococcaceae	g__Fournierella	NA
f479c23321346918723839e33a3544f4	245.77417038062308	-0.33884587734861416	0.8096799507021882	-0.41849359991531576	0.6755862649204952	0.8510240694137489	d__Bacteria	p__Bacillota	c__Clostridia	o__Oscillospirales	f__Ruminococcaceae	g__Ruthenibacterium	NA
3c47d1756ee2bde5d0607744e6dbd522	1.0531791811445184	0.0017551796490457537	0.466766271650045	0.0037602966530574183	0.9969997244270533	NA	d__Bacteria	p__Bacillota	c__Clostridia	o__Oscillospirales	f__Ruminococcaceae	g__Ruthenibacterium	NA
3996dd9c5d3c14824bae483a0cd35e7b	1.0531791811445184	0.0017551796490457537	0.466766271650045	0.0037602966530574183	0.9969997244270533	NA	d__Bacteria	p__Bacillota	c__Clostridia	o__Oscillospirales	f__Ruminococcaceae	g__Ruthenibacterium	NA
9bcdff78f108f90ce33eea9907c345d2	1.4268000725735508	-0.9752071913292826	0.4256859282567315	-2.2909077481676454	0.02196874976637407	0.11764833233393761	d__Bacteria	p__Bacillota	c__Clostridia	o__Oscillospirales	f__Ruminococcaceae	NA	NA
b48ab571a89a6f8e4839593015db7403	1.0531791811445184	0.0017551796490457537	0.466766271650045	0.0037602966530574183	0.9969997244270533	NA	d__Bacteria	p__Bacillota	c__Clostridia	o__Oscillospirales	f__Ruminococcaceae	NA	NA
030e9f546dc8475a2502f2e316d6408e	1.0531791811445184	0.0017551796490457537	0.466766271650045	0.0037602966530574183	0.9969997244270533	NA	d__Bacteria	p__Bacillota	c__Clostridia	o__Oscillospirales	f__Ruminococcaceae	NA	NA
f4bace87750c8c5b7697f61826634acb	1.0531791811445184	0.0017551796490457537	0.466766271650045	0.0037602966530574183	0.9969997244270533	NA	d__Bacteria	p__Bacillota	c__Clostridia	o__Oscillospirales	f__Ruminococcaceae	NA	NA
c54ecd701d322d197b9000b235740969	4.601799679753877	0.7323964847493397	0.7045805669155345	1.0394786900745445	0.2985821637864787	0.5793513723530769	d__Bacteria	p__Bacillota	c__Clostridia	o__Oscillospirales	f__Ruminococcaceae	NA	NA
c01bd0ac2dcabcf23fb54efd8b9f1db7	1.038742922832062	-0.03671924186339007	0.468089205441176	-0.0784449661230321	0.9374741059134039	NA	d__Bacteria	p__Bacillota	c__Clostridia	o__Oscillospirales	f__Ruminococcaceae	NA	NA
8e2daae0f076acb2d186378cb883210a	12.362190400188528	-0.005858373443568154	0.788280689503793	-0.007431836808352977	0.994070306737258	0.998890072806692	d__Bacteria	p__Bacillota	c__Clostridia	o__Oscillospirales	f__Ruminococcaceae	NA	NA
5bc6fef07d91f032128376191a454576	1.196340932619299	0.3386820340537528	0.46010306754031816	0.7361003608698492	0.4616696231868549	0.6870696622644521	d__Bacteria	p__Bacillota	c__Clostridia	o__Oscillospirales	f__Ruminococcaceae	g__Faecalibacterium	NA
d30f25f7cea858e96e06a0c05c5d9256	1.354210954720118	0.0017559475831313033	0.525508865075954	0.0033414233323685394	0.9973339348731493	0.998890072806692	d__Bacteria	p__Bacillota	c__Clostridia	o__Oscillospirales	f__Ruminococcaceae	g__Faecalibacterium	NA
369d99b22aa34cca1a277a7a62118a34	1.2697868602569844	0.48178546367792613	0.4662238889710354	1.0333779007790342	0.3014270842543503	0.5793513723530769	d__Bacteria	p__Bacillota	c__Clostridia	o__Oscillospirales	f__Ruminococcaceae	g__Faecalibacterium	NA
85d4001bee12be1087e1aee230a69080	1.0531791811445184	0.0017551796490457537	0.466766271650045	0.0037602966530574183	0.9969997244270533	NA	d__Bacteria	p__Bacillota	c__Clostridia	o__Oscillospirales	f__Ruminococcaceae	g__Faecalibacterium	NA
f5ae0c18690daa5d49aa37aa6500c6d3	1.2418198013068902	0.42641120744714806	0.46253256968090384	0.9219052568369931	0.35657799688956154	0.6363525046633661	d__Bacteria	p__Bacillota	c__Clostridia	o__Oscillospirales	f__Ruminococcaceae	g__Faecalibacterium	NA
5edd946e0a26ae1c85ed8c498c328387	99.46958976638092	0.33821396473898535	1.0475046464570985	0.3228758611075404	0.746789258087633	0.9217820133229673	d__Bacteria	p__Bacillota	c__Clostridia	o__Oscillospirales	f__Ruminococcaceae	g__Faecalibacterium	NA
99a5ad295ab4d905ff35ce528b6ce4c1	1.0531791811445184	0.0017551796490457537	0.466766271650045	0.0037602966530574183	0.9969997244270533	NA	d__Bacteria	p__Bacillota	c__Clostridia	o__Oscillospirales	f__Ruminococcaceae	g__Faecalibacterium	NA
3b7622de07b181ba38292243d116b233	1.1538942356802422	0.24566156149544457	0.460556650442027	0.5334013986328647	0.5937557495389971	NA	d__Bacteria	p__Bacillota	c__Clostridia	o__Oscillospirales	f__Ruminococcaceae	g__Faecalibacterium	NA
7c8c3f278fd565d8173c390d343f61e3	1.1395063707465674	0.21324440964412975	0.46107454075380977	0.46249443592243655	0.643726791516592	NA	d__Bacteria	p__Bacillota	c__Clostridia	o__Oscillospirales	f__Ruminococcaceae	g__Incertae_Sedis	NA
9e82e5935f292341fd65fc2497728918	1.2256278898600672	0.3975367962958517	0.4704023613581548	0.845099491312237	0.39805529232502684	0.6568594364791762	d__Bacteria	p__Bacillota	c__Clostridia	o__Oscillospirales	f__Oscillospiraceae	g__UCG-005	NA
aae4c4ed528ae16ec417df816699cfdb	1.8580023760457736	0.0017563761588850902	0.5846758445243951	0.0030040169699738755	0.9976031448441859	0.998890072806692	d__Bacteria	p__Bacillota	c__Clostridia	o__Oscillospirales	f__Oscillospiraceae	g__UCG-005	NA
aa72f8f170f758d18e7d96708fb3841c	1.1538942356802417	0.24566156149544457	0.46055665044203015	0.5334013986328611	0.5937557495389997	NA	d__Bacteria	p__Bacillota	c__Clostridia	o__Oscillospirales	f__Butyricicoccaceae	g__Butyricicoccus	NA
1d35d0a2fb99c554d8a1d71d4c19fe95	1.024266501880664	-0.03672017816243708	0.4678438880373699	-0.07848810062792566	0.9374397953456931	NA	d__Bacteria	p__Bacillota	c__Clostridia	o__Oscillospirales	f__Butyricicoccaceae	g__Incertae_Sedis	NA
3f6dce06719bb11b6b9bbb8f2c8a5644	19.70694504848303	0.7475155177651457	0.848763614506805	0.8807110778417474	0.37847421934631015	0.6456986643460175	d__Bacteria	p__Bacillota	c__Clostridia	o__Oscillospirales	f__Butyricicoccaceae	g__Agathobaculum	NA
4eca7561a3fdba12a569dbdc5f10b182	1.1824049907025562	-0.7571222718424168	0.3956613985834713	-1.9135611271481903	0.0556762560077131	0.21783458531208347	d__Bacteria	p__Bacillota	c__Clostridia	o__Oscillospirales	f__Butyricicoccaceae	g__Agathobaculum	NA
df16a09f3e448ddd3b1ec54066d3081d	9.054983218514918	0.5895919249262054	0.7813267749096084	0.7546035075969528	0.4504869184462933	0.6870696622644521	d__Bacteria	p__Bacillota	c__Clostridia	o__Oscillospirales	f__Butyricicoccaceae	g__Agathobaculum	NA
a18c0c17fce3d52dc60506e8730bc996	59.78629369271672	-1.1407029515116214	0.8225855682527472	-1.3867286219652344	0.16552452947929427	0.42843741358756987	d__Bacteria	p__Bacillota	c__Clostridia	o__Oscillospirales	f__Butyricicoccaceae	g__Agathobaculum	NA
c82c7b675ce5c6a0d3eca83879abf4aa	1.1968864384074758	0.3387348548368245	0.4601314482831441	0.7361697534491977	0.4616273969745848	0.6870696622644521	d__Bacteria	p__Bacillota	c__Clostridia	o__Oscillospirales	f__Butyricicoccaceae	g__Agathobaculum	NA
3f9afe17105dd0c33bf41ce08824f362	5.304224162523211	0.1527742669114709	0.6576058307201574	0.23231890560362686	0.816290329543595	0.9922719491719207	d__Bacteria	p__Bacillota	c__Clostridia	o__Oscillospirales	f__Butyricicoccaceae	g__Agathobaculum	NA
0b9d02f4aac5b03c9aee0ce31e90bc0d	1.2258335603486163	0.3975809737171504	0.47041125294807395	0.8451774298031878	0.3980117819647698	0.6568594364791762	d__Bacteria	p__Bacillota	c__Clostridia	o__Oscillospirales	f__Butyricicoccaceae	g__Agathobaculum	NA
6d52536b55ab19ff41c247db9d081d01	1.558144274682775	0.5346602365280982	0.5427685846971574	0.9850611321331664	0.32459404376257467	0.5984176048663825	d__Bacteria	p__Bacillota	c__Clostridia	o__Oscillospirales	f__Butyricicoccaceae	g__Agathobaculum	NA
83f009e01a309a924a43fc05380b9920	1.2693088689886096	0.4816912668151111	0.46617195828552765	1.03329095252031	0.3014677599942372	0.5793513723530769	d__Bacteria	p__Bacillota	c__Clostridia	o__Oscillospirales	f__Butyricicoccaceae	g__Agathobaculum	NA
334c54be1e2a2732900e652f8a78d60b	1.528036486444775	-0.22374536421999083	0.4663613125123825	-0.4797682788364871	0.631392171016956	0.8118865068430022	d__Bacteria	p__Bacillota	c__Clostridia	o__Oscillospirales	f__Butyricicoccaceae	g__Agathobaculum	NA
668f346d14385b50c7242f1fd81cf04a	1.0386805954253813	0.0017551853792483882	0.46650392643832095	0.0037624235934066697	0.9969980273861917	NA	d__Bacteria	p__Bacillota	c__Clostridia	o__Oscillospirales	f__Butyricicoccaceae	g__Agathobaculum	NA
cc4ec80d286c96c8a46b2941b2466038	1.3698310358228163	0.6602852276740667	0.5147026262970947	1.282847986271862	0.19954533857583062	0.4778718204050305	d__Bacteria	p__Bacillota	c__Clostridia	o__Oscillospirales	f__Butyricicoccaceae	g__Agathobaculum	NA
b9c68e187b8aa47ae6ded42e4aa81be1	1.0531791811445184	0.0017551796490457537	0.466766271650045	0.0037602966530574183	0.9969997244270533	NA	d__Bacteria	p__Bacillota	c__Clostridia	o__Oscillospirales	f__Butyricicoccaceae	g__Agathobaculum	NA
a07dbd6b81597b810de81ac0ad6caf26	1.8341199581724927	1.002728741652895	0.5727853888152262	1.750618575880544	0.08001163334909915	0.2804913925732454	d__Bacteria	p__Bacillota	c__Clostridia	o__Oscillospirales	f__Butyricicoccaceae	g__Agathobaculum	NA
560eea58f9921c6dbca7f9604bd352bf	1.2410815212095268	-0.03672130765240623	0.4970352453223338	-0.0738806915565756	0.9411053197603524	0.998890072806692	d__Bacteria	p__Bacillota	c__Clostridia	o__Oscillospirales	f__Butyricicoccaceae	g__Agathobaculum	NA
fff9fd9fdd5a143852810cc1efda341f	1.7762357896272005	0.27770351087041384	0.5733916691742411	0.48431731013871054	0.6281606928567198	0.80946458382073	d__Bacteria	p__Bacillota	c__Clostridia	o__Oscillospirales	f__Butyricicoccaceae	g__Butyricicoccus	NA
a1720628c4f47b9107208f814f56fcf5	1.0387386692036873	-0.036719383095444855	0.4680891319336553	-0.07844528016226038	0.9374738561161167	NA	d__Bacteria	p__Bacillota	c__Clostridia	o__Oscillospirales	f__Butyricicoccaceae	g__Butyricicoccus	NA
adb3b44f743586c33d9be6bd90d9dd1c	1.0531791811445184	0.0017551796490457537	0.466766271650045	0.0037602966530574183	0.9969997244270533	NA	d__Bacteria	p__Bacillota	c__Clostridia	o__Oscillospirales	f__Butyricicoccaceae	g__UCG-008	NA
ba23cfca57df968954f7f4698422bee6	1.096084093443724	0.11136164542305205	0.46347539131922677	0.2402752066427401	0.810116914318127	NA	d__Bacteria	p__Bacillota	c__Clostridia	o__Oscillospirales	f__Butyricicoccaceae	NA	NA
63e7b429d91966909c8b2e461d471b7c	1.0387111791071328	0.0017551853902431904	0.46650449873634303	0.003762419001312093	0.9969980310501271	NA	d__Bacteria	p__Bacillota	c__Clostridia	o__Oscillospirales	f__Butyricicoccaceae	g__Butyricicoccus	NA
afa3e197ab31aa17a760b9a076eb42f3	1.354570661988681	0.0017559480990757628	0.5255533494381927	0.003341141486307414	0.9973341597525147	0.998890072806692	d__Bacteria	p__Bacillota	c__Clostridia	o__Oscillospirales	f__Oscillospiraceae	g__UCG-005	NA
ee6f1ad3007b7380824da57876e6c8c3	1.456689504034929	0.7979082266965841	0.5363576409219306	1.4876421361781689	0.1368452949863543	0.3920147236724744	d__Bacteria	p__Bacillota	c__Clostridia	o__Oscillospirales	f__Oscillospiraceae	g__UCG-005	NA
b76fb65897eec48dec94d23d66c0f8f0	1.9892632005824944	1.4391725459766935	0.5926836175111592	2.428230684053953	0.015172689146767686	0.08976551559245316	d__Bacteria	p__Bacillota	c__Clostridia	o__Oscillospirales	f__Oscillospiraceae	g__UCG-005	NA
341caff1300aa78cd6d20a52e037a0f7	1.0531791811445184	0.0017551796490457537	0.466766271650045	0.0037602966530574183	0.9969997244270533	NA	d__Bacteria	p__Bacillota	c__Clostridia	o__Oscillospirales	f__Oscillospiraceae	g__UCG-005	NA
8a80b5cf4ed21ee1617aa27d0542d4a2	1.0531791811445184	0.0017551796490457537	0.466766271650045	0.0037602966530574183	0.9969997244270533	NA	d__Bacteria	p__Bacillota	c__Clostridia	o__Oscillospirales	f__Oscillospiraceae	g__UCG-005	NA
c2da7cc0247443dccd2e3d6a62f7be45	23.846360390553787	0.22095779722248965	0.8284945494163282	0.2666979491635204	0.7897017330758384	0.9668010004322954	d__Bacteria	p__Bacillota	c__Clostridia	o__Oscillospirales	f__Oscillospiraceae	g__UCG-005	NA
5ca4ec70e0319aa4e6e75595df17d8dc	9.1191880028288	-1.5705723268889638	0.7356789450242874	-2.1348610525167517	0.032772361515156063	0.15374846163946262	d__Bacteria	p__Bacillota	c__Clostridia	o__Oscillospirales	f__Oscillospiraceae	g__UCG-005	NA
a5e9c54f5a1e72cdf95bbee9ad459b08	1.2122026407043256	0.3685724338893696	0.4605650463801166	0.8002614110346034	0.4235593558673945	0.6642795753471423	d__Bacteria	p__Bacillota	c__Clostridia	o__Oscillospirales	f__Oscillospiraceae	g__UCG-005	NA
d61d182d52a4a2670558d6160246ffdb	1.469874699222183	-0.651945168411484	0.4193185396780262	-1.5547730584774053	0.12000012772832998	0.3639397813174856	d__Bacteria	p__Bacillota	c__Clostridia	o__Oscillospirales	f__Oscillospiraceae	g__UCG-005	NA
420f96256387d77de17ec28d160bb147	1.5552760345462553	-1.1543433887939758	0.47206672609052674	-2.4452970840664823	0.014473286677433236	0.08744350135491084	d__Bacteria	p__Bacillota	c__Clostridia	o__Oscillospirales	f__Oscillospiraceae	g__Incertae_Sedis	NA
eec38d4824a43492a8ff0f19a69bd331	1.3847996030863967	0.0017560302985071467	0.5331435227081799	0.003293729031138062	0.9973719892103162	0.998890072806692	d__Bacteria	p__Bacillota	c__Clostridia	o__Oscillospirales	f__Oscillospiraceae	g__Incertae_Sedis	NA
eed2ad9c2d5b732094c15f0902f14d2c	1.0531791811445184	0.0017551796490457537	0.466766271650045	0.0037602966530574183	0.9969997244270533	NA	d__Bacteria	p__Bacillota	c__Clostridia	o__Oscillospirales	f__Oscillospiraceae	g__UCG-005	NA
546e7f4c8e7d5c2e5b469cac519e61a3	1.2249732829142552	0.397396208216044	0.47034329229503974	0.8449067196790444	0.3981629223620621	0.6568594364791762	d__Bacteria	p__Bacillota	c__Clostridia	o__Oscillospirales	f__Oscillospiraceae	g__UCG-005	NA
4bd01f90398375480101204bbcdd2ceb	57.89918454543075	2.556914071152342	0.9693404267617087	2.6377875105181223	0.008344885301840235	0.060374742454880254	d__Bacteria	p__Bacillota	c__Clostridia	o__Oscillospirales	f__Oscillospiraceae	g__UCG-005	NA
0f603a9018080b298f6f858569d3b3e2	5.392862885784074	-3.093200412458136	0.5804812334989385	-5.328682882327482	9.892755190292038e-8	6.0102498438864404e-6	d__Bacteria	p__Bacillota	c__Clostridia	o__Oscillospirales	f__Oscillospiraceae	g__UCG-005	NA
b2506d7e0328de8e0b8e68da4f7fad5e	2.014585299397647	1.464587638727167	0.595625791206053	2.4589056759305143	0.013936122721864647	0.08744350135491084	d__Bacteria	p__Bacillota	c__Clostridia	o__Oscillospirales	f__Oscillospiraceae	g__UCG-005	NA
c5bbe83eefb639e05548b52ee3aae3c6	1.0531791811445184	0.0017551796490457537	0.466766271650045	0.0037602966530574183	0.9969997244270533	NA	d__Bacteria	p__Bacillota	c__Clostridia	o__Oscillospirales	f__Oscillospiraceae	g__UCG-005	NA
72cd34940774e5a124c5a11458fcdb69	1.1682821006139168	0.2773651833993632	0.4602075549836724	0.6026958497219886	0.5467110430314917	0.7336901463490294	d__Bacteria	p__Bacillota	c__Clostridia	o__Oscillospirales	f__Oscillospiraceae	g__UCG-005	NA
68d79c3035521e82b504b081a197d2ed	43.38162891712706	0.6946407668780954	0.913967664532526	0.7600277272756565	0.44723801121466566	0.6870696622644521	d__Bacteria	p__Bacillota	c__Clostridia	o__Oscillospirales	f__Oscillospiraceae	g__UCG-002	NA
238f459856f984d95bf763ecc7e482c9	1.1968864384074758	0.3387348548368245	0.4601314482831441	0.7361697534491977	0.4616273969745848	0.6870696622644521	d__Bacteria	p__Bacillota	c__Clostridia	o__Oscillospirales	f__Oscillospiraceae	g__UCG-002	NA
f8d1b6567bca78638227d413f6170e06	1.3402186867103876	0.0017559033766793985	0.5216298263996397	0.0033661866860621894	0.9973141766866843	0.998890072806692	d__Bacteria	p__Bacillota	c__Clostridia	o__Oscillospirales	f__Oscillospiraceae	g__UCG-002	NA
16530e5b50b780018210dac05a471715	1.3869279706625606	0.6857251089875609	0.5231761280235229	1.3106964791725542	0.18996032867052423	0.47251936633983255	d__Bacteria	p__Bacillota	c__Clostridia	o__Oscillospirales	f__Oscillospiraceae	g__UCG-002	NA
609d1ae0045de753ac19f31803e3e19d	13.953645942386261	4.463585514260228	0.8990624358200366	4.964711388691246	6.880330956006927e-7	3.112467929715529e-5	d__Bacteria	p__Bacillota	c__Clostridia	o__Oscillospirales	f__Oscillospiraceae	g__UCG-002	NA
57b4d2f4c517fee7b768d372c4af4b39	1.0531791811445184	0.0017551796490457537	0.466766271650045	0.0037602966530574183	0.9969997244270533	NA	d__Bacteria	p__Bacillota	c__Clostridia	o__Oscillospirales	f__Oscillospiraceae	g__UCG-002	NA
880005af6ed906f0687f0a3f95a078d1	1.038742922832062	-0.03671924186339007	0.468089205441176	-0.0784449661230321	0.9374741059134039	NA	d__Bacteria	p__Bacillota	c__Clostridia	o__Oscillospirales	f__Oscillospiraceae	g__UCG-002	NA
84f9cf6d08ccc7adb4e945c4fd8be494	10.928526529047648	-2.754239298275544	0.7644954591592857	-3.6026888914479307	3.1494238413704966e-4	0.005645459751471591	d__Bacteria	p__Bacillota	c__Clostridia	o__Oscillospirales	f__Oscillospiraceae	g__UCG-002	NA
32cc17e12d08b4011ab0ec8c393fd12c	40.233225099558545	6.038683450515821	0.978816078613366	6.169375005639963	6.856044913058073e-10	1.0292637425728432e-7	d__Bacteria	p__Bacillota	c__Clostridia	o__Oscillospirales	f__Oscillospiraceae	g__UCG-002	NA
5db43e823373034e9859cb2ab2f8975c	1.1396310562821548	0.2132521305370906	0.4610783801564534	0.4625073300221315	0.6437175470521589	NA	d__Bacteria	p__Bacillota	c__Clostridia	o__Oscillospirales	f__Oscillospiraceae	g__UCG-002	NA
c26af4c22f01bb994a68df0c15a529a3	2.781485653520613	1.9618233775801595	0.6381893863302018	3.074045760712642	0.002111770378063018	0.021864105379773145	d__Bacteria	p__Bacillota	c__Clostridia	o__Oscillospirales	f__Oscillospiraceae	g__Oscillospira	NA
d0833ce681acbdd482a03911d447756d	5.931682351216527	0.8922829604215499	0.6816248690733028	1.30905282495729	0.19051645759616084	0.47251936633983255	d__Bacteria	p__Bacillota	c__Clostridia	o__Oscillospirales	f__Oscillospiraceae	g__UCG-003	NA
a08d9fb331013d69d364bd4e2be56825	1.1538942356802422	0.001755171191910444	0.4697007067603753	0.003736786354902954	0.9970184827991776	NA	d__Bacteria	p__Bacillota	c__Clostridia	o__Oscillospirales	f__Oscillospiraceae	g__UCG-003	NA
9554cc3833549c23e480e5fe4990f4be	1.3108703337991232	0.5605983483461241	0.4747683024651801	1.180783016547822	0.23768893254405307	0.5183124226277362	d__Bacteria	p__Bacillota	c__Clostridia	o__Oscillospirales	f__Oscillospiraceae	g__UCG-003	NA
5d08d1eb4b8a0672652dd0fc0af2dcf0	42.340268051535475	-0.741025850123807	0.8758039260266475	-0.8461093038092413	0.39749177099656996	0.6568594364791762	d__Bacteria	p__Bacillota	c__Clostridia	o__Oscillospirales	f__Oscillospiraceae	g__UCG-003	NA
8344e260ce01e13cc4d54896656d457b	1.0531791811445184	0.0017551796490457537	0.466766271650045	0.0037602966530574183	0.9969997244270533	NA	d__Bacteria	p__Bacillota	c__Clostridia	o__Oscillospirales	f__Oscillospiraceae	g__UCG-003	NA
3120660c883750285d85c12f7d898f67	7.275703683072499	-0.7188956629037161	0.6852727399989921	-1.0490650232267718	0.2941481926890882	0.5793513723530769	d__Bacteria	p__Bacillota	c__Clostridia	o__Oscillospirales	f__Oscillospiraceae	g__Oscillibacter	NA
2595bf1e701879b086a24e1a2b114857	1.1541396735632006	0.2456783722862649	0.4605651142888028	0.5334280966235089	0.5937372724541641	NA	d__Bacteria	p__Bacillota	c__Clostridia	o__Oscillospirales	f__Oscillospiraceae	g__Oscillibacter	NA
77c2dc197e6b3dbebc4ee240c6a1c559	122.04859445369726	-0.052803997114997524	0.6796580172245975	-0.0776920094765072	0.9380730504085467	0.998890072806692	d__Bacteria	p__Bacillota	c__Clostridia	o__Oscillospirales	f__Oscillospiraceae	g__Oscillibacter	NA
b641fe32cb306c79f3a44cb4ebc9dcfe	1.3980765985756158	0.7072204624930534	0.5180354733552346	1.3651969775592727	0.1721911480795387	0.43906914828774096	d__Bacteria	p__Bacillota	c__Clostridia	o__Oscillospirales	f__Oscillospiraceae	g__Oscillibacter	NA
ac4274f46d9ec670be0cfb4126304a8d	1.3557607441262456	-1.3852328180467444	0.388964826528941	-3.561331831488048	3.689784052865733e-4	0.006422363257234413	d__Bacteria	p__Bacillota	c__Clostridia	o__Oscillospirales	f__Oscillospiraceae	g__Oscillibacter	NA
2b74579818ffe688c15e0e2816a7c339	1.0387264241175567	0.0017551853957245857	0.4665047840706333	0.0037624167118055405	0.9969980328768762	NA	d__Bacteria	p__Bacillota	c__Clostridia	o__Oscillospirales	f__Oscillospiraceae	g__Oscillibacter	NA
8dcfdd3643e8a1b873a013d7c15804dd	1.1966989339274532	0.0017551964313431716	0.4722950015033852	0.003716313799121567	0.9970348174219341	0.998890072806692	d__Bacteria	p__Bacillota	c__Clostridia	o__Oscillospirales	f__Oscillospiraceae	g__Oscillibacter	NA
7d4a5bce832b90560fefa4a3727807a4	1.167994983370866	0.0017551765121734308	0.47040707648112384	0.003731186455150747	0.9970229508415835	0.998890072806692	d__Bacteria	p__Bacillota	c__Clostridia	o__Oscillospirales	f__Oscillospiraceae	g__Oscillospira	NA
d1dfa014363e0f9510af2b404d268409	1.0531791811445184	0.0017551796490457537	0.466766271650045	0.0037602966530574183	0.9969997244270533	NA	d__Bacteria	p__Bacillota	c__Clostridia	o__Oscillospirales	f__Oscillospiraceae	g__Oscillospira	NA
32cd36db3b176689d81c65ddb6c17140	1.3988843675134286	0.7077487115902307	0.5004480170137019	1.4142302247764786	0.15729431627051835	0.41702091355605414	d__Bacteria	p__Bacillota	c__Clostridia	o__Oscillospirales	f__Oscillospiraceae	NA	NA
09d981dc93a29f773c4d5167829257ec	1.0531791811445184	0.0017551796490457537	0.466766271650045	0.0037602966530574183	0.9969997244270533	NA	d__Bacteria	p__Bacillota	c__Clostridia	o__Oscillospirales	f__Oscillospiraceae	NA	NA
1e97042b60d468d9cc9fadf7213b4a72	1.0531791811445184	0.0017551796490457537	0.466766271650045	0.0037602966530574183	0.9969997244270533	NA	d__Bacteria	p__Bacillota	c__Clostridia	o__Oscillospirales	f__Oscillospiraceae	g__UCG-002	NA
0d16f2185d6818fc380ae27c076b91aa	1.1970578304812667	0.33875144168506777	0.4601403805777416	0.7361915102076877	0.46161415817169227	0.6870696622644521	d__Bacteria	p__Bacillota	c__Clostridia	o__Oscillospirales	f__Oscillospiraceae	g__UCG-002	NA
a524dd50750ecb55086cc5d423b68aa7	1.139329720849877	-0.545676455126347	0.4116775993476483	-1.3254946491891608	0.18500714298314277	NA	d__Bacteria	p__Bacillota	c__Clostridia	o__Oscillospirales	f__Oscillospiraceae	g__UCG-002	NA
05ca223d6709b8351e39b978a98ac176	1.139329720849877	-0.545676455126347	0.4116775993476483	-1.3254946491891608	0.18500714298314277	NA	d__Bacteria	p__Bacillota	c__Clostridia	o__Oscillospirales	f__Oscillospiraceae	g__UCG-002	NA
6762fddad46b19f50d375edab0529fa6	1.2539170264508703	0.45405457678340994	0.46396258145334074	0.9786448195048522	0.3277555056661507	0.5984176048663825	d__Bacteria	p__Bacillota	c__Clostridia	o__Oscillospirales	f__Oscillospiraceae	g__UCG-002	NA
9192b3275c36e56540678451adfa601f	159.11309953671034	-0.04594884727418036	1.028434142291023	-0.044678453762553035	0.9643636079517364	0.998890072806692	d__Bacteria	p__Bacillota	c__Clostridia	o__Oscillospirales	f__Oscillospiraceae	g__UCG-002	NA
54ec3041ed02d098b3c5e4395466c441	1.0531791811445184	0.0017551796490457537	0.466766271650045	0.0037602966530574183	0.9969997244270533	NA	d__Bacteria	p__Bacillota	c__Clostridia	o__Oscillospirales	f__Oscillospiraceae	g__UCG-002	NA
45f1b2beaa5b511a7912de82bc36cc50	1.0531791811445184	0.0017551796490457537	0.466766271650045	0.0037602966530574183	0.9969997244270533	NA	d__Bacteria	p__Bacillota	c__Clostridia	o__Oscillospirales	f__Oscillospiraceae	g__UCG-002	NA
3219af75ee8056ed06ba81e873b0d0cb	59.099445364801944	-0.7370963443771854	0.9266156316337646	-0.7954715193802334	0.42633927167952157	0.6675794853808414	d__Bacteria	p__Bacillota	c__Clostridia	o__Oscillospirales	f__Oscillospiraceae	g__UCG-002	NA
13e5e67a2599db5c3cdfa82c4c9ea6fd	2.8071764370445043	1.4527705943641727	0.68919606947567	2.1079206030142026	0.03503785776077351	0.15830088786122318	d__Bacteria	p__Bacillota	c__Clostridia	o__Oscillospirales	f__Oscillospiraceae	g__NK4A214_group	NA
81d231c420963eaa054991ff732a0b9f	1.7614602755677369	1.1975909079444313	0.5449359453404538	2.197672805739077	0.027972430811256128	0.13751052657110158	d__Bacteria	p__Bacillota	c__Clostridia	o__Clostridia_UCG-014	f__Incertae_Sedis	g__Incertae_Sedis	NA
39b16a879dc7d7d2392dee90b32af689	1.2115051084836677	0.3684955039380271	0.4605223538066767	0.8001685496741778	0.42361314891717594	0.6642795753471423	d__Bacteria	p__Bacillota	c__Clostridia	o__Clostridia_UCG-014	f__Incertae_Sedis	g__Incertae_Sedis	NA
7614f2b3482aeb13a9cf183ec1213b51	1.0531791811445184	0.0017551796490457537	0.466766271650045	0.0037602966530574183	0.9969997244270533	NA	d__Bacteria	p__Bacillota	c__Clostridia	o__Clostridia_UCG-014	f__Incertae_Sedis	g__Incertae_Sedis	NA
0bae11e18b7d5b6f905fcb2cecf94bcf	1.1684083773560825	0.0017551768225668692	0.47042400926418204	0.0037310528119350135	0.9970230574726998	0.998890072806692	d__Bacteria	p__Bacillota	c__Clostridia	o__Clostridia_UCG-014	f__Incertae_Sedis	g__Incertae_Sedis	NA
1bc1f0e94c2e5c3f32e5b2746769efb4	1.038742922832062	-0.03671924186339007	0.468089205441176	-0.0784449661230321	0.9374741059134039	NA	d__Bacteria	p__Bacillota	c__Clostridia	o__Clostridia_UCG-014	f__Incertae_Sedis	g__Incertae_Sedis	NA
eb51a6482b09f0c5962e362d2d23abb9	1.6401423621911178	1.0542702263422448	0.5702843947128821	1.8486745141834582	0.06450482589599048	0.24285359216640928	d__Bacteria	p__Bacillota	c__Clostridia	o__Clostridia_UCG-014	f__Incertae_Sedis	g__Incertae_Sedis	NA
6db169339ee5897780e713c44784d74a	1.0531791811445184	0.0017551796490457537	0.466766271650045	0.0037602966530574183	0.9969997244270533	NA	d__Bacteria	p__Bacillota	c__Clostridia	o__Clostridia_UCG-014	f__Incertae_Sedis	g__Incertae_Sedis	NA
13b3d0dec3cd9fb5f2a5693d5a131497	1.3402186867103876	0.0017559033766793985	0.5216298263996397	0.0033661866860621894	0.9973141766866843	0.998890072806692	d__Bacteria	p__Bacillota	c__Clostridia	o__Clostridia_UCG-014	f__Incertae_Sedis	g__Incertae_Sedis	NA
22c159771ea409e7a5cf617dae2ec8f0	2.22698763315009	1.7823083484242208	0.6491778480701678	2.7454854686162617	0.006042144324518664	0.04651676495991613	d__Bacteria	p__Bacillota	c__Clostridia	o__Clostridia_UCG-014	f__Incertae_Sedis	g__Incertae_Sedis	NA
0e3e4513e61848ed7e032f1ddbc6f42e	1.9040158332985264	1.3534690692529345	0.568904161316866	2.37908097933403	0.017355862701708687	0.1002134187728468	d__Bacteria	p__Bacillota	c__Clostridia	o__Clostridia_UCG-014	f__Incertae_Sedis	g__Incertae_Sedis	NA
a2d300d1e9c621dbc5239cc092d433c3	1.038745095909413	0.1172346253640524	0.48059247486034684	0.2439377050132112	0.8072790667035393	NA	d__Bacteria	p__Bacillota	c__Clostridia	o__Clostridia_UCG-014	f__Incertae_Sedis	g__Incertae_Sedis	NA
43202fe954709a694e31c3a1be7e889b	2.0041470889531183	1.292385178186169	0.5958001237830625	2.1691589622038094	0.030070617537576554	0.14613512720466332	d__Bacteria	p__Bacillota	c__Clostridia	o__Clostridia_UCG-014	f__Incertae_Sedis	g__Incertae_Sedis	NA
cb5e325b529422ecb69187e9769717ce	1.140244082757921	0.21328993728197657	0.4610972903658552	0.4625703549737688	0.6436723619125742	NA	d__Bacteria	p__Bacillota	c__Clostridia	o__Clostridia_UCG-014	f__Incertae_Sedis	g__Incertae_Sedis	NA
48ad50f62d6343826d4125a6dcbc3392	1.1968864384074758	0.3387348548368245	0.4601314482831441	0.7361697534491977	0.4616273969745848	0.6870696622644521	d__Bacteria	p__Bacillota	c__Clostridia	o__Clostridia_UCG-014	f__Incertae_Sedis	g__Incertae_Sedis	NA
77d46a2cdb9594c35e978461a1c3cc56	1.0531791811445184	0.0017551796490457537	0.466766271650045	0.0037602966530574183	0.9969997244270533	NA	d__Bacteria	p__Bacillota	c__Clostridia	o__Clostridia_UCG-014	f__Incertae_Sedis	g__Incertae_Sedis	NA
c97ea25ba069877eac769cb05968724c	1.0531791811445184	0.0017551796490457537	0.466766271650045	0.0037602966530574183	0.9969997244270533	NA	d__Bacteria	p__Bacillota	c__Clostridia	o__Clostridia_UCG-014	f__Incertae_Sedis	g__Incertae_Sedis	NA
02db09efa7c46a21be5fadc51cb17dd8	1.038745095909413	0.1172346253640524	0.48059247486034684	0.2439377050132112	0.8072790667035393	NA	d__Bacteria	p__Bacillota	c__Clostridia	o__Clostridia_UCG-014	f__Incertae_Sedis	g__Incertae_Sedis	NA
584e748cbed7518903a643d6de83bafa	1.0531791811445184	0.0017551796490457537	0.466766271650045	0.0037602966530574183	0.9969997244270533	NA	d__Bacteria	p__Bacillota	c__Clostridia	o__Clostridia_UCG-014	f__Incertae_Sedis	g__Incertae_Sedis	NA
3b694fd662a4aaa9f9d17143f0bb3875	1.0531791811445184	0.0017551796490457537	0.466766271650045	0.0037602966530574183	0.9969997244270533	NA	d__Bacteria	p__Bacillota	c__Clostridia	o__Clostridia_UCG-014	f__Incertae_Sedis	g__Incertae_Sedis	NA
abbd5b846e49535be66506ee4c05001d	1.1684083773560825	0.0017551768225668692	0.47042400926418204	0.0037310528119350135	0.9970230574726998	0.998890072806692	d__Bacteria	p__Bacillota	c__Clostridia	o__Clostridia_UCG-014	f__Incertae_Sedis	g__Incertae_Sedis	NA
bbc4db59e83e62944384e429ac6b3c4d	1.2543975874900137	-0.03672075859456211	0.4787768362431314	-0.07669702419754211	0.9388645719157576	0.998890072806692	d__Bacteria	p__Bacillota	c__Clostridia	o__Clostridia_UCG-014	f__Incertae_Sedis	g__Incertae_Sedis	NA
d84d8cf53693bebb94e836b4204f462f	1.1541234032948686	0.24567725887500882	0.46056455290951603	0.5334263293234279	0.5937384955550644	NA	d__Bacteria	p__Bacillota	c__Clostridia	o__Clostridia_UCG-014	f__Incertae_Sedis	g__Incertae_Sedis	NA
e5908f0fe871ef3f7022613817868c01	1.4430730035469572	0.7764208310732292	0.5367986868591315	1.4463910774747857	0.14806754303254746	0.40786495225249886	d__Bacteria	p__Bacillota	c__Clostridia	o__Clostridia_UCG-014	f__Incertae_Sedis	g__Incertae_Sedis	NA
2b1a1826b1a5bae15ba5ffbabc2e473f	1.3409364798180146	0.6113862902481215	0.507765262035107	1.2040727004397755	0.2285614803790921	0.5182506720239989	d__Bacteria	p__Bacillota	c__Clostridia	o__Clostridia_UCG-014	f__Incertae_Sedis	g__Incertae_Sedis	NA
ca9cf3f426056b8af4bc32a34838a7ec	1.3121607499506651	0.5609729882051022	0.4749443938270076	1.1811340348390962	0.23754948124024458	0.5183124226277362	d__Bacteria	p__Bacillota	c__Clostridia	o__Lachnospirales	f__Lachnospiraceae	g__Lachnospiraceae_NK4B4_group	NA
d9179bcf9343454d917bc22530e0a43e	1.1538942356802422	0.24566156149544457	0.460556650442027	0.5334013986328647	0.5937557495389971	NA	d__Bacteria	p__Bacillota	c__Clostridia	o__Lachnospirales	f__Lachnospiraceae	g__Anaerobutyricum	NA
5628275be869fb0867257b685f5bcf44	1.0531791811445184	0.0017551796490457537	0.466766271650045	0.0037602966530574183	0.9969997244270533	NA	d__Bacteria	p__Bacillota	c__Clostridia	o__Lachnospirales	f__Lachnospiraceae	g__Anaerobutyricum	NA
af691ca2a4530ac05fa219914939c3ac	1.4109634766664911	0.8675420624326561	0.5391607937886521	1.609059991800382	0.10760322438013334	0.3369646282417787	d__Bacteria	p__Bacillota	c__Clostridia	o__Lachnospirales	f__Lachnospiraceae	g__Anaerobutyricum	NA
f7fcba0d058116e80c4da213295d257d	1.038742922832062	0.1172348361979989	0.48059246176945103	0.2439381503537577	0.807278721789559	NA	d__Bacteria	p__Bacillota	c__Clostridia	o__Lachnospirales	f__Lachnospiraceae	g__Anaerobutyricum	NA
6851a4ee264b56be2fff4686ce269907	44.55757045154518	0.1576822275441687	0.8246214689363927	0.19121770834750307	0.8483550303395487	0.998890072806692	d__Bacteria	p__Bacillota	c__Clostridia	o__Lachnospirales	f__Lachnospiraceae	g__Anaerobutyricum	NA
aac0099991c8518a5268b1a19a84550b	21.41874291962832	-0.3833292184336197	0.7391927079062404	-0.5185781925790337	0.604054919666692	0.7885543027388011	d__Bacteria	p__Bacillota	c__Clostridia	o__Lachnospirales	f__Lachnospiraceae	g__Anaerobutyricum	NA
dd80e0a50520c9481217ccdf670781a6	1.4416865839681847	-0.036731331239978855	0.533104905620147	-0.06890075640412699	0.9450686164286004	0.998890072806692	d__Bacteria	p__Bacillota	c__Clostridia	o__Lachnospirales	f__Lachnospiraceae	g__Anaerobutyricum	NA
50f56fe7a4e3996cc9c49f9abb3c335d	1.2120706306356726	0.0017552135329532684	0.473623229684874	0.003705927883058233	0.9970431041269466	0.998890072806692	d__Bacteria	p__Bacillota	c__Clostridia	o__Lachnospirales	f__Lachnospiraceae	g__Anaerobutyricum	NA
6fe42dbb5806cbecbbfe7336526fae49	1.154669281178478	0.24571453859161044	0.4605834111410905	0.5334854288018217	0.5936975950194633	0.7776088993924202	d__Bacteria	p__Bacillota	c__Clostridia	o__Lachnospirales	f__Lachnospiraceae	g__Anaerobutyricum	NA
deef8d5043d397cbdc8d4b375d206414	1.038742922832062	0.1172348361979989	0.48059246176945103	0.2439381503537577	0.807278721789559	NA	d__Bacteria	p__Bacillota	c__Clostridia	o__Lachnospirales	f__Lachnospiraceae	g__Anaerobutyricum	NA
87c18e8ee3789954404f2c1a35079a09	5.487493205477814	1.1898734164240319	0.7315519785468957	1.6265056363971762	0.1038421353066118	0.3299322870456105	d__Bacteria	p__Bacillota	c__Clostridia	o__Lachnospirales	f__Lachnospiraceae	g__Anaerobutyricum	NA
450a5976afcf7b809d1e75d7fa5943a1	1.0531791811445184	0.0017551796490457537	0.466766271650045	0.0037602966530574183	0.9969997244270533	NA	d__Bacteria	p__Bacillota	c__Clostridia	o__Lachnospirales	f__Lachnospiraceae	g__Anaerobutyricum	NA
7c861f48eaca9c2cacdb0470b609b1d4	1.4431269348541036	0.5352268130904837	0.5177459958323708	1.0337633074882777	0.30124682903800265	0.5793513723530769	d__Bacteria	p__Bacillota	c__Clostridia	o__Lachnospirales	f__Lachnospiraceae	g__Anaerobutyricum	NA
7aa51c14d0798069548b78e6ef1a9bf4	1.1399307872427014	0.0017551682392060312	0.46910940156182024	0.0037414902224566296	0.9970147296821169	NA	d__Bacteria	p__Bacillota	c__Clostridia	o__Lachnospirales	f__Lachnospiraceae	g__Anaerobutyricum	NA
cd454c45a2b54026d5ec1086957a0196	1.3262851937922893	0.5863817143802427	0.4789334899809832	1.2243489474990064	0.22082061943238007	0.5119798531627191	d__Bacteria	p__Bacillota	c__Clostridia	o__Lachnospirales	f__Lachnospiraceae	g__GCA-900066575	NA
3a2a7cb0fcf3f94a77afecb8c2ca949b	1.37077686401856	0.6608218274052693	0.5146900907898347	1.2839217992154914	0.19916931893475098	0.4778718204050305	d__Bacteria	p__Bacillota	c__Clostridia	o__Lachnospirales	f__Lachnospiraceae	g__Catenibacillus	NA
8c8a105de3169d2d55fcb9cfc2f52cf9	2.6921524633445335	1.9986620117800542	0.62862470116392	3.1794201024545545	0.0014757004553821657	0.017041502374172894	d__Bacteria	p__Bacillota	c__Clostridia	o__Lachnospirales	f__Lachnospiraceae	g__GCA-900066575	NA
923fed1e3a5c67f886eb287b585a924a	6.850703824623057	0.26510612570646636	0.6708828867278402	0.39516006586409325	0.6927247622017514	0.868436784346872	d__Bacteria	p__Bacillota	c__Clostridia	o__Lachnospirales	f__Lachnospiraceae	g__GCA-900066575	NA
b58e7be2917611127935efa19ecd792a	1.3405936956704327	0.6112051356930379	0.5077697007266514	1.2037054097918085	0.2287034605934383	0.5182506720239989	d__Bacteria	p__Bacillota	c__Clostridia	o__Lachnospirales	f__Lachnospiraceae	g__Lachnospiraceae_FCS020_group	NA
e07b140b135d1c14b1313e0ba5b66baa	1.2258335603486163	0.3975809737171504	0.47041125294807395	0.8451774298031878	0.3980117819647698	0.6568594364791762	d__Bacteria	p__Bacillota	c__Clostridia	o__Lachnospirales	f__Lachnospiraceae	g__GCA-900066575	NA
36c3c3e931ebb36c143c46739b848668	1.167857952030461	0.0017551764094080402	0.470401470378641	0.003731230703839517	0.9970229155364837	0.998890072806692	d__Bacteria	p__Bacillota	c__Clostridia	o__Lachnospirales	f__Lachnospiraceae	g__GCA-900066575	NA
9102f24242e1917961edaa2bbe2d2890	1.1688935642164513	0.0017551771875803405	0.470443921843343	0.0037308956627668186	0.9970231828587222	0.998890072806692	d__Bacteria	p__Bacillota	c__Clostridia	o__Lachnospirales	f__Lachnospiraceae	g__Frisingicoccus	NA
70745fa69950bfb64db28e3afff2b1e5	9.483368696869718	3.6609035822713976	0.8403192740827667	4.356562672285937	1.3212087517561438e-5	3.6901667694398346e-4	d__Bacteria	p__Bacillota	c__Clostridia	o__Lachnospirales	f__Lachnospiraceae	g__Frisingicoccus	NA
65990c74559e4adfaa672a884ad7d464	47.67539761973873	-0.94239704433753535	0.8021085532082739	-1.1748996324352052	0.2400348726950646	0.5183124226277362	d__Bacteria	p__Bacillota	c__Clostridia	o__Lachnospirales	f__Lachnospiraceae	g__Coprococcus	NA
32079bbbdce1a901a55f415bf3ab6cb7	1.0531791811445184	0.0017551796490457537	0.466766271650045	0.0037602966530574183	0.9969997244270533	NA	d__Bacteria	p__Bacillota	c__Clostridia	o__Lachnospirales	f__Lachnospiraceae	g__Coprococcus	NA
2880c4a59b13e2e8e9ed8b55352d57a0	1.2404266249883105	-0.9982092518351083	0.3836249028464511	-2.6020449778638315	0.00926696976981235	0.062545391376694	d__Bacteria	p__Bacillota	c__Clostridia	o__Lachnospirales	f__Lachnospiraceae	NA	NA
7ad394d61d61a814631950655009d828	1.2692339240412014	0.4816765076290107	0.4661638206143306	1.0332773294037207	0.3014741334299872	0.5793513723530769	d__Bacteria	p__Bacillota	c__Clostridia	o__Lachnospirales	f__Lachnospiraceae	g__Catenibacillus	NA
1a78539b37f0546f2a1643da51ce7636	1.1397167460748174	0.2132574305317333	0.46108102010996277	0.4625161766165819	0.6437112044909472	NA	d__Bacteria	p__Bacillota	c__Clostridia	o__Lachnospirales	f__Lachnospiraceae	g__Cuneatibacter	NA
a55a010c9525ce2943a553dca1421b1c	1.312444872620538	-1.25191355172944	0.3837654327577498	-3.2621842533683973	0.0011055725852740328	0.013412047221354681	d__Bacteria	p__Bacillota	c__Clostridia	o__Lachnospirales	f__Lachnospiraceae	g__[Eubacterium]_ventriosum_group	NA
f50508546ae13143015f8c4cb976d0e4	1.3555988137541823	-0.46771733059334053	0.4665083172513361	-1.0025916222654463	0.3160579396244108	0.5984176048663825	d__Bacteria	p__Bacillota	c__Clostridia	o__Lachnospirales	f__Lachnospiraceae	g__[Eubacterium]_ruminantium_group	NA
6c324279c1fc2965e594486ac26b0548	1.3131083960794774	0.5612486656438067	0.47507382321384384	1.1813925293694265	0.23744682440674741	0.5183124226277362	d__Bacteria	p__Bacillota	c__Clostridia	o__Lachnospirales	f__Lachnospiraceae	g__Coprococcus	NA
c0044f57ec04cd70905d690c5b7bd147	1.771100345355839	-2.272102435209371	0.44830545872882877	-5.068201582135366	4.0159197856182897e-7	1.9292478650110264e-5	d__Bacteria	p__Bacillota	c__Clostridia	o__Lachnospirales	f__Lachnospiraceae	g__Coprococcus	NA
fb428d07d03e32be0b85eacbed10df0a	1.0531791811445184	0.0017551796490457537	0.466766271650045	0.0037602966530574183	0.9969997244270533	NA	d__Bacteria	p__Bacillota	c__Clostridia	o__Lachnospirales	f__Lachnospiraceae	g__Coprococcus	NA
9e1f282914b07cd79711ce21e7cf4aff	43.58224947874411	2.5204968042397007	0.9018615655725902	2.794771282485513	0.005193644500336499	0.04214572327637929	d__Bacteria	p__Bacillota	c__Clostridia	o__Lachnospirales	f__Lachnospiraceae	g__[Eubacterium]_eligens_group	NA
5322567d7de1d94e6cf65390deb29b1c	1.2846515269555872	0.5088914942993429	0.4752202374273916	1.0708540045647696	0.2842350799124034	0.5698937078043347	d__Bacteria	p__Bacillota	c__Clostridia	o__Lachnospirales	f__Lachnospiraceae	g__[Eubacterium]_eligens_group	NA
74883ca07b040866ea89a8ff92039e38	1.0531791811445184	0.0017551796490457537	0.466766271650045	0.0037602966530574183	0.9969997244270533	NA	d__Bacteria	p__Bacillota	c__Clostridia	o__Lachnospirales	f__Lachnospiraceae	g__[Eubacterium]_eligens_group	NA
208c0c43c7c5d4a6bb549e0c8365cd21	17.598628947094525	3.7385439293881593	0.8619223452247926	4.33744866936143	1.4414618384675885e-5	3.9345356090899404e-4	d__Bacteria	p__Bacillota	c__Clostridia	o__Lachnospirales	f__Lachnospiraceae	g__[Eubacterium]_eligens_group	NA
441e214f48649299db319a45f2851085	1.0531791811445184	0.0017551796490457537	0.466766271650045	0.0037602966530574183	0.9969997244270533	NA	d__Bacteria	p__Bacillota	c__Clostridia	o__Lachnospirales	f__Lachnospiraceae	g__[Eubacterium]_eligens_group	NA
40895b99da91904ceb2e55ab79012529	1.038742922832062	-0.03671924186339007	0.468089205441176	-0.0784449661230321	0.9374741059134039	NA	d__Bacteria	p__Bacillota	c__Clostridia	o__Lachnospirales	f__Lachnospiraceae	g__[Eubacterium]_eligens_group	NA
36d9ad396b85196c9b4cf68b81789585	28.974206604676873	1.0681794638740005	0.8668070583058968	1.2323151428435177	0.2178313853559808	0.5076515736640196	d__Bacteria	p__Bacillota	c__Clostridia	o__Lachnospirales	f__Lachnospiraceae	g__Lachnospira	NA
241a0c90cc40da29bc738d34b607f25f	1.268997155149641	0.4816298977949027	0.4661381200169742	1.0332343078428436	0.30149426121621403	0.5793513723530769	d__Bacteria	p__Bacillota	c__Clostridia	o__Lachnospirales	f__Lachnospiraceae	g__Lachnospira	NA
6ec1023583647a401269990c4e8ad716	9.007722144675972	2.0147315014802993	0.7692109380351657	2.619218476828514	0.008813148329332932	0.062545391376694	d__Bacteria	p__Bacillota	c__Clostridia	o__Lachnospirales	f__Lachnospiraceae	g__Lachnospira	NA
72ec78ecd4c30c1ddc64900630f35387	3.5601668775275686	2.4802814281461973	0.6824055966043915	3.634614722516823	2.78396357191148e-4	0.005143908076716442	d__Bacteria	p__Bacillota	c__Clostridia	o__Lachnospirales	f__Lachnospiraceae	g__Lachnospira	NA
8094452ae907e0be14f59f5de20259c1	1.1533924071768649	0.24562708931219268	0.4605393756450858	0.5333465547177989	0.59379370661683	NA	d__Bacteria	p__Bacillota	c__Clostridia	o__Lachnospirales	f__Lachnospiraceae	g__Lachnospira	NA
64b444282c9c6386523de447cecc63a9	1.168282100613917	0.27736518339936356	0.4602075549836708	0.6026958497219914	0.5467110430314897	0.7336901463490294	d__Bacteria	p__Bacillota	c__Clostridia	o__Lachnospirales	f__Lachnospiraceae	g__Anaerostipes	NA
33518e48b174ac428cb7be1a216c6c6e	64.2303776033193	0.4542922061295566	0.7908368742526299	0.5744448961852968	0.5656667791101961	0.7539231512090272	d__Bacteria	p__Bacillota	c__Clostridia	o__Lachnospirales	f__Lachnospiraceae	g__Anaerostipes	NA
d380b9ae91e3875a70ff329e4889cb72	12.235083132098795	1.7440829460789826	0.7656380957760816	2.277946925186775	0.022729739993310266	0.11764833233393761	d__Bacteria	p__Bacillota	c__Clostridia	o__Lachnospirales	f__Lachnospiraceae	g__Anaerostipes	NA
c9dac07685d8b10f80d2f996451acb5c	1.1543204856627858	0.24569073626489818	0.46057135582625486	0.5334477126223676	0.5937236968258436	0.7776088993924202	d__Bacteria	p__Bacillota	c__Clostridia	o__Lachnospirales	f__Lachnospiraceae	g__Anaerostipes	NA
05dbbf0301a9625e1f1a41470a92f7fe	4.202023760340045	1.3550523122901081	0.7173259607834133	1.8890328614486707	0.058887425568507075	0.2274077109574823	d__Bacteria	p__Bacillota	c__Clostridia	o__Lachnospirales	f__Lachnospiraceae	g__Anaerostipes	NA
1978fc46fbfd9b795e153be14136a976	1.1968864384074758	0.3387348548368245	0.4601314482831441	0.7361697534491977	0.4616273969745848	0.6870696622644521	d__Bacteria	p__Bacillota	c__Clostridia	o__Lachnospirales	f__Lachnospiraceae	g__CHKCI001	NA
0243b68c76049aa1b8c51a20333da950	17.517947043927016	0.36350242317646053	0.7686958826209015	0.47288196983322384	0.6362973890625758	0.8173188922611268	d__Bacteria	p__Bacillota	c__Clostridia	o__Lachnospirales	f__Lachnospiraceae	g__Lachnospiraceae_ND3007_group	NA
79ba9fd704fc7264b695cc0504c337a9	1.7000235785161502	0.7975882245735616	0.5370053332423967	1.4852519615732407	0.13747709203652358	0.3920147236724744	d__Bacteria	p__Bacillota	c__Clostridia	o__Lachnospirales	f__Lachnospiraceae	g__Lachnospiraceae_FCS020_group	NA
8ac806edce9a692df56a9eea816a15f0	1.1825157126811798	0.30837246059920664	0.46005047491546497	0.6703013634664122	0.5026656981293225	0.7061368533742548	d__Bacteria	p__Bacillota	c__Clostridia	o__Lachnospirales	f__Lachnospiraceae	g__Lachnospiraceae_FCS020_group	NA
cb89e1b7ff82a658c8def6e75f5c14bc	1.5708325640746683	-0.5459875301127757	0.47139330035243093	-1.1582420236023196	0.24676528341637582	0.5264033843393736	d__Bacteria	p__Bacillota	c__Clostridia	o__Lachnospirales	f__Lachnospiraceae	g__Lachnotalea	NA
9d2b385c3ad2c3abfa96058922b00164	1.2980412230940925	0.5350808445677493	0.471714226522918	1.1343326414213049	0.256655042075564	0.534513724851049	d__Bacteria	p__Bacillota	c__Clostridia	o__Lachnospirales	f__Lachnospiraceae	NA	NA
207bd5f725f7774412e65aafed0a542a	1.1539688576006497	0.0017551712418806538	0.46970341557083023	0.003736764910997284	0.9970184999088193	NA	d__Bacteria	p__Bacillota	c__Clostridia	o__Lachnospirales	f__Lachnospiraceae	NA	NA
8106e288d2867ba56a2ae344c81b1433	1.2126636240550261	0.0017552142035770556	0.47366074900056215	0.0037056357472739893	0.997043337215978	0.998890072806692	d__Bacteria	p__Bacillota	c__Clostridia	o__Lachnospirales	f__Lachnospiraceae	NA	NA
eafd20ce1f25fbd8c737f0086f81c11b	1.4871158069903678	0.9995688176387257	0.5712434027745055	1.7498124490958873	0.08015068181728593	0.2804913925732454	d__Bacteria	p__Bacillota	c__Negativicutes	o__Veillonellales-Selenomonadales	f__Veillonellaceae	g__Veillonella	NA
bd2ca363f08c9385869967132dfb8470	1.0387111791071326	-0.036720293681581605	0.4680886568603225	-0.07844730510643184	0.9374722454080626	NA	d__Bacteria	p__Bacillota	c__Negativicutes	o__Veillonellales-Selenomonadales	f__Veillonellaceae	g__Veillonella	NA
3916a456bb0a3bfd02c15fd537ff5923	2.587234297349142	1.1972664623354605	0.686754541240686	1.743368831857285	0.08126920902586568	0.2804913925732454	d__Bacteria	p__Bacillota	c__Negativicutes	o__Veillonellales-Selenomonadales	f__Veillonellaceae	g__Megasphaera	NA
7c5414ff08bdf3d67f274b04bacc6afa	2.422000537490427	-3.052539431139631	0.5020082127726685	-6.080656358747572	1.1969156823389988e-9	1.5972174827657086e-7	d__Bacteria	p__Bacillota	c__Negativicutes	o__Veillonellales-Selenomonadales	f__Veillonellaceae	g__Megasphaera	NA
0c3534a03d2c2fdf8fa8793408f02414	3.574816865926882	0.38610539110472164	0.6674119750188703	0.578511332664963	0.5629189484837986	0.7520196408554418	d__Bacteria	p__Bacillota	c__Negativicutes	o__Veillonellales-Selenomonadales	f__Veillonellaceae	g__Megasphaera	NA
1013aa8b7d7ddd27b585a4b0acfc9a3d	1.2106571077667772	0.36840197663551927	0.460470612943935	0.8000553483320213	0.423678729988269	0.6642795753471423	d__Bacteria	p__Bacillota	c__Negativicutes	o__Veillonellales-Selenomonadales	f__Veillonellaceae	g__Megasphaera	NA
7971dc6acc750166c08ed54c1289d242	1.0531791811445184	0.0017551796490457537	0.466766271650045	0.0037602966530574183	0.9969997244270533	NA	d__Bacteria	p__Bacillota	c__Negativicutes	o__Veillonellales-Selenomonadales	f__Veillonellaceae	g__Megasphaera	NA
bffd79a65e1cd0c98d984f7df8f1ed09	9.885092718020527	1.1601718643717247	0.8099578677385904	1.4323854493949604	0.1520335404371236	0.41056097317007706	d__Bacteria	p__Bacillota	c__Negativicutes	o__Veillonellales-Selenomonadales	f__Veillonellaceae	g__Megasphaera	NA
2556faf779ac746aeedfd18da60768b7	1.0386837729171505	0.11724054876596281	0.4805921024796043	0.24395021924218643	0.8072693745113354	NA	d__Bacteria	p__Bacillota	c__Negativicutes	o__Veillonellales-Selenomonadales	f__Veillonellaceae	g__Megasphaera	NA
65ee892164739be97dc995df1a0284d7	1.0531791811445184	0.0017551796490457537	0.466766271650045	0.0037602966530574183	0.9969997244270533	NA	d__Bacteria	p__Bacillota	c__Negativicutes	o__Veillonellales-Selenomonadales	f__Veillonellaceae	g__Megasphaera	NA
a621d0a24e3cd33bdf02fb2d2b740604	1.2406168109377542	0.001755460689175298	0.4886014428618331	0.0035928274769170252	0.9971333445938678	0.998890072806692	d__Bacteria	p__Bacillota	c__Negativicutes	o__Veillonellales-Selenomonadales	f__Veillonellaceae	g__Megasphaera	NA
21dde35caddb538971208d819a394915	1.1544292663324598	0.0017551715505392759	0.4697201471542856	0.003736632463335168	0.9970186055860263	0.998890072806692	d__Bacteria	p__Bacillota	c__Negativicutes	o__Veillonellales-Selenomonadales	f__Veillonellaceae	g__Megasphaera	NA
0aaa057639ebb1839d1e83826e18fa71	1.0531791811445184	0.0017551796490457537	0.466766271650045	0.0037602966530574183	0.9969997244270533	NA	d__Bacteria	p__Bacillota	c__Negativicutes	o__Veillonellales-Selenomonadales	f__Veillonellaceae	g__Megasphaera	NA
219df5620d57114ac1db225525df47c2	1.314096529237143	-1.2530878221059	0.38398578341253	-3.2633703544166424	0.0011009554330090687	0.013412047221354681	d__Bacteria	p__Bacillota	c__Negativicutes	o__Veillonellales-Selenomonadales	f__Veillonellaceae	g__Megasphaera	NA
ec6f74df6166e931d81a28b9dd967364	1.3416377309121823	-1.3424053334091204	0.38706795729471766	-3.4681386255566453	5.240768654281998e-4	0.007791031972363404	d__Bacteria	p__Bacillota	c__Negativicutes	o__Veillonellales-Selenomonadales	f__Veillonellaceae	g__Megasphaera	NA
a655eb52d5d96245b8e0d409b55de959	1.0531791811445184	0.0017551796490457537	0.466766271650045	0.0037602966530574183	0.9969997244270533	NA	d__Bacteria	p__Bacillota	c__Negativicutes	o__Veillonellales-Selenomonadales	f__Veillonellaceae	g__Megasphaera	NA
e39c3730a3fcf2fd3b9a4f28caecbb71	1.3121607499506653	0.5609729882051027	0.47494439382700754	1.1811340348390973	0.23754948124024414	0.5183124226277362	d__Bacteria	p__Bacillota	c__Negativicutes	o__Veillonellales-Selenomonadales	f__Veillonellaceae	g__Megasphaera	NA
6d7f932303cb8ce3b13ec6d15b25682e	21.96580004019351	-1.491289980210617	0.8428216085658441	-1.7694016919526006	0.07682686348095641	0.27298539361132734	d__Bacteria	p__Bacillota	c__Negativicutes	o__Veillonellales-Selenomonadales	f__Veillonellaceae	g__Megasphaera	NA
aae4574580ba9b7a3f8a526abf671792	1.0387186569978308	0.0017551853929319175	0.4665046386916679	0.0037624178783182294	0.9969980319461402	NA	d__Bacteria	p__Bacillota	c__Negativicutes	o__Veillonellales-Selenomonadales	f__Veillonellaceae	g__Megasphaera	NA
a8811e6892c7fdec1f8377a864732532	1.0387111791071326	-0.0367202936815816	0.4680886568603225	-0.07844730510643183	0.9374722454080626	NA	d__Bacteria	p__Bacillota	c__Negativicutes	o__Veillonellales-Selenomonadales	f__Veillonellaceae	g__Anaeroglobus	NA
5aedf0f91ae6d654bcfca7f68262deb9	1.0387111791071326	-0.0367202936815816	0.4680886568603225	-0.07844730510643183	0.9374722454080626	NA	d__Bacteria	p__Bacillota	c__Negativicutes	o__Veillonellales-Selenomonadales	f__Veillonellaceae	g__Anaeroglobus	NA
02fc1f455a4d4d1a851b3752eef338d4	1.0531791811445184	0.0017551796490457537	0.466766271650045	0.0037602966530574183	0.9969997244270533	NA	d__Bacteria	p__Bacillota	c__Negativicutes	o__Veillonellales-Selenomonadales	f__Veillonellaceae	g__Anaeroglobus	NA
c92ac62278a485f343ab1c271bb2d30c	1.0531791811445184	0.0017551796490457537	0.466766271650045	0.0037602966530574183	0.9969997244270533	NA	d__Bacteria	p__Bacillota	c__Negativicutes	o__Veillonellales-Selenomonadales	f__Veillonellaceae	g__Anaeroglobus	NA
db11ebab656f855d357867467f755ec1	1.2119780225815395	-0.882854640628069	0.38831044554459554	-2.2735794278979227	0.022991285521484515	0.11764833233393761	d__Bacteria	p__Bacillota	c__Negativicutes	o__Veillonellales-Selenomonadales	f__Veillonellaceae	g__Anaeroglobus	NA
a40e8c857cf661836ffc29a2856520bd	1.3132339399792174	-1.3368431113235069	0.386330414533472	-3.4603620658183556	5.394495232442535e-4	0.007900961919711567	d__Bacteria	p__Bacillota	c__Negativicutes	o__Veillonellales-Selenomonadales	f__Veillonellaceae	g__Veillonella	NA
cdf842e24298a1da5f9dbe711773eaa4	1.0531791811445184	0.0017551796490457537	0.466766271650045	0.0037602966530574183	0.9969997244270533	NA	d__Bacteria	p__Bacillota	c__Negativicutes	o__Veillonellales-Selenomonadales	f__Veillonellaceae	g__Veillonella	NA
35a7f86c1be8b48f121d76d08410fefe	1.0531791811445184	0.0017551796490457537	0.466766271650045	0.0037602966530574183	0.9969997244270533	NA	d__Bacteria	p__Bacillota	c__Negativicutes	o__Veillonellales-Selenomonadales	f__Veillonellaceae	g__Veillonella	NA
923f521b9cf313f1f95c9367e09bbc1c	5.155416228681915	0.1559765002336593	0.6937135995644581	0.22484278862572069	0.8221015776894004	0.9973171664696665	d__Bacteria	p__Bacillota	c__Negativicutes	o__Veillonellales-Selenomonadales	f__Veillonellaceae	g__Veillonella	NA
96fac9febdac9687a7b730f4eda6df18	1.1684083773560827	-0.6901103442093761	0.40034086684710457	-1.723806888975285	0.08474271056612903	0.2804913925732454	d__Bacteria	p__Bacillota	c__Negativicutes	o__Veillonellales-Selenomonadales	f__Veillonellaceae	g__Veillonella	NA
3bae00d865b43e800a6f297f958ac2de	1.5586013527019797	1.0791578722891004	0.5726849067288077	1.8843832963108467	0.05951314760481119	0.22762831297254216	d__Bacteria	p__Bacillota	c__Negativicutes	o__Veillonellales-Selenomonadales	f__Veillonellaceae	g__Veillonella	NA
eae880eaa9c99650e399d9b4eb5dd3b0	1.038742922832062	0.1172348361979989	0.48059246176945103	0.2439381503537577	0.807278721789559	NA	d__Bacteria	p__Bacillota	c__Negativicutes	o__Veillonellales-Selenomonadales	f__Veillonellaceae	g__Veillonella	NA
cd9401a6bce4a63af516d06d2a843f9d	12.19169947537938	1.8701798372504306	0.827958696450486	2.2587839771090223	0.023896825698625435	0.1216105409493608	d__Bacteria	p__Bacillota	c__Negativicutes	o__Veillonellales-Selenomonadales	f__Veillonellaceae	g__Veillonella	NA
76a2a89fb35336e7b117fc44ff915092	1.0242318376370572	-0.03671959340438762	0.46784325686016387	-0.07848695661624751	0.9374407053277498	NA	d__Bacteria	p__Bacillota	c__Negativicutes	o__Veillonellales-Selenomonadales	f__Veillonellaceae	g__Veillonella	NA
3d7f02d1487f9647971c794055b7541c	1.0386805954253813	-0.036721302362560666	0.46808812829817364	-0.07844954858408432	0.9374704608714961	NA	d__Bacteria	p__Bacillota	c__Negativicutes	o__Veillonellales-Selenomonadales	f__Veillonellaceae	g__Veillonella	NA
3752f2ba95ee52b598750e511f22b200	1.0386805954253813	0.0017551853792483882	0.46650392643832095	0.0037624235934066697	0.9969980273861917	NA	d__Bacteria	p__Bacillota	c__Negativicutes	o__Veillonellales-Selenomonadales	f__Veillonellaceae	g__Veillonella	NA
2740cf2417c92847cc298cbd71dd1fcd	9.958307290815984	1.2398680493494958	0.7905066988797337	1.568447239101926	0.11677679395976502	0.357777881494076	d__Bacteria	p__Bacillota	c__Negativicutes	o__Veillonellales-Selenomonadales	f__Veillonellaceae	g__Veillonella	NA
50f065b532675ec8bab5c2d29c62757a	1.0386774672947785	0.0017551853781239354	0.4665038679123682	0.0037624240630168655	0.9969980270114996	NA	d__Bacteria	p__Bacillota	c__Negativicutes	o__Veillonellales-Selenomonadales	f__Veillonellaceae	g__Veillonella	NA
d0452a6bc7783084a83c0b0ce577e005	1.1542329893317134	-0.6197685439650584	0.4056727163920911	-1.5277550570249325	0.12657336467925373	NA	d__Bacteria	p__Bacillota	c__Negativicutes	o__Veillonellales-Selenomonadales	f__Veillonellaceae	g__Veillonella	NA
209b0f9c375da503e050c43a24e70855	31.052718650946577	0.6559588369747948	0.8593934743702774	0.7632811471549168	0.4452957430737802	0.6870696622644521	d__Bacteria	p__Bacillota	c__Negativicutes	o__Veillonellales-Selenomonadales	f__Veillonellaceae	g__Negativicoccus	NA
f1c14db955660c59d2d2ac233bb9bac8	7.905576694630138	0.6755693619731423	0.7282186054084485	0.9277013206689825	0.35356252322408116	0.6337740155106291	d__Bacteria	p__Bacillota	c__Negativicutes	o__Veillonellales-Selenomonadales	f__Veillonellaceae	g__Negativicoccus	NA
9e2e4c867168b068d94eb110dce64676	1.0531791811445184	0.0017551796490457537	0.466766271650045	0.0037602966530574183	0.9969997244270533	NA	d__Bacteria	p__Bacillota	c__Negativicutes	o__Veillonellales-Selenomonadales	f__Selenomonadaceae	g__Mitsuokella	NA
6221f5561c44216c6674b8199f23acf8	1.0531791811445184	0.0017551796490457537	0.466766271650045	0.0037602966530574183	0.9969997244270533	NA	d__Bacteria	p__Bacillota	c__Negativicutes	o__Veillonellales-Selenomonadales	f__Selenomonadaceae	g__Mitsuokella	NA
6dcaf5dafe4d20b4f82131ef8c1e5b19	1.1973852127878761	0.33878311334581895	0.46015746292241017	0.7362330085754648	0.46158890735504465	0.6870696622644521	d__Bacteria	p__Bacillota	c__Negativicutes	o__Veillonellales-Selenomonadales	f__Selenomonadaceae	g__Mitsuokella	NA
08a0cf376add32f3f4b57ec1e82a7a27	5.052896346472686	3.05422409833676	0.7757601809935324	3.937072529844405	8.24816828951015e-5	0.0018690660595663566	d__Bacteria	p__Bacillota	c__Negativicutes	o__Veillonellales-Selenomonadales	f__Selenomonadaceae	g__Megamonas	NA
b8ef84c56b07b2868d12614f0ba0bebe	1.038742922832062	0.1172348361979989	0.48059246176945103	0.2439381503537577	0.807278721789559	NA	d__Bacteria	p__Bacillota	c__Negativicutes	o__Veillonellales-Selenomonadales	f__Selenomonadaceae	g__Selenomonas	NA
36fd6eb75e24fe3e4e6d664b393e88a4	4.9482986094940005	0.15703133169868702	0.6928793753574428	0.22663588682759916	0.8207068846346413	0.9966319195613793	d__Bacteria	p__Bacillota	c__Negativicutes	o__Veillonellales-Selenomonadales	f__Veillonellaceae	g__Negativicoccus	NA
0e04d44b3cf7d1bcaa9c22f31ed613d4	1.3992893105898223	0.7079456863915892	0.49982363740956326	1.4163909695440984	0.1566610664279021	0.41631999774401846	d__Bacteria	p__Bacillota	c__Negativicutes	o__Veillonellales-Selenomonadales	f__Veillonellaceae	g__Negativicoccus	NA
82d108a80782932ccbcbdbfd4713b2d9	1.168282100613917	0.0017551767276937028	0.47041883366802206	0.0037310936596818816	0.9970230248811401	0.998890072806692	d__Bacteria	p__Bacillota	c__Negativicutes	o__Veillonellales-Selenomonadales	f__Veillonellaceae	g__Dialister	NA
d58adec53e61c18c84f74e8c07103ee7	1.1538942356802422	0.24566156149544455	0.460556650442027	0.5334013986328647	0.5937557495389971	NA	d__Bacteria	p__Bacillota	c__Negativicutes	o__Veillonellales-Selenomonadales	f__Veillonellaceae	g__Megasphaera	NA
b47f0acc861ce9dc79d7967126bd1485	1.1398222527895048	0.2132639493488747	0.4610842720817119	0.4625270525624885	0.6437034070228469	NA	d__Bacteria	p__Bacillota	c__Negativicutes	o__Veillonellales-Selenomonadales	f__Veillonellaceae	g__Dialister	NA
b484195da5a669012008758c2f88fb90	672.5046983168311	-0.041351263150988464	0.7962224806273234	-0.051934307504617125	0.9585810377153983	0.998890072806692	d__Bacteria	p__Bacillota	c__Negativicutes	o__Veillonellales-Selenomonadales	f__Veillonellaceae	g__Dialister	NA
9ea91b0bb64f8757ec697ebb82ff6a61	1.0387148832605266	0.0017551853915750194	0.46650456806160606	0.003762418445049892	0.996998031493957	NA	d__Bacteria	p__Bacillota	c__Negativicutes	o__Veillonellales-Selenomonadales	f__Veillonellaceae	g__Dialister	NA
b568a70a8d2541b99874d98a93085f82	1.0387111791071326	0.0017551853902432872	0.4665044987363378	0.0037624190013123425	0.996998031050127	NA	d__Bacteria	p__Bacillota	c__Negativicutes	o__Veillonellales-Selenomonadales	f__Veillonellaceae	g__Dialister	NA
2a34b4dbdcda40879c7abd17a2ea0e33	1.0387111791071328	-0.03672029368158158	0.4680886568603212	-0.07844730510643201	0.9374722454080625	NA	d__Bacteria	p__Bacillota	c__Negativicutes	o__Veillonellales-Selenomonadales	f__Veillonellaceae	g__Dialister	NA
adc2434ddf9567262d641156d01c1d6a	1.0531791811445184	0.0017551796490457537	0.466766271650045	0.0037602966530574183	0.9969997244270533	NA	d__Bacteria	p__Bacillota	c__Negativicutes	o__Veillonellales-Selenomonadales	f__Veillonellaceae	g__Dialister	NA
5e0cc78647a8a34fc3bb336b6bdf20c0	1.0531791811445184	0.0017551796490457537	0.466766271650045	0.0037602966530574183	0.9969997244270533	NA	d__Bacteria	p__Bacillota	c__Negativicutes	o__Veillonellales-Selenomonadales	f__Veillonellaceae	g__Dialister	NA
818434292143daca42a3168f3728da82	484.451470159741	-0.4798519569276039	1.0233667950884193	-0.4688953747870474	0.6391444225079638	0.8188489326151366	d__Bacteria	p__Bacillota	c__Negativicutes	o__Veillonellales-Selenomonadales	f__Veillonellaceae	g__Dialister	NA
5437eb32e8402c12d07295689337b6d3	1.1395063707465674	0.21324440964412975	0.4610745407538119	0.46249443592243444	0.6437267915165934	NA	d__Bacteria	p__Bacillota	c__Negativicutes	o__Veillonellales-Selenomonadales	f__Veillonellaceae	g__Dialister	NA
e021b1d10d3d00e2ef45a16fce40938e	70.90700257851053	1.3919858693111868	0.9584579670205056	1.4523181163993666	0.14641317243206628	0.4072578973290602	d__Bacteria	p__Bacillota	c__Negativicutes	o__Veillonellales-Selenomonadales	f__Veillonellaceae	g__Dialister	NA
b38124656c88bcde00e621bad95ddf6e	1.0386805954253813	0.0017551853792483882	0.46650392643832095	0.0037624235934066697	0.9969980273861917	NA	d__Bacteria	p__Bacillota	c__Negativicutes	o__Veillonellales-Selenomonadales	f__Veillonellaceae	g__Dialister	NA
59110ea8f5189eb776e81aeb7d7d3592	1.0387264241175567	-0.03671978916508494	0.4680889203215968	-0.07844618313088227	0.9374731378647613	NA	d__Bacteria	p__Bacillota	c__Negativicutes	o__Veillonellales-Selenomonadales	f__Veillonellaceae	g__Dialister	NA
78e485ed362e52c2dd1ea76bad6f001c	114.78207516392818	0.9318450213005304	0.9681131766666956	0.9625372774172541	0.3357797872605372	0.6091714871599776	d__Bacteria	p__Bacillota	c__Negativicutes	o__Veillonellales-Selenomonadales	f__Veillonellaceae	g__Dialister	NA
a1580b985a39db6e693626a2e4f28d6d	1.0531791811445184	0.0017551796490457537	0.466766271650045	0.0037602966530574183	0.9969997244270533	NA	d__Bacteria	p__Bacillota	c__Negativicutes	o__Veillonellales-Selenomonadales	f__Veillonellaceae	g__Dialister	NA
8af49bc8a804f6d85ca5fa00a7c9dda8	1.0531791811445184	0.0017551796490457537	0.466766271650045	0.0037602966530574183	0.9969997244270533	NA	d__Bacteria	p__Bacillota	c__Negativicutes	o__Veillonellales-Selenomonadales	f__Veillonellaceae	g__Dialister	NA
9d4eb0396d0e34d9ef328a80e88e3b88	14.721302061322037	-1.3236327838207318	0.6840368607746552	-1.9350313699787314	0.05298644628350658	0.21426505719357375	d__Bacteria	p__Bacillota	c__Negativicutes	o__Veillonellales-Selenomonadales	f__Veillonellaceae	g__Incertae_Sedis	NA
7a6dba47692f821cabeaf266b6b36593	211.4646220592501	-1.485689297635814	1.0150475035601068	-1.4636647964011646	0.1432855586836512	0.4039576431433453	d__Bacteria	p__Bacillota	c__Negativicutes	o__Veillonellales-Selenomonadales	f__Veillonellaceae	g__Incertae_Sedis	NA
94451b926d79f4c13eba64d580d5154f	4.9358836089037705	-4.483194862244452	0.5723053307607228	-7.833571733964588	4.742020911040819e-15	2.8475835570800116e-12	d__Bacteria	p__Bacillota	c__Negativicutes	o__Veillonellales-Selenomonadales	f__Veillonellaceae	NA	NA
b6ecd20f301035741915d6c32bda2410	3.0743497438203997	1.7547398458978347	0.6959028153919148	2.5215300284560707	0.011684570208663975	0.07710532319013974	d__Bacteria	p__Bacillota	c__Negativicutes	o__Veillonellales-Selenomonadales	f__Veillonellaceae	g__Allisonella	NA
af2ae83db0ea9b8d611094fb57b22401	1.0531791811445184	0.0017551796490457537	0.466766271650045	0.0037602966530574183	0.9969997244270533	NA	d__Bacteria	p__Bacillota	c__Negativicutes	o__Veillonellales-Selenomonadales	f__Veillonellaceae	g__Allisonella	NA
c83c84c8f82639c3bcb16c5630f257b2	1.0531791811445184	0.0017551796490457537	0.466766271650045	0.0037602966530574183	0.9969997244270533	NA	d__Bacteria	p__Bacillota	c__Negativicutes	o__Veillonellales-Selenomonadales	f__Veillonellaceae	g__Dialister	NA
961ee91f3e27eb4e3d627ce32dfb36d1	1.0531791811445184	0.0017551796490457537	0.466766271650045	0.0037602966530574183	0.9969997244270533	NA	d__Bacteria	p__Bacillota	c__Negativicutes	o__Veillonellales-Selenomonadales	f__Veillonellaceae	g__Dialister	NA
baeba615f83e60cde6f2d1b1b0d2ab78	1.3280712198548446	0.5870852054462812	0.5011246108917515	1.1715353680226614	0.24138365004196166	0.5183124226277362	d__Bacteria	p__Bacillota	c__Negativicutes	o__Veillonellales-Selenomonadales	f__Veillonellaceae	g__Dialister	NA
ed9cb66ccd99f149bc2a98551f7d4347	1.0531791811445184	0.0017551796490457537	0.466766271650045	0.0037602966530574183	0.9969997244270533	NA	d__Bacteria	p__Bacillota	c__Negativicutes	o__Veillonellales-Selenomonadales	f__Veillonellaceae	g__Dialister	NA
e7ab4b543a03582976d41c0df48b69fe	12.565100632706041	-2.4641542097753972	0.7499811114836914	-3.285621693725791	0.0010175757575517257	0.012730296716871068	d__Bacteria	p__Bacillota	c__Negativicutes	o__Veillonellales-Selenomonadales	f__Veillonellaceae	g__Dialister	NA
2e0b5b83dd84d0a34978a4e9f1d9790a	1.0531791811445184	0.0017551796490457537	0.466766271650045	0.0037602966530574183	0.9969997244270533	NA	d__Bacteria	p__Bacillota	c__Negativicutes	o__Veillonellales-Selenomonadales	f__Veillonellaceae	g__Dialister	NA
be22632d5e3f6175707a3213d7a90ad2	1.0531791811445184	0.0017551796490457537	0.466766271650045	0.0037602966530574183	0.9969997244270533	NA	d__Bacteria	p__Bacillota	c__Negativicutes	o__Veillonellales-Selenomonadales	f__Veillonellaceae	g__Dialister	NA
4cb41777a79a421ce0ea64d1d234279c	2.6548971216911843	0.6598198362385047	0.6713038979361919	0.9828929018094592	0.32566015169651713	0.5984176048663825	d__Bacteria	p__Bacillota	c__Negativicutes	o__Veillonellales-Selenomonadales	f__Veillonellaceae	g__Incertae_Sedis	NA
46696f3730b982d34aa92882f12376f1	1.0531791811445184	0.0017551796490457537	0.466766271650045	0.0037602966530574183	0.9969997244270533	NA	d__Bacteria	p__Bacillota	c__Negativicutes	o__Veillonellales-Selenomonadales	f__Veillonellaceae	NA	NA
f3185e97f35262dd6f654c91219ebdaf	1.0531791811445184	0.0017551796490457537	0.466766271650045	0.0037602966530574183	0.9969997244270533	NA	d__Bacteria	p__Bacillota	c__Negativicutes	o__Veillonellales-Selenomonadales	f__Veillonellaceae	g__Dialister	NA
f1ce4897644877cf6f1235176866dfed	29.391080934803476	0.474836857366033	0.8277943423538535	0.5736169397048821	0.5662270461203518	0.7539231512090272	d__Bacteria	p__Bacillota	c__Negativicutes	o__Veillonellales-Selenomonadales	f__Veillonellaceae	g__Dialister	NA
5de7a1505c969891b68cdc23e3b5231a	1.0531791811445184	0.0017551796490457537	0.466766271650045	0.0037602966530574183	0.9969997244270533	NA	d__Bacteria	p__Bacillota	c__Negativicutes	o__Veillonellales-Selenomonadales	f__Veillonellaceae	g__Dialister	NA
b18d893504d87bc4f5fa46ff3229b88a	1.0531791811445184	0.0017551796490457537	0.466766271650045	0.0037602966530574183	0.9969997244270533	NA	d__Bacteria	p__Bacillota	c__Clostridia	o__Lachnospirales	f__Lachnospiraceae	NA	NA
ab9899b443255cd34e51705c7b8ea201	2.3167763831670367	0.019346244260579303	0.5730282509768643	0.033761414428693494	0.9730674052175002	0.998890072806692	d__Bacteria	p__Bacillota	c__Clostridia	o__Lachnospirales	f__Lachnospiraceae	NA	NA
8ee6f70260b29cb40fdff8d4500ae32a	1.2971627608755072	0.0017557460008328788	0.5088081465484607	0.0034507033991949955	0.9972467424978754	0.998890072806692	d__Bacteria	p__Bacillota	c__Clostridia	o__Lachnospirales	f__Lachnospiraceae	NA	NA
2d0447008c3204f3ac97998db1edbbf2	1.0531791811445184	0.0017551796490457537	0.466766271650045	0.0037602966530574183	0.9969997244270533	NA	d__Bacteria	p__Bacillota	c__Clostridia	o__Lachnospirales	f__Lachnospiraceae	g__Butyribacter	NA
cbcf2a2f395a9ebf8aa80cbcece3720b	1.1966989339274532	0.0017551964313431716	0.4722950015033852	0.003716313799121567	0.9970348174219341	0.998890072806692	d__Bacteria	p__Bacillota	c__Negativicutes	o__Acidaminococcales	f__Acidaminococcaceae	g__Phascolarctobacterium	NA
96cf4779be686036f92ee15e58b72d52	5.559879923131277	-1.0526739827380072	0.6628680658329842	-1.5880595807782332	0.11227286700335551	0.3457428545411025	d__Bacteria	p__Bacillota	c__Negativicutes	o__Acidaminococcales	f__Acidaminococcaceae	g__Phascolarctobacterium	NA
e174d6cd70de66f236674a5e640b3f4f	1.0531791811445184	0.0017551796490457537	0.466766271650045	0.0037602966530574183	0.9969997244270533	NA	d__Bacteria	p__Bacillota	c__Negativicutes	o__Acidaminococcales	f__Acidaminococcaceae	g__Phascolarctobacterium	NA
d9c4244892c284aa32c616e0226da80e	1.038742922832062	-0.03671924186339007	0.468089205441176	-0.0784449661230321	0.9374741059134039	NA	d__Bacteria	p__Bacillota	c__Negativicutes	o__Acidaminococcales	f__Acidaminococcaceae	g__Phascolarctobacterium	NA
e9377cd8cef1dcc7c0402be19c3790dc	1.038742922832062	-0.03671924186339007	0.468089205441176	-0.0784449661230321	0.9374741059134039	NA	d__Bacteria	p__Bacillota	c__Negativicutes	o__Acidaminococcales	f__Acidaminococcaceae	g__Phascolarctobacterium	NA
c757acb17d61c9ba58047bacd3655b30	1.0387345039180496	0.0017551853986298464	0.46650493531342463	0.0037624154982425057	0.9969980338451525	NA	d__Bacteria	p__Bacillota	c__Negativicutes	o__Acidaminococcales	f__Acidaminococcaceae	g__Succiniclasticum	NA
456a3dc00de762135c0efae694625e3b	1.0387345039180496	0.0017551853986298464	0.46650493531342463	0.0037624154982425057	0.9969980338451525	NA	d__Bacteria	p__Bacillota	c__Negativicutes	o__Acidaminococcales	f__Acidaminococcaceae	g__Succiniclasticum	NA
1569f7ae988e26c905ab8fab427c8a0d	104.13790013866577	-1.0084646218938629	0.9855487328099344	-1.0232519086281935	0.30618875555162095	0.585561616906842	d__Bacteria	p__Bacillota	c__Negativicutes	o__Acidaminococcales	f__Acidaminococcaceae	g__Phascolarctobacterium	NA
aac28e10889080104b51e14344404ddd	1.559705433281963	0.0017564013083897563	0.5748522433611888	0.0030553961103465354	0.9975621504094866	0.998890072806692	d__Bacteria	p__Bacillota	c__Negativicutes	o__Acidaminococcales	f__Acidaminococcaceae	g__Phascolarctobacterium	NA
f06ec31a6699189d92309ca731efacbc	1.0531791811445184	0.0017551796490457537	0.466766271650045	0.0037602966530574183	0.9969997244270533	NA	d__Bacteria	p__Bacillota	c__Negativicutes	o__Acidaminococcales	f__Acidaminococcaceae	g__Acidaminococcus	NA
6bbff26a22040581ff0e24f9b5b40830	372.46654198212144	-2.5189942488084163	1.1076589501574101	-2.274160515247442	0.022956337303801724	0.11764833233393761	d__Bacteria	p__Bacillota	c__Negativicutes	o__Acidaminococcales	f__Acidaminococcaceae	g__Acidaminococcus	NA
55b7688dfd42d9b2545d67bb5b0f086c	1.0531791811445184	0.0017551796490457537	0.466766271650045	0.0037602966530574183	0.9969997244270533	NA	d__Bacteria	p__Bacillota	c__Negativicutes	o__Acidaminococcales	f__Acidaminococcaceae	g__Acidaminococcus	NA
bd2a5120a84197ef456dde8391d81854	1.0387148832605266	-0.03672017120230741	0.4680887208754204	-0.07844703271985122	0.9374724620734084	NA	d__Bacteria	p__Bacillota	c__Negativicutes	o__Acidaminococcales	f__Acidaminococcaceae	g__Acidaminococcus	NA
e4eceefdcc718643cfd7adf006ad8b04	1.1682376906877614	-0.690073029389018	0.4003357900772956	-1.7237355402468035	0.08475559596204489	0.2804913925732454	d__Bacteria	p__Bacillota	c__Negativicutes	o__Acidaminococcales	f__Acidaminococcaceae	g__Acidaminococcus	NA
bca3b58099e34284c059ac72237e501d	1.3998514345797644	0.001756067152726356	0.5367283927627235	0.003271798504430297	0.9973894871447024	0.998890072806692	d__Bacteria	p__Bacillota	c__Negativicutes	o__Acidaminococcales	f__Acidaminococcaceae	g__Acidaminococcus	NA
0503d8e4bbf94c3a89cd23455a50d7ad	1.038745095909413	0.1172346253640524	0.48059247486034684	0.2439377050132112	0.8072790667035393	NA	d__Bacteria	p__Bacillota	c__Negativicutes	o__Acidaminococcales	f__Acidaminococcaceae	g__Acidaminococcus	NA
370a9ae9f5f667d72350dfcd46d58533	1.0531791811445184	0.0017551796490457537	0.466766271650045	0.0037602966530574183	0.9969997244270533	NA	d__Bacteria	p__Bacillota	c__Negativicutes	o__Acidaminococcales	f__Acidaminococcaceae	g__Acidaminococcus	NA
57aa8b53afbf7720e6685fe27c0e5659	1.1394730633019505	-0.5457021581867929	0.4116805808292659	-1.325547484138216	0.1849896311210702	NA	d__Bacteria	p__Bacillota	c__Negativicutes	o__Acidaminococcales	f__Acidaminococcaceae	g__Phascolarctobacterium	NA
bed631629de0853f7f9d02d6e4d21546	1.1976259534092044	0.0017551973362748363	0.47234512823695635	0.0037159213281741	0.9970351305662815	0.998890072806692	d__Bacteria	p__Bacillota	c__Negativicutes	o__Acidaminococcales	f__Acidaminococcaceae	g__Acidaminococcus	NA
cdd058255b32c7dd3dfe3b2a5f1f0cb7	1.139895723306289	0.001755168217988802	0.4691082581341641	0.0037414992969209827	0.9970147224417927	NA	d__Bacteria	p__Bacillota	c__Negativicutes	o__Acidaminococcales	f__Acidaminococcaceae	g__Acidaminococcus	NA
396ffa76286336a3eeb1ea420e60f86b	2.6042369706404624	0.5338122838028213	0.6021497554985779	0.886510837093717	0.37534231703721266	0.6430615160651817	d__Bacteria	p__Bacillota	c__Clostridia	o__Lachnospirales	f__Lachnospiraceae	g__Butyribacter	NA
9484afed9f64641667938e294c07fe7c	25.622954650180137	5.3821205672797365	0.9088838002885352	5.92168169965305	3.1866595598544985e-9	3.479252846713866e-7	d__Bacteria	p__Bacillota	c__Clostridia	o__Lachnospirales	f__Lachnospiraceae	NA	NA
c664f648f475bfd863f78a957eebe65a	1.2249732829142552	0.397396208216044	0.4703432922950429	0.8449067196790387	0.3981629223620652	0.6568594364791762	d__Bacteria	p__Bacillota	c__Clostridia	o__Lachnospirales	f__Lachnospiraceae	NA	NA
b1479e74e93e243fc221f7c8b415f507	1.456689504034929	0.7979082266965841	0.5363576409219306	1.4876421361781689	0.1368452949863543	0.3920147236724744	d__Bacteria	p__Bacillota	c__Clostridia	o__Lachnospirales	f__Lachnospiraceae	g__Roseburia	NA
d668488fa839c37c80ae10d320cf3665	1.0531791811445184	0.0017551796490457537	0.466766271650045	0.0037602966530574183	0.9969997244270533	NA	d__Bacteria	p__Bacillota	c__Clostridia	o__Lachnospirales	f__Lachnospiraceae	NA	NA
33ddca6781100b91d670de9a543e5aa7	1.3852131223310165	0.6846815738598189	0.5231997041056574	1.3086428919721849	0.19065534464290354	0.47251936633983255	d__Bacteria	p__Bacillota	c__Clostridia	o__Lachnospirales	f__Lachnospiraceae	g__Shuttleworthia	NA
9cf3b2210a0be2963ef9c210aed1b36a	1.3121607499506651	0.560972988205102	0.47494439382700837	1.1811340348390937	0.23754948124024558	0.5183124226277362	d__Bacteria	p__Bacillota	c__Clostridia	o__Lachnospirales	f__Lachnospiraceae	NA	NA
96040114b5274bdb987f28c63b6b6b87	1.2822379835041673	0.5083104032038834	0.46857714519718774	1.0847955526938367	0.2780122156944833	0.5604576383852357	d__Bacteria	p__Bacillota	c__Clostridia	o__Lachnospirales	f__Lachnospiraceae	NA	NA
fc00ed40b15cd5fa384b672502a3adc3	26.73884764116411	-1.7357432595382236	0.7898742212572061	-2.1974932373100136	0.02798523893247484	0.13751052657110158	d__Bacteria	p__Bacillota	c__Clostridia	o__Lachnospirales	f__Lachnospiraceae	g__Roseburia	NA
869eb4c4aad04548e2492b55091edbaa	1.0531791811445184	0.0017551796490457537	0.466766271650045	0.0037602966530574183	0.9969997244270533	NA	d__Bacteria	p__Bacillota	c__Clostridia	o__Lachnospirales	f__Lachnospiraceae	g__Roseburia	NA
769723e5a9c6312f2ee3ab2781ac8ad6	1.7577616264332088	1.1952712408080735	0.5441552916698214	2.196562744322868	0.028051689433738456	0.13751052657110158	d__Bacteria	p__Bacillota	c__Clostridia	o__Lachnospirales	f__Lachnospiraceae	g__Shuttleworthia	NA
e0cdaf99e96ca363991154bd1da46a59	1.0531791811445184	0.0017551796490457537	0.466766271650045	0.0037602966530574183	0.9969997244270533	NA	d__Bacteria	p__Bacillota	c__Clostridia	o__Lachnospirales	f__Lachnospiraceae	NA	NA
545834b282c431706aeafbd5898d3507	1.0531791811445184	0.0017551796490457537	0.466766271650045	0.0037602966530574183	0.9969997244270533	NA	d__Bacteria	p__Bacillota	c__Clostridia	o__Lachnospirales	f__Lachnospiraceae	NA	NA
7923a583f5a586d281ae452dcbab9028	2.089008669611542	-2.817158196089998	0.48941713824314087	-5.756149460157324	8.605420237138512e-9	6.930310633996549e-7	d__Bacteria	p__Bacillota	c__Clostridia	o__Lachnospirales	f__Lachnospiraceae	g__Agathobacter	NA
3cdd5aad050b728ee09ba86a9f57e411	1.0531791811445184	0.0017551796490457537	0.466766271650045	0.0037602966530574183	0.9969997244270533	NA	d__Bacteria	p__Bacillota	c__Clostridia	o__Lachnospirales	f__Lachnospiraceae	g__Agathobacter	NA
263e41ea2c25dc87bd2ff5910cf30d40	403.0329588285747	0.10550242937550901	0.8409335341842596	0.12545870165333664	0.9001604179602881	0.998890072806692	d__Bacteria	p__Bacillota	c__Clostridia	o__Lachnospirales	f__Lachnospiraceae	g__Agathobacter	NA
26b89fe00155e0c877d2698656c41140	1.0387148832605266	-0.03672017120230741	0.4680887208754204	-0.07844703271985122	0.9374724620734084	NA	d__Bacteria	p__Bacillota	c__Clostridia	o__Lachnospirales	f__Lachnospiraceae	g__Agathobacter	NA
a7c8fdf5ab5ea3c2955f9509d1732968	1.0387386692036873	-0.03671938309544485	0.4680891319336553	-0.07844528016226036	0.9374738561161168	NA	d__Bacteria	p__Bacillota	c__Clostridia	o__Lachnospirales	f__Lachnospiraceae	g__Agathobacter	NA
ac5a3f1c1dd4296798f1058147b20a31	1.0531791811445184	0.0017551796490457537	0.466766271650045	0.0037602966530574183	0.9969997244270533	NA	d__Bacteria	p__Bacillota	c__Clostridia	o__Lachnospirales	f__Lachnospiraceae	g__Agathobacter	NA
5f9b3bce3e6d7ebeeadaaa8da1c0f142	1.0531791811445184	0.0017551796490457537	0.466766271650045	0.0037602966530574183	0.9969997244270533	NA	d__Bacteria	p__Bacillota	c__Clostridia	o__Lachnospirales	f__Lachnospiraceae	g__Agathobacter	NA
1d6b8adff37cce201c5a358c6fc84393	1.0387264241175567	0.0017551853957245857	0.4665047840706333	0.0037624167118055405	0.9969980328768762	NA	d__Bacteria	p__Bacillota	c__Clostridia	o__Lachnospirales	f__Lachnospiraceae	g__Agathobacter	NA
3b239fbcc133f26714a8f953dfc7d99d	1.0531791811445184	0.0017551796490457537	0.466766271650045	0.0037602966530574183	0.9969997244270533	NA	d__Bacteria	p__Bacillota	c__Clostridia	o__Lachnospirales	f__Lachnospiraceae	g__Agathobacter	NA
b617f914f18e645b8359842a1bf5b86d	1.0531791811445184	0.0017551796490457537	0.466766271650045	0.0037602966530574183	0.9969997244270533	NA	d__Bacteria	p__Bacillota	c__Clostridia	o__Lachnospirales	f__Lachnospiraceae	g__Agathobacter	NA
5c4563e3dd7e12dcdf279783af929eaa	94.90560544277655	0.030771270270050097	0.9667449077856842	0.031829772282464114	0.9746078038122539	0.998890072806692	d__Bacteria	p__Bacillota	c__Clostridia	o__Lachnospirales	f__Lachnospiraceae	g__Agathobacter	NA
049be28aea0b2094a3273bc7b7974799	1.0531791811445184	0.0017551796490457537	0.466766271650045	0.0037602966530574183	0.9969997244270533	NA	d__Bacteria	p__Bacillota	c__Clostridia	o__Lachnospirales	f__Lachnospiraceae	g__Agathobacter	NA
63280465938679d0adf0f4d34361710b	1.0387148832605266	-0.03672017120230741	0.4680887208754204	-0.07844703271985122	0.9374724620734084	NA	d__Bacteria	p__Bacillota	c__Clostridia	o__Lachnospirales	f__Lachnospiraceae	g__Agathobacter	NA
5348262d6a0043580764669cef6c6208	1.0531791811445184	0.0017551796490457537	0.466766271650045	0.0037602966530574183	0.9969997244270533	NA	d__Bacteria	p__Bacillota	c__Clostridia	o__Lachnospirales	f__Lachnospiraceae	g__Agathobacter	NA
d2a9961b13093f3af00cae14f9286821	1.0531791811445184	0.0017551796490457537	0.466766271650045	0.0037602966530574183	0.9969997244270533	NA	d__Bacteria	p__Bacillota	c__Clostridia	o__Lachnospirales	f__Lachnospiraceae	g__Roseburia	NA
8d0f4817a45a3269a4df41c6c4dbc1c2	1.0531791811445184	0.0017551796490457537	0.466766271650045	0.0037602966530574183	0.9969997244270533	NA	d__Bacteria	p__Bacillota	c__Clostridia	o__Lachnospirales	f__Lachnospiraceae	g__Roseburia	NA
601101d33cdf43a40bd674a50711af52	26.203652562945678	1.4255978672086145	0.8870764744200098	1.6070743710576947	0.10803805463613288	0.3370226067999885	d__Bacteria	p__Bacillota	c__Clostridia	o__Lachnospirales	f__Lachnospiraceae	g__Roseburia	NA
ab4040fe8717efa3f115680ae82cd72a	11.021029046947046	0.7250682871563197	0.7375062491128112	0.9831351097411665	0.3255409464272799	0.5984176048663825	d__Bacteria	p__Bacillota	c__Clostridia	o__Lachnospirales	f__Lachnospiraceae	g__Roseburia	NA
9e4392a483e801133756df91ce0ded9c	1.0531791811445184	0.0017551796490457537	0.466766271650045	0.0037602966530574183	0.9969997244270533	NA	d__Bacteria	p__Bacillota	c__Clostridia	o__Lachnospirales	f__Lachnospiraceae	g__Roseburia	NA
ec6732c2e0d4cf64b3d0350e7fe3defb	135.85933814068682	-0.11927660207909173	0.9106340050079503	-0.13098193283266463	0.8957895997725543	0.998890072806692	d__Bacteria	p__Bacillota	c__Clostridia	o__Lachnospirales	f__Lachnospiraceae	g__Roseburia	NA
f70205fc13845ff93d04f8077970934f	1.0387264241175567	0.0017551853957245857	0.4665047840706333	0.0037624167118055405	0.9969980328768762	NA	d__Bacteria	p__Bacillota	c__Clostridia	o__Lachnospirales	f__Lachnospiraceae	g__Roseburia	NA
fa2bd2f1500f2aadfa41c605e68f78c0	1.196340932619299	0.33868203405375275	0.46010306754031816	0.7361003608698491	0.461669623186855	0.6870696622644521	d__Bacteria	p__Bacillota	c__Clostridia	o__Lachnospirales	f__Lachnospiraceae	g__Roseburia	NA
59fde92361d7af5a12b89009cc1665c3	1.167708582324343	0.27732132954604627	0.46018516322795094	0.6026298796788375	0.546754938370009	0.7336901463490294	d__Bacteria	p__Bacillota	c__Clostridia	o__Lachnospirales	f__Lachnospiraceae	NA	NA
4912cd4c1f9a773f88a73c258c25c825	1.4540320852739037	0.7961400927649419	0.5363936993764183	1.4842457950018622	0.13774372472088608	0.3920147236724744	d__Bacteria	p__Bacillota	c__Clostridia	o__Lachnospirales	f__Lachnospiraceae	g__Faecalicatena	NA
bf448678f2057e4c40f77ab168c0a053	1.0387186569978308	0.0017551853929319175	0.4665046386916679	0.0037624178783182294	0.9969980319461402	NA	d__Bacteria	p__Bacillota	c__Clostridia	o__Lachnospirales	f__Lachnospiraceae	NA	NA
7ea5bffdecae3f74c3914914602d1c63	1.0387111791071326	0.0017551853902432872	0.4665044987363378	0.0037624190013123425	0.996998031050127	NA	d__Bacteria	p__Bacillota	c__Clostridia	o__Lachnospirales	f__Lachnospiraceae	NA	NA
7af6fc12809fdafab918881f836460f8	75.36716499133573	4.118549413339095	0.9230638683045581	4.461824966569063	8.126459270679353e-6	2.5025327138681805e-4	d__Bacteria	p__Bacillota	c__Clostridia	o__Lachnospirales	f__Lachnospiraceae	NA	NA
07f7487d471e0b5065f782774391388d	1.0387264241175567	0.0017551853957245892	0.4665047840706333	0.003762416711805548	0.9969980328768762	NA	d__Bacteria	p__Bacillota	c__Clostridia	o__Lachnospirales	f__Lachnospiraceae	NA	NA
dd0f100bf28e465b25e15a51d917bf1c	1.038742922832062	-0.03671924186339007	0.468089205441176	-0.0784449661230321	0.9374741059134039	NA	d__Bacteria	p__Bacillota	c__Clostridia	o__Lachnospirales	f__Lachnospiraceae	NA	NA
bd5ef8f372e09bcf6ec35825be4f053c	82.95796052705104	1.1349800726417019	0.854916894126796	1.3275911149246382	0.18431322137308898	0.46309660851271933	d__Bacteria	p__Bacillota	c__Clostridia	o__Lachnospirales	f__Lachnospiraceae	g__Coprococcus	NA
20aa7b87c7033531cd5beba24d384812	1.0531791811445184	0.0017551796490457537	0.466766271650045	0.0037602966530574183	0.9969997244270533	NA	d__Bacteria	p__Bacillota	c__Clostridia	o__Lachnospirales	f__Lachnospiraceae	g__Coprococcus	NA
fe245489c9306325a5182ca0b26b3dd1	1.139964968448468	0.21327275513479071	0.4610886735453123	0.4625417351828138	0.6436928804362041	NA	d__Bacteria	p__Bacillota	c__Clostridia	o__Lachnospirales	f__Lachnospiraceae	g__Coprococcus	NA
2bc2c164ee191217c7507105b2e375a4	1.1831437886119978	0.3084262243659305	0.4600787070475615	0.670377089053257	0.5026174359887288	0.7061368533742548	d__Bacteria	p__Bacillota	c__Clostridia	o__Lachnospirales	f__Lachnospiraceae	NA	NA
bfc5040baf564d53c8754c7150568997	1.0387264241175567	0.0017551853957245857	0.4665047840706333	0.0037624167118055405	0.9969980328768762	NA	d__Bacteria	p__Bacillota	c__Clostridia	o__Lachnospirales	f__Lachnospiraceae	g__Mediterraneibacter	NA
664667183a91ac47de4771fa5456a698	1.312257971335853	0.5610012491489742	0.4749576678785326	1.1811605266944478	0.23753895899576144	0.5183124226277362	d__Bacteria	p__Bacillota	c__Clostridia	o__Lachnospirales	f__Lachnospiraceae	g__Mediterraneibacter	NA
452e8489334d0ba0cf7eeccea28f1364	3.3482234366594104	-0.25978690415071576	0.5967325916485396	-0.43534894488170284	0.6633091629854009	0.8385624260478595	d__Bacteria	p__Bacillota	c__Clostridia	o__Lachnospirales	f__Lachnospiraceae	g__Mediterraneibacter	NA
496d7f479392def9414da33c9137e40a	1.8012196449934998	-0.03672584095650655	0.5857884114688099	-0.06269472088807616	0.9500096012464881	0.998890072806692	d__Bacteria	p__Bacillota	c__Clostridia	o__Lachnospirales	f__Lachnospiraceae	g__Dorea	NA
c24e0e391aa836b5eae25567c7eb89ee	196.3671401219127	-1.312518328994222	0.8463117966583684	-1.5508685264422086	0.12093319430396411	0.365174388225621	d__Bacteria	p__Bacillota	c__Clostridia	o__Lachnospirales	f__Lachnospiraceae	g__[Ruminococcus]_gnavus_group	NA
37995083dd80edb84b26af5e4905d7ba	4.202118816514666	0.0017565083059458142	0.7218061416166048	0.002433490385675885	0.998058357508768	0.998890072806692	d__Bacteria	p__Bacillota	c__Clostridia	o__Lachnospirales	f__Lachnospiraceae	g__[Ruminococcus]_gnavus_group	NA
5c74ba2a11ae3d0b382f1d1843692e02	1.0242706671663018	-0.036719342567565885	0.46784392627447985	-0.07848630815829588	0.9374412211311749	NA	d__Bacteria	p__Bacillota	c__Clostridia	o__Lachnospirales	f__Lachnospiraceae	g__[Ruminococcus]_gnavus_group	NA
d1a75593a480570277f05ec729b865de	1.4866226705451746	0.8417149762229403	0.5485867637433174	1.5343333668487433	0.12494766104447327	0.3742198027790833	d__Bacteria	p__Bacillota	c__Clostridia	o__Lachnospirales	f__Lachnospiraceae	g__[Ruminococcus]_gnavus_group	NA
4b5cfdee8130f5fcedcfe5134e44e5d6	1.0387148832605266	-0.03672017120230741	0.4680887208754204	-0.07844703271985122	0.9374724620734084	NA	d__Bacteria	p__Bacillota	c__Clostridia	o__Lachnospirales	f__Lachnospiraceae	g__[Ruminococcus]_gnavus_group	NA
60d285e5faed1d8b89692b7e17cedd83	1.0387186569978308	0.0017551853929319175	0.4665046386916679	0.0037624178783182294	0.9969980319461402	NA	d__Bacteria	p__Bacillota	c__Clostridia	o__Lachnospirales	f__Lachnospiraceae	g__[Ruminococcus]_gnavus_group	NA
5149bdbf03de13bb38557d48d5141b87	11.96307310140116	0.7722845156591654	0.7491792313203982	1.030840796664965	0.30261548338019445	0.5805769896798938	d__Bacteria	p__Bacillota	c__Clostridia	o__Lachnospirales	f__Lachnospiraceae	g__Lachnoclostridium	NA
2e4f2b53b856c4def6d021d01f5abb70	181.7835270730092	-0.7813899338573134	0.8355808975861287	-0.935145760410075	0.3497131865314411	0.6287508039285341	d__Bacteria	p__Bacillota	c__Clostridia	o__Lachnospirales	f__Lachnospiraceae	g__Dorea	NA
836219a248a828d153d0ca03cf5b2003	1.0242359181989125	-0.0367211037065855	0.4678433910312264	-0.07849016232898871	0.9374381554054956	NA	d__Bacteria	p__Bacillota	c__Clostridia	o__Lachnospirales	f__Lachnospiraceae	g__[Ruminococcus]_gnavus_group	NA
9f1c7313b24bc98241173ae7db699bd0	2.407411766502362	1.586298304313837	0.6245507290150873	2.5399030544971417	0.011088319967540474	0.07357498497798956	d__Bacteria	p__Bacillota	c__Clostridia	o__Lachnospirales	f__Lachnospiraceae	NA	NA
421cbd1d71d34704c6d53377261e213c	6.501038270389747	0.5058872414651391	0.6920145394806335	0.7310355673232162	0.46475742839773354	0.6908089993882154	d__Bacteria	p__Bacillota	c__Clostridia	o__Lachnospirales	f__Lachnospiraceae	g__[Eubacterium]_ventriosum_group	NA
d084b32d5ad7ee012fef1f2de8889355	1.0387386692036873	-0.03671938309544485	0.4680891319336553	-0.07844528016226036	0.9374738561161168	NA	d__Bacteria	p__Bacillota	c__Clostridia	o__Lachnospirales	f__Lachnospiraceae	g__[Eubacterium]_ventriosum_group	NA
1b5d50e4ae6a2cb153f3b2ca04699419	1.3839981301794375	0.70762916683247	0.48604982327059754	1.455877839993603	0.14542639259736312	0.4072578973290602	d__Bacteria	p__Bacillota	c__Clostridia	o__Lachnospirales	f__Lachnospiraceae	g__[Eubacterium]_ventriosum_group	NA
e220e84c750738e230e8ecfe97decc4c	2.764027109406572	-0.44181680293656156	0.539483612165262	-0.8189624169736934	0.4128078565402025	0.6642795753471423	d__Bacteria	p__Bacillota	c__Clostridia	o__Lachnospirales	f__Lachnospiraceae	g__Faecalimonas	NA
b1376d4b55b95caf907587f740305357	1.0387386692036873	-0.036719383095444855	0.4680891319336553	-0.07844528016226038	0.9374738561161167	NA	d__Bacteria	p__Bacillota	c__Clostridia	o__Lachnospirales	f__Lachnospiraceae	g__Enterocloster	NA
be83625131875728eb43add055111b7c	1.8744126387709514	1.3228377182193543	0.6095904379735096	2.170043419015768	0.030003556863702194	0.14613512720466332	d__Bacteria	p__Bacillota	c__Clostridia	o__Lachnospirales	f__Lachnospiraceae	g__Enterocloster	NA
34eca2881193c58b0a145254ea4189fd	1.0531791811445184	0.0017551796490457537	0.466766271650045	0.0037602966530574183	0.9969997244270533	NA	d__Bacteria	p__Bacillota	c__Clostridia	o__Lachnospirales	f__Lachnospiraceae	g__Enterocloster	NA
f61600d5c3675e9acf990fe6958aca07	2.0793096850483788	1.523184999062058	0.6239243533647654	2.4412975561022177	0.014634590984460518	0.08744350135491084	d__Bacteria	p__Bacillota	c__Clostridia	o__Lachnospirales	f__Lachnospiraceae	g__Enterocloster	NA
794c48d1c110499dbd6338457f2ed417	2.1001439138333255	-1.7572648498857188	0.5040838479489218	-3.486056649178294	4.901971862880893e-4	0.007791031972363404	d__Bacteria	p__Bacillota	c__Clostridia	o__Lachnospirales	f__Lachnospiraceae	g__Enterocloster	NA
be113850f984a95296ddceeb1a1d09df	1.3432502980822754	-0.07631825147777185	0.5361016399120977	-0.14235780269257417	0.8867973914293796	0.998890072806692	d__Bacteria	p__Bacillota	c__Clostridia	o__Lachnospirales	f__Lachnospiraceae	g__Enterocloster	NA
03d0319e5420b1360552b439576b2fd1	1.0386805954253813	-0.036721302362560666	0.46808812829817364	-0.07844954858408432	0.9374704608714961	NA	d__Bacteria	p__Bacillota	c__Clostridia	o__Lachnospirales	f__Lachnospiraceae	g__Enterocloster	NA
770d3a65e5e65a156b1c584c2b25adf6	1.0531791811445184	0.0017551796490457537	0.466766271650045	0.0037602966530574183	0.9969997244270533	NA	d__Bacteria	p__Bacillota	c__Clostridia	o__Lachnospirales	f__Lachnospiraceae	g__Enterocloster	NA
5d66e4011eca075a126ddc7ef27f5595	1.0387225030027176	-0.036719919039636374	0.4680888525583302	-0.07844647194425673	0.9374729081329821	NA	d__Bacteria	p__Bacillota	c__Clostridia	o__Lachnospirales	f__Lachnospiraceae	g__Enterocloster	NA
c67445ed68d61f49e41b7bdd1de019fb	434.0479769456085	1.9654029834160782	0.8233893988327171	2.3869665873793657	0.016988035155309413	0.09904189427925536	d__Bacteria	p__Bacillota	c__Clostridia	o__Lachnospirales	f__Lachnospiraceae	g__Enterocloster	NA
5225de25bf8902d5a02c4af6e90cb5e8	1.1684083773560827	-0.6901103442093761	0.40034086684710457	-1.723806888975285	0.08474271056612903	0.2804913925732454	d__Bacteria	p__Bacillota	c__Clostridia	o__Lachnospirales	f__Lachnospiraceae	g__[Ruminococcus]_gauvreauii_group	NA
d00a358047dbcb9ce8d036d8f18962a7	1.5432850741468054	0.39750875020106297	0.548693943040803	0.7244635287900429	0.4687812100174726	0.694212371431547	d__Bacteria	p__Bacillota	c__Clostridia	o__Lachnospirales	f__Lachnospiraceae	g__Extibacter	NA
deeae5ebd73410f1931afba21ddc5f63	1.557403743968395	0.7978239507323848	0.554761669178876	1.4381382043090225	0.15039484459260136	0.41056097317007706	d__Bacteria	p__Bacillota	c__Clostridia	o__Lachnospirales	f__Lachnospiraceae	g__Extibacter	NA
a248d70e41d75f4773ef7c94e831a21a	20.62729518851841	-0.5631159599923397	0.879443083063672	-0.640309726504006	0.5219712585477136	0.728938931995121	d__Bacteria	p__Bacillota	c__Clostridia	o__Lachnospirales	f__Lachnospiraceae	g__Faecalimonas	NA
9624ce4cefb03530aaafca65b645cfcc	1.0243024108912309	-0.076247963256591	0.46951145638806835	-0.16239851492264606	0.8709920402362559	NA	d__Bacteria	p__Bacillota	c__Clostridia	o__Lachnospirales	f__Lachnospiraceae	g__Extibacter	NA
ea98cf5f7face95ade2d7795b0339265	1.2117802525080257	0.0017552132051202735	0.47360489113586113	0.003706070688819729	0.9970429901852168	0.998890072806692	d__Bacteria	p__Bacillota	c__Clostridia	o__Lachnospirales	f__Lachnospiraceae	NA	NA
8affc3372dd79282c7f4f49b2bc24d60	1.0387386692036873	-0.036719383095444855	0.4680891319336553	-0.07844528016226038	0.9374738561161167	NA	d__Bacteria	p__Bacillota	c__Clostridia	o__Lachnospirales	f__Lachnospiraceae	g__Lachnoclostridium	NA
67e8859e108281ee7971084bfa759522	187.18863993497854	2.420822430594556	0.8865487915296669	2.730613874525311	0.006321648924317273	0.0483586010070385	d__Bacteria	p__Bacillota	c__Clostridia	o__Lachnospirales	f__Lachnospiraceae	g__Lachnoclostridium	NA
a83874fd792e8ebbe5e3e4931548337a	1.0387111791071328	-0.03672029368158158	0.4680886568603212	-0.07844730510643201	0.9374722454080625	NA	d__Bacteria	p__Bacillota	c__Clostridia	o__Lachnospirales	f__Lachnospiraceae	g__Lachnoclostridium	NA
ce546184b8868a04258ac2285a351da1	1.0387111791071326	0.0017551853902432872	0.4665044987363378	0.0037624190013123425	0.996998031050127	NA	d__Bacteria	p__Bacillota	c__Clostridia	o__Lachnospirales	f__Lachnospiraceae	g__Lachnoclostridium	NA
8f4496a6a6bdcbfbe4cdea4292d96d70	5.9783211036799715	1.1995495117506334	0.6971453376638639	1.7206591609295236	0.08531269119692647	0.281238397295743	d__Bacteria	p__Bacillota	c__Clostridia	o__Lachnospirales	f__Lachnospiraceae	g__Moryella	NA
b4efe03198767cdc475cfa45d91e1670	1.0531791811445184	0.0017551796490457537	0.466766271650045	0.0037602966530574183	0.9969997244270533	NA	d__Bacteria	p__Bacillota	c__Clostridia	o__Lachnospirales	f__Lachnospiraceae	g__Moryella	NA
0b1dbb89f4c3b96aa67893b4b6a89ce0	1.1680465674183298	-0.6900312101184081	0.40033011678814867	-1.7236555062470276	0.08477005178145801	0.2804913925732454	d__Bacteria	p__Bacillota	c__Clostridia	o__Lachnospirales	f__Lachnospiraceae	g__Moryella	NA
d4b167f0fb11588dad2ab415a535461c	1.3567694221223319	0.6368141651446323	0.5152552177263716	1.2359198766674402	0.21648834784302262	0.5076515736640196	d__Bacteria	p__Bacillota	c__Clostridia	o__Lachnospirales	f__Lachnospiraceae	g__Moryella	NA
bed00446163a7786d89d581534b8a6db	3.238609365523712	0.3966639040328775	0.6552490869723245	0.6053635356681255	0.5449374739722899	0.7336901463490294	d__Bacteria	p__Bacillota	c__Clostridia	o__Lachnospirales	f__Lachnospiraceae	g__Moryella	NA
053498cdf4623851e84f48b1dc827ffa	1.1395063707465674	0.0017551679825989132	0.4690955720216379	0.003741599979370415	0.997014642109383	NA	d__Bacteria	p__Bacillota	c__Clostridia	o__Lachnospirales	f__Lachnospiraceae	g__Moryella	NA
7e87735c204e7966d544fda276496db7	1.0531791811445184	0.0017551796490457537	0.466766271650045	0.0037602966530574183	0.9969997244270533	NA	d__Bacteria	p__Bacillota	c__Clostridia	o__Lachnospirales	f__Lachnospiraceae	g__Stomatobaculum	NA
ed4a03b1e46ddd4d47f13068cfbb5011	1.2689971551496408	0.001755617466136373	0.49928214288155376	0.003516283310282266	0.9971944176168044	0.998890072806692	d__Bacteria	p__Bacillota	c__Clostridia	o__Lachnospirales	f__Lachnospiraceae	g__Moryella	NA
cdb51e76d8a1285c98a2b962844419db	3.138559319093005	2.2663326199247837	0.6884284557536807	3.292037975745262	9.946417982908812e-4	0.012574366313129982	d__Bacteria	p__Bacillota	c__Clostridia	o__Lachnospirales	f__Lachnospiraceae	g__Moryella	NA
1544a917781a731ce08f46b1340b6bc0	1.1978592015183742	0.3388289419596159	0.4601822425620797	0.7362929522729401	0.4615524343351835	0.6870696622644521	d__Bacteria	p__Bacillota	c__Clostridia	o__Lachnospirales	f__Lachnospiraceae	NA	NA
534cd2b914aca908f5add4d4e610e867	1.2409058363753223	0.4262974452293218	0.4759612115188385	0.8956558536964917	0.3704365951165915	0.6383107216596605	d__Bacteria	p__Pseudomonadota	c__Gammaproteobacteria	o__Enterobacterales	f__Enterobacteriaceae	g__Escherichia-Shigella	NA
e529807be3e770854166f88b7d84ffb9	1.2409058363753223	0.4262974452293218	0.4759612115188385	0.8956558536964917	0.3704365951165915	0.6383107216596605	d__Bacteria	p__Pseudomonadota	c__Gammaproteobacteria	o__Enterobacterales	f__Enterobacteriaceae	g__Escherichia-Shigella	NA
3255e1d0697c4bddcb23a990175b6302	1.2404266249883102	0.0017554619566332859	0.4886768501410207	0.003592275664637481	0.9971337848735249	0.998890072806692	d__Bacteria	p__Pseudomonadota	c__Gammaproteobacteria	o__Enterobacterales	f__Enterobacteriaceae	g__Escherichia-Shigella	NA
b813a59e34c790af75c0805553f8aa4f	1.1822869864377934	-0.7570934864602247	0.39565717127155303	-1.913508818826907	0.05568294562099053	0.21783458531208347	d__Bacteria	p__Pseudomonadota	c__Gammaproteobacteria	o__Enterobacterales	f__Enterobacteriaceae	g__Escherichia-Shigella	NA
54182fbde6df75e40927ec139f146d60	1.2843593057577014	-1.1561396071844214	0.38202645984350125	-3.0263338504302526	0.002475388227356469	0.024044005520485533	d__Bacteria	p__Pseudomonadota	c__Gammaproteobacteria	o__Enterobacterales	f__Enterobacteriaceae	g__Escherichia-Shigella	NA
f4084ff26b7403151eacd101315e4bc1	1.1390762320293868	0.21321769183909975	0.46106131329657	0.4624497560088088	0.6437588253445647	NA	d__Bacteria	p__Pseudomonadota	c__Gammaproteobacteria	o__Enterobacterales	f__Enterobacteriaceae	g__Escherichia-Shigella	NA
ae3202798dd65f0f9c9de3117a56ccb9	1.2846079472883842	0.5088474806495671	0.46886108787902203	1.0852840933152093	0.2777958487975293	0.5604576383852357	d__Bacteria	p__Pseudomonadota	c__Gammaproteobacteria	o__Enterobacterales	f__Enterobacteriaceae	g__Escherichia-Shigella	NA
12f9203b937a20a91b08aab804b28cd9	2.1309099900205717	1.4792093177578647	0.5986879889680207	2.4707516185645035	0.013482942953517103	0.08613305578284064	d__Bacteria	p__Bacillota	c__Clostridia	o__Lachnospirales	f__Lachnospiraceae	g__Marvinbryantia	NA
d71feb1923fa288790187009e8efa6d3	2.847205314909842	-0.6584223280520249	0.6071025520674572	-1.0845323015194068	0.2781288530204833	0.5604576383852357	d__Bacteria	p__Bacillota	c__Clostridia	o__Lachnospirales	f__Lachnospiraceae	NA	NA
160ba81e303e4b37d60f3516078b7914	1.0531791811445184	0.0017551796490457537	0.466766271650045	0.0037602966530574183	0.9969997244270533	NA	d__Bacteria	p__Bacillota	c__Clostridia	o__Lachnospirales	f__Lachnospiraceae	NA	NA
2de0f958e30d26f04cba8d2a920bbe46	1.0531791811445184	0.0017551796490457537	0.466766271650045	0.0037602966530574183	0.9969997244270533	NA	d__Bacteria	p__Bacillota	c__Clostridia	o__Lachnospirales	f__Lachnospiraceae	g__Blautia	NA
bed671b4676144142cebd192b690f499	35.741290933402944	0.4900394475464611	0.7396846632162555	0.6624977803591316	0.5076522568815405	0.7114239912657294	d__Bacteria	p__Bacillota	c__Clostridia	o__Lachnospirales	f__Lachnospiraceae	g__Blautia	NA
3dd7acf39ab927348aafcd8acb08dd9a	1.3848125002987235	-0.369611537457808	0.4201653856251484	-0.8796810734608155	0.37903210521560565	0.6456986643460175	d__Bacteria	p__Bacillota	c__Clostridia	o__Lachnospirales	f__Lachnospiraceae	g__Blautia	NA
a63f65ad0f7a1ffc9e5ea828e95cdd6b	19.02715512308605	2.998567768819028	0.8443724742477731	3.5512381801530952	3.834232631332284e-4	0.006578447700328676	d__Bacteria	p__Bacillota	c__Clostridia	o__Lachnospirales	f__Lachnospiraceae	g__Blautia	NA
9f02839251e1419ee447381f263b14ed	1.0387186569978308	0.0017551853929319175	0.4665046386916679	0.0037624178783182294	0.9969980319461402	NA	d__Bacteria	p__Bacillota	c__Clostridia	o__Lachnospirales	f__Lachnospiraceae	g__Blautia	NA
932965d7ed2166402b521fea7a1029a4	1.0531791811445184	0.0017551796490457537	0.466766271650045	0.0037602966530574183	0.9969997244270533	NA	d__Bacteria	p__Bacillota	c__Clostridia	o__Lachnospirales	f__Lachnospiraceae	g__Blautia	NA
79b5361a8906fbfe030167eb84f87c8a	1.2843593057577019	0.5087909920611445	0.46883125292104333	1.0852326693050707	0.27781861827557647	0.5604576383852357	d__Bacteria	p__Bacillota	c__Clostridia	o__Lachnospirales	f__Lachnospiraceae	g__Blautia	NA
c6c3ab4e828fb40d6e05967b7aac9338	212.91114652343288	-0.07467897746153732	0.7113515694105522	-0.10498181303433211	0.9163902400611241	0.998890072806692	d__Bacteria	p__Bacillota	c__Clostridia	o__Lachnospirales	f__Lachnospiraceae	g__Blautia	NA
b11a2d1e705cb618833eb9d7b973c9fa	1.0531791811445184	0.0017551796490457537	0.466766271650045	0.0037602966530574183	0.9969997244270533	NA	d__Bacteria	p__Bacillota	c__Clostridia	o__Lachnospirales	f__Lachnospiraceae	g__Blautia	NA
2de5ccd5d5d8484edf5b47be19c7687e	1.038742922832062	-0.03671924186339007	0.468089205441176	-0.0784449661230321	0.9374741059134039	NA	d__Bacteria	p__Bacillota	c__Clostridia	o__Lachnospirales	f__Lachnospiraceae	g__Blautia	NA
c84d13308b8608a006759b82fcb5e4ac	1.514542719691464	-0.5748005817064408	0.45491461363327873	-1.263535099731498	0.20639694072442877	0.4927933856840425	d__Bacteria	p__Bacillota	c__Clostridia	o__Lachnospirales	f__Lachnospiraceae	g__Blautia	NA
16c6da40e31fdb377aa763d3dd0f6f56	1.4272636694200638	0.7531766435610237	0.5266109292244652	1.4302335970698892	0.15264998578569478	0.41056097317007706	d__Bacteria	p__Bacillota	c__Clostridia	o__Lachnospirales	f__Lachnospiraceae	g__Blautia	NA
019e4cd4c464f2bc395e5c7830925669	1.0531791811445184	0.0017551796490457537	0.466766271650045	0.0037602966530574183	0.9969997244270533	NA	d__Bacteria	p__Bacillota	c__Clostridia	o__Lachnospirales	f__Lachnospiraceae	g__Marvinbryantia	NA
26f085ea92fdbbeedc72785b303f8455	1.167994983370866	0.0017551765121734308	0.47040707648112384	0.003731186455150747	0.9970229508415835	0.998890072806692	d__Bacteria	p__Bacillota	c__Clostridia	o__Lachnospirales	f__Lachnospiraceae	g__Marvinbryantia	NA
f73bc660ad02cf25a2e30bead37e34fd	1.038742922832062	-0.03671924186339007	0.468089205441176	-0.0784449661230321	0.9374741059134039	NA	d__Bacteria	p__Bacillota	c__Clostridia	o__Lachnospirales	f__Lachnospiraceae	g__Blautia	NA
00a96fbd0ac34bfd245f9c24f8737f7d	33.24711789432188	-0.6830154173119001	0.7912434369014275	-0.8632177980352582	0.38801772986685806	0.6568594364791762	d__Bacteria	p__Bacillota	c__Clostridia	o__Lachnospirales	f__Lachnospiraceae	g__Blautia	NA
2a7169b7465789a82b4f47c3d934d259	1.0242400834845502	-0.036719342502519674	0.46784339081384096	-0.07848639784916962	0.9374411497882902	NA	d__Bacteria	p__Bacillota	c__Clostridia	o__Lachnospirales	f__Lachnospiraceae	g__Blautia	NA
8aaed79d6563ff7925c774e39b662a14	1.872114437887564	1.321366648358908	0.5752836481607126	2.2968958922847182	0.021624709381782375	0.11764833233393761	d__Bacteria	p__Bacillota	c__Clostridia	o__Lachnospirales	f__Lachnospiraceae	g__Marvinbryantia	NA
c7d28b7a0a9a95666a7a6df27bdd7472	1.0531791811445184	0.0017551796490457537	0.466766271650045	0.0037602966530574183	0.9969997244270533	NA	d__Bacteria	p__Bacillota	c__Clostridia	o__Lachnospirales	f__Lachnospiraceae	g__Marvinbryantia	NA
0a68ec564e278b0246c920ad7de41880	60.42760637181104	0.3477736388982868	0.75925490359141945	0.4580459569681429	0.6469194242999778	0.8239132858793992	d__Bacteria	p__Bacillota	c__Clostridia	o__Lachnospirales	f__Lachnospiraceae	g__Blautia	NA
da3b4b899cecf42ff30d58718834592a	1.2543693413126589	0.4541313545208809	0.4640060662404395	0.9787185719368554	0.3277190530333044	0.5984176048663825	d__Bacteria	p__Bacillota	c__Clostridia	o__Lachnospirales	f__Lachnospiraceae	g__Blautia	NA
8ca0b9917d926bb6241ce6e23673fce4	2.330396840019253	-0.17456238786021677	0.5235058233785271	-0.33344879858957627	0.7387955327386442	0.9156794992973288	d__Bacteria	p__Bacillota	c__Clostridia	o__Lachnospirales	f__Lachnospiraceae	g__Blautia	NA
d49783e7800974b5f2bcce554e26072e	4.496018185653991	2.051343712305737	0.7619643826925825	2.692177953327459	0.0070987056942800105	0.053264341188415304	d__Bacteria	p__Bacillota	c__Clostridia	o__Lachnospirales	f__Lachnospiraceae	g__Blautia	NA
bc7f6c40d5f8e134763db884ca78cb1d	1.0387111791071326	-0.0367202936815816	0.4680886568603225	-0.07844730510643183	0.9374722454080626	NA	d__Bacteria	p__Bacillota	c__Clostridia	o__Lachnospirales	f__Lachnospiraceae	g__Blautia	NA
3525e8f55cd3355cc02bb9df648623e2	1.8716093083454242	-2.4238487615251496	0.4595246191220691	-5.274687493688501	1.3298249948425223e-7	7.259635540026679e-6	d__Bacteria	p__Bacillota	c__Clostridia	o__Lachnospirales	f__Lachnospiraceae	g__Blautia	NA
27a7197b6f932b622896bc3dc90f3200	1.914328384809039	-1.8006149842616748	0.469202924532087	-3.837603923840286	1.242406605535287e-4	0.002712964242268872	d__Bacteria	p__Bacillota	c__Clostridia	o__Lachnospirales	f__Lachnospiraceae	g__[Ruminococcus]_gauvreauii_group	NA
ab3ff2e0d51ea7efcada5c69c9dd85ad	1.0531791811445184	0.0017551796490457537	0.466766271650045	0.0037602966530574183	0.9969997244270533	NA	d__Bacteria	p__Bacillota	c__Clostridia	o__Lachnospirales	f__Lachnospiraceae	g__[Ruminococcus]_gauvreauii_group	NA
61535a40adb8221483821e3984d0b1ac	22.90035383290515	3.4540021200718867	0.797499858275112	4.331037910831034	1.4840812457246393e-5	3.9608479469228707e-4	d__Bacteria	p__Bacillota	c__Clostridia	o__Lachnospirales	f__Lachnospiraceae	g__[Ruminococcus]_gauvreauii_group	NA
db74b0f5f9e396a0c984f4a1a039b60c	1.0387148832605266	-0.03672017120230741	0.4680887208754204	-0.07844703271985122	0.9374724620734084	NA	d__Bacteria	p__Bacillota	c__Clostridia	o__Lachnospirales	f__Lachnospiraceae	g__[Ruminococcus]_gauvreauii_group	NA
02b4317d07dfa2d4bcf0b885431ba6ce	1.9776025291871535	1.4410297642727927	0.5926393367881184	2.4315459248497246	0.015034542214477878	0.08938854059201946	d__Bacteria	p__Bacillota	c__Clostridia	o__Lachnospirales	f__Lachnospiraceae	g__Blautia	NA
a3b8524c1b273413d45d6b635db3103f	1.0386805954253813	-0.036721302362560666	0.46808812829817364	-0.07844954858408432	0.9374704608714961	NA	d__Bacteria	p__Bacillota	c__Clostridia	o__Lachnospirales	f__Lachnospiraceae	g__Blautia	NA
fcffedae608fe4871be42936a1cb523a	11.218253639745381	-0.24615471289420057	0.8133659462890469	-0.3026371020538451	0.7621664362458609	0.9359528526904692	d__Bacteria	p__Bacillota	c__Clostridia	o__Lachnospirales	f__Lachnospiraceae	NA	NA
d12e59471502034ef5ef8182d1624b13	1.0387264241175567	0.0017551853957245857	0.4665047840706333	0.0037624167118055405	0.9969980328768762	NA	d__Bacteria	p__Bacillota	c__Clostridia	o__Lachnospirales	f__Lachnospiraceae	NA	NA
0a6b9615944301a29e20464d2ebb5ae1	1.2260229754618648	-0.9416323820212635	0.38560596064256625	-2.4419549439851647	0.014607969632647782	0.08744350135491084	d__Bacteria	p__Bacillota	c__Clostridia	o__Lachnospirales	f__Lachnospiraceae	NA	NA
55e8fd9e2a3868ef69575fcb459fc7c5	1.0386805954253813	0.0017551853792483882	0.46650392643832095	0.0037624235934066697	0.9969980273861917	NA	d__Bacteria	p__Bacillota	c__Clostridia	o__Lachnospirales	f__Lachnospiraceae	NA	NA
4e2e6735331ad01a30c94d2f4c285dc2	11.92287240066855	1.2369564503412969	0.7908824935554195	1.5640205219116026	0.11781274907554048	0.360033362950952	d__Bacteria	p__Bacillota	c__Clostridia	o__Lachnospirales	f__Lachnospiraceae	g__CAG-56	NA
a85414d00d7f63d6e200967b1ba7d397	1.7748192792057906	0.5127810583661729	0.6059410982055812	0.8462556177237522	0.3974101610881276	0.6568594364791762	d__Bacteria	p__Bacillota	c__Clostridia	o__Lachnospirales	f__Lachnospiraceae	g__Mediterraneibacter	NA
9e3226efaf559eb14a478f880462cb8a	32.70806463850266	-1.9467814357943942	0.8346568210975591	-2.3324333864957945	0.019677903451457514	0.10941278724629849	d__Bacteria	p__Bacillota	c__Clostridia	o__Lachnospirales	f__Lachnospiraceae	g__Mediterraneibacter	NA
1516474efc3aa785c8f2fc6d144d597b	1.1540397021384277	0.2456715287998552	0.4605616656194483	0.5334172319127577	0.5937447916467948	NA	d__Bacteria	p__Bacillota	c__Clostridia	o__Lachnospirales	f__Lachnospiraceae	g__Mediterraneibacter	NA
6d427b86c309a70208622ecd4c8cbf09	1.2120930721410814	0.001755213558304592	0.47362464788588965	0.003705916839715393	0.9970431129381989	0.998890072806692	d__Bacteria	p__Bacillota	c__Clostridia	o__Lachnospirales	f__Lachnospiraceae	g__Lachnospiraceae_UCG-008	NA
04ae944353d0c5edc33268d567833235	1.139859485324462	0.0017551681960645805	0.4691070765869257	0.003741508673956973	0.9970147149600528	NA	d__Bacteria	p__Bacillota	c__Clostridia	o__Lachnospirales	f__Lachnospiraceae	NA	NA
4ada3d8098e9706fcebb85f1e427fea6	1.0531791811445184	0.0017551796490457537	0.466766271650045	0.0037602966530574183	0.9969997244270533	NA	d__Bacteria	p__Bacillota	c__Clostridia	o__Lachnospirales	f__Lachnospiraceae	NA	NA
c4d8f2c0d74388b488782cd32486fb9d	1.0531791811445184	0.0017551796490457537	0.466766271650045	0.0037602966530574183	0.9969997244270533	NA	d__Bacteria	p__Bacillota	c__Clostridia	o__Lachnospirales	f__Lachnospiraceae	NA	NA
68bf460c51538574bc80654a718cda60	1.0531791811445184	0.0017551796490457537	0.466766271650045	0.0037602966530574183	0.9969997244270533	NA	d__Bacteria	p__Bacillota	c__Clostridia	o__Lachnospirales	f__Lachnospiraceae	NA	NA
08bd43071a06abf56df235fca6655bea	176.59685464906934	0.4853967382958355	0.825542526272713	0.5879730272495831	0.5565503975267083	0.7451694843139094	d__Bacteria	p__Bacillota	c__Clostridia	o__Lachnospirales	f__Lachnospiraceae	g__Mediterraneibacter	NA
51fc57b160bb0784010a1b9993e5b541	1.0531791811445184	0.0017551796490457537	0.466766271650045	0.0037602966530574183	0.9969997244270533	NA	d__Bacteria	p__Bacillota	c__Clostridia	o__Lachnospirales	f__Lachnospiraceae	g__Mediterraneibacter	NA
79c28c77327e355fb81dce890c619793	1.1968864384074758	0.3387348548368245	0.4601314482831441	0.7361697534491977	0.4616273969745848	0.6870696622644521	d__Bacteria	p__Bacillota	c__Clostridia	o__Lachnospirales	f__Lachnospiraceae	g__Sellimonas	NA
58bd181f757283f5a4ceebdf90ff6243	7.939936584663747	0.5875782737694937	0.7181625210376862	0.8181689472189262	0.4132607238525046	0.6642795753471423	d__Bacteria	p__Bacillota	c__Clostridia	o__Lachnospirales	f__Lachnospiraceae	g__Sellimonas	NA
645ad704bb17e791a05ee9cf57bfdcb6	1.0531791811445184	0.0017551796490457537	0.466766271650045	0.0037602966530574183	0.9969997244270533	NA	d__Bacteria	p__Bacillota	c__Clostridia	o__Lachnospirales	f__Lachnospiraceae	g__Sellimonas	NA
544dc3c469fceaa44e25d68991df11f4	1.1396010783031918	0.21325027518588044	0.46107745684374773	0.46250423225125875	0.6437197680034821	NA	d__Bacteria	p__Bacillota	c__Clostridia	o__Lachnospirales	f__Lachnospiraceae	g__Fusicatenibacter	NA
d76d59ec71de0e3b22da0c9cd564d41a	72.16914457237462	0.04455235647580563	0.76270340185712	0.05841373772206117	0.9534190723378557	0.998890072806692	d__Bacteria	p__Bacillota	c__Clostridia	o__Lachnospirales	f__Lachnospiraceae	g__Fusicatenibacter	NA
deb841129eee6d29398d1ab4efaefccc	1.1981332634181987	-0.8215984837271397	0.39168980893142713	-2.0975743177198067	0.03594276577119605	0.15830088786122318	d__Bacteria	p__Bacillota	c__Clostridia	o__Lachnospirales	f__Lachnospiraceae	g__Fusicatenibacter	NA
5e2990e8ea901b1a6d8d6c6d04aa64e3	1.0531791811445184	0.0017551796490457537	0.466766271650045	0.0037602966530574183	0.9969997244270533	NA	d__Bacteria	p__Bacillota	c__Clostridia	o__Lachnospirales	f__Lachnospiraceae	NA	NA
d622c6bc1d5e3a4f0403d7d208981372	25.53569011246297	-0.8653674249354992	0.8638487549094186	-1.0017580276841864	0.31646047324715765	0.5984176048663825	d__Bacteria	p__Bacillota	c__Clostridia	o__Lachnospirales	f__Lachnospiraceae	g__Lachnospiraceae_NK4A136_group	NA
caea322863a57bb2b14c7317fa120dc4	15.730901665409961	-1.8653265492087874	0.8143028076584773	-2.2907038164003417	0.02198054975482264	0.11764833233393761	d__Bacteria	p__Bacillota	c__Clostridia	o__Lachnospirales	f__Lachnospiraceae	g__Lachnospiraceae_NK4A136_group	NA
497155739b0b28f97faa1878ae95ca75	1.3408254550026257	-1.3417302986617266	0.3869521651244748	-3.4674319453158216	5.254567774866242e-4	0.007791031972363404	d__Bacteria	p__Bacillota	c__Clostridia	o__Lachnospirales	f__Lachnospiraceae	g__Lachnospiraceae_NK4A136_group	NA
48d6e0badb90f052133ee4b44ec77c1d	1.0531791811445184	0.0017551796490457537	0.466766271650045	0.0037602966530574183	0.9969997244270533	NA	d__Bacteria	p__Bacillota	c__Clostridia	o__Lachnospirales	f__Lachnospiraceae	g__Lachnospiraceae_NK4A136_group	NA
b05080b88bcf581a4e0ad0be14acecdb	1.1977067514141362	0.001755197415329364	0.47234950774687934	0.003715887042418454	0.9970351579221677	0.998890072806692	d__Bacteria	p__Bacillota	c__Clostridia	o__Lachnospirales	f__Lachnospiraceae	NA	NA
98143d3e3cd541c0028117de28d58c8c	1.3854536805009676	0.0017560311673473588	0.5332238340798998	0.003293234576390353	0.9973723837259858	0.998890072806692	d__Bacteria	p__Bacillota	c__Clostridia	o__Lachnospirales	f__Lachnospiraceae	g__Sellimonas	NA
2da432982b7f27d1f8672b093c6a90c0	1.0387111791071328	0.0017551853902431904	0.46650449873634303	0.003762419001312093	0.9969980310501271	NA	d__Bacteria	p__Bacillota	c__Clostridia	o__Lachnospirales	f__Lachnospiraceae	NA	NA
e3b5a4a0bf06ad5a4ee1400fbee3665d	1.4286324916061257	0.7540307718317322	0.5265926451682884	1.431905247348753	0.15217094030977701	0.41056097317007706	d__Bacteria	p__Bacillota	c__Clostridia	o__Lachnospirales	f__Lachnospiraceae	NA	NA
42060670426da942e8158ded54478b51	1.3413520982699731	0.6116055465521026	0.5077598904591164	1.2045172492830991	0.22838971913607517	0.5182506720239989	d__Bacteria	p__Bacillota	c__Clostridia	o__Lachnospirales	f__Lachnospiraceae	g__Sellimonas	NA
68e7e3599b8727dad8fb579a21279b55	1.2260229754618648	-0.9416323820212635	0.38560596064256625	-2.4419549439851647	0.014607969632647782	0.08744350135491084	d__Bacteria	p__Bacillota	c__Clostridia	o__Lachnospirales	f__Lachnospiraceae	g__Sellimonas	NA
7b6b1061c5015981f17a06c394aad1b6	1.32654861488434	-1.2974725504114961	0.3852170774693883	-3.368159477598968	7.567181066003027e-4	0.010097982733632929	d__Bacteria	p__Bacillota	c__Clostridia	o__Lachnospirales	f__Lachnospiraceae	g__Sellimonas	NA
c6b90711837508687841b1d5cbff2f65	3.350715473954434	0.9223674430041376	0.7020727168807955	1.3137776484209196	0.1889210415384688	0.4717134529889835	d__Bacteria	p__Bacillota	c__Clostridia	o__Lachnospirales	f__Lachnospiraceae	NA	NA
6eebb297aa85ef6c9bf9f89f02fed0b2	1.0531791811445184	0.0017551796490457537	0.466766271650045	0.0037602966530574183	0.9969997244270533	NA	d__Bacteria	p__Bacillota	c__Clostridia	o__Lachnospirales	f__Lachnospiraceae	NA	NA
05a5fd28f8d722854393a59ba180f256	1.0531791811445184	0.0017551796490457537	0.466766271650045	0.0037602966530574183	0.9969997244270533	NA	d__Bacteria	p__Bacillota	c__Clostridia	o__Lachnospirales	f__Lachnospiraceae	NA	NA
12615dfed222d35c1582cbd6cef48013	1.0242901658051002	-0.03671921301260968	0.46784426235654664	-0.07848597485764561	0.9374414862487869	NA	d__Bacteria	p__Bacillota	c__Clostridia	o__Lachnospirales	f__Lachnospiraceae	g__Mediterraneibacter	NA
c81d2bd60b0b2a355bc6e63534ecc66c	1.1971297064940722	0.36846757999284224	0.47307606293817855	0.7788759754707637	0.4360527772925853	0.6774895026240556	d__Bacteria	p__Bacillota	c__Clostridia	o__Lachnospirales	f__Lachnospiraceae	g__Blautia	NA
9ca16919b367f73d91ecf1b3d61d801e	1.038742922832062	-0.03671924186339007	0.468089205441176	-0.0784449661230321	0.9374741059134039	NA	d__Bacteria	p__Bacillota	c__Clostridia	o__Lachnospirales	f__Lachnospiraceae	g__Blautia	NA
9adf9f609d6f4a79fd2c70f7c9490f80	1.0531791811445184	0.0017551796490457537	0.466766271650045	0.0037602966530574183	0.9969997244270533	NA	d__Bacteria	p__Bacillota	c__Clostridia	o__Lachnospirales	f__Lachnospiraceae	g__Dorea	NA
55bf45ec97fa611aeb7c11c4445f16d6	1.0387148832605266	-0.03672017120230741	0.4680887208754204	-0.07844703271985122	0.9374724620734084	NA	d__Bacteria	p__Bacillota	c__Clostridia	o__Lachnospirales	f__Lachnospiraceae	g__Dorea	NA
f4cc6e4932f507b33d1335d801f54563	84.42701899501573	-1.2544461104248203	0.7862594382431043	-1.595460797555421	0.11060922976303263	0.3429223797447538	d__Bacteria	p__Bacillota	c__Clostridia	o__Lachnospirales	f__Lachnospiraceae	g__Dorea	NA
4cb1ca2f2159e76e6985e5e3961a3826	1.0387148832605266	-0.03672017120230741	0.4680887208754204	-0.07844703271985122	0.9374724620734084	NA	d__Bacteria	p__Bacillota	c__Clostridia	o__Lachnospirales	f__Lachnospiraceae	g__Dorea	NA
7d2c8371ed23c6916729809b7a2990f8	1.0531791811445184	0.0017551796490457537	0.466766271650045	0.0037602966530574183	0.9969997244270533	NA	d__Bacteria	p__Bacillota	c__Clostridia	o__Lachnospirales	f__Lachnospiraceae	g__Extibacter	NA
83b3aacc4571eb88c497efc244b4c927	2.5948620539336034	1.3525587988675807	0.6458764368262785	2.0941448267006195	0.03624708090077966	0.15830088786122318	d__Bacteria	p__Bacillota	c__Clostridia	o__Lachnospirales	f__Lachnospiraceae	g__Lachnospiraceae_FE2018_group	NA
1eafd1521ed34517ba04ee3e47fdf7b4	1.0531791811445184	0.0017551796490457537	0.466766271650045	0.0037602966530574183	0.9969997244270533	NA	d__Bacteria	p__Bacillota	c__Clostridia	o__Lachnospirales	f__Lachnospiraceae	g__Lachnospiraceae_FE2018_group	NA
b044a86e33a67caceb0a9f59149747ac	3.232382836030635	-2.7598808676335143	0.5767133981185202	-4.785532773536036	1.7053435473794239e-6	6.206416970917235e-5	d__Bacteria	p__Bacillota	c__Clostridia	o__Lachnospirales	f__Lachnospiraceae	g__Howardella	NA
efcfc19372879de4763f111fd3dd8487	1.0531791811445184	0.0017551796490457537	0.466766271650045	0.0037602966530574183	0.9969997244270533	NA	d__Bacteria	p__Bacillota	c__Clostridia	o__Lachnospirales	f__Lachnospiraceae	g__Howardella	NA
12596212f81c470bb18586314a5ea8e2	10.115763390635285	7.371769592423126e-4	0.7086419883371283	0.0010402671184812846	0.9991699870767534	0.9991699870767534	d__Bacteria	p__Bacillota	c__Clostridia	o__Lachnospirales	f__Lachnospiraceae	g__Howardella	NA
53e54ec48a512f8a31b439db41a322b3	1.1826699655475916	0.30838567462051675	0.4600574007221024	0.6703199951494685	0.5026538233832578	0.7061368533742548	d__Bacteria	p__Bacillota	c__Clostridia	o__Lachnospirales	f__Lachnospiraceae	g__Howardella	NA
d5fee03c103b88588b71cb36c6bd9506	1.1396010783031916	0.21325027518588052	0.46107745684374785	0.4625042322512588	0.6437197680034821	NA	d__Bacteria	p__Bacillota	c__Clostridia	o__Lachnospirales	f__Lachnospiraceae	NA	NA
2114414db001c21b5f663a9d3e7b56e6	1.0387386692036873	-0.03671938309544484	0.4680891319336553	-0.07844528016226035	0.9374738561161168	NA	d__Bacteria	p__Bacillota	c__Clostridia	o__Lachnospirales	f__Lachnospiraceae	g__Shuttleworthia	NA
f6e582a67a3c26bb63c7f206507e00bc	1.0531791811445184	0.0017551796490457537	0.466766271650045	0.0037602966530574183	0.9969997244270533	NA	d__Bacteria	p__Bacillota	c__Clostridia	o__Lachnospirales	f__Lachnospiraceae	g__Shuttleworthia	NA
5b9308235b866c5544ad11c115839c69	1.0531791811445184	0.0017551796490457537	0.466766271650045	0.0037602966530574183	0.9969997244270533	NA	d__Bacteria	p__Bacillota	c__Clostridia	o__Lachnospirales	f__Lachnospiraceae	g__Shuttleworthia	NA
f1edd3c769f15cfd799e6ed84675bd86	1.0531791811445184	0.0017551796490457537	0.466766271650045	0.0037602966530574183	0.9969997244270533	NA	d__Bacteria	p__Bacillota	c__Clostridia	o__Lachnospirales	f__Lachnospiraceae	g__Shuttleworthia	NA
1f1364256c4afbd77469dbde5b3ccf2d	1.0531791811445184	0.0017551796490457537	0.466766271650045	0.0037602966530574183	0.9969997244270533	NA	d__Bacteria	p__Bacillota	c__Clostridia	o__Lachnospirales	f__Lachnospiraceae	g__Shuttleworthia	NA
8caae6c556fcdf0598c9f290a8977f65	1.0531791811445184	0.0017551796490457537	0.466766271650045	0.0037602966530574183	0.9969997244270533	NA	d__Bacteria	p__Fusobacteriota	c__Fusobacteriia	o__Fusobacteriales	f__Leptotrichiaceae	g__Sneathia	NA
99fc2d99215491954b4bbe587ecef861	1.0531791811445184	0.0017551796490457537	0.466766271650045	0.0037602966530574183	0.9969997244270533	NA	d__Bacteria	p__Fusobacteriota	c__Fusobacteriia	o__Fusobacteriales	f__Leptotrichiaceae	g__Sneathia	NA
b1a2eb74f17971864ed1ed964da108e5	107.85052866175413	7.098785491705534	1.1065120328491391	6.4154616316525646	1.4039677235321057e-10	2.810275393270098e-8	d__Bacteria	p__Fusobacteriota	c__Fusobacteriia	o__Fusobacteriales	f__Leptotrichiaceae	g__Sneathia	NA
697e9cded9dd9f9e45bfa6363ca5bbd0	1.0531791811445184	0.0017551796490457537	0.466766271650045	0.0037602966530574183	0.9969997244270533	NA	d__Bacteria	p__Fusobacteriota	c__Fusobacteriia	o__Fusobacteriales	f__Leptotrichiaceae	g__Sneathia	NA
ae576337f19d0f18d56c014b87bd9de3	1.0531791811445184	0.0017551796490457537	0.466766271650045	0.0037602966530574183	0.9969997244270533	NA	d__Bacteria	p__Fusobacteriota	c__Fusobacteriia	o__Fusobacteriales	f__Leptotrichiaceae	g__Sneathia	NA
fc7cb4dae6f66576fab33f7fdb41caf5	1.0531791811445184	0.0017551796490457537	0.466766271650045	0.0037602966530574183	0.9969997244270533	NA	d__Bacteria	p__Fusobacteriota	c__Fusobacteriia	o__Fusobacteriales	f__Leptotrichiaceae	g__Sneathia	NA
63749f93fa752451b71632e68523bb95	8.681032744686988	1.4119172004120333	0.8061415176729301	1.7514507930168164	0.07986829027711656	0.2804913925732454	d__Bacteria	p__Fusobacteriota	c__Fusobacteriia	o__Fusobacteriales	f__Leptotrichiaceae	g__Sneathia	NA
160487812b1fafbb16ea2dbb2708985b	1.0531791811445184	0.0017551796490457537	0.466766271650045	0.0037602966530574183	0.9969997244270533	NA	d__Bacteria	p__Fusobacteriota	c__Fusobacteriia	o__Fusobacteriales	f__Leptotrichiaceae	g__Sneathia	NA
6997d881388e677a1e757921263f658f	1.0531791811445184	0.0017551796490457537	0.466766271650045	0.0037602966530574183	0.9969997244270533	NA	d__Bacteria	p__Fusobacteriota	c__Fusobacteriia	o__Fusobacteriales	f__Leptotrichiaceae	g__Sneathia	NA
8674dcf0cfe35939037fa9a5b986866f	1.1827889653983064	0.3083958642918301	0.46006274721083457	0.6703343536539385	0.5026446722127117	0.7061368533742548	d__Bacteria	p__Fusobacteriota	c__Fusobacteriia	o__Fusobacteriales	f__Fusobacteriaceae	g__Fusobacterium	NA
fae6d0c5cd2a53341a4ec984541b1541	1.1110137998405702	-0.036721066229900345	0.46979313728680017	-0.07816433088396266	0.9376973350092171	NA	d__Bacteria	p__Fusobacteriota	c__Fusobacteriia	o__Fusobacteriales	f__Fusobacteriaceae	g__Fusobacterium	NA
e708751e62639cc0951c413f92ea7620	1.0387111791071328	-0.03672029368158158	0.4680886568603212	-0.07844730510643201	0.9374722454080625	NA	d__Bacteria	p__Fusobacteriota	c__Fusobacteriia	o__Fusobacteriales	f__Fusobacteriaceae	g__Fusobacterium	NA
f4e78e2e397dc8bd3ca2f87c245a8773	1.0242287095064544	0.11723574649609639	0.4803530305910205	0.24406163598437372	0.807183084244774	NA	d__Bacteria	p__Fusobacteriota	c__Fusobacteriia	o__Fusobacteriales	f__Fusobacteriaceae	g__Fusobacterium	NA
7f85ac088481e3811666998c6ba22231	1.6027996664505406	0.0017562050773507949	0.5566901419711324	0.003154726381775706	0.997482896701585	0.998890072806692	d__Bacteria	p__Fusobacteriota	c__Fusobacteriia	o__Fusobacteriales	f__Fusobacteriaceae	g__Fusobacterium	NA
4a1fcd915d60feef39e0e6440bcc0637	1.0387148832605266	0.0017551853915750194	0.46650456806160606	0.003762418445049892	0.996998031493957	NA	d__Bacteria	p__Fusobacteriota	c__Fusobacteriia	o__Fusobacteriales	f__Fusobacteriaceae	g__Fusobacterium	NA
089441fc51f22ba8ecf9182625422b67	1.038742922832062	0.1172348361979989	0.48059246176945103	0.2439381503537577	0.807278721789559	NA	d__Bacteria	p__Fusobacteriota	c__Fusobacteriia	o__Fusobacteriales	f__Fusobacteriaceae	g__Fusobacterium	NA
0fac00bdf345de6ec3883615d1aa61b4	1.0531791811445184	0.0017551796490457537	0.466766271650045	0.0037602966530574183	0.9969997244270533	NA	d__Bacteria	p__Fusobacteriota	c__Fusobacteriia	o__Fusobacteriales	f__Fusobacteriaceae	g__Fusobacterium	NA
8dda459cc6a36c5cafef39150f5bff56	1.0531791811445184	0.0017551796490457537	0.466766271650045	0.0037602966530574183	0.9969997244270533	NA	d__Bacteria	p__Fusobacteriota	c__Fusobacteriia	o__Fusobacteriales	f__Fusobacteriaceae	g__Fusobacterium	NA
f6304925fe231028801d4ad83f85b704	1.0531791811445184	0.0017551796490457537	0.466766271650045	0.0037602966530574183	0.9969997244270533	NA	d__Bacteria	p__Fusobacteriota	c__Fusobacteriia	o__Fusobacteriales	f__Fusobacteriaceae	g__Fusobacterium	NA
8ea0c3f22295dcc9639c3b3a112ba9b4	1.0531791811445184	0.0017551796490457537	0.466766271650045	0.0037602966530574183	0.9969997244270533	NA	d__Bacteria	p__Fusobacteriota	c__Fusobacteriia	o__Fusobacteriales	f__Fusobacteriaceae	g__Fusobacterium	NA
e35ed7f7950e5384ba7ece1250f5aaa0	1.038742922832062	0.1172348361979989	0.48059246176945103	0.2439381503537577	0.807278721789559	NA	d__Bacteria	p__Fusobacteriota	c__Fusobacteriia	o__Fusobacteriales	f__Fusobacteriaceae	g__Fusobacterium	NA
e502ebea2a54a6f839d310d6d57e7d47	203.16053339423425	-0.7961153198709916	1.0131239957675273	-0.7858024518192038	0.43198322997247246	0.6746578143003114	d__Bacteria	p__Fusobacteriota	c__Fusobacteriia	o__Fusobacteriales	f__Fusobacteriaceae	g__Fusobacterium	NA
7c9ef2c6a12006ce70b8de00bfe55a83	1.038742922832062	0.1172348361979989	0.48059246176945103	0.2439381503537577	0.807278721789559	NA	d__Bacteria	p__Fusobacteriota	c__Fusobacteriia	o__Fusobacteriales	f__Fusobacteriaceae	g__Fusobacterium	NA
24e4a3997e50367598b3152939b4fb75	1.0387304233561945	-0.036719656624597447	0.4680889894344872	-0.07844588839604966	0.9374733723066708	NA	d__Bacteria	p__Fusobacteriota	c__Fusobacteriia	o__Fusobacteriales	f__Fusobacteriaceae	g__Fusobacterium	NA
bb13530168243d1db4c26492f04e7937	1.1976667590277583	0.33881033890520074	0.4601721750783107	0.7362686343378824	0.4615672305011424	0.6870696622644521	d__Bacteria	p__Fusobacteriota	c__Fusobacteriia	o__Fusobacteriales	f__Fusobacteriaceae	g__Fusobacterium	NA
4b7712254e4dd8d5bc585d4a6c5c2e88	1.675459664313115	1.0950428554068956	0.5755302173898492	1.9026678744569585	0.0570838963817331	0.22259012842357614	d__Bacteria	p__Fusobacteriota	c__Fusobacteriia	o__Fusobacteriales	f__Fusobacteriaceae	g__Fusobacterium	NA
37125fc6b7326af0e29ddb765d441528	1.0531791811445184	0.0017551796490457537	0.466766271650045	0.0037602966530574183	0.9969997244270533	NA	d__Bacteria	p__Fusobacteriota	c__Fusobacteriia	o__Fusobacteriales	f__Fusobacteriaceae	g__Fusobacterium	NA
e193807cce7f4b5555c6feedecbe8258	1.2847254074398105	0.5088741778358647	0.46887518583766136	1.085308400201951	0.27778508665783885	0.5604576383852357	d__Bacteria	p__Fusobacteriota	c__Fusobacteriia	o__Fusobacteriales	f__Fusobacteriaceae	g__Fusobacterium	NA
b9bd4ddc71b5261571e53f606451241d	1.1687692434511097	0.2774023293059986	0.4602266223809804	0.6027515919675809	0.5466739544549011	0.7336901463490294	d__Bacteria	p__Fusobacteriota	c__Fusobacteriia	o__Fusobacteriales	f__Fusobacteriaceae	g__Cetobacterium	NA
dcc6a52cec637e586b0cb4f27c746f4f	1.154669281178478	0.24571453859161044	0.4605834111410905	0.5334854288018217	0.5936975950194633	0.7776088993924202	d__Bacteria	p__Fusobacteriota	c__Fusobacteriia	o__Fusobacteriales	f__Fusobacteriaceae	g__Fusobacterium	NA
f483115cf9def110ac01dc2ddc065a6c	4.379558824599629	2.8234133248936026	0.751378475146254	3.75764467347036	1.71520203641407e-4	0.003613960781988242	d__Bacteria	p__Fusobacteriota	c__Fusobacteriia	o__Fusobacteriales	f__Fusobacteriaceae	g__Fusobacterium	NA
e7c0ca19ade0aeb3c2fea30e3207d871	1.0387075420010623	-0.03672041387808644	0.4680885940035387	-0.0784475724221745	0.9374720327762345	NA	d__Bacteria	p__Fusobacteriota	c__Fusobacteriia	o__Fusobacteriales	f__Fusobacteriaceae	g__Fusobacterium	NA
5a2fd811723c3e5114e900cac5df17eb	1.0531791811445184	0.0017551796490457537	0.466766271650045	0.0037602966530574183	0.9969997244270533	NA	d__Bacteria	p__Fusobacteriota	c__Fusobacteriia	o__Fusobacteriales	f__Fusobacteriaceae	g__Fusobacterium	NA
0f5acbee6e1036e86fcd29f411e3935d	1.3275489080203084	0.5868332778226242	0.5011309718696564	1.1710177793107126	0.24159163071972134	0.5183124226277362	d__Bacteria	p__Bacillota	c__Clostridia	o__Lachnospirales	f__Lachnospiraceae	NA	NA
85350432bd8703c85d15a922a6208b10	1.2121155168160818	-0.8828969863948085	0.38831779274086653	-2.273645459722692	0.022987311857070893	0.11764833233393761	d__Bacteria	p__Bacillota	c__Clostridia	o__Lachnospirales	f__Lachnospiraceae	g__Lachnospiraceae_UCG-004	NA
cfea15f977f1e64f069cdebe6743870b	1.1824049907025562	-0.7571222718424164	0.3956613985834715	-1.9135611271481887	0.05567625600771331	0.21783458531208347	d__Bacteria	p__Bacillota	c__Clostridia	o__Lachnospirales	f__Lachnospiraceae	g__Lachnospiraceae_UCG-004	NA
956c3d31706ecfd689f7ef246aac8bc3	1.2260229754618648	0.0017552341145991757	0.47514455384843995	0.0036941055103812777	0.9970525369510091	0.998890072806692	d__Bacteria	p__Bacillota	c__Clostridia	o__Lachnospirales	f__Lachnospiraceae	g__Lachnospiraceae_UCG-004	NA
ea598500527a8224c83ce36ad302af57	1.140170695459341	0.0017551683844564759	0.4691172291551412	0.0037414281023475824	0.997014779246446	NA	d__Bacteria	p__Bacillota	c__Clostridia	o__Lachnospirales	f__Lachnospiraceae	g__Lachnospiraceae_UCG-004	NA
1414bef8969ec0b320ad6b75847c0274	1.1831055059566264	-0.7572929589903445	0.39568659251249283	-1.913870657536709	0.05563668444793454	0.21783458531208347	d__Bacteria	p__Bacillota	c__Clostridia	o__Lachnospirales	f__Lachnospiraceae	NA	NA
c72af37438571df8f99f5994b1bc0d1f	1.154004727829637	0.2456691334020251	0.4605604595115974	0.5334134277669985	0.5937474244105492	NA	d__Bacteria	p__Bacillota	c__Clostridia	o__Lachnospirales	f__Lachnospiraceae	g__Lachnospiraceae_UCG-004	NA
6f9479c9d6e8fb172cbc5bac24c91d62	1.1541071356485686	0.0017551713345194248	0.4697084373415624	0.003736725157532352	0.9970185316272738	NA	d__Bacteria	p__Bacillota	c__Clostridia	o__Lachnospirales	f__Lachnospiraceae	g__Blautia	NA
23f6cc646c729e5fe1a7527709eddcba	1.3566030946993208	0.6367195846097687	0.5152574615124742	1.235730934862656	0.2165585946944607	0.5076515736640196	d__Bacteria	p__Bacteroidota	c__Bacteroidia	o__Bacteroidales	f__Bacteroidaceae	g__Bacteroides	NA
48a6761ba486de8be643cee1126c9153	1.2109776098362992	-0.8825466118388225	0.3882571953506483	-2.273097890798301	0.023020281514134336	0.11764833233393761	d__Bacteria	p__Bacteroidota	c__Bacteroidia	o__Bacteroidales	f__Bacteroidaceae	g__Bacteroides	NA
c3f34fbb5d6e5eef690bd2aab1e6d55a	1.1396010783031916	0.21325027518588052	0.46107745684374785	0.4625042322512588	0.6437197680034821	NA	d__Bacteria	p__Bacteroidota	c__Bacteroidia	o__Bacteroidales	f__Bacteroidaceae	g__Bacteroides	NA
1f643921b7835f92be7b7683d5d2d8f1	1.3566030946993208	0.6367195846097687	0.5152574615124742	1.235730934862656	0.2165585946944607	0.5076515736640196	d__Bacteria	p__Bacteroidota	c__Bacteroidia	o__Bacteroidales	f__Bacteroidaceae	g__Bacteroides	NA
18ab95aa1f5f98278170ab8d011fbd1b	1.1543484803332507	0.0017551714963367237	0.4697172090236004	0.0037366557209713323	0.9970185870292471	0.998890072806692	d__Bacteria	p__Bacteroidota	c__Bacteroidia	o__Bacteroidales	f__Bacteroidaceae	g__Bacteroides	NA
baf39284afad4f9a96260d0ffd34e347	1.1540397021384277	0.2456715287998552	0.4605616656194483	0.5334172319127577	0.5937447916467948	NA	d__Bacteria	p__Bacteroidota	c__Bacteroidia	o__Bacteroidales	f__Bacteroidaceae	g__Bacteroides	NA
e935acdf264a8f1d2812da4466ce0771	1.1536430080925726	0.001755171023793253	0.4696915932299468	0.0037368585026685253	0.9970184252339912	NA	d__Bacteria	p__Bacteroidota	c__Bacteroidia	o__Bacteroidales	f__Bacteroidaceae	g__Bacteroides	NA
fcd9493efb666147a8a98c658580e68e	1.1978592015183749	0.3388289419596179	0.4601822425620786	0.7362929522729461	0.46155243433517973	0.6870696622644521	d__Bacteria	p__Bacteroidota	c__Bacteroidia	o__Bacteroidales	f__Bacteroidaceae	g__Bacteroides	NA
0f6b7495021bd8009e203b3a63699d0e	1.139329720849877	-0.545676455126347	0.4116775993476483	-1.3254946491891608	0.18500714298314277	NA	d__Bacteria	p__Bacillota	c__Clostridia	o__Oscillospirales	f__Oscillospiraceae	g__UCG-002	NA
2bec453987b8809abf9cf37b1ec388dc	1.1544551954062179	0.0017551715679400828	0.46972109038528853	0.0037366249969751283	0.9970186115432781	0.998890072806692	d__Bacteria	p__Bacillota	c__Clostridia	o__Lachnospirales	f__Lachnospiraceae	g__Lachnospiraceae_UCG-008	NA
05bec6161578c8eb8cb4dd19c05a5b73	1.2109017738852237	0.3684289617517424	0.46048552382349495	0.8000880433604293	0.42365978812769706	0.6642795753471423	d__Bacteria	p__Bacillota	c__Clostridia	o__Lachnospirales	f__Lachnospiraceae	NA	NA
360b8779251bfde96f1165e5202f83d6	9.271107413123714	-1.0240988757758376	0.7060494903912221	-1.4504633028038647	0.14692936546605767	0.4072578973290602	d__Bacteria	p__Bacillota	c__Clostridia	o__Lachnospirales	f__Lachnospiraceae	NA	NA
7555e4e60606c6c09f49d343da029b33	1.2965541586516454	0.5346973267935873	0.4715178368548274	1.1339917284151688	0.2567980176844753	0.534513724851049	d__Bacteria	p__Bacillota	c__Clostridia	o__Lachnospirales	f__Lachnospiraceae	NA	NA
47f770032218f91b352999ff1f663807	26.321702157477866	0.6032710047075283	0.8302448814922042	0.7266181558665746	0.467459902939761	0.6931103005316703	d__Bacteria	p__Bacillota	c__Clostridia	o__Lachnospirales	f__Lachnospiraceae	NA	NA
6326f3883ecfa02452ebaa3af9c5d84c	1.0387264241175567	-0.03671978916508494	0.4680889203215968	-0.07844618313088227	0.9374731378647613	NA	d__Bacteria	p__Bacillota	c__Clostridia	o__Lachnospirales	f__Lachnospiraceae	NA	NA
2799ad5c90e307f0e897fecda5a2924e	1.0531791811445184	0.0017551796490457537	0.466766271650045	0.0037602966530574183	0.9969997244270533	NA	d__Bacteria	p__Bacillota	c__Clostridia	o__Lachnospirales	f__Lachnospiraceae	g__Eisenbergiella	NA
b7bbd3d2e5fd999afc045cd4d36979e0	1.0531791811445184	0.0017551796490457537	0.466766271650045	0.0037602966530574183	0.9969997244270533	NA	d__Bacteria	p__Bacillota	c__Clostridia	o__Lachnospirales	f__Lachnospiraceae	NA	NA
23d6e67ff377b63cc8506920f662b5a5	1.3405775832642013	0.33868727099821183	0.4768288876918723	0.7102910074044678	0.4775236951466617	0.7036882918664303	d__Bacteria	p__Bacillota	c__Clostridia	o__Lachnospirales	f__Lachnospiraceae	NA	NA
8646bffa210e3f061cc57f1b1cf2f751	32.85961539754866	-0.4428642878362249	0.908541887757224	-0.48744509615231396	0.625942942177806	0.8075252300615472	d__Bacteria	p__Bacillota	c__Clostridia	o__Lachnospirales	f__Lachnospiraceae	g__Hungatella	NA
4205d93a032f445a1687829d22eaa2b2	1.0531791811445184	0.0017551796490457537	0.466766271650045	0.0037602966530574183	0.9969997244270533	NA	d__Bacteria	p__Bacillota	c__Clostridia	o__Lachnospirales	f__Lachnospiraceae	g__Hungatella	NA
da8644094f1d480f3b3a6a03a7027ab4	62.35957452420954	4.36338328576883	0.9271719780642604	4.706120751059209	2.524750069414109e-6	8.422846759350959e-5	d__Bacteria	p__Bacillota	c__Clostridia	o__Lachnospirales	f__Lachnospiraceae	g__Hungatella	NA
32c99ead10486b0b4c3cfc79c646c7e7	1.0387324637811943	0.0017551853978961742	0.46650489712377025	0.003762415804673748	0.9969980336006574	NA	d__Bacteria	p__Bacillota	c__Clostridia	o__Lachnospirales	f__Lachnospiraceae	g__Hungatella	NA
b79dde003fac2946cfe3cb1d5c7aaac7	1.0531791811445184	0.0017551796490457537	0.466766271650045	0.0037602966530574183	0.9969997244270533	NA	d__Bacteria	p__Bacillota	c__Clostridia	o__Lachnospirales	f__Lachnospiraceae	g__Hungatella	NA
b1d8e09561b600103cc3d8b388c02478	1.3267998367914045	0.5864707962504213	0.5011401260567653	1.1702730748485115	0.2418910936813585	0.5183124226277362	d__Bacteria	p__Bacillota	c__Clostridia	o__Lachnospirales	f__Lachnospiraceae	NA	NA
4f480409cf34da6fb985eaa1cf33a65b	1.699490334854001	1.1268414871916617	0.5607776583433896	2.009426499836849	0.044491922225019465	0.18665913954376612	d__Bacteria	p__Bacillota	c__Clostridia	o__Lachnospirales	f__Lachnospiraceae	NA	NA
c2e94d7cfaa554a2bbf511ddcecabea2	1.2263882039657805	-0.9417598763954426	0.3856293279608994	-2.442137586825169	0.014600580973885351	0.08744350135491084	d__Bacteria	p__Bacillota	c__Clostridia	o__Lachnospirales	f__Lachnospiraceae	g__Lachnospiraceae_NK4A136_group	NA
18d1d3003cc423b568ba5b5ccb433023	1.6699311922088975	0.07939635046851659	0.5042463703363949	0.1574554724420711	0.874885897933001	0.998890072806692	d__Bacteria	p__Bacillota	c__Clostridia	o__Lachnospirales	f__Lachnospiraceae	NA	NA
f266466f018dc8bf6c6772cfd6fb85ae	1.0531791811445184	0.0017551796490457537	0.466766271650045	0.0037602966530574183	0.9969997244270533	NA	d__Bacteria	p__Bacillota	c__Clostridia	o__Lachnospirales	f__Lachnospiraceae	g__Lachnospiraceae_NK4A136_group	NA
278c2a9599f0d608fc70845d26c6c722	1.0531791811445184	0.0017551796490457537	0.466766271650045	0.0037602966530574183	0.9969997244270533	NA	d__Bacteria	p__Bacillota	c__Clostridia	o__Lachnospirales	f__Lachnospiraceae	g__Lachnospiraceae_NK4A136_group	NA
b4d07c2a22af0c99c73cf9722200d878	13.351986262820414	0.853756074625702	0.8202246959823565	1.0408807230599002	0.2979309093939779	0.5793513723530769	d__Bacteria	p__Bacillota	c__Clostridia	o__Lachnospirales	f__Lachnospiraceae	g__Lachnospiraceae_NK4A136_group	NA
db7f42d2a4ded289e177bb4c00edff61	31.96278870532565	0.9751731485074632	0.8469509647284377	1.151392688737462	0.24957072031501615	0.5304031965046953	d__Bacteria	p__Bacillota	c__Clostridia	o__Lachnospirales	f__Lachnospiraceae	g__Lachnospiraceae_NK4A136_group	NA
eba6ad448ed6a1fcd744350655065065	1.0531791811445184	0.0017551796490457537	0.466766271650045	0.0037602966530574183	0.9969997244270533	NA	d__Bacteria	p__Bacillota	c__Clostridia	o__Lachnospirales	f__Lachnospiraceae	g__Lachnospiraceae_NK4A136_group	NA
aeadf3dab1935eb291cfc4ab4bda96b7	1.2696578684174982	0.4817600325429978	0.46620986982521084	1.0333544262450234	0.30143806564419634	0.5793513723530769	d__Bacteria	p__Bacillota	c__Clostridia	o__Lachnospirales	f__Lachnospiraceae	NA	NA
df0ede5bf2e15f4f0bd3b32c36bb36a2	1.2689971551496408	0.001755617466136373	0.49928214288155376	0.003516283310282266	0.9971944176168044	0.998890072806692	d__Bacteria	p__Bacillota	c__Clostridia	o__Lachnospirales	f__Lachnospiraceae	g__Lachnospiraceae_UCG-009	NA
6b5c5532185593c41966b2173ea9df1c	9.35503764336947	0.7231375138776391	0.6918614360570691	1.045205696098359	0.2959279114026501	0.5793513723530769	d__Bacteria	p__Bacillota	c__Clostridia	o__Lachnospirales	f__Lachnospiraceae	g__Lachnospiraceae_UCG-009	NA
82ab916363b5f190874c8774502afa6a	1.1538553769948559	-0.6196940928977892	0.40566334143717014	-1.5276068345302247	0.12661018384802286	NA	d__Bacteria	p__Bacillota	c__Clostridia	o__Lachnospirales	f__Lachnospiraceae	g__Lachnospiraceae_UCG-009	NA
e1e57dba2b0942b4229961b847aa98e8	1.327705579122673	0.5869089161305108	0.501129061952603	1.1711731781103945	0.24152917417368908	0.5183124226277362	d__Bacteria	p__Bacillota	c__Clostridia	o__Lachnospirales	f__Lachnospiraceae	NA	NA
19a36b16af23deb4230ba84ab6f02f01	1.8774179425089352	0.001756546607767643	0.6072630640247757	0.002892562897084051	0.9976920719416408	0.998890072806692	d__Bacteria	p__Bacillota	c__Clostridia	o__Lachnospirales	f__Lachnospiraceae	NA	NA
24646f903382ae52da1b45805982e09f	9.588801746311814	0.314374337858837	0.7522238498040241	0.41792657589990073	0.6760008011829446	0.8510240694137489	d__Bacteria	p__Bacillota	c__Clostridia	o__Lachnospirales	f__Lachnospiraceae	g__Extibacter	NA
ed8746a919274371bea412882a1c6bb5	2.5662800897767593	1.9126565078355569	0.6380060973370759	2.997865562443126	0.0027187757578739876	0.025710627442572118	d__Bacteria	p__Bacillota	c__Clostridia	o__Lachnospirales	f__Lachnospiraceae	g__Extibacter	NA
0e226d197c2f253bcee5f15026512f90	1.2843761510611598	0.5088038712549248	0.47180428129159335	1.0784214799027316	0.28084570544565834	0.5640396191308289	d__Bacteria	p__Bacillota	c__Clostridia	o__Lachnospirales	f__Lachnospiraceae	g__Extibacter	NA
504b29d7282c288d06f7f26759d3fac9	1.0531791811445184	0.0017551796490457537	0.466766271650045	0.0037602966530574183	0.9969997244270533	NA	d__Bacteria	p__Bacillota	c__Clostridia	o__Lachnospirales	f__Lachnospiraceae	NA	NA
119eea33cb9f505d6a20297d132e792a	160.5113329774747	-0.6448793986425602	0.9042766505731517	-0.7131439236364453	0.4757567019995585	0.7024229672895281	d__Bacteria	p__Bacillota	c__Clostridia	o__Lachnospirales	f__Lachnospiraceae	g__Lachnoclostridium	NA
99f18c96105b8daa3bfa2da885431750	1.0531791811445184	0.0017551796490457537	0.466766271650045	0.0037602966530574183	0.9969997244270533	NA	d__Bacteria	p__Bacillota	c__Clostridia	o__Lachnospirales	f__Lachnospiraceae	g__Lachnoclostridium	NA
17dc28d8c7ea59f13a71ea36287aba80	1.0531791811445184	0.0017551796490457537	0.466766271650045	0.0037602966530574183	0.9969997244270533	NA	d__Bacteria	p__Bacillota	c__Clostridia	o__Lachnospirales	f__Lachnospiraceae	g__Lachnoclostridium	NA
52fe22d345da0a890591507e33a1f1c3	1.0387304233561943	-0.0367196566245974	0.46808898943448524	-0.07844588839604988	0.9374733723066706	NA	d__Bacteria	p__Bacillota	c__Clostridia	o__Lachnospirales	f__Lachnospiraceae	g__Lachnoclostridium	NA
7eac17dba253d45b7426ebc866487e31	3.2078050461206744	0.0017566372007758219	0.6975015979432471	0.0025184705038034227	0.9979905533923954	0.998890072806692	d__Bacteria	p__Bacillota	c__Clostridia	o__Lachnospirales	f__Lachnospiraceae	NA	NA
c9487a3260aac1c2c358a02bf68935bf	1.915674056553346	1.3664700058500512	0.5708624052030368	2.3936941606165907	0.016679650570221378	0.09771834309676036	d__Bacteria	p__Bacillota	c__Clostridia	o__Lachnospirales	f__Lachnospiraceae	g__UC5-1-2E3	NA
6e57b32b545e72b802822e1554c70868	8.72812596986928	-1.837331944225645	0.7747594392309064	-2.3714870076956283	0.01771666955488035	0.10132247683529191	d__Bacteria	p__Bacillota	c__Clostridia	o__Lachnospirales	f__Lachnospiraceae	g__Lachnoclostridium	NA
7d2402f1612fe6c2f5c20bfda4a90aa0	12.617538185149154	-0.030305783099263916	0.7772774988654604	-0.038989657031754076	0.968898634837715	0.998890072806692	d__Bacteria	p__Bacillota	c__Clostridia	o__Lachnospirales	f__Lachnospiraceae	NA	NA
369bbf86b13d5924c095aad30bba9af1	1.9030772011833545	-0.13139372520217263	0.49617323155776794	-0.2648142157722889	0.7911525851429229	0.9675908907908863	d__Bacteria	p__Bacillota	c__Clostridia	o__Lachnospirales	f__Lachnospiraceae	NA	NA
70ab6b98e35982b1578a04d951d31f86	1.2825367229164035	0.0017556838592158433	0.504109028524901	0.0034827463105615046	0.9972211761072451	0.998890072806692	d__Bacteria	p__Bacillota	c__Clostridia	o__Lachnospirales	f__Lachnospiraceae	NA	NA
01e1c2e370af8df0435a70bc1f621599	1.2111218372710093	-0.882591011509248	0.3882648497238318	-2.273167432326219	0.023016092075708122	0.11764833233393761	d__Bacteria	p__Bacillota	c__Clostridia	o__Lachnospirales	f__Lachnospiraceae	NA	NA
a5a4b4d58bdd795871acf39629c9e584	18.648780996821767	0.06413084645065613	0.774408416763161	0.08281269296982526	0.9340004762666574	0.998890072806692	d__Bacteria	p__Bacillota	c__Clostridia	o__Lachnospirales	f__Lachnospiraceae	NA	NA
f3e2f267fab4fc03d821b0356d2e2902	1.4564096210451924	0.7977226095081492	0.5363614243456979	1.487285575172158	0.1369394026648781	0.3920147236724744	d__Bacteria	p__Bacillota	c__Clostridia	o__Lachnospirales	f__Lachnospiraceae	NA	NA
0a39f269a92286a2fc485a177298da7a	1.197745962562525	0.33881799596227086	0.4601763174272751	0.7362786460992022	0.4615611388464907	0.6870696622644521	d__Bacteria	p__Bacillota	c__Clostridia	o__Lachnospirales	f__Lachnospiraceae	NA	NA
e97725fbbcadfed36a81eb5e5a120067	1.3419043473936472	0.6118962225663436	0.507752770337335	1.2051066154889098	0.22816214626722447	0.5182506720239989	d__Bacteria	p__Bacillota	c__Clostridia	o__Lachnospirales	f__Lachnospiraceae	NA	NA
a018c928d38812591f601ece2136d6e7	1.2109017738852237	0.3684289617517424	0.46048552382349495	0.8000880433604293	0.42365978812769706	0.6642795753471423	d__Bacteria	p__Bacillota	c__Clostridia	o__Lachnospirales	f__Lachnospiraceae	g__Lachnospiraceae_FCS020_group	NA
4d334598e144b1d31c0b92a301b5cc68	1.3278560658387308	-1.2984832414326986	0.3853980496441479	-3.369200343986264	7.53866120428821e-4	0.010097982733632929	d__Bacteria	p__Bacillota	c__Clostridia	o__Lachnospirales	f__Lachnospiraceae	g__Lachnospiraceae_FCS020_group	NA
69b90707f6f3da7941026fbe6a1597ce	1.9322604112919004	1.382495882880523	0.5842261933711627	2.366370934009483	0.017963436415846634	0.10224685846176212	d__Bacteria	p__Bacillota	c__Clostridia	o__Lachnospirales	f__Lachnospiraceae	g__Lachnospiraceae_FCS020_group	NA
e077952506f967683cfab662f5980ed7	1.2689971551496408	0.48162989779490234	0.46613812001697374	1.0332343078428439	0.3014942612162139	0.5793513723530769	d__Bacteria	p__Bacillota	c__Clostridia	o__Lachnospirales	f__Lachnospiraceae	g__Lachnospiraceae_FCS020_group	NA
e02967778c804350d971534895b0dfae	29.807346424560482	-2.1023037032440834	0.806483585910422	-2.606753243304807	0.00914052046532871	0.062545391376694	d__Bacteria	p__Bacillota	c__Clostridia	o__Lachnospirales	f__Lachnospiraceae	NA	NA
cbe31c346daa88b15b916873cfb5bd20	1.3832746125452677	0.0017560282688917057	0.5329561052342028	0.0032948834841098873	0.997371068095112	0.998890072806692	d__Bacteria	p__Bacillota	c__Clostridia	o__Lachnospirales	f__Lachnospiraceae	NA	NA
662a40a2523f7669fa865700fc74a1cf	29.439723680462	0.414356073999489	0.9029834028113005	0.45887451830172604	0.6463242783950711	0.8239132858793992	d__Bacteria	p__Bacillota	c__Clostridia	o__Lachnospirales	f__Lachnospiraceae	NA	NA
e0c0042b8b725048eaa20ed472b9ebeb	1.038742922832062	-0.03671924186339007	0.468089205441176	-0.0784449661230321	0.9374741059134039	NA	d__Bacteria	p__Bacillota	c__Clostridia	o__Lachnospirales	f__Lachnospiraceae	NA	NA
643cc83fd8abab40ea2393c9e1a8365d	1.255690892377431	0.48185092077652697	0.4652779783861163	1.0356194429143117	0.3003797176759317	0.5793513723530769	d__Bacteria	p__Bacillota	c__Clostridia	o__Lachnospirales	f__Lachnospiraceae	NA	NA
a5af97c864a48da5a31864d5382cea20	5.080728609827865	-4.327928633514191	0.564613016032652	-7.6653008531845535	1.7841249475168888e-14	7.142446873225944e-12	d__Bacteria	p__Bacillota	c__Clostridia	o__Lachnospirales	f__Lachnospiraceae	NA	NA
64cdad777808dde2fad9b1be7bc91b85	6.012651824486592	-1.0396535831852236	0.7258230591762825	-1.432378828477975	0.15203543423302657	0.41056097317007706	d__Bacteria	p__Bacillota	c__Clostridia	o__Lachnospirales	f__Lachnospiraceae	NA	NA
7ad51bee2bbc81fce627d65568de8757	1.0531791811445184	0.0017551796490457537	0.466766271650045	0.0037602966530574183	0.9969997244270533	NA	d__Bacteria	p__Bacillota	c__Clostridia	o__Lachnospirales	f__Lachnospiraceae	g__Lachnospiraceae_UCG-004	NA
5f25904e073fe5c114cadfde74349518	12.361658928984236	-0.10179650480437061	0.7919705704374126	-0.12853571660894858	0.8977250348708111	0.998890072806692	d__Bacteria	p__Bacillota	c__Clostridia	o__Lachnospirales	f__Lachnospiraceae	g__Lachnospiraceae_UCG-004	NA
383d4a0528edd18fb0ddc225c36e99e1	1.354486378954518	-0.03672332936055701	0.5324574066885054	-0.06896951549411094	0.945013884810688	0.998890072806692	d__Bacteria	p__Bacillota	c__Clostridia	o__Lachnospirales	f__Lachnospiraceae	g__Lachnospiraceae_UCG-004	NA
bb1df253475092e884ead44c7c4fe60b	1.0531791811445184	0.0017551796490457537	0.466766271650045	0.0037602966530574183	0.9969997244270533	NA	d__Bacteria	p__Bacillota	c__Clostridia	o__Lachnospirales	f__Lachnospiraceae	g__Lachnospiraceae_UCG-004	NA
ee1bf3ddf54c3ff0a01a5f4cf41e4930	1.0531791811445184	0.0017551796490457537	0.466766271650045	0.0037602966530574183	0.9969997244270533	NA	d__Bacteria	p__Bacillota	c__Clostridia	o__Lachnospirales	f__Lachnospiraceae	g__Lachnospiraceae_UCG-004	NA
bd3bbca5aad5457e69027d3c0524dfbe	1.7170514108014483	1.0394759308022348	0.5777980079894174	1.7990299662322013	0.07201394063958798	0.2581753513675975	d__Bacteria	p__Bacillota	c__Clostridia	o__Lachnospirales	f__Lachnospiraceae	g__Lachnospiraceae_UCG-004	NA
19715b1593c19aa6d35a4d1e3cd09374	66.28092474335338	0.012410547728046917	0.8315624410593427	0.014924372621058848	0.9880925155469876	0.998890072806692	d__Bacteria	p__Bacillota	c__Clostridia	o__Lachnospirales	f__Lachnospiraceae	g__Lachnospiraceae_UCG-004	NA
3a4b3a292173af68a29706927fe92684	1.0531791811445184	0.0017551796490457537	0.466766271650045	0.0037602966530574183	0.9969997244270533	NA	d__Bacteria	p__Bacillota	c__Clostridia	o__Lachnospirales	f__Lachnospiraceae	g__Lachnospiraceae_UCG-004	NA
2dfdd820ff27822a4c0df6bab41a5574	1.0531791811445184	0.0017551796490457537	0.466766271650045	0.0037602966530574183	0.9969997244270533	NA	d__Bacteria	p__Bacillota	c__Clostridia	o__Lachnospirales	f__Lachnospiraceae	g__Lachnospiraceae_UCG-004	NA
8db5dcc0ac4a25d5d9faac0ad2c1c786	1.0531791811445184	0.0017551796490457537	0.466766271650045	0.0037602966530574183	0.9969997244270533	NA	d__Bacteria	p__Bacillota	c__Clostridia	o__Lachnospirales	f__Lachnospiraceae	g__Lachnospiraceae_UCG-004	NA
ad83d626f16b30d5ca2cb0af4c628a63	1.038742922832062	0.1172348361979989	0.48059246176945103	0.2439381503537577	0.807278721789559	NA	d__Bacteria	p__Bacillota	c__Clostridia	o__Lachnospirales	f__Lachnospiraceae	g__Lachnospiraceae_UCG-004	NA
6ac3217b3d15de5971f718cb3a3a94cd	1.038742922832062	-0.03671924186339007	0.468089205441176	-0.0784449661230321	0.9374741059134039	NA	d__Bacteria	p__Bacillota	c__Clostridia	o__Lachnospirales	f__Lachnospiraceae	g__Lachnospiraceae_UCG-004	NA
b07af5f863fb0c1c6672a4b4980faa2d	2.3357581499498914	0.2056641966931564	0.5622275163786132	0.36580243887362274	0.7145124998728798	0.8911002205060526	d__Bacteria	p__Bacillota	c__Clostridia	o__Lachnospirales	f__Lachnospiraceae	g__Enterocloster	NA
6a90057b6e7a186c4d4e8974cd089f3f	1.7881055290928864	1.2289371708481804	0.5735692150676368	2.142613547875405	0.03214414239030531	0.1513926078853203	d__Bacteria	p__Bacillota	c__Clostridia	o__Lachnospirales	f__Lachnospiraceae	g__Enterocloster	NA
941cc85653474d3d8dfcf3fd605ab3c0	1.2543693413126589	0.4541313545208809	0.4640060662404395	0.9787185719368554	0.3277190530333044	0.5984176048663825	d__Bacteria	p__Bacillota	c__Clostridia	o__Lachnospirales	f__Lachnospiraceae	NA	NA
a891fb44241e433fa8acf251ef4d328f	30.169774799030776	0.9690355628302001	0.8092897466191813	1.1973901397841245	0.23115452507482276	0.5183124226277362	d__Bacteria	p__Bacillota	c__Clostridia	o__Lachnospirales	f__Lachnospiraceae	g__Lachnoclostridium	NA
8b0ffce6d3488c01116aff68beda52bf	1.0531791811445184	0.0017551796490457537	0.466766271650045	0.0037602966530574183	0.9969997244270533	NA	d__Bacteria	p__Bacillota	c__Clostridia	o__Lachnospirales	f__Lachnospiraceae	NA	NA
4e9410ec9da59a460d3579b451e3b208	1.2267507557524178	0.0017552350559610673	0.4751978457919604	0.0036936932090586576	0.9970528659176244	0.998890072806692	d__Bacteria	p__Bacillota	c__Clostridia	o__Lachnospirales	f__Lachnospiraceae	g__Lachnoclostridium	NA
fdbee64f10b65465dea41a6f3491e81c	1.0387186569978308	0.0017551853929319175	0.4665046386916679	0.0037624178783182294	0.9969980319461402	NA	d__Bacteria	p__Bacillota	c__Clostridia	o__Lachnospirales	f__Lachnospiraceae	NA	NA
708b000c48dbefb1454b79108d2a1f70	74.95847087168892	-1.0333368907582328	0.9166172484750871	-1.1273373837087661	0.25959986224662895	0.5384791615858401	d__Bacteria	p__Bacillota	c__Clostridia	o__Lachnospirales	f__Lachnospiraceae	NA	NA
c5619065fbb2332fe286b698e6b6c58d	1.0531791811445184	0.0017551796490457537	0.466766271650045	0.0037602966530574183	0.9969997244270533	NA	d__Bacteria	p__Bacillota	c__Clostridia	o__Lachnospirales	f__Lachnospiraceae	NA	NA
6898e5f0ac46c4fa949b2a17a307a783	1.0531791811445184	0.0017551796490457537	0.466766271650045	0.0037602966530574183	0.9969997244270533	NA	d__Bacteria	p__Bacillota	c__Clostridia	o__Lachnospirales	f__Lachnospiraceae	NA	NA
6eaef2dd2e8097421a196c104a2b76c8	12.17210099797607	-0.4166632184699298	0.7715983266285702	-0.5400001582306463	0.5891969233098503	0.7776088993924202	d__Bacteria	p__Bacillota	c__Clostridia	o__Lachnospirales	f__Lachnospiraceae	g__Enterocloster	NA
8ce212aaf7d867e84eab351d75eeecfa	2.190082555976502	1.622355858067411	0.6098799295611385	2.660123377456997	0.007811203229014549	0.05720277486613703	d__Bacteria	p__Bacillota	c__Clostridia	o__Lachnospirales	f__Lachnospiraceae	NA	NA
42764707c5f0400036ee8777610a35c1	1.0531791811445184	0.0017551796490457537	0.466766271650045	0.0037602966530574183	0.9969997244270533	NA	d__Bacteria	p__Bacillota	c__Clostridia	o__Lachnospirales	f__Lachnospiraceae	g__Enterocloster	NA
a17bb1cd59c8dc7435e93a2604b425ad	1.1828789277878644	0.3084035650191118	0.4600667911181133	0.6703451998123793	0.5026377596399303	0.7061368533742548	d__Bacteria	p__Bacillota	c__Clostridia	o__Lachnospirales	f__Lachnospiraceae	NA	NA
42d6476b2b37e8836199ec2e87140f1d	1.0531791811445184	0.0017551796490457537	0.466766271650045	0.0037602966530574183	0.9969997244270533	NA	d__Bacteria	p__Bacillota	c__Clostridia	o__Lachnospirales	f__Lachnospiraceae	g__Enterocloster	NA
2c0c62ea09b2efe01bacdcbcf558d2b8	116.33156298124466	-0.8399832308088135	0.8900848832236069	-0.9437113770168291	0.345317158597153	0.6236479811656853	d__Bacteria	p__Bacillota	c__Clostridia	o__Lachnospirales	f__Lachnospiraceae	g__Enterocloster	NA
543818d6869d7b4271bd4cf11ba898cb	1.5880762723911424	-1.9438376196677265	0.44147221261410385	-4.403080339207801	1.0672462154855313e-5	3.1262504995076176e-4	d__Bacteria	p__Bacillota	c__Clostridia	o__Lachnospirales	f__Lachnospiraceae	g__Enterocloster	NA
0e573f05d90169d75e65a2a1fa3c53fd	1.0531791811445184	0.0017551796490457537	0.466766271650045	0.0037602966530574183	0.9969997244270533	NA	d__Bacteria	p__Bacillota	c__Clostridia	o__Lachnospirales	f__Lachnospiraceae	g__Enterocloster	NA
539f4432343708437a33c55cf334427b	1.2404266249883102	0.0017554619566332859	0.4886768501410207	0.003592275664637481	0.9971337848735249	0.998890072806692	d__Bacteria	p__Bacillota	c__Clostridia	o__Lachnospirales	f__Lachnospiraceae	g__Enterocloster	NA
65a8557efe47cf194d09ce4fb816316e	1.1687692434511097	0.2774023293059986	0.4602266223809804	0.6027515919675809	0.5466739544549011	0.7336901463490294	d__Bacteria	p__Bacillota	c__Clostridia	o__Lachnospirales	f__Lachnospiraceae	g__Enterocloster	NA
0a035a7ec1f4a194dd7fbda3c5660db0	63.403808701899486	-0.702431935415578	0.8763909239479905	-0.8015052600627616	0.42283920014365756	0.6642795753471423	d__Bacteria	p__Bacillota	c__Clostridia	o__Lachnospirales	f__Lachnospiraceae	g__Enterocloster	NA
16577d051299f0072d87ffee13a4ef59	1.0531791811445184	0.0017551796490457537	0.466766271650045	0.0037602966530574183	0.9969997244270533	NA	d__Bacteria	p__Bacillota	c__Clostridia	o__Lachnospirales	f__Lachnospiraceae	g__Enterocloster	NA
1afa3015d3a14eb3a8968df771beacf3	1.0531791811445184	0.0017551796490457537	0.466766271650045	0.0037602966530574183	0.9969997244270533	NA	d__Bacteria	p__Bacillota	c__Clostridia	o__Lachnospirales	f__Lachnospiraceae	g__Enterocloster	NA
f35b00aec9a541d1f96cbdc1c6ae68a0	1.8586762884638708	1.3067537186683646	0.5747997391689318	2.2734069444041864	0.02300166805123737	0.11764833233393761	d__Bacteria	p__Bacillota	c__Clostridia	o__Lachnospirales	f__Lachnospiraceae	g__Extibacter	NA
3f112a88250b1496f6ed61056487cd75	1.441188775754503	0.7751628301459488	0.53682470112322	1.443977575033422	0.14874528342306798	0.4087942457462349	d__Bacteria	p__Bacillota	c__Clostridia	o__Lachnospirales	f__Lachnospiraceae	g__Mediterraneibacter	NA
ff772f18ec3760046ea9dd413fc88de7	1.0531791811445184	0.0017551796490457537	0.466766271650045	0.0037602966530574183	0.9969997244270533	NA	d__Bacteria	p__Bacillota	c__Clostridia	o__Lachnospirales	f__Lachnospiraceae	g__Mediterraneibacter	NA
3177fde531c9d09eb52f3a7bc4426c7b	1.0531791811445184	0.0017551796490457537	0.466766271650045	0.0037602966530574183	0.9969997244270533	NA	d__Bacteria	p__Bacillota	c__Clostridia	o__Lachnospirales	f__Lachnospiraceae	g__Mediterraneibacter	NA
ab2bf06813483fc14a49518863849a59	1.1539867911196868	0.24566790466078037	0.46055984103195224	0.5334114761511234	0.5937487750820931	NA	d__Bacteria	p__Bacillota	c__Clostridia	o__Lachnospirales	f__Lachnospiraceae	g__Mediterraneibacter	NA
f005c8c557afa9e8ed92a77753fc6770	1.2258335603486163	0.0017552338700026616	0.47513070959675885	0.0036942126335978583	0.9970524514796317	0.998890072806692	d__Bacteria	p__Bacillota	c__Clostridia	o__Lachnospirales	f__Lachnospiraceae	g__Mediterraneibacter	NA
dc41692600de807e3e76f265cdc14075	1.0531791811445184	0.0017551796490457537	0.466766271650045	0.0037602966530574183	0.9969997244270533	NA	d__Bacteria	p__Bacillota	c__Clostridia	o__Lachnospirales	f__Lachnospiraceae	g__Mediterraneibacter	NA
56be4da3a014f35ce47922774c9156c9	1.6154219353479387	-0.8585506930188703	0.5019822728748701	-1.7103207412124743	0.08720657840205943	0.2853817456699547	d__Bacteria	p__Bacillota	c__Clostridia	o__Lachnospirales	f__Lachnospiraceae	g__Extibacter	NA
